planning_lesson,implementation_lesson,domain_id,domain,microservice_id,microservice_name,service_archetype,team_id,java_version,spring_boot_version,build_tool,gradle_version,build_dsl,packaging,java_package,application_class,backend_module_path,api_base_path,api_access_policy,customer_auth_audience,admin_auth_audience,web_stack,api_contract,security_stack,persistence_stack,database_engine,database_name,schema_name,migration_tool,owned_table_count,full_cdc_table_count,excluded_cdc_table_count,outgoing_relationship_count,incoming_relationship_count,event_outgoing_count,event_incoming_count,colocated_validation_count,kafka_producer_required,kafka_consumer_required,outbox_required,dlq_consumer_required,resilience_stack,observability_stack,testing_stack,container_strategy,deployment_unit,deployment_namespace,implementation_status
129,201,1,identity,svc-0001,identity-01,SHARED_API_SERVICE,team-001,25,4.1.1,Gradle,9,Kotlin,Executable JAR,com.agilearning.retail.identity.service0001,Identity01Application,applications/backend/services/identity/identity-01,/api/v1/identity/01,PUBLIC_AUTHENTICATED,retail-customer-web,retail-admin-web,Spring MVC,REST + OpenAPI 3.1,Spring Security OAuth2 Resource Server,Spring Data JDBC,PostgreSQL 18.6,identity_svc_01,identity,Flyway,10,7,3,0,10,0,10,0,N,Y,N,Y,Resilience4j + idempotency + retry,Actuator + Micrometer + OpenTelemetry,JUnit 5 + Testcontainers + ArchUnit + Spring Cloud Contract,OCI image + layered Spring Boot JAR,identity-01,retail-identity,PLANNED
129,202,1,identity,svc-0002,identity-02,SHARED_API_SERVICE,team-001,25,4.1.1,Gradle,9,Kotlin,Executable JAR,com.agilearning.retail.identity.service0002,Identity02Application,applications/backend/services/identity/identity-02,/api/v1/identity/02,PUBLIC_AUTHENTICATED,retail-customer-web,retail-admin-web,Spring MVC,REST + OpenAPI 3.1,Spring Security OAuth2 Resource Server,Spring Data JDBC,PostgreSQL 18.6,identity_svc_02,identity,Flyway,10,7,3,0,10,0,10,0,N,Y,N,Y,Resilience4j + idempotency + retry,Actuator + Micrometer + OpenTelemetry,JUnit 5 + Testcontainers + ArchUnit + Spring Cloud Contract,OCI image + layered Spring Boot JAR,identity-02,retail-identity,PLANNED
129,203,1,identity,svc-0003,identity-03,SHARED_API_SERVICE,team-001,25,4.1.1,Gradle,9,Kotlin,Executable JAR,com.agilearning.retail.identity.service0003,Identity03Application,applications/backend/services/identity/identity-03,/api/v1/identity/03,PUBLIC_AUTHENTICATED,retail-customer-web,retail-admin-web,Spring MVC,REST + OpenAPI 3.1,Spring Security OAuth2 Resource Server,Spring Data JDBC,PostgreSQL 18.6,identity_svc_03,identity,Flyway,10,6,4,0,10,0,10,0,N,Y,N,Y,Resilience4j + idempotency + retry,Actuator + Micrometer + OpenTelemetry,JUnit 5 + Testcontainers + ArchUnit + Spring Cloud Contract,OCI image + layered Spring Boot JAR,identity-03,retail-identity,PLANNED
129,204,1,identity,svc-0004,identity-04,SHARED_API_SERVICE,team-001,25,4.1.1,Gradle,9,Kotlin,Executable JAR,com.agilearning.retail.identity.service0004,Identity04Application,applications/backend/services/identity/identity-04,/api/v1/identity/04,PUBLIC_AUTHENTICATED,retail-customer-web,retail-admin-web,Spring MVC,REST + OpenAPI 3.1,Spring Security OAuth2 Resource Server,Spring Data JDBC,PostgreSQL 18.6,identity_svc_04,identity,Flyway,10,7,3,0,10,0,10,0,N,Y,N,Y,Resilience4j + idempotency + retry,Actuator + Micrometer + OpenTelemetry,JUnit 5 + Testcontainers + ArchUnit + Spring Cloud Contract,OCI image + layered Spring Boot JAR,identity-04,retail-identity,PLANNED
129,205,1,identity,svc-0005,identity-05,SHARED_API_SERVICE,team-001,25,4.1.1,Gradle,9,Kotlin,Executable JAR,com.agilearning.retail.identity.service0005,Identity05Application,applications/backend/services/identity/identity-05,/api/v1/identity/05,PUBLIC_AUTHENTICATED,retail-customer-web,retail-admin-web,Spring MVC,REST + OpenAPI 3.1,Spring Security OAuth2 Resource Server,Spring Data JDBC,PostgreSQL 18.6,identity_svc_05,identity,Flyway,10,7,3,0,10,0,10,0,N,Y,N,Y,Resilience4j + idempotency + retry,Actuator + Micrometer + OpenTelemetry,JUnit 5 + Testcontainers + ArchUnit + Spring Cloud Contract,OCI image + layered Spring Boot JAR,identity-05,retail-identity,PLANNED
129,206,1,identity,svc-0006,identity-06,SHARED_API_SERVICE,team-001,25,4.1.1,Gradle,9,Kotlin,Executable JAR,com.agilearning.retail.identity.service0006,Identity06Application,applications/backend/services/identity/identity-06,/api/v1/identity/06,PUBLIC_AUTHENTICATED,retail-customer-web,retail-admin-web,Spring MVC,REST + OpenAPI 3.1,Spring Security OAuth2 Resource Server,Spring Data JDBC,PostgreSQL 18.6,identity_svc_06,identity,Flyway,10,6,4,0,10,0,10,0,N,Y,N,Y,Resilience4j + idempotency + retry,Actuator + Micrometer + OpenTelemetry,JUnit 5 + Testcontainers + ArchUnit + Spring Cloud Contract,OCI image + layered Spring Boot JAR,identity-06,retail-identity,PLANNED
129,207,1,identity,svc-0007,identity-07,SHARED_API_SERVICE,team-001,25,4.1.1,Gradle,9,Kotlin,Executable JAR,com.agilearning.retail.identity.service0007,Identity07Application,applications/backend/services/identity/identity-07,/api/v1/identity/07,PUBLIC_AUTHENTICATED,retail-customer-web,retail-admin-web,Spring MVC,REST + OpenAPI 3.1,Spring Security OAuth2 Resource Server,Spring Data JDBC,PostgreSQL 18.6,identity_svc_07,identity,Flyway,10,7,3,0,10,0,10,0,N,Y,N,Y,Resilience4j + idempotency + retry,Actuator + Micrometer + OpenTelemetry,JUnit 5 + Testcontainers + ArchUnit + Spring Cloud Contract,OCI image + layered Spring Boot JAR,identity-07,retail-identity,PLANNED
129,208,1,identity,svc-0008,identity-08,SHARED_API_SERVICE,team-001,25,4.1.1,Gradle,9,Kotlin,Executable JAR,com.agilearning.retail.identity.service0008,Identity08Application,applications/backend/services/identity/identity-08,/api/v1/identity/08,PUBLIC_AUTHENTICATED,retail-customer-web,retail-admin-web,Spring MVC,REST + OpenAPI 3.1,Spring Security OAuth2 Resource Server,Spring Data JDBC,PostgreSQL 18.6,identity_svc_08,identity,Flyway,10,7,3,0,10,0,10,0,N,Y,N,Y,Resilience4j + idempotency + retry,Actuator + Micrometer + OpenTelemetry,JUnit 5 + Testcontainers + ArchUnit + Spring Cloud Contract,OCI image + layered Spring Boot JAR,identity-08,retail-identity,PLANNED
129,209,1,identity,svc-0009,identity-09,SHARED_API_SERVICE,team-001,25,4.1.1,Gradle,9,Kotlin,Executable JAR,com.agilearning.retail.identity.service0009,Identity09Application,applications/backend/services/identity/identity-09,/api/v1/identity/09,PUBLIC_AUTHENTICATED,retail-customer-web,retail-admin-web,Spring MVC,REST + OpenAPI 3.1,Spring Security OAuth2 Resource Server,Spring Data JDBC,PostgreSQL 18.6,identity_svc_09,identity,Flyway,10,6,4,0,10,0,10,0,N,Y,N,Y,Resilience4j + idempotency + retry,Actuator + Micrometer + OpenTelemetry,JUnit 5 + Testcontainers + ArchUnit + Spring Cloud Contract,OCI image + layered Spring Boot JAR,identity-09,retail-identity,PLANNED
129,210,1,identity,svc-0010,identity-10,SHARED_API_SERVICE,team-001,25,4.1.1,Gradle,9,Kotlin,Executable JAR,com.agilearning.retail.identity.service0010,Identity10Application,applications/backend/services/identity/identity-10,/api/v1/identity/10,PUBLIC_AUTHENTICATED,retail-customer-web,retail-admin-web,Spring MVC,REST + OpenAPI 3.1,Spring Security OAuth2 Resource Server,Spring Data JDBC,PostgreSQL 18.6,identity_svc_10,identity,Flyway,10,7,3,0,10,0,10,0,N,Y,N,Y,Resilience4j + idempotency + retry,Actuator + Micrometer + OpenTelemetry,JUnit 5 + Testcontainers + ArchUnit + Spring Cloud Contract,OCI image + layered Spring Boot JAR,identity-10,retail-identity,PLANNED
129,211,2,customer,svc-0011,customer-01,SHARED_API_SERVICE,team-002,25,4.1.1,Gradle,9,Kotlin,Executable JAR,com.agilearning.retail.customer.service0011,Customer01Application,applications/backend/services/customer/customer-01,/api/v1/customer/01,PUBLIC_AUTHENTICATED,retail-customer-web,retail-admin-web,Spring MVC,REST + OpenAPI 3.1,Spring Security OAuth2 Resource Server,Spring Data JDBC,PostgreSQL 18.6,customer_svc_01,customer,Flyway,10,7,3,9,64,9,63,0,Y,Y,Y,Y,Resilience4j + idempotency + retry,Actuator + Micrometer + OpenTelemetry,JUnit 5 + Testcontainers + ArchUnit + Spring Cloud Contract,OCI image + layered Spring Boot JAR,customer-01,retail-customer,PLANNED
129,212,2,customer,svc-0012,customer-02,SHARED_API_SERVICE,team-002,25,4.1.1,Gradle,9,Kotlin,Executable JAR,com.agilearning.retail.customer.service0012,Customer02Application,applications/backend/services/customer/customer-02,/api/v1/customer/02,PUBLIC_AUTHENTICATED,retail-customer-web,retail-admin-web,Spring MVC,REST + OpenAPI 3.1,Spring Security OAuth2 Resource Server,Spring Data JDBC,PostgreSQL 18.6,customer_svc_02,customer,Flyway,10,7,3,9,64,9,64,0,Y,Y,Y,Y,Resilience4j + idempotency + retry,Actuator + Micrometer + OpenTelemetry,JUnit 5 + Testcontainers + ArchUnit + Spring Cloud Contract,OCI image + layered Spring Boot JAR,customer-02,retail-customer,PLANNED
129,213,2,customer,svc-0013,customer-03,SHARED_API_SERVICE,team-002,25,4.1.1,Gradle,9,Kotlin,Executable JAR,com.agilearning.retail.customer.service0013,Customer03Application,applications/backend/services/customer/customer-03,/api/v1/customer/03,PUBLIC_AUTHENTICATED,retail-customer-web,retail-admin-web,Spring MVC,REST + OpenAPI 3.1,Spring Security OAuth2 Resource Server,Spring Data JDBC,PostgreSQL 18.6,customer_svc_03,customer,Flyway,10,6,4,9,64,9,64,0,Y,Y,Y,Y,Resilience4j + idempotency + retry,Actuator + Micrometer + OpenTelemetry,JUnit 5 + Testcontainers + ArchUnit + Spring Cloud Contract,OCI image + layered Spring Boot JAR,customer-03,retail-customer,PLANNED
129,214,2,customer,svc-0014,customer-04,SHARED_API_SERVICE,team-002,25,4.1.1,Gradle,9,Kotlin,Executable JAR,com.agilearning.retail.customer.service0014,Customer04Application,applications/backend/services/customer/customer-04,/api/v1/customer/04,PUBLIC_AUTHENTICATED,retail-customer-web,retail-admin-web,Spring MVC,REST + OpenAPI 3.1,Spring Security OAuth2 Resource Server,Spring Data JDBC,PostgreSQL 18.6,customer_svc_04,customer,Flyway,10,7,3,6,64,6,64,0,Y,Y,Y,Y,Resilience4j + idempotency + retry,Actuator + Micrometer + OpenTelemetry,JUnit 5 + Testcontainers + ArchUnit + Spring Cloud Contract,OCI image + layered Spring Boot JAR,customer-04,retail-customer,PLANNED
129,215,2,customer,svc-0015,customer-05,SHARED_API_SERVICE,team-002,25,4.1.1,Gradle,9,Kotlin,Executable JAR,com.agilearning.retail.customer.service0015,Customer05Application,applications/backend/services/customer/customer-05,/api/v1/customer/05,PUBLIC_AUTHENTICATED,retail-customer-web,retail-admin-web,Spring MVC,REST + OpenAPI 3.1,Spring Security OAuth2 Resource Server,Spring Data JDBC,PostgreSQL 18.6,customer_svc_05,customer,Flyway,10,7,3,6,64,6,64,0,Y,Y,Y,Y,Resilience4j + idempotency + retry,Actuator + Micrometer + OpenTelemetry,JUnit 5 + Testcontainers + ArchUnit + Spring Cloud Contract,OCI image + layered Spring Boot JAR,customer-05,retail-customer,PLANNED
129,216,2,customer,svc-0016,customer-06,SHARED_API_SERVICE,team-002,25,4.1.1,Gradle,9,Kotlin,Executable JAR,com.agilearning.retail.customer.service0016,Customer06Application,applications/backend/services/customer/customer-06,/api/v1/customer/06,PUBLIC_AUTHENTICATED,retail-customer-web,retail-admin-web,Spring MVC,REST + OpenAPI 3.1,Spring Security OAuth2 Resource Server,Spring Data JDBC,PostgreSQL 18.6,customer_svc_06,customer,Flyway,10,6,4,3,64,3,64,0,Y,Y,Y,Y,Resilience4j + idempotency + retry,Actuator + Micrometer + OpenTelemetry,JUnit 5 + Testcontainers + ArchUnit + Spring Cloud Contract,OCI image + layered Spring Boot JAR,customer-06,retail-customer,PLANNED
129,217,2,customer,svc-0017,customer-07,SHARED_API_SERVICE,team-002,25,4.1.1,Gradle,9,Kotlin,Executable JAR,com.agilearning.retail.customer.service0017,Customer07Application,applications/backend/services/customer/customer-07,/api/v1/customer/07,PUBLIC_AUTHENTICATED,retail-customer-web,retail-admin-web,Spring MVC,REST + OpenAPI 3.1,Spring Security OAuth2 Resource Server,Spring Data JDBC,PostgreSQL 18.6,customer_svc_07,customer,Flyway,10,7,3,3,64,3,64,0,Y,Y,Y,Y,Resilience4j + idempotency + retry,Actuator + Micrometer + OpenTelemetry,JUnit 5 + Testcontainers + ArchUnit + Spring Cloud Contract,OCI image + layered Spring Boot JAR,customer-07,retail-customer,PLANNED
129,218,2,customer,svc-0018,customer-08,SHARED_API_SERVICE,team-002,25,4.1.1,Gradle,9,Kotlin,Executable JAR,com.agilearning.retail.customer.service0018,Customer08Application,applications/backend/services/customer/customer-08,/api/v1/customer/08,PUBLIC_AUTHENTICATED,retail-customer-web,retail-admin-web,Spring MVC,REST + OpenAPI 3.1,Spring Security OAuth2 Resource Server,Spring Data JDBC,PostgreSQL 18.6,customer_svc_08,customer,Flyway,10,7,3,6,64,6,64,0,Y,Y,Y,Y,Resilience4j + idempotency + retry,Actuator + Micrometer + OpenTelemetry,JUnit 5 + Testcontainers + ArchUnit + Spring Cloud Contract,OCI image + layered Spring Boot JAR,customer-08,retail-customer,PLANNED
129,219,2,customer,svc-0019,customer-09,SHARED_API_SERVICE,team-002,25,4.1.1,Gradle,9,Kotlin,Executable JAR,com.agilearning.retail.customer.service0019,Customer09Application,applications/backend/services/customer/customer-09,/api/v1/customer/09,PUBLIC_AUTHENTICATED,retail-customer-web,retail-admin-web,Spring MVC,REST + OpenAPI 3.1,Spring Security OAuth2 Resource Server,Spring Data JDBC,PostgreSQL 18.6,customer_svc_09,customer,Flyway,10,6,4,3,64,3,64,0,Y,Y,Y,Y,Resilience4j + idempotency + retry,Actuator + Micrometer + OpenTelemetry,JUnit 5 + Testcontainers + ArchUnit + Spring Cloud Contract,OCI image + layered Spring Boot JAR,customer-09,retail-customer,PLANNED
129,220,2,customer,svc-0020,customer-10,SHARED_API_SERVICE,team-002,25,4.1.1,Gradle,9,Kotlin,Executable JAR,com.agilearning.retail.customer.service0020,Customer10Application,applications/backend/services/customer/customer-10,/api/v1/customer/10,PUBLIC_AUTHENTICATED,retail-customer-web,retail-admin-web,Spring MVC,REST + OpenAPI 3.1,Spring Security OAuth2 Resource Server,Spring Data JDBC,PostgreSQL 18.6,customer_svc_10,customer,Flyway,10,7,3,6,64,6,64,0,Y,Y,Y,Y,Resilience4j + idempotency + retry,Actuator + Micrometer + OpenTelemetry,JUnit 5 + Testcontainers + ArchUnit + Spring Cloud Contract,OCI image + layered Spring Boot JAR,customer-10,retail-customer,PLANNED
129,221,3,catalog,svc-0021,catalog-01,SHARED_API_SERVICE,team-003,25,4.1.1,Gradle,9,Kotlin,Executable JAR,com.agilearning.retail.catalog.service0021,Catalog01Application,applications/backend/services/catalog/catalog-01,/api/v1/catalog/01,PUBLIC_AUTHENTICATED,retail-customer-web,retail-admin-web,Spring MVC,REST + OpenAPI 3.1,Spring Security OAuth2 Resource Server,Spring Data JDBC,PostgreSQL 18.6,catalog_svc_01,catalog,Flyway,10,10,0,9,14,8,13,1,Y,Y,Y,Y,Resilience4j + idempotency + retry,Actuator + Micrometer + OpenTelemetry,JUnit 5 + Testcontainers + ArchUnit + Spring Cloud Contract,OCI image + layered Spring Boot JAR,catalog-01,retail-catalog,PLANNED
129,222,3,catalog,svc-0022,catalog-02,SHARED_API_SERVICE,team-003,25,4.1.1,Gradle,9,Kotlin,Executable JAR,com.agilearning.retail.catalog.service0022,Catalog02Application,applications/backend/services/catalog/catalog-02,/api/v1/catalog/02,PUBLIC_AUTHENTICATED,retail-customer-web,retail-admin-web,Spring MVC,REST + OpenAPI 3.1,Spring Security OAuth2 Resource Server,Spring Data JDBC,PostgreSQL 18.6,catalog_svc_02,catalog,Flyway,10,10,0,9,14,9,14,0,Y,Y,Y,Y,Resilience4j + idempotency + retry,Actuator + Micrometer + OpenTelemetry,JUnit 5 + Testcontainers + ArchUnit + Spring Cloud Contract,OCI image + layered Spring Boot JAR,catalog-02,retail-catalog,PLANNED
129,223,3,catalog,svc-0023,catalog-03,SHARED_API_SERVICE,team-003,25,4.1.1,Gradle,9,Kotlin,Executable JAR,com.agilearning.retail.catalog.service0023,Catalog03Application,applications/backend/services/catalog/catalog-03,/api/v1/catalog/03,PUBLIC_AUTHENTICATED,retail-customer-web,retail-admin-web,Spring MVC,REST + OpenAPI 3.1,Spring Security OAuth2 Resource Server,Spring Data JDBC,PostgreSQL 18.6,catalog_svc_03,catalog,Flyway,10,10,0,9,14,9,14,0,Y,Y,Y,Y,Resilience4j + idempotency + retry,Actuator + Micrometer + OpenTelemetry,JUnit 5 + Testcontainers + ArchUnit + Spring Cloud Contract,OCI image + layered Spring Boot JAR,catalog-03,retail-catalog,PLANNED
129,224,3,catalog,svc-0024,catalog-04,SHARED_API_SERVICE,team-003,25,4.1.1,Gradle,9,Kotlin,Executable JAR,com.agilearning.retail.catalog.service0024,Catalog04Application,applications/backend/services/catalog/catalog-04,/api/v1/catalog/04,PUBLIC_AUTHENTICATED,retail-customer-web,retail-admin-web,Spring MVC,REST + OpenAPI 3.1,Spring Security OAuth2 Resource Server,Spring Data JDBC,PostgreSQL 18.6,catalog_svc_04,catalog,Flyway,10,10,0,6,14,6,14,0,Y,Y,Y,Y,Resilience4j + idempotency + retry,Actuator + Micrometer + OpenTelemetry,JUnit 5 + Testcontainers + ArchUnit + Spring Cloud Contract,OCI image + layered Spring Boot JAR,catalog-04,retail-catalog,PLANNED
129,225,3,catalog,svc-0025,catalog-05,SHARED_API_SERVICE,team-003,25,4.1.1,Gradle,9,Kotlin,Executable JAR,com.agilearning.retail.catalog.service0025,Catalog05Application,applications/backend/services/catalog/catalog-05,/api/v1/catalog/05,PUBLIC_AUTHENTICATED,retail-customer-web,retail-admin-web,Spring MVC,REST + OpenAPI 3.1,Spring Security OAuth2 Resource Server,Spring Data JDBC,PostgreSQL 18.6,catalog_svc_05,catalog,Flyway,10,10,0,6,14,6,14,0,Y,Y,Y,Y,Resilience4j + idempotency + retry,Actuator + Micrometer + OpenTelemetry,JUnit 5 + Testcontainers + ArchUnit + Spring Cloud Contract,OCI image + layered Spring Boot JAR,catalog-05,retail-catalog,PLANNED
129,226,3,catalog,svc-0026,catalog-06,SHARED_API_SERVICE,team-003,25,4.1.1,Gradle,9,Kotlin,Executable JAR,com.agilearning.retail.catalog.service0026,Catalog06Application,applications/backend/services/catalog/catalog-06,/api/v1/catalog/06,PUBLIC_AUTHENTICATED,retail-customer-web,retail-admin-web,Spring MVC,REST + OpenAPI 3.1,Spring Security OAuth2 Resource Server,Spring Data JDBC,PostgreSQL 18.6,catalog_svc_06,catalog,Flyway,10,10,0,3,14,3,14,0,Y,Y,Y,Y,Resilience4j + idempotency + retry,Actuator + Micrometer + OpenTelemetry,JUnit 5 + Testcontainers + ArchUnit + Spring Cloud Contract,OCI image + layered Spring Boot JAR,catalog-06,retail-catalog,PLANNED
129,227,3,catalog,svc-0027,catalog-07,SHARED_API_SERVICE,team-003,25,4.1.1,Gradle,9,Kotlin,Executable JAR,com.agilearning.retail.catalog.service0027,Catalog07Application,applications/backend/services/catalog/catalog-07,/api/v1/catalog/07,PUBLIC_AUTHENTICATED,retail-customer-web,retail-admin-web,Spring MVC,REST + OpenAPI 3.1,Spring Security OAuth2 Resource Server,Spring Data JDBC,PostgreSQL 18.6,catalog_svc_07,catalog,Flyway,10,10,0,3,14,3,14,0,Y,Y,Y,Y,Resilience4j + idempotency + retry,Actuator + Micrometer + OpenTelemetry,JUnit 5 + Testcontainers + ArchUnit + Spring Cloud Contract,OCI image + layered Spring Boot JAR,catalog-07,retail-catalog,PLANNED
129,228,3,catalog,svc-0028,catalog-08,SHARED_API_SERVICE,team-003,25,4.1.1,Gradle,9,Kotlin,Executable JAR,com.agilearning.retail.catalog.service0028,Catalog08Application,applications/backend/services/catalog/catalog-08,/api/v1/catalog/08,PUBLIC_AUTHENTICATED,retail-customer-web,retail-admin-web,Spring MVC,REST + OpenAPI 3.1,Spring Security OAuth2 Resource Server,Spring Data JDBC,PostgreSQL 18.6,catalog_svc_08,catalog,Flyway,10,10,0,6,14,6,14,0,Y,Y,Y,Y,Resilience4j + idempotency + retry,Actuator + Micrometer + OpenTelemetry,JUnit 5 + Testcontainers + ArchUnit + Spring Cloud Contract,OCI image + layered Spring Boot JAR,catalog-08,retail-catalog,PLANNED
129,229,3,catalog,svc-0029,catalog-09,SHARED_API_SERVICE,team-003,25,4.1.1,Gradle,9,Kotlin,Executable JAR,com.agilearning.retail.catalog.service0029,Catalog09Application,applications/backend/services/catalog/catalog-09,/api/v1/catalog/09,PUBLIC_AUTHENTICATED,retail-customer-web,retail-admin-web,Spring MVC,REST + OpenAPI 3.1,Spring Security OAuth2 Resource Server,Spring Data JDBC,PostgreSQL 18.6,catalog_svc_09,catalog,Flyway,10,10,0,3,14,3,14,0,Y,Y,Y,Y,Resilience4j + idempotency + retry,Actuator + Micrometer + OpenTelemetry,JUnit 5 + Testcontainers + ArchUnit + Spring Cloud Contract,OCI image + layered Spring Boot JAR,catalog-09,retail-catalog,PLANNED
129,230,3,catalog,svc-0030,catalog-10,SHARED_API_SERVICE,team-003,25,4.1.1,Gradle,9,Kotlin,Executable JAR,com.agilearning.retail.catalog.service0030,Catalog10Application,applications/backend/services/catalog/catalog-10,/api/v1/catalog/10,PUBLIC_AUTHENTICATED,retail-customer-web,retail-admin-web,Spring MVC,REST + OpenAPI 3.1,Spring Security OAuth2 Resource Server,Spring Data JDBC,PostgreSQL 18.6,catalog_svc_10,catalog,Flyway,10,10,0,6,14,6,14,0,Y,Y,Y,Y,Resilience4j + idempotency + retry,Actuator + Micrometer + OpenTelemetry,JUnit 5 + Testcontainers + ArchUnit + Spring Cloud Contract,OCI image + layered Spring Boot JAR,catalog-10,retail-catalog,PLANNED
129,231,4,product,svc-0031,product-01,SHARED_API_SERVICE,team-004,25,4.1.1,Gradle,9,Kotlin,Executable JAR,com.agilearning.retail.product.service0031,Product01Application,applications/backend/services/product/product-01,/api/v1/product/01,PUBLIC_AUTHENTICATED,retail-customer-web,retail-admin-web,Spring MVC,REST + OpenAPI 3.1,Spring Security OAuth2 Resource Server,Spring Data JDBC,PostgreSQL 18.6,product_svc_01,product,Flyway,10,10,0,9,20,9,19,0,Y,Y,Y,Y,Resilience4j + idempotency + retry,Actuator + Micrometer + OpenTelemetry,JUnit 5 + Testcontainers + ArchUnit + Spring Cloud Contract,OCI image + layered Spring Boot JAR,product-01,retail-product,PLANNED
129,232,4,product,svc-0032,product-02,SHARED_API_SERVICE,team-004,25,4.1.1,Gradle,9,Kotlin,Executable JAR,com.agilearning.retail.product.service0032,Product02Application,applications/backend/services/product/product-02,/api/v1/product/02,PUBLIC_AUTHENTICATED,retail-customer-web,retail-admin-web,Spring MVC,REST + OpenAPI 3.1,Spring Security OAuth2 Resource Server,Spring Data JDBC,PostgreSQL 18.6,product_svc_02,product,Flyway,10,10,0,9,20,9,20,0,Y,Y,Y,Y,Resilience4j + idempotency + retry,Actuator + Micrometer + OpenTelemetry,JUnit 5 + Testcontainers + ArchUnit + Spring Cloud Contract,OCI image + layered Spring Boot JAR,product-02,retail-product,PLANNED
129,233,4,product,svc-0033,product-03,SHARED_API_SERVICE,team-004,25,4.1.1,Gradle,9,Kotlin,Executable JAR,com.agilearning.retail.product.service0033,Product03Application,applications/backend/services/product/product-03,/api/v1/product/03,PUBLIC_AUTHENTICATED,retail-customer-web,retail-admin-web,Spring MVC,REST + OpenAPI 3.1,Spring Security OAuth2 Resource Server,Spring Data JDBC,PostgreSQL 18.6,product_svc_03,product,Flyway,10,10,0,9,20,9,20,0,Y,Y,Y,Y,Resilience4j + idempotency + retry,Actuator + Micrometer + OpenTelemetry,JUnit 5 + Testcontainers + ArchUnit + Spring Cloud Contract,OCI image + layered Spring Boot JAR,product-03,retail-product,PLANNED
129,234,4,product,svc-0034,product-04,SHARED_API_SERVICE,team-004,25,4.1.1,Gradle,9,Kotlin,Executable JAR,com.agilearning.retail.product.service0034,Product04Application,applications/backend/services/product/product-04,/api/v1/product/04,PUBLIC_AUTHENTICATED,retail-customer-web,retail-admin-web,Spring MVC,REST + OpenAPI 3.1,Spring Security OAuth2 Resource Server,Spring Data JDBC,PostgreSQL 18.6,product_svc_04,product,Flyway,10,10,0,6,20,6,20,0,Y,Y,Y,Y,Resilience4j + idempotency + retry,Actuator + Micrometer + OpenTelemetry,JUnit 5 + Testcontainers + ArchUnit + Spring Cloud Contract,OCI image + layered Spring Boot JAR,product-04,retail-product,PLANNED
129,235,4,product,svc-0035,product-05,SHARED_API_SERVICE,team-004,25,4.1.1,Gradle,9,Kotlin,Executable JAR,com.agilearning.retail.product.service0035,Product05Application,applications/backend/services/product/product-05,/api/v1/product/05,PUBLIC_AUTHENTICATED,retail-customer-web,retail-admin-web,Spring MVC,REST + OpenAPI 3.1,Spring Security OAuth2 Resource Server,Spring Data JDBC,PostgreSQL 18.6,product_svc_05,product,Flyway,10,10,0,6,20,6,20,0,Y,Y,Y,Y,Resilience4j + idempotency + retry,Actuator + Micrometer + OpenTelemetry,JUnit 5 + Testcontainers + ArchUnit + Spring Cloud Contract,OCI image + layered Spring Boot JAR,product-05,retail-product,PLANNED
129,236,4,product,svc-0036,product-06,SHARED_API_SERVICE,team-004,25,4.1.1,Gradle,9,Kotlin,Executable JAR,com.agilearning.retail.product.service0036,Product06Application,applications/backend/services/product/product-06,/api/v1/product/06,PUBLIC_AUTHENTICATED,retail-customer-web,retail-admin-web,Spring MVC,REST + OpenAPI 3.1,Spring Security OAuth2 Resource Server,Spring Data JDBC,PostgreSQL 18.6,product_svc_06,product,Flyway,10,10,0,3,20,3,20,0,Y,Y,Y,Y,Resilience4j + idempotency + retry,Actuator + Micrometer + OpenTelemetry,JUnit 5 + Testcontainers + ArchUnit + Spring Cloud Contract,OCI image + layered Spring Boot JAR,product-06,retail-product,PLANNED
129,237,4,product,svc-0037,product-07,SHARED_API_SERVICE,team-004,25,4.1.1,Gradle,9,Kotlin,Executable JAR,com.agilearning.retail.product.service0037,Product07Application,applications/backend/services/product/product-07,/api/v1/product/07,PUBLIC_AUTHENTICATED,retail-customer-web,retail-admin-web,Spring MVC,REST + OpenAPI 3.1,Spring Security OAuth2 Resource Server,Spring Data JDBC,PostgreSQL 18.6,product_svc_07,product,Flyway,10,10,0,3,20,3,20,0,Y,Y,Y,Y,Resilience4j + idempotency + retry,Actuator + Micrometer + OpenTelemetry,JUnit 5 + Testcontainers + ArchUnit + Spring Cloud Contract,OCI image + layered Spring Boot JAR,product-07,retail-product,PLANNED
129,238,4,product,svc-0038,product-08,SHARED_API_SERVICE,team-004,25,4.1.1,Gradle,9,Kotlin,Executable JAR,com.agilearning.retail.product.service0038,Product08Application,applications/backend/services/product/product-08,/api/v1/product/08,PUBLIC_AUTHENTICATED,retail-customer-web,retail-admin-web,Spring MVC,REST + OpenAPI 3.1,Spring Security OAuth2 Resource Server,Spring Data JDBC,PostgreSQL 18.6,product_svc_08,product,Flyway,10,10,0,6,20,6,20,0,Y,Y,Y,Y,Resilience4j + idempotency + retry,Actuator + Micrometer + OpenTelemetry,JUnit 5 + Testcontainers + ArchUnit + Spring Cloud Contract,OCI image + layered Spring Boot JAR,product-08,retail-product,PLANNED
129,239,4,product,svc-0039,product-09,SHARED_API_SERVICE,team-004,25,4.1.1,Gradle,9,Kotlin,Executable JAR,com.agilearning.retail.product.service0039,Product09Application,applications/backend/services/product/product-09,/api/v1/product/09,PUBLIC_AUTHENTICATED,retail-customer-web,retail-admin-web,Spring MVC,REST + OpenAPI 3.1,Spring Security OAuth2 Resource Server,Spring Data JDBC,PostgreSQL 18.6,product_svc_09,product,Flyway,10,10,0,3,20,3,20,0,Y,Y,Y,Y,Resilience4j + idempotency + retry,Actuator + Micrometer + OpenTelemetry,JUnit 5 + Testcontainers + ArchUnit + Spring Cloud Contract,OCI image + layered Spring Boot JAR,product-09,retail-product,PLANNED
129,240,4,product,svc-0040,product-10,SHARED_API_SERVICE,team-004,25,4.1.1,Gradle,9,Kotlin,Executable JAR,com.agilearning.retail.product.service0040,Product10Application,applications/backend/services/product/product-10,/api/v1/product/10,PUBLIC_AUTHENTICATED,retail-customer-web,retail-admin-web,Spring MVC,REST + OpenAPI 3.1,Spring Security OAuth2 Resource Server,Spring Data JDBC,PostgreSQL 18.6,product_svc_10,product,Flyway,10,10,0,6,20,6,20,0,Y,Y,Y,Y,Resilience4j + idempotency + retry,Actuator + Micrometer + OpenTelemetry,JUnit 5 + Testcontainers + ArchUnit + Spring Cloud Contract,OCI image + layered Spring Boot JAR,product-10,retail-product,PLANNED
129,241,5,listing,svc-0041,listing-01,ADMIN_API_SERVICE,team-005,25,4.1.1,Gradle,9,Kotlin,Executable JAR,com.agilearning.retail.listing.service0041,Listing01Application,applications/backend/services/listing/listing-01,/api/v1/listing/01,INTERNAL_AUTHORIZED,,retail-admin-web,Spring MVC,REST + OpenAPI 3.1,Spring Security OAuth2 Resource Server,Spring Data JDBC,PostgreSQL 18.6,listing_svc_01,listing,Flyway,10,10,0,12,8,12,8,0,Y,Y,Y,Y,Resilience4j + idempotency + retry,Actuator + Micrometer + OpenTelemetry,JUnit 5 + Testcontainers + ArchUnit + Spring Cloud Contract,OCI image + layered Spring Boot JAR,listing-01,retail-listing,PLANNED
129,242,5,listing,svc-0042,listing-02,ADMIN_API_SERVICE,team-005,25,4.1.1,Gradle,9,Kotlin,Executable JAR,com.agilearning.retail.listing.service0042,Listing02Application,applications/backend/services/listing/listing-02,/api/v1/listing/02,INTERNAL_AUTHORIZED,,retail-admin-web,Spring MVC,REST + OpenAPI 3.1,Spring Security OAuth2 Resource Server,Spring Data JDBC,PostgreSQL 18.6,listing_svc_02,listing,Flyway,10,10,0,12,8,12,8,0,Y,Y,Y,Y,Resilience4j + idempotency + retry,Actuator + Micrometer + OpenTelemetry,JUnit 5 + Testcontainers + ArchUnit + Spring Cloud Contract,OCI image + layered Spring Boot JAR,listing-02,retail-listing,PLANNED
129,243,5,listing,svc-0043,listing-03,ADMIN_API_SERVICE,team-005,25,4.1.1,Gradle,9,Kotlin,Executable JAR,com.agilearning.retail.listing.service0043,Listing03Application,applications/backend/services/listing/listing-03,/api/v1/listing/03,INTERNAL_AUTHORIZED,,retail-admin-web,Spring MVC,REST + OpenAPI 3.1,Spring Security OAuth2 Resource Server,Spring Data JDBC,PostgreSQL 18.6,listing_svc_03,listing,Flyway,10,10,0,12,8,12,8,0,Y,Y,Y,Y,Resilience4j + idempotency + retry,Actuator + Micrometer + OpenTelemetry,JUnit 5 + Testcontainers + ArchUnit + Spring Cloud Contract,OCI image + layered Spring Boot JAR,listing-03,retail-listing,PLANNED
129,244,5,listing,svc-0044,listing-04,ADMIN_API_SERVICE,team-005,25,4.1.1,Gradle,9,Kotlin,Executable JAR,com.agilearning.retail.listing.service0044,Listing04Application,applications/backend/services/listing/listing-04,/api/v1/listing/04,INTERNAL_AUTHORIZED,,retail-admin-web,Spring MVC,REST + OpenAPI 3.1,Spring Security OAuth2 Resource Server,Spring Data JDBC,PostgreSQL 18.6,listing_svc_04,listing,Flyway,10,10,0,8,8,8,8,0,Y,Y,Y,Y,Resilience4j + idempotency + retry,Actuator + Micrometer + OpenTelemetry,JUnit 5 + Testcontainers + ArchUnit + Spring Cloud Contract,OCI image + layered Spring Boot JAR,listing-04,retail-listing,PLANNED
129,245,5,listing,svc-0045,listing-05,ADMIN_API_SERVICE,team-005,25,4.1.1,Gradle,9,Kotlin,Executable JAR,com.agilearning.retail.listing.service0045,Listing05Application,applications/backend/services/listing/listing-05,/api/v1/listing/05,INTERNAL_AUTHORIZED,,retail-admin-web,Spring MVC,REST + OpenAPI 3.1,Spring Security OAuth2 Resource Server,Spring Data JDBC,PostgreSQL 18.6,listing_svc_05,listing,Flyway,10,10,0,8,8,8,8,0,Y,Y,Y,Y,Resilience4j + idempotency + retry,Actuator + Micrometer + OpenTelemetry,JUnit 5 + Testcontainers + ArchUnit + Spring Cloud Contract,OCI image + layered Spring Boot JAR,listing-05,retail-listing,PLANNED
129,246,5,listing,svc-0046,listing-06,ADMIN_API_SERVICE,team-005,25,4.1.1,Gradle,9,Kotlin,Executable JAR,com.agilearning.retail.listing.service0046,Listing06Application,applications/backend/services/listing/listing-06,/api/v1/listing/06,INTERNAL_AUTHORIZED,,retail-admin-web,Spring MVC,REST + OpenAPI 3.1,Spring Security OAuth2 Resource Server,Spring Data JDBC,PostgreSQL 18.6,listing_svc_06,listing,Flyway,10,10,0,4,8,4,8,0,Y,Y,Y,Y,Resilience4j + idempotency + retry,Actuator + Micrometer + OpenTelemetry,JUnit 5 + Testcontainers + ArchUnit + Spring Cloud Contract,OCI image + layered Spring Boot JAR,listing-06,retail-listing,PLANNED
129,247,5,listing,svc-0047,listing-07,ADMIN_API_SERVICE,team-005,25,4.1.1,Gradle,9,Kotlin,Executable JAR,com.agilearning.retail.listing.service0047,Listing07Application,applications/backend/services/listing/listing-07,/api/v1/listing/07,INTERNAL_AUTHORIZED,,retail-admin-web,Spring MVC,REST + OpenAPI 3.1,Spring Security OAuth2 Resource Server,Spring Data JDBC,PostgreSQL 18.6,listing_svc_07,listing,Flyway,10,10,0,4,8,4,8,0,Y,Y,Y,Y,Resilience4j + idempotency + retry,Actuator + Micrometer + OpenTelemetry,JUnit 5 + Testcontainers + ArchUnit + Spring Cloud Contract,OCI image + layered Spring Boot JAR,listing-07,retail-listing,PLANNED
129,248,5,listing,svc-0048,listing-08,ADMIN_API_SERVICE,team-005,25,4.1.1,Gradle,9,Kotlin,Executable JAR,com.agilearning.retail.listing.service0048,Listing08Application,applications/backend/services/listing/listing-08,/api/v1/listing/08,INTERNAL_AUTHORIZED,,retail-admin-web,Spring MVC,REST + OpenAPI 3.1,Spring Security OAuth2 Resource Server,Spring Data JDBC,PostgreSQL 18.6,listing_svc_08,listing,Flyway,10,10,0,8,8,8,8,0,Y,Y,Y,Y,Resilience4j + idempotency + retry,Actuator + Micrometer + OpenTelemetry,JUnit 5 + Testcontainers + ArchUnit + Spring Cloud Contract,OCI image + layered Spring Boot JAR,listing-08,retail-listing,PLANNED
129,249,5,listing,svc-0049,listing-09,ADMIN_API_SERVICE,team-005,25,4.1.1,Gradle,9,Kotlin,Executable JAR,com.agilearning.retail.listing.service0049,Listing09Application,applications/backend/services/listing/listing-09,/api/v1/listing/09,INTERNAL_AUTHORIZED,,retail-admin-web,Spring MVC,REST + OpenAPI 3.1,Spring Security OAuth2 Resource Server,Spring Data JDBC,PostgreSQL 18.6,listing_svc_09,listing,Flyway,10,10,0,4,8,4,8,0,Y,Y,Y,Y,Resilience4j + idempotency + retry,Actuator + Micrometer + OpenTelemetry,JUnit 5 + Testcontainers + ArchUnit + Spring Cloud Contract,OCI image + layered Spring Boot JAR,listing-09,retail-listing,PLANNED
129,250,5,listing,svc-0050,listing-10,ADMIN_API_SERVICE,team-005,25,4.1.1,Gradle,9,Kotlin,Executable JAR,com.agilearning.retail.listing.service0050,Listing10Application,applications/backend/services/listing/listing-10,/api/v1/listing/10,INTERNAL_AUTHORIZED,,retail-admin-web,Spring MVC,REST + OpenAPI 3.1,Spring Security OAuth2 Resource Server,Spring Data JDBC,PostgreSQL 18.6,listing_svc_10,listing,Flyway,10,10,0,8,8,8,8,0,Y,Y,Y,Y,Resilience4j + idempotency + retry,Actuator + Micrometer + OpenTelemetry,JUnit 5 + Testcontainers + ArchUnit + Spring Cloud Contract,OCI image + layered Spring Boot JAR,listing-10,retail-listing,PLANNED
129,251,6,seller,svc-0051,seller-01,ADMIN_API_SERVICE,team-006,25,4.1.1,Gradle,9,Kotlin,Executable JAR,com.agilearning.retail.seller.service0051,Seller01Application,applications/backend/services/seller/seller-01,/api/v1/seller/01,INTERNAL_AUTHORIZED,,retail-admin-web,Spring MVC,REST + OpenAPI 3.1,Spring Security OAuth2 Resource Server,Spring Data JDBC,PostgreSQL 18.6,seller_svc_01,seller,Flyway,10,10,0,9,18,9,18,0,Y,Y,Y,Y,Resilience4j + idempotency + retry,Actuator + Micrometer + OpenTelemetry,JUnit 5 + Testcontainers + ArchUnit + Spring Cloud Contract,OCI image + layered Spring Boot JAR,seller-01,retail-seller,PLANNED
129,252,6,seller,svc-0052,seller-02,ADMIN_API_SERVICE,team-006,25,4.1.1,Gradle,9,Kotlin,Executable JAR,com.agilearning.retail.seller.service0052,Seller02Application,applications/backend/services/seller/seller-02,/api/v1/seller/02,INTERNAL_AUTHORIZED,,retail-admin-web,Spring MVC,REST + OpenAPI 3.1,Spring Security OAuth2 Resource Server,Spring Data JDBC,PostgreSQL 18.6,seller_svc_02,seller,Flyway,10,10,0,9,18,9,18,0,Y,Y,Y,Y,Resilience4j + idempotency + retry,Actuator + Micrometer + OpenTelemetry,JUnit 5 + Testcontainers + ArchUnit + Spring Cloud Contract,OCI image + layered Spring Boot JAR,seller-02,retail-seller,PLANNED
129,253,6,seller,svc-0053,seller-03,ADMIN_API_SERVICE,team-006,25,4.1.1,Gradle,9,Kotlin,Executable JAR,com.agilearning.retail.seller.service0053,Seller03Application,applications/backend/services/seller/seller-03,/api/v1/seller/03,INTERNAL_AUTHORIZED,,retail-admin-web,Spring MVC,REST + OpenAPI 3.1,Spring Security OAuth2 Resource Server,Spring Data JDBC,PostgreSQL 18.6,seller_svc_03,seller,Flyway,10,10,0,9,18,9,18,0,Y,Y,Y,Y,Resilience4j + idempotency + retry,Actuator + Micrometer + OpenTelemetry,JUnit 5 + Testcontainers + ArchUnit + Spring Cloud Contract,OCI image + layered Spring Boot JAR,seller-03,retail-seller,PLANNED
129,254,6,seller,svc-0054,seller-04,ADMIN_API_SERVICE,team-006,25,4.1.1,Gradle,9,Kotlin,Executable JAR,com.agilearning.retail.seller.service0054,Seller04Application,applications/backend/services/seller/seller-04,/api/v1/seller/04,INTERNAL_AUTHORIZED,,retail-admin-web,Spring MVC,REST + OpenAPI 3.1,Spring Security OAuth2 Resource Server,Spring Data JDBC,PostgreSQL 18.6,seller_svc_04,seller,Flyway,10,10,0,6,18,6,18,0,Y,Y,Y,Y,Resilience4j + idempotency + retry,Actuator + Micrometer + OpenTelemetry,JUnit 5 + Testcontainers + ArchUnit + Spring Cloud Contract,OCI image + layered Spring Boot JAR,seller-04,retail-seller,PLANNED
129,255,6,seller,svc-0055,seller-05,ADMIN_API_SERVICE,team-006,25,4.1.1,Gradle,9,Kotlin,Executable JAR,com.agilearning.retail.seller.service0055,Seller05Application,applications/backend/services/seller/seller-05,/api/v1/seller/05,INTERNAL_AUTHORIZED,,retail-admin-web,Spring MVC,REST + OpenAPI 3.1,Spring Security OAuth2 Resource Server,Spring Data JDBC,PostgreSQL 18.6,seller_svc_05,seller,Flyway,10,10,0,6,18,6,18,0,Y,Y,Y,Y,Resilience4j + idempotency + retry,Actuator + Micrometer + OpenTelemetry,JUnit 5 + Testcontainers + ArchUnit + Spring Cloud Contract,OCI image + layered Spring Boot JAR,seller-05,retail-seller,PLANNED
129,256,6,seller,svc-0056,seller-06,ADMIN_API_SERVICE,team-006,25,4.1.1,Gradle,9,Kotlin,Executable JAR,com.agilearning.retail.seller.service0056,Seller06Application,applications/backend/services/seller/seller-06,/api/v1/seller/06,INTERNAL_AUTHORIZED,,retail-admin-web,Spring MVC,REST + OpenAPI 3.1,Spring Security OAuth2 Resource Server,Spring Data JDBC,PostgreSQL 18.6,seller_svc_06,seller,Flyway,10,10,0,3,18,3,18,0,Y,Y,Y,Y,Resilience4j + idempotency + retry,Actuator + Micrometer + OpenTelemetry,JUnit 5 + Testcontainers + ArchUnit + Spring Cloud Contract,OCI image + layered Spring Boot JAR,seller-06,retail-seller,PLANNED
129,257,6,seller,svc-0057,seller-07,ADMIN_API_SERVICE,team-006,25,4.1.1,Gradle,9,Kotlin,Executable JAR,com.agilearning.retail.seller.service0057,Seller07Application,applications/backend/services/seller/seller-07,/api/v1/seller/07,INTERNAL_AUTHORIZED,,retail-admin-web,Spring MVC,REST + OpenAPI 3.1,Spring Security OAuth2 Resource Server,Spring Data JDBC,PostgreSQL 18.6,seller_svc_07,seller,Flyway,10,10,0,3,18,3,18,0,Y,Y,Y,Y,Resilience4j + idempotency + retry,Actuator + Micrometer + OpenTelemetry,JUnit 5 + Testcontainers + ArchUnit + Spring Cloud Contract,OCI image + layered Spring Boot JAR,seller-07,retail-seller,PLANNED
129,258,6,seller,svc-0058,seller-08,ADMIN_API_SERVICE,team-006,25,4.1.1,Gradle,9,Kotlin,Executable JAR,com.agilearning.retail.seller.service0058,Seller08Application,applications/backend/services/seller/seller-08,/api/v1/seller/08,INTERNAL_AUTHORIZED,,retail-admin-web,Spring MVC,REST + OpenAPI 3.1,Spring Security OAuth2 Resource Server,Spring Data JDBC,PostgreSQL 18.6,seller_svc_08,seller,Flyway,10,10,0,6,18,6,18,0,Y,Y,Y,Y,Resilience4j + idempotency + retry,Actuator + Micrometer + OpenTelemetry,JUnit 5 + Testcontainers + ArchUnit + Spring Cloud Contract,OCI image + layered Spring Boot JAR,seller-08,retail-seller,PLANNED
129,259,6,seller,svc-0059,seller-09,ADMIN_API_SERVICE,team-006,25,4.1.1,Gradle,9,Kotlin,Executable JAR,com.agilearning.retail.seller.service0059,Seller09Application,applications/backend/services/seller/seller-09,/api/v1/seller/09,INTERNAL_AUTHORIZED,,retail-admin-web,Spring MVC,REST + OpenAPI 3.1,Spring Security OAuth2 Resource Server,Spring Data JDBC,PostgreSQL 18.6,seller_svc_09,seller,Flyway,10,10,0,3,18,3,18,0,Y,Y,Y,Y,Resilience4j + idempotency + retry,Actuator + Micrometer + OpenTelemetry,JUnit 5 + Testcontainers + ArchUnit + Spring Cloud Contract,OCI image + layered Spring Boot JAR,seller-09,retail-seller,PLANNED
129,260,6,seller,svc-0060,seller-10,ADMIN_API_SERVICE,team-006,25,4.1.1,Gradle,9,Kotlin,Executable JAR,com.agilearning.retail.seller.service0060,Seller10Application,applications/backend/services/seller/seller-10,/api/v1/seller/10,INTERNAL_AUTHORIZED,,retail-admin-web,Spring MVC,REST + OpenAPI 3.1,Spring Security OAuth2 Resource Server,Spring Data JDBC,PostgreSQL 18.6,seller_svc_10,seller,Flyway,10,10,0,6,18,6,18,0,Y,Y,Y,Y,Resilience4j + idempotency + retry,Actuator + Micrometer + OpenTelemetry,JUnit 5 + Testcontainers + ArchUnit + Spring Cloud Contract,OCI image + layered Spring Boot JAR,seller-10,retail-seller,PLANNED
129,261,7,pricing,svc-0061,pricing-01,SHARED_API_SERVICE,team-007,25,4.1.1,Gradle,9,Kotlin,Executable JAR,com.agilearning.retail.pricing.service0061,Pricing01Application,applications/backend/services/pricing/pricing-01,/api/v1/pricing/01,PUBLIC_AUTHENTICATED,retail-customer-web,retail-admin-web,Spring MVC,REST + OpenAPI 3.1,Spring Security OAuth2 Resource Server,Spring Data JDBC,PostgreSQL 18.6,pricing_svc_01,pricing,Flyway,10,10,0,9,16,9,16,0,Y,Y,Y,Y,Resilience4j + idempotency + retry,Actuator + Micrometer + OpenTelemetry,JUnit 5 + Testcontainers + ArchUnit + Spring Cloud Contract,OCI image + layered Spring Boot JAR,pricing-01,retail-pricing,PLANNED
129,262,7,pricing,svc-0062,pricing-02,SHARED_API_SERVICE,team-007,25,4.1.1,Gradle,9,Kotlin,Executable JAR,com.agilearning.retail.pricing.service0062,Pricing02Application,applications/backend/services/pricing/pricing-02,/api/v1/pricing/02,PUBLIC_AUTHENTICATED,retail-customer-web,retail-admin-web,Spring MVC,REST + OpenAPI 3.1,Spring Security OAuth2 Resource Server,Spring Data JDBC,PostgreSQL 18.6,pricing_svc_02,pricing,Flyway,10,10,0,9,16,9,16,0,Y,Y,Y,Y,Resilience4j + idempotency + retry,Actuator + Micrometer + OpenTelemetry,JUnit 5 + Testcontainers + ArchUnit + Spring Cloud Contract,OCI image + layered Spring Boot JAR,pricing-02,retail-pricing,PLANNED
129,263,7,pricing,svc-0063,pricing-03,SHARED_API_SERVICE,team-007,25,4.1.1,Gradle,9,Kotlin,Executable JAR,com.agilearning.retail.pricing.service0063,Pricing03Application,applications/backend/services/pricing/pricing-03,/api/v1/pricing/03,PUBLIC_AUTHENTICATED,retail-customer-web,retail-admin-web,Spring MVC,REST + OpenAPI 3.1,Spring Security OAuth2 Resource Server,Spring Data JDBC,PostgreSQL 18.6,pricing_svc_03,pricing,Flyway,10,10,0,9,16,9,16,0,Y,Y,Y,Y,Resilience4j + idempotency + retry,Actuator + Micrometer + OpenTelemetry,JUnit 5 + Testcontainers + ArchUnit + Spring Cloud Contract,OCI image + layered Spring Boot JAR,pricing-03,retail-pricing,PLANNED
129,264,7,pricing,svc-0064,pricing-04,SHARED_API_SERVICE,team-007,25,4.1.1,Gradle,9,Kotlin,Executable JAR,com.agilearning.retail.pricing.service0064,Pricing04Application,applications/backend/services/pricing/pricing-04,/api/v1/pricing/04,PUBLIC_AUTHENTICATED,retail-customer-web,retail-admin-web,Spring MVC,REST + OpenAPI 3.1,Spring Security OAuth2 Resource Server,Spring Data JDBC,PostgreSQL 18.6,pricing_svc_04,pricing,Flyway,10,10,0,6,16,6,16,0,Y,Y,Y,Y,Resilience4j + idempotency + retry,Actuator + Micrometer + OpenTelemetry,JUnit 5 + Testcontainers + ArchUnit + Spring Cloud Contract,OCI image + layered Spring Boot JAR,pricing-04,retail-pricing,PLANNED
129,265,7,pricing,svc-0065,pricing-05,SHARED_API_SERVICE,team-007,25,4.1.1,Gradle,9,Kotlin,Executable JAR,com.agilearning.retail.pricing.service0065,Pricing05Application,applications/backend/services/pricing/pricing-05,/api/v1/pricing/05,PUBLIC_AUTHENTICATED,retail-customer-web,retail-admin-web,Spring MVC,REST + OpenAPI 3.1,Spring Security OAuth2 Resource Server,Spring Data JDBC,PostgreSQL 18.6,pricing_svc_05,pricing,Flyway,10,10,0,6,16,6,16,0,Y,Y,Y,Y,Resilience4j + idempotency + retry,Actuator + Micrometer + OpenTelemetry,JUnit 5 + Testcontainers + ArchUnit + Spring Cloud Contract,OCI image + layered Spring Boot JAR,pricing-05,retail-pricing,PLANNED
129,266,7,pricing,svc-0066,pricing-06,SHARED_API_SERVICE,team-007,25,4.1.1,Gradle,9,Kotlin,Executable JAR,com.agilearning.retail.pricing.service0066,Pricing06Application,applications/backend/services/pricing/pricing-06,/api/v1/pricing/06,PUBLIC_AUTHENTICATED,retail-customer-web,retail-admin-web,Spring MVC,REST + OpenAPI 3.1,Spring Security OAuth2 Resource Server,Spring Data JDBC,PostgreSQL 18.6,pricing_svc_06,pricing,Flyway,10,10,0,3,16,3,16,0,Y,Y,Y,Y,Resilience4j + idempotency + retry,Actuator + Micrometer + OpenTelemetry,JUnit 5 + Testcontainers + ArchUnit + Spring Cloud Contract,OCI image + layered Spring Boot JAR,pricing-06,retail-pricing,PLANNED
129,267,7,pricing,svc-0067,pricing-07,SHARED_API_SERVICE,team-007,25,4.1.1,Gradle,9,Kotlin,Executable JAR,com.agilearning.retail.pricing.service0067,Pricing07Application,applications/backend/services/pricing/pricing-07,/api/v1/pricing/07,PUBLIC_AUTHENTICATED,retail-customer-web,retail-admin-web,Spring MVC,REST + OpenAPI 3.1,Spring Security OAuth2 Resource Server,Spring Data JDBC,PostgreSQL 18.6,pricing_svc_07,pricing,Flyway,10,10,0,3,16,3,16,0,Y,Y,Y,Y,Resilience4j + idempotency + retry,Actuator + Micrometer + OpenTelemetry,JUnit 5 + Testcontainers + ArchUnit + Spring Cloud Contract,OCI image + layered Spring Boot JAR,pricing-07,retail-pricing,PLANNED
129,268,7,pricing,svc-0068,pricing-08,SHARED_API_SERVICE,team-007,25,4.1.1,Gradle,9,Kotlin,Executable JAR,com.agilearning.retail.pricing.service0068,Pricing08Application,applications/backend/services/pricing/pricing-08,/api/v1/pricing/08,PUBLIC_AUTHENTICATED,retail-customer-web,retail-admin-web,Spring MVC,REST + OpenAPI 3.1,Spring Security OAuth2 Resource Server,Spring Data JDBC,PostgreSQL 18.6,pricing_svc_08,pricing,Flyway,10,10,0,6,16,6,16,0,Y,Y,Y,Y,Resilience4j + idempotency + retry,Actuator + Micrometer + OpenTelemetry,JUnit 5 + Testcontainers + ArchUnit + Spring Cloud Contract,OCI image + layered Spring Boot JAR,pricing-08,retail-pricing,PLANNED
129,269,7,pricing,svc-0069,pricing-09,SHARED_API_SERVICE,team-007,25,4.1.1,Gradle,9,Kotlin,Executable JAR,com.agilearning.retail.pricing.service0069,Pricing09Application,applications/backend/services/pricing/pricing-09,/api/v1/pricing/09,PUBLIC_AUTHENTICATED,retail-customer-web,retail-admin-web,Spring MVC,REST + OpenAPI 3.1,Spring Security OAuth2 Resource Server,Spring Data JDBC,PostgreSQL 18.6,pricing_svc_09,pricing,Flyway,10,10,0,3,16,3,16,0,Y,Y,Y,Y,Resilience4j + idempotency + retry,Actuator + Micrometer + OpenTelemetry,JUnit 5 + Testcontainers + ArchUnit + Spring Cloud Contract,OCI image + layered Spring Boot JAR,pricing-09,retail-pricing,PLANNED
129,270,7,pricing,svc-0070,pricing-10,SHARED_API_SERVICE,team-007,25,4.1.1,Gradle,9,Kotlin,Executable JAR,com.agilearning.retail.pricing.service0070,Pricing10Application,applications/backend/services/pricing/pricing-10,/api/v1/pricing/10,PUBLIC_AUTHENTICATED,retail-customer-web,retail-admin-web,Spring MVC,REST + OpenAPI 3.1,Spring Security OAuth2 Resource Server,Spring Data JDBC,PostgreSQL 18.6,pricing_svc_10,pricing,Flyway,10,10,0,6,16,6,16,0,Y,Y,Y,Y,Resilience4j + idempotency + retry,Actuator + Micrometer + OpenTelemetry,JUnit 5 + Testcontainers + ArchUnit + Spring Cloud Contract,OCI image + layered Spring Boot JAR,pricing-10,retail-pricing,PLANNED
129,271,8,promotion,svc-0071,promotion-01,SHARED_API_SERVICE,team-008,25,4.1.1,Gradle,9,Kotlin,Executable JAR,com.agilearning.retail.promotion.service0071,Promotion01Application,applications/backend/services/promotion/promotion-01,/api/v1/promotion/01,PUBLIC_AUTHENTICATED,retail-customer-web,retail-admin-web,Spring MVC,REST + OpenAPI 3.1,Spring Security OAuth2 Resource Server,Spring Data JDBC,PostgreSQL 18.6,promotion_svc_01,promotion,Flyway,10,10,0,9,8,9,7,0,Y,Y,Y,Y,Resilience4j + idempotency + retry,Actuator + Micrometer + OpenTelemetry,JUnit 5 + Testcontainers + ArchUnit + Spring Cloud Contract,OCI image + layered Spring Boot JAR,promotion-01,retail-promotion,PLANNED
129,272,8,promotion,svc-0072,promotion-02,SHARED_API_SERVICE,team-008,25,4.1.1,Gradle,9,Kotlin,Executable JAR,com.agilearning.retail.promotion.service0072,Promotion02Application,applications/backend/services/promotion/promotion-02,/api/v1/promotion/02,PUBLIC_AUTHENTICATED,retail-customer-web,retail-admin-web,Spring MVC,REST + OpenAPI 3.1,Spring Security OAuth2 Resource Server,Spring Data JDBC,PostgreSQL 18.6,promotion_svc_02,promotion,Flyway,10,10,0,9,8,9,8,0,Y,Y,Y,Y,Resilience4j + idempotency + retry,Actuator + Micrometer + OpenTelemetry,JUnit 5 + Testcontainers + ArchUnit + Spring Cloud Contract,OCI image + layered Spring Boot JAR,promotion-02,retail-promotion,PLANNED
129,273,8,promotion,svc-0073,promotion-03,SHARED_API_SERVICE,team-008,25,4.1.1,Gradle,9,Kotlin,Executable JAR,com.agilearning.retail.promotion.service0073,Promotion03Application,applications/backend/services/promotion/promotion-03,/api/v1/promotion/03,PUBLIC_AUTHENTICATED,retail-customer-web,retail-admin-web,Spring MVC,REST + OpenAPI 3.1,Spring Security OAuth2 Resource Server,Spring Data JDBC,PostgreSQL 18.6,promotion_svc_03,promotion,Flyway,10,10,0,9,8,9,8,0,Y,Y,Y,Y,Resilience4j + idempotency + retry,Actuator + Micrometer + OpenTelemetry,JUnit 5 + Testcontainers + ArchUnit + Spring Cloud Contract,OCI image + layered Spring Boot JAR,promotion-03,retail-promotion,PLANNED
129,274,8,promotion,svc-0074,promotion-04,SHARED_API_SERVICE,team-008,25,4.1.1,Gradle,9,Kotlin,Executable JAR,com.agilearning.retail.promotion.service0074,Promotion04Application,applications/backend/services/promotion/promotion-04,/api/v1/promotion/04,PUBLIC_AUTHENTICATED,retail-customer-web,retail-admin-web,Spring MVC,REST + OpenAPI 3.1,Spring Security OAuth2 Resource Server,Spring Data JDBC,PostgreSQL 18.6,promotion_svc_04,promotion,Flyway,10,10,0,6,8,6,8,0,Y,Y,Y,Y,Resilience4j + idempotency + retry,Actuator + Micrometer + OpenTelemetry,JUnit 5 + Testcontainers + ArchUnit + Spring Cloud Contract,OCI image + layered Spring Boot JAR,promotion-04,retail-promotion,PLANNED
129,275,8,promotion,svc-0075,promotion-05,SHARED_API_SERVICE,team-008,25,4.1.1,Gradle,9,Kotlin,Executable JAR,com.agilearning.retail.promotion.service0075,Promotion05Application,applications/backend/services/promotion/promotion-05,/api/v1/promotion/05,PUBLIC_AUTHENTICATED,retail-customer-web,retail-admin-web,Spring MVC,REST + OpenAPI 3.1,Spring Security OAuth2 Resource Server,Spring Data JDBC,PostgreSQL 18.6,promotion_svc_05,promotion,Flyway,10,10,0,6,8,6,8,0,Y,Y,Y,Y,Resilience4j + idempotency + retry,Actuator + Micrometer + OpenTelemetry,JUnit 5 + Testcontainers + ArchUnit + Spring Cloud Contract,OCI image + layered Spring Boot JAR,promotion-05,retail-promotion,PLANNED
129,276,8,promotion,svc-0076,promotion-06,SHARED_API_SERVICE,team-008,25,4.1.1,Gradle,9,Kotlin,Executable JAR,com.agilearning.retail.promotion.service0076,Promotion06Application,applications/backend/services/promotion/promotion-06,/api/v1/promotion/06,PUBLIC_AUTHENTICATED,retail-customer-web,retail-admin-web,Spring MVC,REST + OpenAPI 3.1,Spring Security OAuth2 Resource Server,Spring Data JDBC,PostgreSQL 18.6,promotion_svc_06,promotion,Flyway,10,10,0,3,8,3,8,0,Y,Y,Y,Y,Resilience4j + idempotency + retry,Actuator + Micrometer + OpenTelemetry,JUnit 5 + Testcontainers + ArchUnit + Spring Cloud Contract,OCI image + layered Spring Boot JAR,promotion-06,retail-promotion,PLANNED
129,277,8,promotion,svc-0077,promotion-07,SHARED_API_SERVICE,team-008,25,4.1.1,Gradle,9,Kotlin,Executable JAR,com.agilearning.retail.promotion.service0077,Promotion07Application,applications/backend/services/promotion/promotion-07,/api/v1/promotion/07,PUBLIC_AUTHENTICATED,retail-customer-web,retail-admin-web,Spring MVC,REST + OpenAPI 3.1,Spring Security OAuth2 Resource Server,Spring Data JDBC,PostgreSQL 18.6,promotion_svc_07,promotion,Flyway,10,10,0,3,8,3,8,0,Y,Y,Y,Y,Resilience4j + idempotency + retry,Actuator + Micrometer + OpenTelemetry,JUnit 5 + Testcontainers + ArchUnit + Spring Cloud Contract,OCI image + layered Spring Boot JAR,promotion-07,retail-promotion,PLANNED
129,278,8,promotion,svc-0078,promotion-08,SHARED_API_SERVICE,team-008,25,4.1.1,Gradle,9,Kotlin,Executable JAR,com.agilearning.retail.promotion.service0078,Promotion08Application,applications/backend/services/promotion/promotion-08,/api/v1/promotion/08,PUBLIC_AUTHENTICATED,retail-customer-web,retail-admin-web,Spring MVC,REST + OpenAPI 3.1,Spring Security OAuth2 Resource Server,Spring Data JDBC,PostgreSQL 18.6,promotion_svc_08,promotion,Flyway,10,10,0,6,8,6,8,0,Y,Y,Y,Y,Resilience4j + idempotency + retry,Actuator + Micrometer + OpenTelemetry,JUnit 5 + Testcontainers + ArchUnit + Spring Cloud Contract,OCI image + layered Spring Boot JAR,promotion-08,retail-promotion,PLANNED
129,279,8,promotion,svc-0079,promotion-09,SHARED_API_SERVICE,team-008,25,4.1.1,Gradle,9,Kotlin,Executable JAR,com.agilearning.retail.promotion.service0079,Promotion09Application,applications/backend/services/promotion/promotion-09,/api/v1/promotion/09,PUBLIC_AUTHENTICATED,retail-customer-web,retail-admin-web,Spring MVC,REST + OpenAPI 3.1,Spring Security OAuth2 Resource Server,Spring Data JDBC,PostgreSQL 18.6,promotion_svc_09,promotion,Flyway,10,10,0,3,8,3,8,0,Y,Y,Y,Y,Resilience4j + idempotency + retry,Actuator + Micrometer + OpenTelemetry,JUnit 5 + Testcontainers + ArchUnit + Spring Cloud Contract,OCI image + layered Spring Boot JAR,promotion-09,retail-promotion,PLANNED
129,280,8,promotion,svc-0080,promotion-10,SHARED_API_SERVICE,team-008,25,4.1.1,Gradle,9,Kotlin,Executable JAR,com.agilearning.retail.promotion.service0080,Promotion10Application,applications/backend/services/promotion/promotion-10,/api/v1/promotion/10,PUBLIC_AUTHENTICATED,retail-customer-web,retail-admin-web,Spring MVC,REST + OpenAPI 3.1,Spring Security OAuth2 Resource Server,Spring Data JDBC,PostgreSQL 18.6,promotion_svc_10,promotion,Flyway,10,10,0,6,8,6,8,0,Y,Y,Y,Y,Resilience4j + idempotency + retry,Actuator + Micrometer + OpenTelemetry,JUnit 5 + Testcontainers + ArchUnit + Spring Cloud Contract,OCI image + layered Spring Boot JAR,promotion-10,retail-promotion,PLANNED
129,281,9,inventory,svc-0081,inventory-01,SHARED_API_SERVICE,team-009,25,4.1.1,Gradle,9,Kotlin,Executable JAR,com.agilearning.retail.inventory.service0081,Inventory01Application,applications/backend/services/inventory/inventory-01,/api/v1/inventory/01,PUBLIC_AUTHENTICATED,retail-customer-web,retail-admin-web,Spring MVC,REST + OpenAPI 3.1,Spring Security OAuth2 Resource Server,Spring Data JDBC,PostgreSQL 18.6,inventory_svc_01,inventory,Flyway,10,10,0,9,28,9,27,0,Y,Y,Y,Y,Resilience4j + idempotency + retry,Actuator + Micrometer + OpenTelemetry,JUnit 5 + Testcontainers + ArchUnit + Spring Cloud Contract,OCI image + layered Spring Boot JAR,inventory-01,retail-inventory,PLANNED
129,282,9,inventory,svc-0082,inventory-02,SHARED_API_SERVICE,team-009,25,4.1.1,Gradle,9,Kotlin,Executable JAR,com.agilearning.retail.inventory.service0082,Inventory02Application,applications/backend/services/inventory/inventory-02,/api/v1/inventory/02,PUBLIC_AUTHENTICATED,retail-customer-web,retail-admin-web,Spring MVC,REST + OpenAPI 3.1,Spring Security OAuth2 Resource Server,Spring Data JDBC,PostgreSQL 18.6,inventory_svc_02,inventory,Flyway,10,10,0,9,28,9,28,0,Y,Y,Y,Y,Resilience4j + idempotency + retry,Actuator + Micrometer + OpenTelemetry,JUnit 5 + Testcontainers + ArchUnit + Spring Cloud Contract,OCI image + layered Spring Boot JAR,inventory-02,retail-inventory,PLANNED
129,283,9,inventory,svc-0083,inventory-03,SHARED_API_SERVICE,team-009,25,4.1.1,Gradle,9,Kotlin,Executable JAR,com.agilearning.retail.inventory.service0083,Inventory03Application,applications/backend/services/inventory/inventory-03,/api/v1/inventory/03,PUBLIC_AUTHENTICATED,retail-customer-web,retail-admin-web,Spring MVC,REST + OpenAPI 3.1,Spring Security OAuth2 Resource Server,Spring Data JDBC,PostgreSQL 18.6,inventory_svc_03,inventory,Flyway,10,10,0,9,28,9,28,0,Y,Y,Y,Y,Resilience4j + idempotency + retry,Actuator + Micrometer + OpenTelemetry,JUnit 5 + Testcontainers + ArchUnit + Spring Cloud Contract,OCI image + layered Spring Boot JAR,inventory-03,retail-inventory,PLANNED
129,284,9,inventory,svc-0084,inventory-04,SHARED_API_SERVICE,team-009,25,4.1.1,Gradle,9,Kotlin,Executable JAR,com.agilearning.retail.inventory.service0084,Inventory04Application,applications/backend/services/inventory/inventory-04,/api/v1/inventory/04,PUBLIC_AUTHENTICATED,retail-customer-web,retail-admin-web,Spring MVC,REST + OpenAPI 3.1,Spring Security OAuth2 Resource Server,Spring Data JDBC,PostgreSQL 18.6,inventory_svc_04,inventory,Flyway,10,10,0,6,28,6,28,0,Y,Y,Y,Y,Resilience4j + idempotency + retry,Actuator + Micrometer + OpenTelemetry,JUnit 5 + Testcontainers + ArchUnit + Spring Cloud Contract,OCI image + layered Spring Boot JAR,inventory-04,retail-inventory,PLANNED
129,285,9,inventory,svc-0085,inventory-05,SHARED_API_SERVICE,team-009,25,4.1.1,Gradle,9,Kotlin,Executable JAR,com.agilearning.retail.inventory.service0085,Inventory05Application,applications/backend/services/inventory/inventory-05,/api/v1/inventory/05,PUBLIC_AUTHENTICATED,retail-customer-web,retail-admin-web,Spring MVC,REST + OpenAPI 3.1,Spring Security OAuth2 Resource Server,Spring Data JDBC,PostgreSQL 18.6,inventory_svc_05,inventory,Flyway,10,10,0,6,28,6,28,0,Y,Y,Y,Y,Resilience4j + idempotency + retry,Actuator + Micrometer + OpenTelemetry,JUnit 5 + Testcontainers + ArchUnit + Spring Cloud Contract,OCI image + layered Spring Boot JAR,inventory-05,retail-inventory,PLANNED
129,286,9,inventory,svc-0086,inventory-06,SHARED_API_SERVICE,team-009,25,4.1.1,Gradle,9,Kotlin,Executable JAR,com.agilearning.retail.inventory.service0086,Inventory06Application,applications/backend/services/inventory/inventory-06,/api/v1/inventory/06,PUBLIC_AUTHENTICATED,retail-customer-web,retail-admin-web,Spring MVC,REST + OpenAPI 3.1,Spring Security OAuth2 Resource Server,Spring Data JDBC,PostgreSQL 18.6,inventory_svc_06,inventory,Flyway,10,10,0,3,28,3,28,0,Y,Y,Y,Y,Resilience4j + idempotency + retry,Actuator + Micrometer + OpenTelemetry,JUnit 5 + Testcontainers + ArchUnit + Spring Cloud Contract,OCI image + layered Spring Boot JAR,inventory-06,retail-inventory,PLANNED
129,287,9,inventory,svc-0087,inventory-07,SHARED_API_SERVICE,team-009,25,4.1.1,Gradle,9,Kotlin,Executable JAR,com.agilearning.retail.inventory.service0087,Inventory07Application,applications/backend/services/inventory/inventory-07,/api/v1/inventory/07,PUBLIC_AUTHENTICATED,retail-customer-web,retail-admin-web,Spring MVC,REST + OpenAPI 3.1,Spring Security OAuth2 Resource Server,Spring Data JDBC,PostgreSQL 18.6,inventory_svc_07,inventory,Flyway,10,10,0,3,28,3,28,0,Y,Y,Y,Y,Resilience4j + idempotency + retry,Actuator + Micrometer + OpenTelemetry,JUnit 5 + Testcontainers + ArchUnit + Spring Cloud Contract,OCI image + layered Spring Boot JAR,inventory-07,retail-inventory,PLANNED
129,288,9,inventory,svc-0088,inventory-08,SHARED_API_SERVICE,team-009,25,4.1.1,Gradle,9,Kotlin,Executable JAR,com.agilearning.retail.inventory.service0088,Inventory08Application,applications/backend/services/inventory/inventory-08,/api/v1/inventory/08,PUBLIC_AUTHENTICATED,retail-customer-web,retail-admin-web,Spring MVC,REST + OpenAPI 3.1,Spring Security OAuth2 Resource Server,Spring Data JDBC,PostgreSQL 18.6,inventory_svc_08,inventory,Flyway,10,10,0,6,28,6,28,0,Y,Y,Y,Y,Resilience4j + idempotency + retry,Actuator + Micrometer + OpenTelemetry,JUnit 5 + Testcontainers + ArchUnit + Spring Cloud Contract,OCI image + layered Spring Boot JAR,inventory-08,retail-inventory,PLANNED
129,289,9,inventory,svc-0089,inventory-09,SHARED_API_SERVICE,team-009,25,4.1.1,Gradle,9,Kotlin,Executable JAR,com.agilearning.retail.inventory.service0089,Inventory09Application,applications/backend/services/inventory/inventory-09,/api/v1/inventory/09,PUBLIC_AUTHENTICATED,retail-customer-web,retail-admin-web,Spring MVC,REST + OpenAPI 3.1,Spring Security OAuth2 Resource Server,Spring Data JDBC,PostgreSQL 18.6,inventory_svc_09,inventory,Flyway,10,10,0,3,28,3,28,0,Y,Y,Y,Y,Resilience4j + idempotency + retry,Actuator + Micrometer + OpenTelemetry,JUnit 5 + Testcontainers + ArchUnit + Spring Cloud Contract,OCI image + layered Spring Boot JAR,inventory-09,retail-inventory,PLANNED
129,290,9,inventory,svc-0090,inventory-10,SHARED_API_SERVICE,team-009,25,4.1.1,Gradle,9,Kotlin,Executable JAR,com.agilearning.retail.inventory.service0090,Inventory10Application,applications/backend/services/inventory/inventory-10,/api/v1/inventory/10,PUBLIC_AUTHENTICATED,retail-customer-web,retail-admin-web,Spring MVC,REST + OpenAPI 3.1,Spring Security OAuth2 Resource Server,Spring Data JDBC,PostgreSQL 18.6,inventory_svc_10,inventory,Flyway,10,10,0,6,28,6,28,0,Y,Y,Y,Y,Resilience4j + idempotency + retry,Actuator + Micrometer + OpenTelemetry,JUnit 5 + Testcontainers + ArchUnit + Spring Cloud Contract,OCI image + layered Spring Boot JAR,inventory-10,retail-inventory,PLANNED
129,291,10,warehouse,svc-0091,warehouse-01,ADMIN_API_SERVICE,team-010,25,4.1.1,Gradle,9,Kotlin,Executable JAR,com.agilearning.retail.warehouse.service0091,Warehouse01Application,applications/backend/services/warehouse/warehouse-01,/api/v1/warehouse/01,INTERNAL_AUTHORIZED,,retail-admin-web,Spring MVC,REST + OpenAPI 3.1,Spring Security OAuth2 Resource Server,Spring Data JDBC,PostgreSQL 18.6,warehouse_svc_01,warehouse,Flyway,10,10,0,9,6,9,6,0,Y,Y,Y,Y,Resilience4j + idempotency + retry,Actuator + Micrometer + OpenTelemetry,JUnit 5 + Testcontainers + ArchUnit + Spring Cloud Contract,OCI image + layered Spring Boot JAR,warehouse-01,retail-warehouse,PLANNED
129,292,10,warehouse,svc-0092,warehouse-02,ADMIN_API_SERVICE,team-010,25,4.1.1,Gradle,9,Kotlin,Executable JAR,com.agilearning.retail.warehouse.service0092,Warehouse02Application,applications/backend/services/warehouse/warehouse-02,/api/v1/warehouse/02,INTERNAL_AUTHORIZED,,retail-admin-web,Spring MVC,REST + OpenAPI 3.1,Spring Security OAuth2 Resource Server,Spring Data JDBC,PostgreSQL 18.6,warehouse_svc_02,warehouse,Flyway,10,10,0,9,6,9,6,0,Y,Y,Y,Y,Resilience4j + idempotency + retry,Actuator + Micrometer + OpenTelemetry,JUnit 5 + Testcontainers + ArchUnit + Spring Cloud Contract,OCI image + layered Spring Boot JAR,warehouse-02,retail-warehouse,PLANNED
129,293,10,warehouse,svc-0093,warehouse-03,ADMIN_API_SERVICE,team-010,25,4.1.1,Gradle,9,Kotlin,Executable JAR,com.agilearning.retail.warehouse.service0093,Warehouse03Application,applications/backend/services/warehouse/warehouse-03,/api/v1/warehouse/03,INTERNAL_AUTHORIZED,,retail-admin-web,Spring MVC,REST + OpenAPI 3.1,Spring Security OAuth2 Resource Server,Spring Data JDBC,PostgreSQL 18.6,warehouse_svc_03,warehouse,Flyway,10,10,0,9,6,9,6,0,Y,Y,Y,Y,Resilience4j + idempotency + retry,Actuator + Micrometer + OpenTelemetry,JUnit 5 + Testcontainers + ArchUnit + Spring Cloud Contract,OCI image + layered Spring Boot JAR,warehouse-03,retail-warehouse,PLANNED
129,294,10,warehouse,svc-0094,warehouse-04,ADMIN_API_SERVICE,team-010,25,4.1.1,Gradle,9,Kotlin,Executable JAR,com.agilearning.retail.warehouse.service0094,Warehouse04Application,applications/backend/services/warehouse/warehouse-04,/api/v1/warehouse/04,INTERNAL_AUTHORIZED,,retail-admin-web,Spring MVC,REST + OpenAPI 3.1,Spring Security OAuth2 Resource Server,Spring Data JDBC,PostgreSQL 18.6,warehouse_svc_04,warehouse,Flyway,10,10,0,6,6,6,6,0,Y,Y,Y,Y,Resilience4j + idempotency + retry,Actuator + Micrometer + OpenTelemetry,JUnit 5 + Testcontainers + ArchUnit + Spring Cloud Contract,OCI image + layered Spring Boot JAR,warehouse-04,retail-warehouse,PLANNED
129,295,10,warehouse,svc-0095,warehouse-05,ADMIN_API_SERVICE,team-010,25,4.1.1,Gradle,9,Kotlin,Executable JAR,com.agilearning.retail.warehouse.service0095,Warehouse05Application,applications/backend/services/warehouse/warehouse-05,/api/v1/warehouse/05,INTERNAL_AUTHORIZED,,retail-admin-web,Spring MVC,REST + OpenAPI 3.1,Spring Security OAuth2 Resource Server,Spring Data JDBC,PostgreSQL 18.6,warehouse_svc_05,warehouse,Flyway,10,10,0,6,6,6,6,0,Y,Y,Y,Y,Resilience4j + idempotency + retry,Actuator + Micrometer + OpenTelemetry,JUnit 5 + Testcontainers + ArchUnit + Spring Cloud Contract,OCI image + layered Spring Boot JAR,warehouse-05,retail-warehouse,PLANNED
129,296,10,warehouse,svc-0096,warehouse-06,ADMIN_API_SERVICE,team-010,25,4.1.1,Gradle,9,Kotlin,Executable JAR,com.agilearning.retail.warehouse.service0096,Warehouse06Application,applications/backend/services/warehouse/warehouse-06,/api/v1/warehouse/06,INTERNAL_AUTHORIZED,,retail-admin-web,Spring MVC,REST + OpenAPI 3.1,Spring Security OAuth2 Resource Server,Spring Data JDBC,PostgreSQL 18.6,warehouse_svc_06,warehouse,Flyway,10,10,0,3,6,3,6,0,Y,Y,Y,Y,Resilience4j + idempotency + retry,Actuator + Micrometer + OpenTelemetry,JUnit 5 + Testcontainers + ArchUnit + Spring Cloud Contract,OCI image + layered Spring Boot JAR,warehouse-06,retail-warehouse,PLANNED
129,297,10,warehouse,svc-0097,warehouse-07,ADMIN_API_SERVICE,team-010,25,4.1.1,Gradle,9,Kotlin,Executable JAR,com.agilearning.retail.warehouse.service0097,Warehouse07Application,applications/backend/services/warehouse/warehouse-07,/api/v1/warehouse/07,INTERNAL_AUTHORIZED,,retail-admin-web,Spring MVC,REST + OpenAPI 3.1,Spring Security OAuth2 Resource Server,Spring Data JDBC,PostgreSQL 18.6,warehouse_svc_07,warehouse,Flyway,10,10,0,3,6,3,6,0,Y,Y,Y,Y,Resilience4j + idempotency + retry,Actuator + Micrometer + OpenTelemetry,JUnit 5 + Testcontainers + ArchUnit + Spring Cloud Contract,OCI image + layered Spring Boot JAR,warehouse-07,retail-warehouse,PLANNED
129,298,10,warehouse,svc-0098,warehouse-08,ADMIN_API_SERVICE,team-010,25,4.1.1,Gradle,9,Kotlin,Executable JAR,com.agilearning.retail.warehouse.service0098,Warehouse08Application,applications/backend/services/warehouse/warehouse-08,/api/v1/warehouse/08,INTERNAL_AUTHORIZED,,retail-admin-web,Spring MVC,REST + OpenAPI 3.1,Spring Security OAuth2 Resource Server,Spring Data JDBC,PostgreSQL 18.6,warehouse_svc_08,warehouse,Flyway,10,10,0,6,6,6,6,0,Y,Y,Y,Y,Resilience4j + idempotency + retry,Actuator + Micrometer + OpenTelemetry,JUnit 5 + Testcontainers + ArchUnit + Spring Cloud Contract,OCI image + layered Spring Boot JAR,warehouse-08,retail-warehouse,PLANNED
129,299,10,warehouse,svc-0099,warehouse-09,ADMIN_API_SERVICE,team-010,25,4.1.1,Gradle,9,Kotlin,Executable JAR,com.agilearning.retail.warehouse.service0099,Warehouse09Application,applications/backend/services/warehouse/warehouse-09,/api/v1/warehouse/09,INTERNAL_AUTHORIZED,,retail-admin-web,Spring MVC,REST + OpenAPI 3.1,Spring Security OAuth2 Resource Server,Spring Data JDBC,PostgreSQL 18.6,warehouse_svc_09,warehouse,Flyway,10,10,0,3,6,3,6,0,Y,Y,Y,Y,Resilience4j + idempotency + retry,Actuator + Micrometer + OpenTelemetry,JUnit 5 + Testcontainers + ArchUnit + Spring Cloud Contract,OCI image + layered Spring Boot JAR,warehouse-09,retail-warehouse,PLANNED
129,300,10,warehouse,svc-0100,warehouse-10,ADMIN_API_SERVICE,team-010,25,4.1.1,Gradle,9,Kotlin,Executable JAR,com.agilearning.retail.warehouse.service0100,Warehouse10Application,applications/backend/services/warehouse/warehouse-10,/api/v1/warehouse/10,INTERNAL_AUTHORIZED,,retail-admin-web,Spring MVC,REST + OpenAPI 3.1,Spring Security OAuth2 Resource Server,Spring Data JDBC,PostgreSQL 18.6,warehouse_svc_10,warehouse,Flyway,10,10,0,6,6,6,6,0,Y,Y,Y,Y,Resilience4j + idempotency + retry,Actuator + Micrometer + OpenTelemetry,JUnit 5 + Testcontainers + ArchUnit + Spring Cloud Contract,OCI image + layered Spring Boot JAR,warehouse-10,retail-warehouse,PLANNED
129,301,11,procurement,svc-0101,procurement-01,ADMIN_API_SERVICE,team-011,25,4.1.1,Gradle,9,Kotlin,Executable JAR,com.agilearning.retail.procurement.service0101,Procurement01Application,applications/backend/services/procurement/procurement-01,/api/v1/procurement/01,INTERNAL_AUTHORIZED,,retail-admin-web,Spring MVC,REST + OpenAPI 3.1,Spring Security OAuth2 Resource Server,Spring Data JDBC,PostgreSQL 18.6,procurement_svc_01,procurement,Flyway,10,10,0,9,6,9,4,0,Y,Y,Y,Y,Resilience4j + idempotency + retry,Actuator + Micrometer + OpenTelemetry,JUnit 5 + Testcontainers + ArchUnit + Spring Cloud Contract,OCI image + layered Spring Boot JAR,procurement-01,retail-procurement,PLANNED
129,302,11,procurement,svc-0102,procurement-02,ADMIN_API_SERVICE,team-011,25,4.1.1,Gradle,9,Kotlin,Executable JAR,com.agilearning.retail.procurement.service0102,Procurement02Application,applications/backend/services/procurement/procurement-02,/api/v1/procurement/02,INTERNAL_AUTHORIZED,,retail-admin-web,Spring MVC,REST + OpenAPI 3.1,Spring Security OAuth2 Resource Server,Spring Data JDBC,PostgreSQL 18.6,procurement_svc_02,procurement,Flyway,10,10,0,9,6,9,6,0,Y,Y,Y,Y,Resilience4j + idempotency + retry,Actuator + Micrometer + OpenTelemetry,JUnit 5 + Testcontainers + ArchUnit + Spring Cloud Contract,OCI image + layered Spring Boot JAR,procurement-02,retail-procurement,PLANNED
129,303,11,procurement,svc-0103,procurement-03,ADMIN_API_SERVICE,team-011,25,4.1.1,Gradle,9,Kotlin,Executable JAR,com.agilearning.retail.procurement.service0103,Procurement03Application,applications/backend/services/procurement/procurement-03,/api/v1/procurement/03,INTERNAL_AUTHORIZED,,retail-admin-web,Spring MVC,REST + OpenAPI 3.1,Spring Security OAuth2 Resource Server,Spring Data JDBC,PostgreSQL 18.6,procurement_svc_03,procurement,Flyway,10,10,0,9,6,9,6,0,Y,Y,Y,Y,Resilience4j + idempotency + retry,Actuator + Micrometer + OpenTelemetry,JUnit 5 + Testcontainers + ArchUnit + Spring Cloud Contract,OCI image + layered Spring Boot JAR,procurement-03,retail-procurement,PLANNED
129,304,11,procurement,svc-0104,procurement-04,ADMIN_API_SERVICE,team-011,25,4.1.1,Gradle,9,Kotlin,Executable JAR,com.agilearning.retail.procurement.service0104,Procurement04Application,applications/backend/services/procurement/procurement-04,/api/v1/procurement/04,INTERNAL_AUTHORIZED,,retail-admin-web,Spring MVC,REST + OpenAPI 3.1,Spring Security OAuth2 Resource Server,Spring Data JDBC,PostgreSQL 18.6,procurement_svc_04,procurement,Flyway,10,10,0,6,6,6,6,0,Y,Y,Y,Y,Resilience4j + idempotency + retry,Actuator + Micrometer + OpenTelemetry,JUnit 5 + Testcontainers + ArchUnit + Spring Cloud Contract,OCI image + layered Spring Boot JAR,procurement-04,retail-procurement,PLANNED
129,305,11,procurement,svc-0105,procurement-05,ADMIN_API_SERVICE,team-011,25,4.1.1,Gradle,9,Kotlin,Executable JAR,com.agilearning.retail.procurement.service0105,Procurement05Application,applications/backend/services/procurement/procurement-05,/api/v1/procurement/05,INTERNAL_AUTHORIZED,,retail-admin-web,Spring MVC,REST + OpenAPI 3.1,Spring Security OAuth2 Resource Server,Spring Data JDBC,PostgreSQL 18.6,procurement_svc_05,procurement,Flyway,10,10,0,6,6,6,6,0,Y,Y,Y,Y,Resilience4j + idempotency + retry,Actuator + Micrometer + OpenTelemetry,JUnit 5 + Testcontainers + ArchUnit + Spring Cloud Contract,OCI image + layered Spring Boot JAR,procurement-05,retail-procurement,PLANNED
129,306,11,procurement,svc-0106,procurement-06,ADMIN_API_SERVICE,team-011,25,4.1.1,Gradle,9,Kotlin,Executable JAR,com.agilearning.retail.procurement.service0106,Procurement06Application,applications/backend/services/procurement/procurement-06,/api/v1/procurement/06,INTERNAL_AUTHORIZED,,retail-admin-web,Spring MVC,REST + OpenAPI 3.1,Spring Security OAuth2 Resource Server,Spring Data JDBC,PostgreSQL 18.6,procurement_svc_06,procurement,Flyway,10,10,0,3,6,3,6,0,Y,Y,Y,Y,Resilience4j + idempotency + retry,Actuator + Micrometer + OpenTelemetry,JUnit 5 + Testcontainers + ArchUnit + Spring Cloud Contract,OCI image + layered Spring Boot JAR,procurement-06,retail-procurement,PLANNED
129,307,11,procurement,svc-0107,procurement-07,ADMIN_API_SERVICE,team-011,25,4.1.1,Gradle,9,Kotlin,Executable JAR,com.agilearning.retail.procurement.service0107,Procurement07Application,applications/backend/services/procurement/procurement-07,/api/v1/procurement/07,INTERNAL_AUTHORIZED,,retail-admin-web,Spring MVC,REST + OpenAPI 3.1,Spring Security OAuth2 Resource Server,Spring Data JDBC,PostgreSQL 18.6,procurement_svc_07,procurement,Flyway,10,10,0,3,6,3,6,0,Y,Y,Y,Y,Resilience4j + idempotency + retry,Actuator + Micrometer + OpenTelemetry,JUnit 5 + Testcontainers + ArchUnit + Spring Cloud Contract,OCI image + layered Spring Boot JAR,procurement-07,retail-procurement,PLANNED
129,308,11,procurement,svc-0108,procurement-08,ADMIN_API_SERVICE,team-011,25,4.1.1,Gradle,9,Kotlin,Executable JAR,com.agilearning.retail.procurement.service0108,Procurement08Application,applications/backend/services/procurement/procurement-08,/api/v1/procurement/08,INTERNAL_AUTHORIZED,,retail-admin-web,Spring MVC,REST + OpenAPI 3.1,Spring Security OAuth2 Resource Server,Spring Data JDBC,PostgreSQL 18.6,procurement_svc_08,procurement,Flyway,10,10,0,6,6,6,6,0,Y,Y,Y,Y,Resilience4j + idempotency + retry,Actuator + Micrometer + OpenTelemetry,JUnit 5 + Testcontainers + ArchUnit + Spring Cloud Contract,OCI image + layered Spring Boot JAR,procurement-08,retail-procurement,PLANNED
129,309,11,procurement,svc-0109,procurement-09,ADMIN_API_SERVICE,team-011,25,4.1.1,Gradle,9,Kotlin,Executable JAR,com.agilearning.retail.procurement.service0109,Procurement09Application,applications/backend/services/procurement/procurement-09,/api/v1/procurement/09,INTERNAL_AUTHORIZED,,retail-admin-web,Spring MVC,REST + OpenAPI 3.1,Spring Security OAuth2 Resource Server,Spring Data JDBC,PostgreSQL 18.6,procurement_svc_09,procurement,Flyway,10,10,0,3,6,3,6,0,Y,Y,Y,Y,Resilience4j + idempotency + retry,Actuator + Micrometer + OpenTelemetry,JUnit 5 + Testcontainers + ArchUnit + Spring Cloud Contract,OCI image + layered Spring Boot JAR,procurement-09,retail-procurement,PLANNED
129,310,11,procurement,svc-0110,procurement-10,ADMIN_API_SERVICE,team-011,25,4.1.1,Gradle,9,Kotlin,Executable JAR,com.agilearning.retail.procurement.service0110,Procurement10Application,applications/backend/services/procurement/procurement-10,/api/v1/procurement/10,INTERNAL_AUTHORIZED,,retail-admin-web,Spring MVC,REST + OpenAPI 3.1,Spring Security OAuth2 Resource Server,Spring Data JDBC,PostgreSQL 18.6,procurement_svc_10,procurement,Flyway,10,10,0,6,6,6,6,0,Y,Y,Y,Y,Resilience4j + idempotency + retry,Actuator + Micrometer + OpenTelemetry,JUnit 5 + Testcontainers + ArchUnit + Spring Cloud Contract,OCI image + layered Spring Boot JAR,procurement-10,retail-procurement,PLANNED
129,311,12,cart,svc-0111,cart-01,SHARED_API_SERVICE,team-012,25,4.1.1,Gradle,9,Kotlin,Executable JAR,com.agilearning.retail.cart.service0111,Cart01Application,applications/backend/services/cart/cart-01,/api/v1/cart/01,PUBLIC_AUTHENTICATED,retail-customer-web,retail-admin-web,Spring MVC,REST + OpenAPI 3.1,Spring Security OAuth2 Resource Server,Spring Data JDBC,PostgreSQL 18.6,cart_svc_01,cart,Flyway,10,10,0,12,2,12,2,0,Y,Y,Y,Y,Resilience4j + idempotency + retry,Actuator + Micrometer + OpenTelemetry,JUnit 5 + Testcontainers + ArchUnit + Spring Cloud Contract,OCI image + layered Spring Boot JAR,cart-01,retail-cart,PLANNED
129,312,12,cart,svc-0112,cart-02,SHARED_API_SERVICE,team-012,25,4.1.1,Gradle,9,Kotlin,Executable JAR,com.agilearning.retail.cart.service0112,Cart02Application,applications/backend/services/cart/cart-02,/api/v1/cart/02,PUBLIC_AUTHENTICATED,retail-customer-web,retail-admin-web,Spring MVC,REST + OpenAPI 3.1,Spring Security OAuth2 Resource Server,Spring Data JDBC,PostgreSQL 18.6,cart_svc_02,cart,Flyway,10,10,0,12,2,12,2,0,Y,Y,Y,Y,Resilience4j + idempotency + retry,Actuator + Micrometer + OpenTelemetry,JUnit 5 + Testcontainers + ArchUnit + Spring Cloud Contract,OCI image + layered Spring Boot JAR,cart-02,retail-cart,PLANNED
129,313,12,cart,svc-0113,cart-03,SHARED_API_SERVICE,team-012,25,4.1.1,Gradle,9,Kotlin,Executable JAR,com.agilearning.retail.cart.service0113,Cart03Application,applications/backend/services/cart/cart-03,/api/v1/cart/03,PUBLIC_AUTHENTICATED,retail-customer-web,retail-admin-web,Spring MVC,REST + OpenAPI 3.1,Spring Security OAuth2 Resource Server,Spring Data JDBC,PostgreSQL 18.6,cart_svc_03,cart,Flyway,10,10,0,12,2,12,2,0,Y,Y,Y,Y,Resilience4j + idempotency + retry,Actuator + Micrometer + OpenTelemetry,JUnit 5 + Testcontainers + ArchUnit + Spring Cloud Contract,OCI image + layered Spring Boot JAR,cart-03,retail-cart,PLANNED
129,314,12,cart,svc-0114,cart-04,SHARED_API_SERVICE,team-012,25,4.1.1,Gradle,9,Kotlin,Executable JAR,com.agilearning.retail.cart.service0114,Cart04Application,applications/backend/services/cart/cart-04,/api/v1/cart/04,PUBLIC_AUTHENTICATED,retail-customer-web,retail-admin-web,Spring MVC,REST + OpenAPI 3.1,Spring Security OAuth2 Resource Server,Spring Data JDBC,PostgreSQL 18.6,cart_svc_04,cart,Flyway,10,10,0,8,2,8,2,0,Y,Y,Y,Y,Resilience4j + idempotency + retry,Actuator + Micrometer + OpenTelemetry,JUnit 5 + Testcontainers + ArchUnit + Spring Cloud Contract,OCI image + layered Spring Boot JAR,cart-04,retail-cart,PLANNED
129,315,12,cart,svc-0115,cart-05,SHARED_API_SERVICE,team-012,25,4.1.1,Gradle,9,Kotlin,Executable JAR,com.agilearning.retail.cart.service0115,Cart05Application,applications/backend/services/cart/cart-05,/api/v1/cart/05,PUBLIC_AUTHENTICATED,retail-customer-web,retail-admin-web,Spring MVC,REST + OpenAPI 3.1,Spring Security OAuth2 Resource Server,Spring Data JDBC,PostgreSQL 18.6,cart_svc_05,cart,Flyway,10,10,0,8,2,8,2,0,Y,Y,Y,Y,Resilience4j + idempotency + retry,Actuator + Micrometer + OpenTelemetry,JUnit 5 + Testcontainers + ArchUnit + Spring Cloud Contract,OCI image + layered Spring Boot JAR,cart-05,retail-cart,PLANNED
129,316,12,cart,svc-0116,cart-06,SHARED_API_SERVICE,team-012,25,4.1.1,Gradle,9,Kotlin,Executable JAR,com.agilearning.retail.cart.service0116,Cart06Application,applications/backend/services/cart/cart-06,/api/v1/cart/06,PUBLIC_AUTHENTICATED,retail-customer-web,retail-admin-web,Spring MVC,REST + OpenAPI 3.1,Spring Security OAuth2 Resource Server,Spring Data JDBC,PostgreSQL 18.6,cart_svc_06,cart,Flyway,10,10,0,4,2,4,2,0,Y,Y,Y,Y,Resilience4j + idempotency + retry,Actuator + Micrometer + OpenTelemetry,JUnit 5 + Testcontainers + ArchUnit + Spring Cloud Contract,OCI image + layered Spring Boot JAR,cart-06,retail-cart,PLANNED
129,317,12,cart,svc-0117,cart-07,SHARED_API_SERVICE,team-012,25,4.1.1,Gradle,9,Kotlin,Executable JAR,com.agilearning.retail.cart.service0117,Cart07Application,applications/backend/services/cart/cart-07,/api/v1/cart/07,PUBLIC_AUTHENTICATED,retail-customer-web,retail-admin-web,Spring MVC,REST + OpenAPI 3.1,Spring Security OAuth2 Resource Server,Spring Data JDBC,PostgreSQL 18.6,cart_svc_07,cart,Flyway,10,10,0,4,2,4,2,0,Y,Y,Y,Y,Resilience4j + idempotency + retry,Actuator + Micrometer + OpenTelemetry,JUnit 5 + Testcontainers + ArchUnit + Spring Cloud Contract,OCI image + layered Spring Boot JAR,cart-07,retail-cart,PLANNED
129,318,12,cart,svc-0118,cart-08,SHARED_API_SERVICE,team-012,25,4.1.1,Gradle,9,Kotlin,Executable JAR,com.agilearning.retail.cart.service0118,Cart08Application,applications/backend/services/cart/cart-08,/api/v1/cart/08,PUBLIC_AUTHENTICATED,retail-customer-web,retail-admin-web,Spring MVC,REST + OpenAPI 3.1,Spring Security OAuth2 Resource Server,Spring Data JDBC,PostgreSQL 18.6,cart_svc_08,cart,Flyway,10,10,0,8,2,8,2,0,Y,Y,Y,Y,Resilience4j + idempotency + retry,Actuator + Micrometer + OpenTelemetry,JUnit 5 + Testcontainers + ArchUnit + Spring Cloud Contract,OCI image + layered Spring Boot JAR,cart-08,retail-cart,PLANNED
129,319,12,cart,svc-0119,cart-09,SHARED_API_SERVICE,team-012,25,4.1.1,Gradle,9,Kotlin,Executable JAR,com.agilearning.retail.cart.service0119,Cart09Application,applications/backend/services/cart/cart-09,/api/v1/cart/09,PUBLIC_AUTHENTICATED,retail-customer-web,retail-admin-web,Spring MVC,REST + OpenAPI 3.1,Spring Security OAuth2 Resource Server,Spring Data JDBC,PostgreSQL 18.6,cart_svc_09,cart,Flyway,10,10,0,4,2,4,2,0,Y,Y,Y,Y,Resilience4j + idempotency + retry,Actuator + Micrometer + OpenTelemetry,JUnit 5 + Testcontainers + ArchUnit + Spring Cloud Contract,OCI image + layered Spring Boot JAR,cart-09,retail-cart,PLANNED
129,320,12,cart,svc-0120,cart-10,SHARED_API_SERVICE,team-012,25,4.1.1,Gradle,9,Kotlin,Executable JAR,com.agilearning.retail.cart.service0120,Cart10Application,applications/backend/services/cart/cart-10,/api/v1/cart/10,PUBLIC_AUTHENTICATED,retail-customer-web,retail-admin-web,Spring MVC,REST + OpenAPI 3.1,Spring Security OAuth2 Resource Server,Spring Data JDBC,PostgreSQL 18.6,cart_svc_10,cart,Flyway,10,10,0,8,2,8,2,0,Y,Y,Y,Y,Resilience4j + idempotency + retry,Actuator + Micrometer + OpenTelemetry,JUnit 5 + Testcontainers + ArchUnit + Spring Cloud Contract,OCI image + layered Spring Boot JAR,cart-10,retail-cart,PLANNED
129,321,13,checkout,svc-0121,checkout-01,SHARED_API_SERVICE,team-013,25,4.1.1,Gradle,9,Kotlin,Executable JAR,com.agilearning.retail.checkout.service0121,Checkout01Application,applications/backend/services/checkout/checkout-01,/api/v1/checkout/01,PUBLIC_AUTHENTICATED,retail-customer-web,retail-admin-web,Spring MVC,REST + OpenAPI 3.1,Spring Security OAuth2 Resource Server,Spring Data JDBC,PostgreSQL 18.6,checkout_svc_01,checkout,Flyway,10,10,0,12,2,12,2,0,Y,Y,Y,Y,Resilience4j + idempotency + retry,Actuator + Micrometer + OpenTelemetry,JUnit 5 + Testcontainers + ArchUnit + Spring Cloud Contract,OCI image + layered Spring Boot JAR,checkout-01,retail-checkout,PLANNED
129,322,13,checkout,svc-0122,checkout-02,SHARED_API_SERVICE,team-013,25,4.1.1,Gradle,9,Kotlin,Executable JAR,com.agilearning.retail.checkout.service0122,Checkout02Application,applications/backend/services/checkout/checkout-02,/api/v1/checkout/02,PUBLIC_AUTHENTICATED,retail-customer-web,retail-admin-web,Spring MVC,REST + OpenAPI 3.1,Spring Security OAuth2 Resource Server,Spring Data JDBC,PostgreSQL 18.6,checkout_svc_02,checkout,Flyway,10,10,0,12,2,12,2,0,Y,Y,Y,Y,Resilience4j + idempotency + retry,Actuator + Micrometer + OpenTelemetry,JUnit 5 + Testcontainers + ArchUnit + Spring Cloud Contract,OCI image + layered Spring Boot JAR,checkout-02,retail-checkout,PLANNED
129,323,13,checkout,svc-0123,checkout-03,SHARED_API_SERVICE,team-013,25,4.1.1,Gradle,9,Kotlin,Executable JAR,com.agilearning.retail.checkout.service0123,Checkout03Application,applications/backend/services/checkout/checkout-03,/api/v1/checkout/03,PUBLIC_AUTHENTICATED,retail-customer-web,retail-admin-web,Spring MVC,REST + OpenAPI 3.1,Spring Security OAuth2 Resource Server,Spring Data JDBC,PostgreSQL 18.6,checkout_svc_03,checkout,Flyway,10,10,0,12,2,12,2,0,Y,Y,Y,Y,Resilience4j + idempotency + retry,Actuator + Micrometer + OpenTelemetry,JUnit 5 + Testcontainers + ArchUnit + Spring Cloud Contract,OCI image + layered Spring Boot JAR,checkout-03,retail-checkout,PLANNED
129,324,13,checkout,svc-0124,checkout-04,SHARED_API_SERVICE,team-013,25,4.1.1,Gradle,9,Kotlin,Executable JAR,com.agilearning.retail.checkout.service0124,Checkout04Application,applications/backend/services/checkout/checkout-04,/api/v1/checkout/04,PUBLIC_AUTHENTICATED,retail-customer-web,retail-admin-web,Spring MVC,REST + OpenAPI 3.1,Spring Security OAuth2 Resource Server,Spring Data JDBC,PostgreSQL 18.6,checkout_svc_04,checkout,Flyway,10,10,0,8,2,8,2,0,Y,Y,Y,Y,Resilience4j + idempotency + retry,Actuator + Micrometer + OpenTelemetry,JUnit 5 + Testcontainers + ArchUnit + Spring Cloud Contract,OCI image + layered Spring Boot JAR,checkout-04,retail-checkout,PLANNED
129,325,13,checkout,svc-0125,checkout-05,SHARED_API_SERVICE,team-013,25,4.1.1,Gradle,9,Kotlin,Executable JAR,com.agilearning.retail.checkout.service0125,Checkout05Application,applications/backend/services/checkout/checkout-05,/api/v1/checkout/05,PUBLIC_AUTHENTICATED,retail-customer-web,retail-admin-web,Spring MVC,REST + OpenAPI 3.1,Spring Security OAuth2 Resource Server,Spring Data JDBC,PostgreSQL 18.6,checkout_svc_05,checkout,Flyway,10,10,0,8,2,8,2,0,Y,Y,Y,Y,Resilience4j + idempotency + retry,Actuator + Micrometer + OpenTelemetry,JUnit 5 + Testcontainers + ArchUnit + Spring Cloud Contract,OCI image + layered Spring Boot JAR,checkout-05,retail-checkout,PLANNED
129,326,13,checkout,svc-0126,checkout-06,SHARED_API_SERVICE,team-013,25,4.1.1,Gradle,9,Kotlin,Executable JAR,com.agilearning.retail.checkout.service0126,Checkout06Application,applications/backend/services/checkout/checkout-06,/api/v1/checkout/06,PUBLIC_AUTHENTICATED,retail-customer-web,retail-admin-web,Spring MVC,REST + OpenAPI 3.1,Spring Security OAuth2 Resource Server,Spring Data JDBC,PostgreSQL 18.6,checkout_svc_06,checkout,Flyway,10,10,0,4,2,4,2,0,Y,Y,Y,Y,Resilience4j + idempotency + retry,Actuator + Micrometer + OpenTelemetry,JUnit 5 + Testcontainers + ArchUnit + Spring Cloud Contract,OCI image + layered Spring Boot JAR,checkout-06,retail-checkout,PLANNED
129,327,13,checkout,svc-0127,checkout-07,SHARED_API_SERVICE,team-013,25,4.1.1,Gradle,9,Kotlin,Executable JAR,com.agilearning.retail.checkout.service0127,Checkout07Application,applications/backend/services/checkout/checkout-07,/api/v1/checkout/07,PUBLIC_AUTHENTICATED,retail-customer-web,retail-admin-web,Spring MVC,REST + OpenAPI 3.1,Spring Security OAuth2 Resource Server,Spring Data JDBC,PostgreSQL 18.6,checkout_svc_07,checkout,Flyway,10,10,0,4,2,4,2,0,Y,Y,Y,Y,Resilience4j + idempotency + retry,Actuator + Micrometer + OpenTelemetry,JUnit 5 + Testcontainers + ArchUnit + Spring Cloud Contract,OCI image + layered Spring Boot JAR,checkout-07,retail-checkout,PLANNED
129,328,13,checkout,svc-0128,checkout-08,SHARED_API_SERVICE,team-013,25,4.1.1,Gradle,9,Kotlin,Executable JAR,com.agilearning.retail.checkout.service0128,Checkout08Application,applications/backend/services/checkout/checkout-08,/api/v1/checkout/08,PUBLIC_AUTHENTICATED,retail-customer-web,retail-admin-web,Spring MVC,REST + OpenAPI 3.1,Spring Security OAuth2 Resource Server,Spring Data JDBC,PostgreSQL 18.6,checkout_svc_08,checkout,Flyway,10,10,0,8,2,8,2,0,Y,Y,Y,Y,Resilience4j + idempotency + retry,Actuator + Micrometer + OpenTelemetry,JUnit 5 + Testcontainers + ArchUnit + Spring Cloud Contract,OCI image + layered Spring Boot JAR,checkout-08,retail-checkout,PLANNED
129,329,13,checkout,svc-0129,checkout-09,SHARED_API_SERVICE,team-013,25,4.1.1,Gradle,9,Kotlin,Executable JAR,com.agilearning.retail.checkout.service0129,Checkout09Application,applications/backend/services/checkout/checkout-09,/api/v1/checkout/09,PUBLIC_AUTHENTICATED,retail-customer-web,retail-admin-web,Spring MVC,REST + OpenAPI 3.1,Spring Security OAuth2 Resource Server,Spring Data JDBC,PostgreSQL 18.6,checkout_svc_09,checkout,Flyway,10,10,0,4,2,4,2,0,Y,Y,Y,Y,Resilience4j + idempotency + retry,Actuator + Micrometer + OpenTelemetry,JUnit 5 + Testcontainers + ArchUnit + Spring Cloud Contract,OCI image + layered Spring Boot JAR,checkout-09,retail-checkout,PLANNED
129,330,13,checkout,svc-0130,checkout-10,SHARED_API_SERVICE,team-013,25,4.1.1,Gradle,9,Kotlin,Executable JAR,com.agilearning.retail.checkout.service0130,Checkout10Application,applications/backend/services/checkout/checkout-10,/api/v1/checkout/10,PUBLIC_AUTHENTICATED,retail-customer-web,retail-admin-web,Spring MVC,REST + OpenAPI 3.1,Spring Security OAuth2 Resource Server,Spring Data JDBC,PostgreSQL 18.6,checkout_svc_10,checkout,Flyway,10,10,0,8,2,8,2,0,Y,Y,Y,Y,Resilience4j + idempotency + retry,Actuator + Micrometer + OpenTelemetry,JUnit 5 + Testcontainers + ArchUnit + Spring Cloud Contract,OCI image + layered Spring Boot JAR,checkout-10,retail-checkout,PLANNED
129,331,14,order,svc-0131,order-01,SHARED_API_SERVICE,team-014,25,4.1.1,Gradle,9,Kotlin,Executable JAR,com.agilearning.retail.order.service0131,Order01Application,applications/backend/services/order/order-01,/api/v1/order/01,PUBLIC_AUTHENTICATED,retail-customer-web,retail-admin-web,Spring MVC,REST + OpenAPI 3.1,Spring Security OAuth2 Resource Server,Spring Data JDBC,PostgreSQL 18.6,order_svc_01,order,Flyway,10,10,0,12,42,12,41,0,Y,Y,Y,Y,Resilience4j + idempotency + retry,Actuator + Micrometer + OpenTelemetry,JUnit 5 + Testcontainers + ArchUnit + Spring Cloud Contract,OCI image + layered Spring Boot JAR,order-01,retail-order,PLANNED
129,332,14,order,svc-0132,order-02,SHARED_API_SERVICE,team-014,25,4.1.1,Gradle,9,Kotlin,Executable JAR,com.agilearning.retail.order.service0132,Order02Application,applications/backend/services/order/order-02,/api/v1/order/02,PUBLIC_AUTHENTICATED,retail-customer-web,retail-admin-web,Spring MVC,REST + OpenAPI 3.1,Spring Security OAuth2 Resource Server,Spring Data JDBC,PostgreSQL 18.6,order_svc_02,order,Flyway,10,10,0,12,42,12,42,0,Y,Y,Y,Y,Resilience4j + idempotency + retry,Actuator + Micrometer + OpenTelemetry,JUnit 5 + Testcontainers + ArchUnit + Spring Cloud Contract,OCI image + layered Spring Boot JAR,order-02,retail-order,PLANNED
129,333,14,order,svc-0133,order-03,SHARED_API_SERVICE,team-014,25,4.1.1,Gradle,9,Kotlin,Executable JAR,com.agilearning.retail.order.service0133,Order03Application,applications/backend/services/order/order-03,/api/v1/order/03,PUBLIC_AUTHENTICATED,retail-customer-web,retail-admin-web,Spring MVC,REST + OpenAPI 3.1,Spring Security OAuth2 Resource Server,Spring Data JDBC,PostgreSQL 18.6,order_svc_03,order,Flyway,10,10,0,12,42,12,42,0,Y,Y,Y,Y,Resilience4j + idempotency + retry,Actuator + Micrometer + OpenTelemetry,JUnit 5 + Testcontainers + ArchUnit + Spring Cloud Contract,OCI image + layered Spring Boot JAR,order-03,retail-order,PLANNED
129,334,14,order,svc-0134,order-04,SHARED_API_SERVICE,team-014,25,4.1.1,Gradle,9,Kotlin,Executable JAR,com.agilearning.retail.order.service0134,Order04Application,applications/backend/services/order/order-04,/api/v1/order/04,PUBLIC_AUTHENTICATED,retail-customer-web,retail-admin-web,Spring MVC,REST + OpenAPI 3.1,Spring Security OAuth2 Resource Server,Spring Data JDBC,PostgreSQL 18.6,order_svc_04,order,Flyway,10,10,0,8,42,8,42,0,Y,Y,Y,Y,Resilience4j + idempotency + retry,Actuator + Micrometer + OpenTelemetry,JUnit 5 + Testcontainers + ArchUnit + Spring Cloud Contract,OCI image + layered Spring Boot JAR,order-04,retail-order,PLANNED
129,335,14,order,svc-0135,order-05,SHARED_API_SERVICE,team-014,25,4.1.1,Gradle,9,Kotlin,Executable JAR,com.agilearning.retail.order.service0135,Order05Application,applications/backend/services/order/order-05,/api/v1/order/05,PUBLIC_AUTHENTICATED,retail-customer-web,retail-admin-web,Spring MVC,REST + OpenAPI 3.1,Spring Security OAuth2 Resource Server,Spring Data JDBC,PostgreSQL 18.6,order_svc_05,order,Flyway,10,10,0,8,42,8,42,0,Y,Y,Y,Y,Resilience4j + idempotency + retry,Actuator + Micrometer + OpenTelemetry,JUnit 5 + Testcontainers + ArchUnit + Spring Cloud Contract,OCI image + layered Spring Boot JAR,order-05,retail-order,PLANNED
129,336,14,order,svc-0136,order-06,SHARED_API_SERVICE,team-014,25,4.1.1,Gradle,9,Kotlin,Executable JAR,com.agilearning.retail.order.service0136,Order06Application,applications/backend/services/order/order-06,/api/v1/order/06,PUBLIC_AUTHENTICATED,retail-customer-web,retail-admin-web,Spring MVC,REST + OpenAPI 3.1,Spring Security OAuth2 Resource Server,Spring Data JDBC,PostgreSQL 18.6,order_svc_06,order,Flyway,10,10,0,4,42,4,42,0,Y,Y,Y,Y,Resilience4j + idempotency + retry,Actuator + Micrometer + OpenTelemetry,JUnit 5 + Testcontainers + ArchUnit + Spring Cloud Contract,OCI image + layered Spring Boot JAR,order-06,retail-order,PLANNED
129,337,14,order,svc-0137,order-07,SHARED_API_SERVICE,team-014,25,4.1.1,Gradle,9,Kotlin,Executable JAR,com.agilearning.retail.order.service0137,Order07Application,applications/backend/services/order/order-07,/api/v1/order/07,PUBLIC_AUTHENTICATED,retail-customer-web,retail-admin-web,Spring MVC,REST + OpenAPI 3.1,Spring Security OAuth2 Resource Server,Spring Data JDBC,PostgreSQL 18.6,order_svc_07,order,Flyway,10,10,0,4,42,4,42,0,Y,Y,Y,Y,Resilience4j + idempotency + retry,Actuator + Micrometer + OpenTelemetry,JUnit 5 + Testcontainers + ArchUnit + Spring Cloud Contract,OCI image + layered Spring Boot JAR,order-07,retail-order,PLANNED
129,338,14,order,svc-0138,order-08,SHARED_API_SERVICE,team-014,25,4.1.1,Gradle,9,Kotlin,Executable JAR,com.agilearning.retail.order.service0138,Order08Application,applications/backend/services/order/order-08,/api/v1/order/08,PUBLIC_AUTHENTICATED,retail-customer-web,retail-admin-web,Spring MVC,REST + OpenAPI 3.1,Spring Security OAuth2 Resource Server,Spring Data JDBC,PostgreSQL 18.6,order_svc_08,order,Flyway,10,10,0,8,42,8,42,0,Y,Y,Y,Y,Resilience4j + idempotency + retry,Actuator + Micrometer + OpenTelemetry,JUnit 5 + Testcontainers + ArchUnit + Spring Cloud Contract,OCI image + layered Spring Boot JAR,order-08,retail-order,PLANNED
129,339,14,order,svc-0139,order-09,SHARED_API_SERVICE,team-014,25,4.1.1,Gradle,9,Kotlin,Executable JAR,com.agilearning.retail.order.service0139,Order09Application,applications/backend/services/order/order-09,/api/v1/order/09,PUBLIC_AUTHENTICATED,retail-customer-web,retail-admin-web,Spring MVC,REST + OpenAPI 3.1,Spring Security OAuth2 Resource Server,Spring Data JDBC,PostgreSQL 18.6,order_svc_09,order,Flyway,10,10,0,4,42,4,42,0,Y,Y,Y,Y,Resilience4j + idempotency + retry,Actuator + Micrometer + OpenTelemetry,JUnit 5 + Testcontainers + ArchUnit + Spring Cloud Contract,OCI image + layered Spring Boot JAR,order-09,retail-order,PLANNED
129,340,14,order,svc-0140,order-10,SHARED_API_SERVICE,team-014,25,4.1.1,Gradle,9,Kotlin,Executable JAR,com.agilearning.retail.order.service0140,Order10Application,applications/backend/services/order/order-10,/api/v1/order/10,PUBLIC_AUTHENTICATED,retail-customer-web,retail-admin-web,Spring MVC,REST + OpenAPI 3.1,Spring Security OAuth2 Resource Server,Spring Data JDBC,PostgreSQL 18.6,order_svc_10,order,Flyway,10,10,0,8,42,8,42,0,Y,Y,Y,Y,Resilience4j + idempotency + retry,Actuator + Micrometer + OpenTelemetry,JUnit 5 + Testcontainers + ArchUnit + Spring Cloud Contract,OCI image + layered Spring Boot JAR,order-10,retail-order,PLANNED
129,341,15,payment,svc-0141,payment-01,SHARED_API_SERVICE,team-015,25,4.1.1,Gradle,9,Kotlin,Executable JAR,com.agilearning.retail.payment.service0141,Payment01Application,applications/backend/services/payment/payment-01,/api/v1/payment/01,PUBLIC_AUTHENTICATED,retail-customer-web,retail-admin-web,Spring MVC,REST + OpenAPI 3.1,Spring Security OAuth2 Resource Server,Spring Data JDBC,PostgreSQL 18.6,payment_svc_01,payment,Flyway,10,7,3,12,28,12,28,0,Y,Y,Y,Y,Resilience4j + idempotency + retry,Actuator + Micrometer + OpenTelemetry,JUnit 5 + Testcontainers + ArchUnit + Spring Cloud Contract,OCI image + layered Spring Boot JAR,payment-01,retail-payment,PLANNED
129,342,15,payment,svc-0142,payment-02,SHARED_API_SERVICE,team-015,25,4.1.1,Gradle,9,Kotlin,Executable JAR,com.agilearning.retail.payment.service0142,Payment02Application,applications/backend/services/payment/payment-02,/api/v1/payment/02,PUBLIC_AUTHENTICATED,retail-customer-web,retail-admin-web,Spring MVC,REST + OpenAPI 3.1,Spring Security OAuth2 Resource Server,Spring Data JDBC,PostgreSQL 18.6,payment_svc_02,payment,Flyway,10,7,3,12,28,12,28,0,Y,Y,Y,Y,Resilience4j + idempotency + retry,Actuator + Micrometer + OpenTelemetry,JUnit 5 + Testcontainers + ArchUnit + Spring Cloud Contract,OCI image + layered Spring Boot JAR,payment-02,retail-payment,PLANNED
129,343,15,payment,svc-0143,payment-03,SHARED_API_SERVICE,team-015,25,4.1.1,Gradle,9,Kotlin,Executable JAR,com.agilearning.retail.payment.service0143,Payment03Application,applications/backend/services/payment/payment-03,/api/v1/payment/03,PUBLIC_AUTHENTICATED,retail-customer-web,retail-admin-web,Spring MVC,REST + OpenAPI 3.1,Spring Security OAuth2 Resource Server,Spring Data JDBC,PostgreSQL 18.6,payment_svc_03,payment,Flyway,10,6,4,12,28,12,28,0,Y,Y,Y,Y,Resilience4j + idempotency + retry,Actuator + Micrometer + OpenTelemetry,JUnit 5 + Testcontainers + ArchUnit + Spring Cloud Contract,OCI image + layered Spring Boot JAR,payment-03,retail-payment,PLANNED
129,344,15,payment,svc-0144,payment-04,SHARED_API_SERVICE,team-015,25,4.1.1,Gradle,9,Kotlin,Executable JAR,com.agilearning.retail.payment.service0144,Payment04Application,applications/backend/services/payment/payment-04,/api/v1/payment/04,PUBLIC_AUTHENTICATED,retail-customer-web,retail-admin-web,Spring MVC,REST + OpenAPI 3.1,Spring Security OAuth2 Resource Server,Spring Data JDBC,PostgreSQL 18.6,payment_svc_04,payment,Flyway,10,7,3,8,28,8,28,0,Y,Y,Y,Y,Resilience4j + idempotency + retry,Actuator + Micrometer + OpenTelemetry,JUnit 5 + Testcontainers + ArchUnit + Spring Cloud Contract,OCI image + layered Spring Boot JAR,payment-04,retail-payment,PLANNED
129,345,15,payment,svc-0145,payment-05,SHARED_API_SERVICE,team-015,25,4.1.1,Gradle,9,Kotlin,Executable JAR,com.agilearning.retail.payment.service0145,Payment05Application,applications/backend/services/payment/payment-05,/api/v1/payment/05,PUBLIC_AUTHENTICATED,retail-customer-web,retail-admin-web,Spring MVC,REST + OpenAPI 3.1,Spring Security OAuth2 Resource Server,Spring Data JDBC,PostgreSQL 18.6,payment_svc_05,payment,Flyway,10,7,3,8,28,8,28,0,Y,Y,Y,Y,Resilience4j + idempotency + retry,Actuator + Micrometer + OpenTelemetry,JUnit 5 + Testcontainers + ArchUnit + Spring Cloud Contract,OCI image + layered Spring Boot JAR,payment-05,retail-payment,PLANNED
129,346,15,payment,svc-0146,payment-06,SHARED_API_SERVICE,team-015,25,4.1.1,Gradle,9,Kotlin,Executable JAR,com.agilearning.retail.payment.service0146,Payment06Application,applications/backend/services/payment/payment-06,/api/v1/payment/06,PUBLIC_AUTHENTICATED,retail-customer-web,retail-admin-web,Spring MVC,REST + OpenAPI 3.1,Spring Security OAuth2 Resource Server,Spring Data JDBC,PostgreSQL 18.6,payment_svc_06,payment,Flyway,10,6,4,4,28,4,28,0,Y,Y,Y,Y,Resilience4j + idempotency + retry,Actuator + Micrometer + OpenTelemetry,JUnit 5 + Testcontainers + ArchUnit + Spring Cloud Contract,OCI image + layered Spring Boot JAR,payment-06,retail-payment,PLANNED
129,347,15,payment,svc-0147,payment-07,SHARED_API_SERVICE,team-015,25,4.1.1,Gradle,9,Kotlin,Executable JAR,com.agilearning.retail.payment.service0147,Payment07Application,applications/backend/services/payment/payment-07,/api/v1/payment/07,PUBLIC_AUTHENTICATED,retail-customer-web,retail-admin-web,Spring MVC,REST + OpenAPI 3.1,Spring Security OAuth2 Resource Server,Spring Data JDBC,PostgreSQL 18.6,payment_svc_07,payment,Flyway,10,7,3,4,28,4,28,0,Y,Y,Y,Y,Resilience4j + idempotency + retry,Actuator + Micrometer + OpenTelemetry,JUnit 5 + Testcontainers + ArchUnit + Spring Cloud Contract,OCI image + layered Spring Boot JAR,payment-07,retail-payment,PLANNED
129,348,15,payment,svc-0148,payment-08,SHARED_API_SERVICE,team-015,25,4.1.1,Gradle,9,Kotlin,Executable JAR,com.agilearning.retail.payment.service0148,Payment08Application,applications/backend/services/payment/payment-08,/api/v1/payment/08,PUBLIC_AUTHENTICATED,retail-customer-web,retail-admin-web,Spring MVC,REST + OpenAPI 3.1,Spring Security OAuth2 Resource Server,Spring Data JDBC,PostgreSQL 18.6,payment_svc_08,payment,Flyway,10,7,3,8,28,8,28,0,Y,Y,Y,Y,Resilience4j + idempotency + retry,Actuator + Micrometer + OpenTelemetry,JUnit 5 + Testcontainers + ArchUnit + Spring Cloud Contract,OCI image + layered Spring Boot JAR,payment-08,retail-payment,PLANNED
129,349,15,payment,svc-0149,payment-09,SHARED_API_SERVICE,team-015,25,4.1.1,Gradle,9,Kotlin,Executable JAR,com.agilearning.retail.payment.service0149,Payment09Application,applications/backend/services/payment/payment-09,/api/v1/payment/09,PUBLIC_AUTHENTICATED,retail-customer-web,retail-admin-web,Spring MVC,REST + OpenAPI 3.1,Spring Security OAuth2 Resource Server,Spring Data JDBC,PostgreSQL 18.6,payment_svc_09,payment,Flyway,10,6,4,4,28,4,28,0,Y,Y,Y,Y,Resilience4j + idempotency + retry,Actuator + Micrometer + OpenTelemetry,JUnit 5 + Testcontainers + ArchUnit + Spring Cloud Contract,OCI image + layered Spring Boot JAR,payment-09,retail-payment,PLANNED
129,350,15,payment,svc-0150,payment-10,SHARED_API_SERVICE,team-015,25,4.1.1,Gradle,9,Kotlin,Executable JAR,com.agilearning.retail.payment.service0150,Payment10Application,applications/backend/services/payment/payment-10,/api/v1/payment/10,PUBLIC_AUTHENTICATED,retail-customer-web,retail-admin-web,Spring MVC,REST + OpenAPI 3.1,Spring Security OAuth2 Resource Server,Spring Data JDBC,PostgreSQL 18.6,payment_svc_10,payment,Flyway,10,7,3,8,28,8,28,0,Y,Y,Y,Y,Resilience4j + idempotency + retry,Actuator + Micrometer + OpenTelemetry,JUnit 5 + Testcontainers + ArchUnit + Spring Cloud Contract,OCI image + layered Spring Boot JAR,payment-10,retail-payment,PLANNED
129,351,16,fraud,svc-0151,fraud-01,ADMIN_API_SERVICE,team-016,25,4.1.1,Gradle,9,Kotlin,Executable JAR,com.agilearning.retail.fraud.service0151,Fraud01Application,applications/backend/services/fraud/fraud-01,/api/v1/fraud/01,INTERNAL_AUTHORIZED,,retail-admin-web,Spring MVC,REST + OpenAPI 3.1,Spring Security OAuth2 Resource Server,Spring Data JDBC,PostgreSQL 18.6,fraud_svc_01,fraud,Flyway,10,10,0,9,4,9,4,0,Y,Y,Y,Y,Resilience4j + idempotency + retry,Actuator + Micrometer + OpenTelemetry,JUnit 5 + Testcontainers + ArchUnit + Spring Cloud Contract,OCI image + layered Spring Boot JAR,fraud-01,retail-fraud,PLANNED
129,352,16,fraud,svc-0152,fraud-02,ADMIN_API_SERVICE,team-016,25,4.1.1,Gradle,9,Kotlin,Executable JAR,com.agilearning.retail.fraud.service0152,Fraud02Application,applications/backend/services/fraud/fraud-02,/api/v1/fraud/02,INTERNAL_AUTHORIZED,,retail-admin-web,Spring MVC,REST + OpenAPI 3.1,Spring Security OAuth2 Resource Server,Spring Data JDBC,PostgreSQL 18.6,fraud_svc_02,fraud,Flyway,10,10,0,9,4,9,4,0,Y,Y,Y,Y,Resilience4j + idempotency + retry,Actuator + Micrometer + OpenTelemetry,JUnit 5 + Testcontainers + ArchUnit + Spring Cloud Contract,OCI image + layered Spring Boot JAR,fraud-02,retail-fraud,PLANNED
129,353,16,fraud,svc-0153,fraud-03,ADMIN_API_SERVICE,team-016,25,4.1.1,Gradle,9,Kotlin,Executable JAR,com.agilearning.retail.fraud.service0153,Fraud03Application,applications/backend/services/fraud/fraud-03,/api/v1/fraud/03,INTERNAL_AUTHORIZED,,retail-admin-web,Spring MVC,REST + OpenAPI 3.1,Spring Security OAuth2 Resource Server,Spring Data JDBC,PostgreSQL 18.6,fraud_svc_03,fraud,Flyway,10,10,0,9,4,9,4,0,Y,Y,Y,Y,Resilience4j + idempotency + retry,Actuator + Micrometer + OpenTelemetry,JUnit 5 + Testcontainers + ArchUnit + Spring Cloud Contract,OCI image + layered Spring Boot JAR,fraud-03,retail-fraud,PLANNED
129,354,16,fraud,svc-0154,fraud-04,ADMIN_API_SERVICE,team-016,25,4.1.1,Gradle,9,Kotlin,Executable JAR,com.agilearning.retail.fraud.service0154,Fraud04Application,applications/backend/services/fraud/fraud-04,/api/v1/fraud/04,INTERNAL_AUTHORIZED,,retail-admin-web,Spring MVC,REST + OpenAPI 3.1,Spring Security OAuth2 Resource Server,Spring Data JDBC,PostgreSQL 18.6,fraud_svc_04,fraud,Flyway,10,10,0,6,4,6,4,0,Y,Y,Y,Y,Resilience4j + idempotency + retry,Actuator + Micrometer + OpenTelemetry,JUnit 5 + Testcontainers + ArchUnit + Spring Cloud Contract,OCI image + layered Spring Boot JAR,fraud-04,retail-fraud,PLANNED
129,355,16,fraud,svc-0155,fraud-05,ADMIN_API_SERVICE,team-016,25,4.1.1,Gradle,9,Kotlin,Executable JAR,com.agilearning.retail.fraud.service0155,Fraud05Application,applications/backend/services/fraud/fraud-05,/api/v1/fraud/05,INTERNAL_AUTHORIZED,,retail-admin-web,Spring MVC,REST + OpenAPI 3.1,Spring Security OAuth2 Resource Server,Spring Data JDBC,PostgreSQL 18.6,fraud_svc_05,fraud,Flyway,10,10,0,6,4,6,4,0,Y,Y,Y,Y,Resilience4j + idempotency + retry,Actuator + Micrometer + OpenTelemetry,JUnit 5 + Testcontainers + ArchUnit + Spring Cloud Contract,OCI image + layered Spring Boot JAR,fraud-05,retail-fraud,PLANNED
129,356,16,fraud,svc-0156,fraud-06,ADMIN_API_SERVICE,team-016,25,4.1.1,Gradle,9,Kotlin,Executable JAR,com.agilearning.retail.fraud.service0156,Fraud06Application,applications/backend/services/fraud/fraud-06,/api/v1/fraud/06,INTERNAL_AUTHORIZED,,retail-admin-web,Spring MVC,REST + OpenAPI 3.1,Spring Security OAuth2 Resource Server,Spring Data JDBC,PostgreSQL 18.6,fraud_svc_06,fraud,Flyway,10,10,0,3,4,3,4,0,Y,Y,Y,Y,Resilience4j + idempotency + retry,Actuator + Micrometer + OpenTelemetry,JUnit 5 + Testcontainers + ArchUnit + Spring Cloud Contract,OCI image + layered Spring Boot JAR,fraud-06,retail-fraud,PLANNED
129,357,16,fraud,svc-0157,fraud-07,ADMIN_API_SERVICE,team-016,25,4.1.1,Gradle,9,Kotlin,Executable JAR,com.agilearning.retail.fraud.service0157,Fraud07Application,applications/backend/services/fraud/fraud-07,/api/v1/fraud/07,INTERNAL_AUTHORIZED,,retail-admin-web,Spring MVC,REST + OpenAPI 3.1,Spring Security OAuth2 Resource Server,Spring Data JDBC,PostgreSQL 18.6,fraud_svc_07,fraud,Flyway,10,10,0,3,4,3,4,0,Y,Y,Y,Y,Resilience4j + idempotency + retry,Actuator + Micrometer + OpenTelemetry,JUnit 5 + Testcontainers + ArchUnit + Spring Cloud Contract,OCI image + layered Spring Boot JAR,fraud-07,retail-fraud,PLANNED
129,358,16,fraud,svc-0158,fraud-08,ADMIN_API_SERVICE,team-016,25,4.1.1,Gradle,9,Kotlin,Executable JAR,com.agilearning.retail.fraud.service0158,Fraud08Application,applications/backend/services/fraud/fraud-08,/api/v1/fraud/08,INTERNAL_AUTHORIZED,,retail-admin-web,Spring MVC,REST + OpenAPI 3.1,Spring Security OAuth2 Resource Server,Spring Data JDBC,PostgreSQL 18.6,fraud_svc_08,fraud,Flyway,10,10,0,6,4,6,4,0,Y,Y,Y,Y,Resilience4j + idempotency + retry,Actuator + Micrometer + OpenTelemetry,JUnit 5 + Testcontainers + ArchUnit + Spring Cloud Contract,OCI image + layered Spring Boot JAR,fraud-08,retail-fraud,PLANNED
129,359,16,fraud,svc-0159,fraud-09,ADMIN_API_SERVICE,team-016,25,4.1.1,Gradle,9,Kotlin,Executable JAR,com.agilearning.retail.fraud.service0159,Fraud09Application,applications/backend/services/fraud/fraud-09,/api/v1/fraud/09,INTERNAL_AUTHORIZED,,retail-admin-web,Spring MVC,REST + OpenAPI 3.1,Spring Security OAuth2 Resource Server,Spring Data JDBC,PostgreSQL 18.6,fraud_svc_09,fraud,Flyway,10,10,0,3,4,3,4,0,Y,Y,Y,Y,Resilience4j + idempotency + retry,Actuator + Micrometer + OpenTelemetry,JUnit 5 + Testcontainers + ArchUnit + Spring Cloud Contract,OCI image + layered Spring Boot JAR,fraud-09,retail-fraud,PLANNED
129,360,16,fraud,svc-0160,fraud-10,ADMIN_API_SERVICE,team-016,25,4.1.1,Gradle,9,Kotlin,Executable JAR,com.agilearning.retail.fraud.service0160,Fraud10Application,applications/backend/services/fraud/fraud-10,/api/v1/fraud/10,INTERNAL_AUTHORIZED,,retail-admin-web,Spring MVC,REST + OpenAPI 3.1,Spring Security OAuth2 Resource Server,Spring Data JDBC,PostgreSQL 18.6,fraud_svc_10,fraud,Flyway,10,10,0,6,4,6,4,0,Y,Y,Y,Y,Resilience4j + idempotency + retry,Actuator + Micrometer + OpenTelemetry,JUnit 5 + Testcontainers + ArchUnit + Spring Cloud Contract,OCI image + layered Spring Boot JAR,fraud-10,retail-fraud,PLANNED
129,361,17,tax,svc-0161,tax-01,ADMIN_API_SERVICE,team-017,25,4.1.1,Gradle,9,Kotlin,Executable JAR,com.agilearning.retail.tax.service0161,Tax01Application,applications/backend/services/tax/tax-01,/api/v1/tax/01,INTERNAL_AUTHORIZED,,retail-admin-web,Spring MVC,REST + OpenAPI 3.1,Spring Security OAuth2 Resource Server,Spring Data JDBC,PostgreSQL 18.6,tax_svc_01,tax,Flyway,10,10,0,9,4,9,4,0,Y,Y,Y,Y,Resilience4j + idempotency + retry,Actuator + Micrometer + OpenTelemetry,JUnit 5 + Testcontainers + ArchUnit + Spring Cloud Contract,OCI image + layered Spring Boot JAR,tax-01,retail-tax,PLANNED
129,362,17,tax,svc-0162,tax-02,ADMIN_API_SERVICE,team-017,25,4.1.1,Gradle,9,Kotlin,Executable JAR,com.agilearning.retail.tax.service0162,Tax02Application,applications/backend/services/tax/tax-02,/api/v1/tax/02,INTERNAL_AUTHORIZED,,retail-admin-web,Spring MVC,REST + OpenAPI 3.1,Spring Security OAuth2 Resource Server,Spring Data JDBC,PostgreSQL 18.6,tax_svc_02,tax,Flyway,10,10,0,9,4,9,4,0,Y,Y,Y,Y,Resilience4j + idempotency + retry,Actuator + Micrometer + OpenTelemetry,JUnit 5 + Testcontainers + ArchUnit + Spring Cloud Contract,OCI image + layered Spring Boot JAR,tax-02,retail-tax,PLANNED
129,363,17,tax,svc-0163,tax-03,ADMIN_API_SERVICE,team-017,25,4.1.1,Gradle,9,Kotlin,Executable JAR,com.agilearning.retail.tax.service0163,Tax03Application,applications/backend/services/tax/tax-03,/api/v1/tax/03,INTERNAL_AUTHORIZED,,retail-admin-web,Spring MVC,REST + OpenAPI 3.1,Spring Security OAuth2 Resource Server,Spring Data JDBC,PostgreSQL 18.6,tax_svc_03,tax,Flyway,10,10,0,9,4,9,4,0,Y,Y,Y,Y,Resilience4j + idempotency + retry,Actuator + Micrometer + OpenTelemetry,JUnit 5 + Testcontainers + ArchUnit + Spring Cloud Contract,OCI image + layered Spring Boot JAR,tax-03,retail-tax,PLANNED
129,364,17,tax,svc-0164,tax-04,ADMIN_API_SERVICE,team-017,25,4.1.1,Gradle,9,Kotlin,Executable JAR,com.agilearning.retail.tax.service0164,Tax04Application,applications/backend/services/tax/tax-04,/api/v1/tax/04,INTERNAL_AUTHORIZED,,retail-admin-web,Spring MVC,REST + OpenAPI 3.1,Spring Security OAuth2 Resource Server,Spring Data JDBC,PostgreSQL 18.6,tax_svc_04,tax,Flyway,10,10,0,6,4,6,4,0,Y,Y,Y,Y,Resilience4j + idempotency + retry,Actuator + Micrometer + OpenTelemetry,JUnit 5 + Testcontainers + ArchUnit + Spring Cloud Contract,OCI image + layered Spring Boot JAR,tax-04,retail-tax,PLANNED
129,365,17,tax,svc-0165,tax-05,ADMIN_API_SERVICE,team-017,25,4.1.1,Gradle,9,Kotlin,Executable JAR,com.agilearning.retail.tax.service0165,Tax05Application,applications/backend/services/tax/tax-05,/api/v1/tax/05,INTERNAL_AUTHORIZED,,retail-admin-web,Spring MVC,REST + OpenAPI 3.1,Spring Security OAuth2 Resource Server,Spring Data JDBC,PostgreSQL 18.6,tax_svc_05,tax,Flyway,10,10,0,6,4,6,4,0,Y,Y,Y,Y,Resilience4j + idempotency + retry,Actuator + Micrometer + OpenTelemetry,JUnit 5 + Testcontainers + ArchUnit + Spring Cloud Contract,OCI image + layered Spring Boot JAR,tax-05,retail-tax,PLANNED
129,366,17,tax,svc-0166,tax-06,ADMIN_API_SERVICE,team-017,25,4.1.1,Gradle,9,Kotlin,Executable JAR,com.agilearning.retail.tax.service0166,Tax06Application,applications/backend/services/tax/tax-06,/api/v1/tax/06,INTERNAL_AUTHORIZED,,retail-admin-web,Spring MVC,REST + OpenAPI 3.1,Spring Security OAuth2 Resource Server,Spring Data JDBC,PostgreSQL 18.6,tax_svc_06,tax,Flyway,10,10,0,3,4,3,4,0,Y,Y,Y,Y,Resilience4j + idempotency + retry,Actuator + Micrometer + OpenTelemetry,JUnit 5 + Testcontainers + ArchUnit + Spring Cloud Contract,OCI image + layered Spring Boot JAR,tax-06,retail-tax,PLANNED
129,367,17,tax,svc-0167,tax-07,ADMIN_API_SERVICE,team-017,25,4.1.1,Gradle,9,Kotlin,Executable JAR,com.agilearning.retail.tax.service0167,Tax07Application,applications/backend/services/tax/tax-07,/api/v1/tax/07,INTERNAL_AUTHORIZED,,retail-admin-web,Spring MVC,REST + OpenAPI 3.1,Spring Security OAuth2 Resource Server,Spring Data JDBC,PostgreSQL 18.6,tax_svc_07,tax,Flyway,10,10,0,3,4,3,4,0,Y,Y,Y,Y,Resilience4j + idempotency + retry,Actuator + Micrometer + OpenTelemetry,JUnit 5 + Testcontainers + ArchUnit + Spring Cloud Contract,OCI image + layered Spring Boot JAR,tax-07,retail-tax,PLANNED
129,368,17,tax,svc-0168,tax-08,ADMIN_API_SERVICE,team-017,25,4.1.1,Gradle,9,Kotlin,Executable JAR,com.agilearning.retail.tax.service0168,Tax08Application,applications/backend/services/tax/tax-08,/api/v1/tax/08,INTERNAL_AUTHORIZED,,retail-admin-web,Spring MVC,REST + OpenAPI 3.1,Spring Security OAuth2 Resource Server,Spring Data JDBC,PostgreSQL 18.6,tax_svc_08,tax,Flyway,10,10,0,6,4,6,4,0,Y,Y,Y,Y,Resilience4j + idempotency + retry,Actuator + Micrometer + OpenTelemetry,JUnit 5 + Testcontainers + ArchUnit + Spring Cloud Contract,OCI image + layered Spring Boot JAR,tax-08,retail-tax,PLANNED
129,369,17,tax,svc-0169,tax-09,ADMIN_API_SERVICE,team-017,25,4.1.1,Gradle,9,Kotlin,Executable JAR,com.agilearning.retail.tax.service0169,Tax09Application,applications/backend/services/tax/tax-09,/api/v1/tax/09,INTERNAL_AUTHORIZED,,retail-admin-web,Spring MVC,REST + OpenAPI 3.1,Spring Security OAuth2 Resource Server,Spring Data JDBC,PostgreSQL 18.6,tax_svc_09,tax,Flyway,10,10,0,3,4,3,4,0,Y,Y,Y,Y,Resilience4j + idempotency + retry,Actuator + Micrometer + OpenTelemetry,JUnit 5 + Testcontainers + ArchUnit + Spring Cloud Contract,OCI image + layered Spring Boot JAR,tax-09,retail-tax,PLANNED
129,370,17,tax,svc-0170,tax-10,ADMIN_API_SERVICE,team-017,25,4.1.1,Gradle,9,Kotlin,Executable JAR,com.agilearning.retail.tax.service0170,Tax10Application,applications/backend/services/tax/tax-10,/api/v1/tax/10,INTERNAL_AUTHORIZED,,retail-admin-web,Spring MVC,REST + OpenAPI 3.1,Spring Security OAuth2 Resource Server,Spring Data JDBC,PostgreSQL 18.6,tax_svc_10,tax,Flyway,10,10,0,6,4,6,4,0,Y,Y,Y,Y,Resilience4j + idempotency + retry,Actuator + Micrometer + OpenTelemetry,JUnit 5 + Testcontainers + ArchUnit + Spring Cloud Contract,OCI image + layered Spring Boot JAR,tax-10,retail-tax,PLANNED
129,371,18,shipping,svc-0171,shipping-01,SHARED_API_SERVICE,team-018,25,4.1.1,Gradle,9,Kotlin,Executable JAR,com.agilearning.retail.shipping.service0171,Shipping01Application,applications/backend/services/shipping/shipping-01,/api/v1/shipping/01,PUBLIC_AUTHENTICATED,retail-customer-web,retail-admin-web,Spring MVC,REST + OpenAPI 3.1,Spring Security OAuth2 Resource Server,Spring Data JDBC,PostgreSQL 18.6,shipping_svc_01,shipping,Flyway,10,10,0,9,8,9,8,0,Y,Y,Y,Y,Resilience4j + idempotency + retry,Actuator + Micrometer + OpenTelemetry,JUnit 5 + Testcontainers + ArchUnit + Spring Cloud Contract,OCI image + layered Spring Boot JAR,shipping-01,retail-shipping,PLANNED
129,372,18,shipping,svc-0172,shipping-02,SHARED_API_SERVICE,team-018,25,4.1.1,Gradle,9,Kotlin,Executable JAR,com.agilearning.retail.shipping.service0172,Shipping02Application,applications/backend/services/shipping/shipping-02,/api/v1/shipping/02,PUBLIC_AUTHENTICATED,retail-customer-web,retail-admin-web,Spring MVC,REST + OpenAPI 3.1,Spring Security OAuth2 Resource Server,Spring Data JDBC,PostgreSQL 18.6,shipping_svc_02,shipping,Flyway,10,10,0,9,8,9,8,0,Y,Y,Y,Y,Resilience4j + idempotency + retry,Actuator + Micrometer + OpenTelemetry,JUnit 5 + Testcontainers + ArchUnit + Spring Cloud Contract,OCI image + layered Spring Boot JAR,shipping-02,retail-shipping,PLANNED
129,373,18,shipping,svc-0173,shipping-03,SHARED_API_SERVICE,team-018,25,4.1.1,Gradle,9,Kotlin,Executable JAR,com.agilearning.retail.shipping.service0173,Shipping03Application,applications/backend/services/shipping/shipping-03,/api/v1/shipping/03,PUBLIC_AUTHENTICATED,retail-customer-web,retail-admin-web,Spring MVC,REST + OpenAPI 3.1,Spring Security OAuth2 Resource Server,Spring Data JDBC,PostgreSQL 18.6,shipping_svc_03,shipping,Flyway,10,10,0,9,8,9,8,0,Y,Y,Y,Y,Resilience4j + idempotency + retry,Actuator + Micrometer + OpenTelemetry,JUnit 5 + Testcontainers + ArchUnit + Spring Cloud Contract,OCI image + layered Spring Boot JAR,shipping-03,retail-shipping,PLANNED
129,374,18,shipping,svc-0174,shipping-04,SHARED_API_SERVICE,team-018,25,4.1.1,Gradle,9,Kotlin,Executable JAR,com.agilearning.retail.shipping.service0174,Shipping04Application,applications/backend/services/shipping/shipping-04,/api/v1/shipping/04,PUBLIC_AUTHENTICATED,retail-customer-web,retail-admin-web,Spring MVC,REST + OpenAPI 3.1,Spring Security OAuth2 Resource Server,Spring Data JDBC,PostgreSQL 18.6,shipping_svc_04,shipping,Flyway,10,10,0,6,8,6,8,0,Y,Y,Y,Y,Resilience4j + idempotency + retry,Actuator + Micrometer + OpenTelemetry,JUnit 5 + Testcontainers + ArchUnit + Spring Cloud Contract,OCI image + layered Spring Boot JAR,shipping-04,retail-shipping,PLANNED
129,375,18,shipping,svc-0175,shipping-05,SHARED_API_SERVICE,team-018,25,4.1.1,Gradle,9,Kotlin,Executable JAR,com.agilearning.retail.shipping.service0175,Shipping05Application,applications/backend/services/shipping/shipping-05,/api/v1/shipping/05,PUBLIC_AUTHENTICATED,retail-customer-web,retail-admin-web,Spring MVC,REST + OpenAPI 3.1,Spring Security OAuth2 Resource Server,Spring Data JDBC,PostgreSQL 18.6,shipping_svc_05,shipping,Flyway,10,10,0,6,8,6,8,0,Y,Y,Y,Y,Resilience4j + idempotency + retry,Actuator + Micrometer + OpenTelemetry,JUnit 5 + Testcontainers + ArchUnit + Spring Cloud Contract,OCI image + layered Spring Boot JAR,shipping-05,retail-shipping,PLANNED
129,376,18,shipping,svc-0176,shipping-06,SHARED_API_SERVICE,team-018,25,4.1.1,Gradle,9,Kotlin,Executable JAR,com.agilearning.retail.shipping.service0176,Shipping06Application,applications/backend/services/shipping/shipping-06,/api/v1/shipping/06,PUBLIC_AUTHENTICATED,retail-customer-web,retail-admin-web,Spring MVC,REST + OpenAPI 3.1,Spring Security OAuth2 Resource Server,Spring Data JDBC,PostgreSQL 18.6,shipping_svc_06,shipping,Flyway,10,10,0,3,8,3,8,0,Y,Y,Y,Y,Resilience4j + idempotency + retry,Actuator + Micrometer + OpenTelemetry,JUnit 5 + Testcontainers + ArchUnit + Spring Cloud Contract,OCI image + layered Spring Boot JAR,shipping-06,retail-shipping,PLANNED
129,377,18,shipping,svc-0177,shipping-07,SHARED_API_SERVICE,team-018,25,4.1.1,Gradle,9,Kotlin,Executable JAR,com.agilearning.retail.shipping.service0177,Shipping07Application,applications/backend/services/shipping/shipping-07,/api/v1/shipping/07,PUBLIC_AUTHENTICATED,retail-customer-web,retail-admin-web,Spring MVC,REST + OpenAPI 3.1,Spring Security OAuth2 Resource Server,Spring Data JDBC,PostgreSQL 18.6,shipping_svc_07,shipping,Flyway,10,10,0,3,8,3,8,0,Y,Y,Y,Y,Resilience4j + idempotency + retry,Actuator + Micrometer + OpenTelemetry,JUnit 5 + Testcontainers + ArchUnit + Spring Cloud Contract,OCI image + layered Spring Boot JAR,shipping-07,retail-shipping,PLANNED
129,378,18,shipping,svc-0178,shipping-08,SHARED_API_SERVICE,team-018,25,4.1.1,Gradle,9,Kotlin,Executable JAR,com.agilearning.retail.shipping.service0178,Shipping08Application,applications/backend/services/shipping/shipping-08,/api/v1/shipping/08,PUBLIC_AUTHENTICATED,retail-customer-web,retail-admin-web,Spring MVC,REST + OpenAPI 3.1,Spring Security OAuth2 Resource Server,Spring Data JDBC,PostgreSQL 18.6,shipping_svc_08,shipping,Flyway,10,10,0,6,8,6,8,0,Y,Y,Y,Y,Resilience4j + idempotency + retry,Actuator + Micrometer + OpenTelemetry,JUnit 5 + Testcontainers + ArchUnit + Spring Cloud Contract,OCI image + layered Spring Boot JAR,shipping-08,retail-shipping,PLANNED
129,379,18,shipping,svc-0179,shipping-09,SHARED_API_SERVICE,team-018,25,4.1.1,Gradle,9,Kotlin,Executable JAR,com.agilearning.retail.shipping.service0179,Shipping09Application,applications/backend/services/shipping/shipping-09,/api/v1/shipping/09,PUBLIC_AUTHENTICATED,retail-customer-web,retail-admin-web,Spring MVC,REST + OpenAPI 3.1,Spring Security OAuth2 Resource Server,Spring Data JDBC,PostgreSQL 18.6,shipping_svc_09,shipping,Flyway,10,10,0,3,8,3,8,0,Y,Y,Y,Y,Resilience4j + idempotency + retry,Actuator + Micrometer + OpenTelemetry,JUnit 5 + Testcontainers + ArchUnit + Spring Cloud Contract,OCI image + layered Spring Boot JAR,shipping-09,retail-shipping,PLANNED
129,380,18,shipping,svc-0180,shipping-10,SHARED_API_SERVICE,team-018,25,4.1.1,Gradle,9,Kotlin,Executable JAR,com.agilearning.retail.shipping.service0180,Shipping10Application,applications/backend/services/shipping/shipping-10,/api/v1/shipping/10,PUBLIC_AUTHENTICATED,retail-customer-web,retail-admin-web,Spring MVC,REST + OpenAPI 3.1,Spring Security OAuth2 Resource Server,Spring Data JDBC,PostgreSQL 18.6,shipping_svc_10,shipping,Flyway,10,10,0,6,8,6,8,0,Y,Y,Y,Y,Resilience4j + idempotency + retry,Actuator + Micrometer + OpenTelemetry,JUnit 5 + Testcontainers + ArchUnit + Spring Cloud Contract,OCI image + layered Spring Boot JAR,shipping-10,retail-shipping,PLANNED
129,381,19,fulfillment,svc-0181,fulfillment-01,ADMIN_API_SERVICE,team-019,25,4.1.1,Gradle,9,Kotlin,Executable JAR,com.agilearning.retail.fulfillment.service0181,Fulfillment01Application,applications/backend/services/fulfillment/fulfillment-01,/api/v1/fulfillment/01,INTERNAL_AUTHORIZED,,retail-admin-web,Spring MVC,REST + OpenAPI 3.1,Spring Security OAuth2 Resource Server,Spring Data JDBC,PostgreSQL 18.6,fulfillment_svc_01,fulfillment,Flyway,10,10,0,9,4,9,4,0,Y,Y,Y,Y,Resilience4j + idempotency + retry,Actuator + Micrometer + OpenTelemetry,JUnit 5 + Testcontainers + ArchUnit + Spring Cloud Contract,OCI image + layered Spring Boot JAR,fulfillment-01,retail-fulfillment,PLANNED
129,382,19,fulfillment,svc-0182,fulfillment-02,ADMIN_API_SERVICE,team-019,25,4.1.1,Gradle,9,Kotlin,Executable JAR,com.agilearning.retail.fulfillment.service0182,Fulfillment02Application,applications/backend/services/fulfillment/fulfillment-02,/api/v1/fulfillment/02,INTERNAL_AUTHORIZED,,retail-admin-web,Spring MVC,REST + OpenAPI 3.1,Spring Security OAuth2 Resource Server,Spring Data JDBC,PostgreSQL 18.6,fulfillment_svc_02,fulfillment,Flyway,10,10,0,9,4,9,4,0,Y,Y,Y,Y,Resilience4j + idempotency + retry,Actuator + Micrometer + OpenTelemetry,JUnit 5 + Testcontainers + ArchUnit + Spring Cloud Contract,OCI image + layered Spring Boot JAR,fulfillment-02,retail-fulfillment,PLANNED
129,383,19,fulfillment,svc-0183,fulfillment-03,ADMIN_API_SERVICE,team-019,25,4.1.1,Gradle,9,Kotlin,Executable JAR,com.agilearning.retail.fulfillment.service0183,Fulfillment03Application,applications/backend/services/fulfillment/fulfillment-03,/api/v1/fulfillment/03,INTERNAL_AUTHORIZED,,retail-admin-web,Spring MVC,REST + OpenAPI 3.1,Spring Security OAuth2 Resource Server,Spring Data JDBC,PostgreSQL 18.6,fulfillment_svc_03,fulfillment,Flyway,10,10,0,9,4,9,4,0,Y,Y,Y,Y,Resilience4j + idempotency + retry,Actuator + Micrometer + OpenTelemetry,JUnit 5 + Testcontainers + ArchUnit + Spring Cloud Contract,OCI image + layered Spring Boot JAR,fulfillment-03,retail-fulfillment,PLANNED
129,384,19,fulfillment,svc-0184,fulfillment-04,ADMIN_API_SERVICE,team-019,25,4.1.1,Gradle,9,Kotlin,Executable JAR,com.agilearning.retail.fulfillment.service0184,Fulfillment04Application,applications/backend/services/fulfillment/fulfillment-04,/api/v1/fulfillment/04,INTERNAL_AUTHORIZED,,retail-admin-web,Spring MVC,REST + OpenAPI 3.1,Spring Security OAuth2 Resource Server,Spring Data JDBC,PostgreSQL 18.6,fulfillment_svc_04,fulfillment,Flyway,10,10,0,6,4,6,4,0,Y,Y,Y,Y,Resilience4j + idempotency + retry,Actuator + Micrometer + OpenTelemetry,JUnit 5 + Testcontainers + ArchUnit + Spring Cloud Contract,OCI image + layered Spring Boot JAR,fulfillment-04,retail-fulfillment,PLANNED
129,385,19,fulfillment,svc-0185,fulfillment-05,ADMIN_API_SERVICE,team-019,25,4.1.1,Gradle,9,Kotlin,Executable JAR,com.agilearning.retail.fulfillment.service0185,Fulfillment05Application,applications/backend/services/fulfillment/fulfillment-05,/api/v1/fulfillment/05,INTERNAL_AUTHORIZED,,retail-admin-web,Spring MVC,REST + OpenAPI 3.1,Spring Security OAuth2 Resource Server,Spring Data JDBC,PostgreSQL 18.6,fulfillment_svc_05,fulfillment,Flyway,10,10,0,6,4,6,4,0,Y,Y,Y,Y,Resilience4j + idempotency + retry,Actuator + Micrometer + OpenTelemetry,JUnit 5 + Testcontainers + ArchUnit + Spring Cloud Contract,OCI image + layered Spring Boot JAR,fulfillment-05,retail-fulfillment,PLANNED
129,386,19,fulfillment,svc-0186,fulfillment-06,ADMIN_API_SERVICE,team-019,25,4.1.1,Gradle,9,Kotlin,Executable JAR,com.agilearning.retail.fulfillment.service0186,Fulfillment06Application,applications/backend/services/fulfillment/fulfillment-06,/api/v1/fulfillment/06,INTERNAL_AUTHORIZED,,retail-admin-web,Spring MVC,REST + OpenAPI 3.1,Spring Security OAuth2 Resource Server,Spring Data JDBC,PostgreSQL 18.6,fulfillment_svc_06,fulfillment,Flyway,10,10,0,3,4,3,4,0,Y,Y,Y,Y,Resilience4j + idempotency + retry,Actuator + Micrometer + OpenTelemetry,JUnit 5 + Testcontainers + ArchUnit + Spring Cloud Contract,OCI image + layered Spring Boot JAR,fulfillment-06,retail-fulfillment,PLANNED
129,387,19,fulfillment,svc-0187,fulfillment-07,ADMIN_API_SERVICE,team-019,25,4.1.1,Gradle,9,Kotlin,Executable JAR,com.agilearning.retail.fulfillment.service0187,Fulfillment07Application,applications/backend/services/fulfillment/fulfillment-07,/api/v1/fulfillment/07,INTERNAL_AUTHORIZED,,retail-admin-web,Spring MVC,REST + OpenAPI 3.1,Spring Security OAuth2 Resource Server,Spring Data JDBC,PostgreSQL 18.6,fulfillment_svc_07,fulfillment,Flyway,10,10,0,3,4,3,4,0,Y,Y,Y,Y,Resilience4j + idempotency + retry,Actuator + Micrometer + OpenTelemetry,JUnit 5 + Testcontainers + ArchUnit + Spring Cloud Contract,OCI image + layered Spring Boot JAR,fulfillment-07,retail-fulfillment,PLANNED
129,388,19,fulfillment,svc-0188,fulfillment-08,ADMIN_API_SERVICE,team-019,25,4.1.1,Gradle,9,Kotlin,Executable JAR,com.agilearning.retail.fulfillment.service0188,Fulfillment08Application,applications/backend/services/fulfillment/fulfillment-08,/api/v1/fulfillment/08,INTERNAL_AUTHORIZED,,retail-admin-web,Spring MVC,REST + OpenAPI 3.1,Spring Security OAuth2 Resource Server,Spring Data JDBC,PostgreSQL 18.6,fulfillment_svc_08,fulfillment,Flyway,10,10,0,6,4,6,4,0,Y,Y,Y,Y,Resilience4j + idempotency + retry,Actuator + Micrometer + OpenTelemetry,JUnit 5 + Testcontainers + ArchUnit + Spring Cloud Contract,OCI image + layered Spring Boot JAR,fulfillment-08,retail-fulfillment,PLANNED
129,389,19,fulfillment,svc-0189,fulfillment-09,ADMIN_API_SERVICE,team-019,25,4.1.1,Gradle,9,Kotlin,Executable JAR,com.agilearning.retail.fulfillment.service0189,Fulfillment09Application,applications/backend/services/fulfillment/fulfillment-09,/api/v1/fulfillment/09,INTERNAL_AUTHORIZED,,retail-admin-web,Spring MVC,REST + OpenAPI 3.1,Spring Security OAuth2 Resource Server,Spring Data JDBC,PostgreSQL 18.6,fulfillment_svc_09,fulfillment,Flyway,10,10,0,3,4,3,4,0,Y,Y,Y,Y,Resilience4j + idempotency + retry,Actuator + Micrometer + OpenTelemetry,JUnit 5 + Testcontainers + ArchUnit + Spring Cloud Contract,OCI image + layered Spring Boot JAR,fulfillment-09,retail-fulfillment,PLANNED
129,390,19,fulfillment,svc-0190,fulfillment-10,ADMIN_API_SERVICE,team-019,25,4.1.1,Gradle,9,Kotlin,Executable JAR,com.agilearning.retail.fulfillment.service0190,Fulfillment10Application,applications/backend/services/fulfillment/fulfillment-10,/api/v1/fulfillment/10,INTERNAL_AUTHORIZED,,retail-admin-web,Spring MVC,REST + OpenAPI 3.1,Spring Security OAuth2 Resource Server,Spring Data JDBC,PostgreSQL 18.6,fulfillment_svc_10,fulfillment,Flyway,10,10,0,6,4,6,4,0,Y,Y,Y,Y,Resilience4j + idempotency + retry,Actuator + Micrometer + OpenTelemetry,JUnit 5 + Testcontainers + ArchUnit + Spring Cloud Contract,OCI image + layered Spring Boot JAR,fulfillment-10,retail-fulfillment,PLANNED
129,391,20,delivery,svc-0191,delivery-01,SHARED_API_SERVICE,team-020,25,4.1.1,Gradle,9,Kotlin,Executable JAR,com.agilearning.retail.delivery.service0191,Delivery01Application,applications/backend/services/delivery/delivery-01,/api/v1/delivery/01,PUBLIC_AUTHENTICATED,retail-customer-web,retail-admin-web,Spring MVC,REST + OpenAPI 3.1,Spring Security OAuth2 Resource Server,Spring Data JDBC,PostgreSQL 18.6,delivery_svc_01,delivery,Flyway,10,10,0,9,8,9,7,0,Y,Y,Y,Y,Resilience4j + idempotency + retry,Actuator + Micrometer + OpenTelemetry,JUnit 5 + Testcontainers + ArchUnit + Spring Cloud Contract,OCI image + layered Spring Boot JAR,delivery-01,retail-delivery,PLANNED
129,392,20,delivery,svc-0192,delivery-02,SHARED_API_SERVICE,team-020,25,4.1.1,Gradle,9,Kotlin,Executable JAR,com.agilearning.retail.delivery.service0192,Delivery02Application,applications/backend/services/delivery/delivery-02,/api/v1/delivery/02,PUBLIC_AUTHENTICATED,retail-customer-web,retail-admin-web,Spring MVC,REST + OpenAPI 3.1,Spring Security OAuth2 Resource Server,Spring Data JDBC,PostgreSQL 18.6,delivery_svc_02,delivery,Flyway,10,10,0,9,8,9,8,0,Y,Y,Y,Y,Resilience4j + idempotency + retry,Actuator + Micrometer + OpenTelemetry,JUnit 5 + Testcontainers + ArchUnit + Spring Cloud Contract,OCI image + layered Spring Boot JAR,delivery-02,retail-delivery,PLANNED
129,393,20,delivery,svc-0193,delivery-03,SHARED_API_SERVICE,team-020,25,4.1.1,Gradle,9,Kotlin,Executable JAR,com.agilearning.retail.delivery.service0193,Delivery03Application,applications/backend/services/delivery/delivery-03,/api/v1/delivery/03,PUBLIC_AUTHENTICATED,retail-customer-web,retail-admin-web,Spring MVC,REST + OpenAPI 3.1,Spring Security OAuth2 Resource Server,Spring Data JDBC,PostgreSQL 18.6,delivery_svc_03,delivery,Flyway,10,10,0,9,8,9,8,0,Y,Y,Y,Y,Resilience4j + idempotency + retry,Actuator + Micrometer + OpenTelemetry,JUnit 5 + Testcontainers + ArchUnit + Spring Cloud Contract,OCI image + layered Spring Boot JAR,delivery-03,retail-delivery,PLANNED
129,394,20,delivery,svc-0194,delivery-04,SHARED_API_SERVICE,team-020,25,4.1.1,Gradle,9,Kotlin,Executable JAR,com.agilearning.retail.delivery.service0194,Delivery04Application,applications/backend/services/delivery/delivery-04,/api/v1/delivery/04,PUBLIC_AUTHENTICATED,retail-customer-web,retail-admin-web,Spring MVC,REST + OpenAPI 3.1,Spring Security OAuth2 Resource Server,Spring Data JDBC,PostgreSQL 18.6,delivery_svc_04,delivery,Flyway,10,10,0,6,8,6,8,0,Y,Y,Y,Y,Resilience4j + idempotency + retry,Actuator + Micrometer + OpenTelemetry,JUnit 5 + Testcontainers + ArchUnit + Spring Cloud Contract,OCI image + layered Spring Boot JAR,delivery-04,retail-delivery,PLANNED
129,395,20,delivery,svc-0195,delivery-05,SHARED_API_SERVICE,team-020,25,4.1.1,Gradle,9,Kotlin,Executable JAR,com.agilearning.retail.delivery.service0195,Delivery05Application,applications/backend/services/delivery/delivery-05,/api/v1/delivery/05,PUBLIC_AUTHENTICATED,retail-customer-web,retail-admin-web,Spring MVC,REST + OpenAPI 3.1,Spring Security OAuth2 Resource Server,Spring Data JDBC,PostgreSQL 18.6,delivery_svc_05,delivery,Flyway,10,10,0,6,8,6,8,0,Y,Y,Y,Y,Resilience4j + idempotency + retry,Actuator + Micrometer + OpenTelemetry,JUnit 5 + Testcontainers + ArchUnit + Spring Cloud Contract,OCI image + layered Spring Boot JAR,delivery-05,retail-delivery,PLANNED
129,396,20,delivery,svc-0196,delivery-06,SHARED_API_SERVICE,team-020,25,4.1.1,Gradle,9,Kotlin,Executable JAR,com.agilearning.retail.delivery.service0196,Delivery06Application,applications/backend/services/delivery/delivery-06,/api/v1/delivery/06,PUBLIC_AUTHENTICATED,retail-customer-web,retail-admin-web,Spring MVC,REST + OpenAPI 3.1,Spring Security OAuth2 Resource Server,Spring Data JDBC,PostgreSQL 18.6,delivery_svc_06,delivery,Flyway,10,10,0,3,8,3,8,0,Y,Y,Y,Y,Resilience4j + idempotency + retry,Actuator + Micrometer + OpenTelemetry,JUnit 5 + Testcontainers + ArchUnit + Spring Cloud Contract,OCI image + layered Spring Boot JAR,delivery-06,retail-delivery,PLANNED
129,397,20,delivery,svc-0197,delivery-07,SHARED_API_SERVICE,team-020,25,4.1.1,Gradle,9,Kotlin,Executable JAR,com.agilearning.retail.delivery.service0197,Delivery07Application,applications/backend/services/delivery/delivery-07,/api/v1/delivery/07,PUBLIC_AUTHENTICATED,retail-customer-web,retail-admin-web,Spring MVC,REST + OpenAPI 3.1,Spring Security OAuth2 Resource Server,Spring Data JDBC,PostgreSQL 18.6,delivery_svc_07,delivery,Flyway,10,10,0,3,8,3,8,0,Y,Y,Y,Y,Resilience4j + idempotency + retry,Actuator + Micrometer + OpenTelemetry,JUnit 5 + Testcontainers + ArchUnit + Spring Cloud Contract,OCI image + layered Spring Boot JAR,delivery-07,retail-delivery,PLANNED
129,398,20,delivery,svc-0198,delivery-08,SHARED_API_SERVICE,team-020,25,4.1.1,Gradle,9,Kotlin,Executable JAR,com.agilearning.retail.delivery.service0198,Delivery08Application,applications/backend/services/delivery/delivery-08,/api/v1/delivery/08,PUBLIC_AUTHENTICATED,retail-customer-web,retail-admin-web,Spring MVC,REST + OpenAPI 3.1,Spring Security OAuth2 Resource Server,Spring Data JDBC,PostgreSQL 18.6,delivery_svc_08,delivery,Flyway,10,10,0,6,8,6,8,0,Y,Y,Y,Y,Resilience4j + idempotency + retry,Actuator + Micrometer + OpenTelemetry,JUnit 5 + Testcontainers + ArchUnit + Spring Cloud Contract,OCI image + layered Spring Boot JAR,delivery-08,retail-delivery,PLANNED
129,399,20,delivery,svc-0199,delivery-09,SHARED_API_SERVICE,team-020,25,4.1.1,Gradle,9,Kotlin,Executable JAR,com.agilearning.retail.delivery.service0199,Delivery09Application,applications/backend/services/delivery/delivery-09,/api/v1/delivery/09,PUBLIC_AUTHENTICATED,retail-customer-web,retail-admin-web,Spring MVC,REST + OpenAPI 3.1,Spring Security OAuth2 Resource Server,Spring Data JDBC,PostgreSQL 18.6,delivery_svc_09,delivery,Flyway,10,10,0,3,8,3,8,0,Y,Y,Y,Y,Resilience4j + idempotency + retry,Actuator + Micrometer + OpenTelemetry,JUnit 5 + Testcontainers + ArchUnit + Spring Cloud Contract,OCI image + layered Spring Boot JAR,delivery-09,retail-delivery,PLANNED
129,400,20,delivery,svc-0200,delivery-10,SHARED_API_SERVICE,team-020,25,4.1.1,Gradle,9,Kotlin,Executable JAR,com.agilearning.retail.delivery.service0200,Delivery10Application,applications/backend/services/delivery/delivery-10,/api/v1/delivery/10,PUBLIC_AUTHENTICATED,retail-customer-web,retail-admin-web,Spring MVC,REST + OpenAPI 3.1,Spring Security OAuth2 Resource Server,Spring Data JDBC,PostgreSQL 18.6,delivery_svc_10,delivery,Flyway,10,10,0,6,8,6,8,0,Y,Y,Y,Y,Resilience4j + idempotency + retry,Actuator + Micrometer + OpenTelemetry,JUnit 5 + Testcontainers + ArchUnit + Spring Cloud Contract,OCI image + layered Spring Boot JAR,delivery-10,retail-delivery,PLANNED
129,401,21,returns,svc-0201,returns-01,SHARED_API_SERVICE,team-021,25,4.1.1,Gradle,9,Kotlin,Executable JAR,com.agilearning.retail.returns.service0201,Returns01Application,applications/backend/services/returns/returns-01,/api/v1/returns/01,PUBLIC_AUTHENTICATED,retail-customer-web,retail-admin-web,Spring MVC,REST + OpenAPI 3.1,Spring Security OAuth2 Resource Server,Spring Data JDBC,PostgreSQL 18.6,returns_svc_01,returns,Flyway,10,10,0,9,10,9,10,0,Y,Y,Y,Y,Resilience4j + idempotency + retry,Actuator + Micrometer + OpenTelemetry,JUnit 5 + Testcontainers + ArchUnit + Spring Cloud Contract,OCI image + layered Spring Boot JAR,returns-01,retail-returns,PLANNED
129,402,21,returns,svc-0202,returns-02,SHARED_API_SERVICE,team-021,25,4.1.1,Gradle,9,Kotlin,Executable JAR,com.agilearning.retail.returns.service0202,Returns02Application,applications/backend/services/returns/returns-02,/api/v1/returns/02,PUBLIC_AUTHENTICATED,retail-customer-web,retail-admin-web,Spring MVC,REST + OpenAPI 3.1,Spring Security OAuth2 Resource Server,Spring Data JDBC,PostgreSQL 18.6,returns_svc_02,returns,Flyway,10,10,0,9,10,9,10,0,Y,Y,Y,Y,Resilience4j + idempotency + retry,Actuator + Micrometer + OpenTelemetry,JUnit 5 + Testcontainers + ArchUnit + Spring Cloud Contract,OCI image + layered Spring Boot JAR,returns-02,retail-returns,PLANNED
129,403,21,returns,svc-0203,returns-03,SHARED_API_SERVICE,team-021,25,4.1.1,Gradle,9,Kotlin,Executable JAR,com.agilearning.retail.returns.service0203,Returns03Application,applications/backend/services/returns/returns-03,/api/v1/returns/03,PUBLIC_AUTHENTICATED,retail-customer-web,retail-admin-web,Spring MVC,REST + OpenAPI 3.1,Spring Security OAuth2 Resource Server,Spring Data JDBC,PostgreSQL 18.6,returns_svc_03,returns,Flyway,10,10,0,9,10,9,10,0,Y,Y,Y,Y,Resilience4j + idempotency + retry,Actuator + Micrometer + OpenTelemetry,JUnit 5 + Testcontainers + ArchUnit + Spring Cloud Contract,OCI image + layered Spring Boot JAR,returns-03,retail-returns,PLANNED
129,404,21,returns,svc-0204,returns-04,SHARED_API_SERVICE,team-021,25,4.1.1,Gradle,9,Kotlin,Executable JAR,com.agilearning.retail.returns.service0204,Returns04Application,applications/backend/services/returns/returns-04,/api/v1/returns/04,PUBLIC_AUTHENTICATED,retail-customer-web,retail-admin-web,Spring MVC,REST + OpenAPI 3.1,Spring Security OAuth2 Resource Server,Spring Data JDBC,PostgreSQL 18.6,returns_svc_04,returns,Flyway,10,10,0,6,10,6,10,0,Y,Y,Y,Y,Resilience4j + idempotency + retry,Actuator + Micrometer + OpenTelemetry,JUnit 5 + Testcontainers + ArchUnit + Spring Cloud Contract,OCI image + layered Spring Boot JAR,returns-04,retail-returns,PLANNED
129,405,21,returns,svc-0205,returns-05,SHARED_API_SERVICE,team-021,25,4.1.1,Gradle,9,Kotlin,Executable JAR,com.agilearning.retail.returns.service0205,Returns05Application,applications/backend/services/returns/returns-05,/api/v1/returns/05,PUBLIC_AUTHENTICATED,retail-customer-web,retail-admin-web,Spring MVC,REST + OpenAPI 3.1,Spring Security OAuth2 Resource Server,Spring Data JDBC,PostgreSQL 18.6,returns_svc_05,returns,Flyway,10,10,0,6,10,6,10,0,Y,Y,Y,Y,Resilience4j + idempotency + retry,Actuator + Micrometer + OpenTelemetry,JUnit 5 + Testcontainers + ArchUnit + Spring Cloud Contract,OCI image + layered Spring Boot JAR,returns-05,retail-returns,PLANNED
129,406,21,returns,svc-0206,returns-06,SHARED_API_SERVICE,team-021,25,4.1.1,Gradle,9,Kotlin,Executable JAR,com.agilearning.retail.returns.service0206,Returns06Application,applications/backend/services/returns/returns-06,/api/v1/returns/06,PUBLIC_AUTHENTICATED,retail-customer-web,retail-admin-web,Spring MVC,REST + OpenAPI 3.1,Spring Security OAuth2 Resource Server,Spring Data JDBC,PostgreSQL 18.6,returns_svc_06,returns,Flyway,10,10,0,3,10,3,10,0,Y,Y,Y,Y,Resilience4j + idempotency + retry,Actuator + Micrometer + OpenTelemetry,JUnit 5 + Testcontainers + ArchUnit + Spring Cloud Contract,OCI image + layered Spring Boot JAR,returns-06,retail-returns,PLANNED
129,407,21,returns,svc-0207,returns-07,SHARED_API_SERVICE,team-021,25,4.1.1,Gradle,9,Kotlin,Executable JAR,com.agilearning.retail.returns.service0207,Returns07Application,applications/backend/services/returns/returns-07,/api/v1/returns/07,PUBLIC_AUTHENTICATED,retail-customer-web,retail-admin-web,Spring MVC,REST + OpenAPI 3.1,Spring Security OAuth2 Resource Server,Spring Data JDBC,PostgreSQL 18.6,returns_svc_07,returns,Flyway,10,10,0,3,10,3,10,0,Y,Y,Y,Y,Resilience4j + idempotency + retry,Actuator + Micrometer + OpenTelemetry,JUnit 5 + Testcontainers + ArchUnit + Spring Cloud Contract,OCI image + layered Spring Boot JAR,returns-07,retail-returns,PLANNED
129,408,21,returns,svc-0208,returns-08,SHARED_API_SERVICE,team-021,25,4.1.1,Gradle,9,Kotlin,Executable JAR,com.agilearning.retail.returns.service0208,Returns08Application,applications/backend/services/returns/returns-08,/api/v1/returns/08,PUBLIC_AUTHENTICATED,retail-customer-web,retail-admin-web,Spring MVC,REST + OpenAPI 3.1,Spring Security OAuth2 Resource Server,Spring Data JDBC,PostgreSQL 18.6,returns_svc_08,returns,Flyway,10,10,0,6,10,6,10,0,Y,Y,Y,Y,Resilience4j + idempotency + retry,Actuator + Micrometer + OpenTelemetry,JUnit 5 + Testcontainers + ArchUnit + Spring Cloud Contract,OCI image + layered Spring Boot JAR,returns-08,retail-returns,PLANNED
129,409,21,returns,svc-0209,returns-09,SHARED_API_SERVICE,team-021,25,4.1.1,Gradle,9,Kotlin,Executable JAR,com.agilearning.retail.returns.service0209,Returns09Application,applications/backend/services/returns/returns-09,/api/v1/returns/09,PUBLIC_AUTHENTICATED,retail-customer-web,retail-admin-web,Spring MVC,REST + OpenAPI 3.1,Spring Security OAuth2 Resource Server,Spring Data JDBC,PostgreSQL 18.6,returns_svc_09,returns,Flyway,10,10,0,3,10,3,10,0,Y,Y,Y,Y,Resilience4j + idempotency + retry,Actuator + Micrometer + OpenTelemetry,JUnit 5 + Testcontainers + ArchUnit + Spring Cloud Contract,OCI image + layered Spring Boot JAR,returns-09,retail-returns,PLANNED
129,410,21,returns,svc-0210,returns-10,SHARED_API_SERVICE,team-021,25,4.1.1,Gradle,9,Kotlin,Executable JAR,com.agilearning.retail.returns.service0210,Returns10Application,applications/backend/services/returns/returns-10,/api/v1/returns/10,PUBLIC_AUTHENTICATED,retail-customer-web,retail-admin-web,Spring MVC,REST + OpenAPI 3.1,Spring Security OAuth2 Resource Server,Spring Data JDBC,PostgreSQL 18.6,returns_svc_10,returns,Flyway,10,10,0,6,10,6,10,0,Y,Y,Y,Y,Resilience4j + idempotency + retry,Actuator + Micrometer + OpenTelemetry,JUnit 5 + Testcontainers + ArchUnit + Spring Cloud Contract,OCI image + layered Spring Boot JAR,returns-10,retail-returns,PLANNED
129,411,22,refund,svc-0211,refund-01,SHARED_API_SERVICE,team-022,25,4.1.1,Gradle,9,Kotlin,Executable JAR,com.agilearning.retail.refund.service0211,Refund01Application,applications/backend/services/refund/refund-01,/api/v1/refund/01,PUBLIC_AUTHENTICATED,retail-customer-web,retail-admin-web,Spring MVC,REST + OpenAPI 3.1,Spring Security OAuth2 Resource Server,Spring Data JDBC,PostgreSQL 18.6,refund_svc_01,refund,Flyway,10,10,0,9,0,9,0,0,Y,N,Y,N,Resilience4j + idempotency + retry,Actuator + Micrometer + OpenTelemetry,JUnit 5 + Testcontainers + ArchUnit + Spring Cloud Contract,OCI image + layered Spring Boot JAR,refund-01,retail-refund,PLANNED
129,412,22,refund,svc-0212,refund-02,SHARED_API_SERVICE,team-022,25,4.1.1,Gradle,9,Kotlin,Executable JAR,com.agilearning.retail.refund.service0212,Refund02Application,applications/backend/services/refund/refund-02,/api/v1/refund/02,PUBLIC_AUTHENTICATED,retail-customer-web,retail-admin-web,Spring MVC,REST + OpenAPI 3.1,Spring Security OAuth2 Resource Server,Spring Data JDBC,PostgreSQL 18.6,refund_svc_02,refund,Flyway,10,10,0,9,0,9,0,0,Y,N,Y,N,Resilience4j + idempotency + retry,Actuator + Micrometer + OpenTelemetry,JUnit 5 + Testcontainers + ArchUnit + Spring Cloud Contract,OCI image + layered Spring Boot JAR,refund-02,retail-refund,PLANNED
129,413,22,refund,svc-0213,refund-03,SHARED_API_SERVICE,team-022,25,4.1.1,Gradle,9,Kotlin,Executable JAR,com.agilearning.retail.refund.service0213,Refund03Application,applications/backend/services/refund/refund-03,/api/v1/refund/03,PUBLIC_AUTHENTICATED,retail-customer-web,retail-admin-web,Spring MVC,REST + OpenAPI 3.1,Spring Security OAuth2 Resource Server,Spring Data JDBC,PostgreSQL 18.6,refund_svc_03,refund,Flyway,10,10,0,9,0,9,0,0,Y,N,Y,N,Resilience4j + idempotency + retry,Actuator + Micrometer + OpenTelemetry,JUnit 5 + Testcontainers + ArchUnit + Spring Cloud Contract,OCI image + layered Spring Boot JAR,refund-03,retail-refund,PLANNED
129,414,22,refund,svc-0214,refund-04,SHARED_API_SERVICE,team-022,25,4.1.1,Gradle,9,Kotlin,Executable JAR,com.agilearning.retail.refund.service0214,Refund04Application,applications/backend/services/refund/refund-04,/api/v1/refund/04,PUBLIC_AUTHENTICATED,retail-customer-web,retail-admin-web,Spring MVC,REST + OpenAPI 3.1,Spring Security OAuth2 Resource Server,Spring Data JDBC,PostgreSQL 18.6,refund_svc_04,refund,Flyway,10,10,0,6,0,6,0,0,Y,N,Y,N,Resilience4j + idempotency + retry,Actuator + Micrometer + OpenTelemetry,JUnit 5 + Testcontainers + ArchUnit + Spring Cloud Contract,OCI image + layered Spring Boot JAR,refund-04,retail-refund,PLANNED
129,415,22,refund,svc-0215,refund-05,SHARED_API_SERVICE,team-022,25,4.1.1,Gradle,9,Kotlin,Executable JAR,com.agilearning.retail.refund.service0215,Refund05Application,applications/backend/services/refund/refund-05,/api/v1/refund/05,PUBLIC_AUTHENTICATED,retail-customer-web,retail-admin-web,Spring MVC,REST + OpenAPI 3.1,Spring Security OAuth2 Resource Server,Spring Data JDBC,PostgreSQL 18.6,refund_svc_05,refund,Flyway,10,10,0,6,0,6,0,0,Y,N,Y,N,Resilience4j + idempotency + retry,Actuator + Micrometer + OpenTelemetry,JUnit 5 + Testcontainers + ArchUnit + Spring Cloud Contract,OCI image + layered Spring Boot JAR,refund-05,retail-refund,PLANNED
129,416,22,refund,svc-0216,refund-06,SHARED_API_SERVICE,team-022,25,4.1.1,Gradle,9,Kotlin,Executable JAR,com.agilearning.retail.refund.service0216,Refund06Application,applications/backend/services/refund/refund-06,/api/v1/refund/06,PUBLIC_AUTHENTICATED,retail-customer-web,retail-admin-web,Spring MVC,REST + OpenAPI 3.1,Spring Security OAuth2 Resource Server,Spring Data JDBC,PostgreSQL 18.6,refund_svc_06,refund,Flyway,10,10,0,3,0,3,0,0,Y,N,Y,N,Resilience4j + idempotency + retry,Actuator + Micrometer + OpenTelemetry,JUnit 5 + Testcontainers + ArchUnit + Spring Cloud Contract,OCI image + layered Spring Boot JAR,refund-06,retail-refund,PLANNED
129,417,22,refund,svc-0217,refund-07,SHARED_API_SERVICE,team-022,25,4.1.1,Gradle,9,Kotlin,Executable JAR,com.agilearning.retail.refund.service0217,Refund07Application,applications/backend/services/refund/refund-07,/api/v1/refund/07,PUBLIC_AUTHENTICATED,retail-customer-web,retail-admin-web,Spring MVC,REST + OpenAPI 3.1,Spring Security OAuth2 Resource Server,Spring Data JDBC,PostgreSQL 18.6,refund_svc_07,refund,Flyway,10,10,0,3,0,3,0,0,Y,N,Y,N,Resilience4j + idempotency + retry,Actuator + Micrometer + OpenTelemetry,JUnit 5 + Testcontainers + ArchUnit + Spring Cloud Contract,OCI image + layered Spring Boot JAR,refund-07,retail-refund,PLANNED
129,418,22,refund,svc-0218,refund-08,SHARED_API_SERVICE,team-022,25,4.1.1,Gradle,9,Kotlin,Executable JAR,com.agilearning.retail.refund.service0218,Refund08Application,applications/backend/services/refund/refund-08,/api/v1/refund/08,PUBLIC_AUTHENTICATED,retail-customer-web,retail-admin-web,Spring MVC,REST + OpenAPI 3.1,Spring Security OAuth2 Resource Server,Spring Data JDBC,PostgreSQL 18.6,refund_svc_08,refund,Flyway,10,10,0,6,0,6,0,0,Y,N,Y,N,Resilience4j + idempotency + retry,Actuator + Micrometer + OpenTelemetry,JUnit 5 + Testcontainers + ArchUnit + Spring Cloud Contract,OCI image + layered Spring Boot JAR,refund-08,retail-refund,PLANNED
129,419,22,refund,svc-0219,refund-09,SHARED_API_SERVICE,team-022,25,4.1.1,Gradle,9,Kotlin,Executable JAR,com.agilearning.retail.refund.service0219,Refund09Application,applications/backend/services/refund/refund-09,/api/v1/refund/09,PUBLIC_AUTHENTICATED,retail-customer-web,retail-admin-web,Spring MVC,REST + OpenAPI 3.1,Spring Security OAuth2 Resource Server,Spring Data JDBC,PostgreSQL 18.6,refund_svc_09,refund,Flyway,10,10,0,3,0,3,0,0,Y,N,Y,N,Resilience4j + idempotency + retry,Actuator + Micrometer + OpenTelemetry,JUnit 5 + Testcontainers + ArchUnit + Spring Cloud Contract,OCI image + layered Spring Boot JAR,refund-09,retail-refund,PLANNED
129,420,22,refund,svc-0220,refund-10,SHARED_API_SERVICE,team-022,25,4.1.1,Gradle,9,Kotlin,Executable JAR,com.agilearning.retail.refund.service0220,Refund10Application,applications/backend/services/refund/refund-10,/api/v1/refund/10,PUBLIC_AUTHENTICATED,retail-customer-web,retail-admin-web,Spring MVC,REST + OpenAPI 3.1,Spring Security OAuth2 Resource Server,Spring Data JDBC,PostgreSQL 18.6,refund_svc_10,refund,Flyway,10,10,0,6,0,6,0,0,Y,N,Y,N,Resilience4j + idempotency + retry,Actuator + Micrometer + OpenTelemetry,JUnit 5 + Testcontainers + ArchUnit + Spring Cloud Contract,OCI image + layered Spring Boot JAR,refund-10,retail-refund,PLANNED
129,421,23,exchange,svc-0221,exchange-01,ADMIN_API_SERVICE,team-023,25,4.1.1,Gradle,9,Kotlin,Executable JAR,com.agilearning.retail.exchange.service0221,Exchange01Application,applications/backend/services/exchange/exchange-01,/api/v1/exchange/01,INTERNAL_AUTHORIZED,,retail-admin-web,Spring MVC,REST + OpenAPI 3.1,Spring Security OAuth2 Resource Server,Spring Data JDBC,PostgreSQL 18.6,exchange_svc_01,exchange,Flyway,10,10,0,9,0,9,0,0,Y,N,Y,N,Resilience4j + idempotency + retry,Actuator + Micrometer + OpenTelemetry,JUnit 5 + Testcontainers + ArchUnit + Spring Cloud Contract,OCI image + layered Spring Boot JAR,exchange-01,retail-exchange,PLANNED
129,422,23,exchange,svc-0222,exchange-02,ADMIN_API_SERVICE,team-023,25,4.1.1,Gradle,9,Kotlin,Executable JAR,com.agilearning.retail.exchange.service0222,Exchange02Application,applications/backend/services/exchange/exchange-02,/api/v1/exchange/02,INTERNAL_AUTHORIZED,,retail-admin-web,Spring MVC,REST + OpenAPI 3.1,Spring Security OAuth2 Resource Server,Spring Data JDBC,PostgreSQL 18.6,exchange_svc_02,exchange,Flyway,10,10,0,9,0,9,0,0,Y,N,Y,N,Resilience4j + idempotency + retry,Actuator + Micrometer + OpenTelemetry,JUnit 5 + Testcontainers + ArchUnit + Spring Cloud Contract,OCI image + layered Spring Boot JAR,exchange-02,retail-exchange,PLANNED
129,423,23,exchange,svc-0223,exchange-03,ADMIN_API_SERVICE,team-023,25,4.1.1,Gradle,9,Kotlin,Executable JAR,com.agilearning.retail.exchange.service0223,Exchange03Application,applications/backend/services/exchange/exchange-03,/api/v1/exchange/03,INTERNAL_AUTHORIZED,,retail-admin-web,Spring MVC,REST + OpenAPI 3.1,Spring Security OAuth2 Resource Server,Spring Data JDBC,PostgreSQL 18.6,exchange_svc_03,exchange,Flyway,10,10,0,9,0,9,0,0,Y,N,Y,N,Resilience4j + idempotency + retry,Actuator + Micrometer + OpenTelemetry,JUnit 5 + Testcontainers + ArchUnit + Spring Cloud Contract,OCI image + layered Spring Boot JAR,exchange-03,retail-exchange,PLANNED
129,424,23,exchange,svc-0224,exchange-04,ADMIN_API_SERVICE,team-023,25,4.1.1,Gradle,9,Kotlin,Executable JAR,com.agilearning.retail.exchange.service0224,Exchange04Application,applications/backend/services/exchange/exchange-04,/api/v1/exchange/04,INTERNAL_AUTHORIZED,,retail-admin-web,Spring MVC,REST + OpenAPI 3.1,Spring Security OAuth2 Resource Server,Spring Data JDBC,PostgreSQL 18.6,exchange_svc_04,exchange,Flyway,10,10,0,6,0,6,0,0,Y,N,Y,N,Resilience4j + idempotency + retry,Actuator + Micrometer + OpenTelemetry,JUnit 5 + Testcontainers + ArchUnit + Spring Cloud Contract,OCI image + layered Spring Boot JAR,exchange-04,retail-exchange,PLANNED
129,425,23,exchange,svc-0225,exchange-05,ADMIN_API_SERVICE,team-023,25,4.1.1,Gradle,9,Kotlin,Executable JAR,com.agilearning.retail.exchange.service0225,Exchange05Application,applications/backend/services/exchange/exchange-05,/api/v1/exchange/05,INTERNAL_AUTHORIZED,,retail-admin-web,Spring MVC,REST + OpenAPI 3.1,Spring Security OAuth2 Resource Server,Spring Data JDBC,PostgreSQL 18.6,exchange_svc_05,exchange,Flyway,10,10,0,6,0,6,0,0,Y,N,Y,N,Resilience4j + idempotency + retry,Actuator + Micrometer + OpenTelemetry,JUnit 5 + Testcontainers + ArchUnit + Spring Cloud Contract,OCI image + layered Spring Boot JAR,exchange-05,retail-exchange,PLANNED
129,426,23,exchange,svc-0226,exchange-06,ADMIN_API_SERVICE,team-023,25,4.1.1,Gradle,9,Kotlin,Executable JAR,com.agilearning.retail.exchange.service0226,Exchange06Application,applications/backend/services/exchange/exchange-06,/api/v1/exchange/06,INTERNAL_AUTHORIZED,,retail-admin-web,Spring MVC,REST + OpenAPI 3.1,Spring Security OAuth2 Resource Server,Spring Data JDBC,PostgreSQL 18.6,exchange_svc_06,exchange,Flyway,10,10,0,3,0,3,0,0,Y,N,Y,N,Resilience4j + idempotency + retry,Actuator + Micrometer + OpenTelemetry,JUnit 5 + Testcontainers + ArchUnit + Spring Cloud Contract,OCI image + layered Spring Boot JAR,exchange-06,retail-exchange,PLANNED
129,427,23,exchange,svc-0227,exchange-07,ADMIN_API_SERVICE,team-023,25,4.1.1,Gradle,9,Kotlin,Executable JAR,com.agilearning.retail.exchange.service0227,Exchange07Application,applications/backend/services/exchange/exchange-07,/api/v1/exchange/07,INTERNAL_AUTHORIZED,,retail-admin-web,Spring MVC,REST + OpenAPI 3.1,Spring Security OAuth2 Resource Server,Spring Data JDBC,PostgreSQL 18.6,exchange_svc_07,exchange,Flyway,10,10,0,3,0,3,0,0,Y,N,Y,N,Resilience4j + idempotency + retry,Actuator + Micrometer + OpenTelemetry,JUnit 5 + Testcontainers + ArchUnit + Spring Cloud Contract,OCI image + layered Spring Boot JAR,exchange-07,retail-exchange,PLANNED
129,428,23,exchange,svc-0228,exchange-08,ADMIN_API_SERVICE,team-023,25,4.1.1,Gradle,9,Kotlin,Executable JAR,com.agilearning.retail.exchange.service0228,Exchange08Application,applications/backend/services/exchange/exchange-08,/api/v1/exchange/08,INTERNAL_AUTHORIZED,,retail-admin-web,Spring MVC,REST + OpenAPI 3.1,Spring Security OAuth2 Resource Server,Spring Data JDBC,PostgreSQL 18.6,exchange_svc_08,exchange,Flyway,10,10,0,6,0,6,0,0,Y,N,Y,N,Resilience4j + idempotency + retry,Actuator + Micrometer + OpenTelemetry,JUnit 5 + Testcontainers + ArchUnit + Spring Cloud Contract,OCI image + layered Spring Boot JAR,exchange-08,retail-exchange,PLANNED
129,429,23,exchange,svc-0229,exchange-09,ADMIN_API_SERVICE,team-023,25,4.1.1,Gradle,9,Kotlin,Executable JAR,com.agilearning.retail.exchange.service0229,Exchange09Application,applications/backend/services/exchange/exchange-09,/api/v1/exchange/09,INTERNAL_AUTHORIZED,,retail-admin-web,Spring MVC,REST + OpenAPI 3.1,Spring Security OAuth2 Resource Server,Spring Data JDBC,PostgreSQL 18.6,exchange_svc_09,exchange,Flyway,10,10,0,3,0,3,0,0,Y,N,Y,N,Resilience4j + idempotency + retry,Actuator + Micrometer + OpenTelemetry,JUnit 5 + Testcontainers + ArchUnit + Spring Cloud Contract,OCI image + layered Spring Boot JAR,exchange-09,retail-exchange,PLANNED
129,430,23,exchange,svc-0230,exchange-10,ADMIN_API_SERVICE,team-023,25,4.1.1,Gradle,9,Kotlin,Executable JAR,com.agilearning.retail.exchange.service0230,Exchange10Application,applications/backend/services/exchange/exchange-10,/api/v1/exchange/10,INTERNAL_AUTHORIZED,,retail-admin-web,Spring MVC,REST + OpenAPI 3.1,Spring Security OAuth2 Resource Server,Spring Data JDBC,PostgreSQL 18.6,exchange_svc_10,exchange,Flyway,10,10,0,6,0,6,0,0,Y,N,Y,N,Resilience4j + idempotency + retry,Actuator + Micrometer + OpenTelemetry,JUnit 5 + Testcontainers + ArchUnit + Spring Cloud Contract,OCI image + layered Spring Boot JAR,exchange-10,retail-exchange,PLANNED
129,431,24,loyalty,svc-0231,loyalty-01,SHARED_API_SERVICE,team-024,25,4.1.1,Gradle,9,Kotlin,Executable JAR,com.agilearning.retail.loyalty.service0231,Loyalty01Application,applications/backend/services/loyalty/loyalty-01,/api/v1/loyalty/01,PUBLIC_AUTHENTICATED,retail-customer-web,retail-admin-web,Spring MVC,REST + OpenAPI 3.1,Spring Security OAuth2 Resource Server,Spring Data JDBC,PostgreSQL 18.6,loyalty_svc_01,loyalty,Flyway,10,10,0,9,4,8,4,1,Y,Y,Y,Y,Resilience4j + idempotency + retry,Actuator + Micrometer + OpenTelemetry,JUnit 5 + Testcontainers + ArchUnit + Spring Cloud Contract,OCI image + layered Spring Boot JAR,loyalty-01,retail-loyalty,PLANNED
129,432,24,loyalty,svc-0232,loyalty-02,SHARED_API_SERVICE,team-024,25,4.1.1,Gradle,9,Kotlin,Executable JAR,com.agilearning.retail.loyalty.service0232,Loyalty02Application,applications/backend/services/loyalty/loyalty-02,/api/v1/loyalty/02,PUBLIC_AUTHENTICATED,retail-customer-web,retail-admin-web,Spring MVC,REST + OpenAPI 3.1,Spring Security OAuth2 Resource Server,Spring Data JDBC,PostgreSQL 18.6,loyalty_svc_02,loyalty,Flyway,10,10,0,9,4,9,4,0,Y,Y,Y,Y,Resilience4j + idempotency + retry,Actuator + Micrometer + OpenTelemetry,JUnit 5 + Testcontainers + ArchUnit + Spring Cloud Contract,OCI image + layered Spring Boot JAR,loyalty-02,retail-loyalty,PLANNED
129,433,24,loyalty,svc-0233,loyalty-03,SHARED_API_SERVICE,team-024,25,4.1.1,Gradle,9,Kotlin,Executable JAR,com.agilearning.retail.loyalty.service0233,Loyalty03Application,applications/backend/services/loyalty/loyalty-03,/api/v1/loyalty/03,PUBLIC_AUTHENTICATED,retail-customer-web,retail-admin-web,Spring MVC,REST + OpenAPI 3.1,Spring Security OAuth2 Resource Server,Spring Data JDBC,PostgreSQL 18.6,loyalty_svc_03,loyalty,Flyway,10,10,0,9,4,9,4,0,Y,Y,Y,Y,Resilience4j + idempotency + retry,Actuator + Micrometer + OpenTelemetry,JUnit 5 + Testcontainers + ArchUnit + Spring Cloud Contract,OCI image + layered Spring Boot JAR,loyalty-03,retail-loyalty,PLANNED
129,434,24,loyalty,svc-0234,loyalty-04,SHARED_API_SERVICE,team-024,25,4.1.1,Gradle,9,Kotlin,Executable JAR,com.agilearning.retail.loyalty.service0234,Loyalty04Application,applications/backend/services/loyalty/loyalty-04,/api/v1/loyalty/04,PUBLIC_AUTHENTICATED,retail-customer-web,retail-admin-web,Spring MVC,REST + OpenAPI 3.1,Spring Security OAuth2 Resource Server,Spring Data JDBC,PostgreSQL 18.6,loyalty_svc_04,loyalty,Flyway,10,10,0,6,4,6,4,0,Y,Y,Y,Y,Resilience4j + idempotency + retry,Actuator + Micrometer + OpenTelemetry,JUnit 5 + Testcontainers + ArchUnit + Spring Cloud Contract,OCI image + layered Spring Boot JAR,loyalty-04,retail-loyalty,PLANNED
129,435,24,loyalty,svc-0235,loyalty-05,SHARED_API_SERVICE,team-024,25,4.1.1,Gradle,9,Kotlin,Executable JAR,com.agilearning.retail.loyalty.service0235,Loyalty05Application,applications/backend/services/loyalty/loyalty-05,/api/v1/loyalty/05,PUBLIC_AUTHENTICATED,retail-customer-web,retail-admin-web,Spring MVC,REST + OpenAPI 3.1,Spring Security OAuth2 Resource Server,Spring Data JDBC,PostgreSQL 18.6,loyalty_svc_05,loyalty,Flyway,10,10,0,6,4,6,4,0,Y,Y,Y,Y,Resilience4j + idempotency + retry,Actuator + Micrometer + OpenTelemetry,JUnit 5 + Testcontainers + ArchUnit + Spring Cloud Contract,OCI image + layered Spring Boot JAR,loyalty-05,retail-loyalty,PLANNED
129,436,24,loyalty,svc-0236,loyalty-06,SHARED_API_SERVICE,team-024,25,4.1.1,Gradle,9,Kotlin,Executable JAR,com.agilearning.retail.loyalty.service0236,Loyalty06Application,applications/backend/services/loyalty/loyalty-06,/api/v1/loyalty/06,PUBLIC_AUTHENTICATED,retail-customer-web,retail-admin-web,Spring MVC,REST + OpenAPI 3.1,Spring Security OAuth2 Resource Server,Spring Data JDBC,PostgreSQL 18.6,loyalty_svc_06,loyalty,Flyway,10,10,0,3,4,3,4,0,Y,Y,Y,Y,Resilience4j + idempotency + retry,Actuator + Micrometer + OpenTelemetry,JUnit 5 + Testcontainers + ArchUnit + Spring Cloud Contract,OCI image + layered Spring Boot JAR,loyalty-06,retail-loyalty,PLANNED
129,437,24,loyalty,svc-0237,loyalty-07,SHARED_API_SERVICE,team-024,25,4.1.1,Gradle,9,Kotlin,Executable JAR,com.agilearning.retail.loyalty.service0237,Loyalty07Application,applications/backend/services/loyalty/loyalty-07,/api/v1/loyalty/07,PUBLIC_AUTHENTICATED,retail-customer-web,retail-admin-web,Spring MVC,REST + OpenAPI 3.1,Spring Security OAuth2 Resource Server,Spring Data JDBC,PostgreSQL 18.6,loyalty_svc_07,loyalty,Flyway,10,10,0,3,4,3,4,0,Y,Y,Y,Y,Resilience4j + idempotency + retry,Actuator + Micrometer + OpenTelemetry,JUnit 5 + Testcontainers + ArchUnit + Spring Cloud Contract,OCI image + layered Spring Boot JAR,loyalty-07,retail-loyalty,PLANNED
129,438,24,loyalty,svc-0238,loyalty-08,SHARED_API_SERVICE,team-024,25,4.1.1,Gradle,9,Kotlin,Executable JAR,com.agilearning.retail.loyalty.service0238,Loyalty08Application,applications/backend/services/loyalty/loyalty-08,/api/v1/loyalty/08,PUBLIC_AUTHENTICATED,retail-customer-web,retail-admin-web,Spring MVC,REST + OpenAPI 3.1,Spring Security OAuth2 Resource Server,Spring Data JDBC,PostgreSQL 18.6,loyalty_svc_08,loyalty,Flyway,10,10,0,6,4,6,4,0,Y,Y,Y,Y,Resilience4j + idempotency + retry,Actuator + Micrometer + OpenTelemetry,JUnit 5 + Testcontainers + ArchUnit + Spring Cloud Contract,OCI image + layered Spring Boot JAR,loyalty-08,retail-loyalty,PLANNED
129,439,24,loyalty,svc-0239,loyalty-09,SHARED_API_SERVICE,team-024,25,4.1.1,Gradle,9,Kotlin,Executable JAR,com.agilearning.retail.loyalty.service0239,Loyalty09Application,applications/backend/services/loyalty/loyalty-09,/api/v1/loyalty/09,PUBLIC_AUTHENTICATED,retail-customer-web,retail-admin-web,Spring MVC,REST + OpenAPI 3.1,Spring Security OAuth2 Resource Server,Spring Data JDBC,PostgreSQL 18.6,loyalty_svc_09,loyalty,Flyway,10,10,0,3,4,3,4,0,Y,Y,Y,Y,Resilience4j + idempotency + retry,Actuator + Micrometer + OpenTelemetry,JUnit 5 + Testcontainers + ArchUnit + Spring Cloud Contract,OCI image + layered Spring Boot JAR,loyalty-09,retail-loyalty,PLANNED
129,440,24,loyalty,svc-0240,loyalty-10,SHARED_API_SERVICE,team-024,25,4.1.1,Gradle,9,Kotlin,Executable JAR,com.agilearning.retail.loyalty.service0240,Loyalty10Application,applications/backend/services/loyalty/loyalty-10,/api/v1/loyalty/10,PUBLIC_AUTHENTICATED,retail-customer-web,retail-admin-web,Spring MVC,REST + OpenAPI 3.1,Spring Security OAuth2 Resource Server,Spring Data JDBC,PostgreSQL 18.6,loyalty_svc_10,loyalty,Flyway,10,10,0,6,4,6,4,0,Y,Y,Y,Y,Resilience4j + idempotency + retry,Actuator + Micrometer + OpenTelemetry,JUnit 5 + Testcontainers + ArchUnit + Spring Cloud Contract,OCI image + layered Spring Boot JAR,loyalty-10,retail-loyalty,PLANNED
129,441,25,gift_card,svc-0241,gift_card-01,SHARED_API_SERVICE,team-025,25,4.1.1,Gradle,9,Kotlin,Executable JAR,com.agilearning.retail.giftcard.service0241,Gift_card01Application,applications/backend/services/gift_card/gift_card-01,/api/v1/gift_card/01,PUBLIC_AUTHENTICATED,retail-customer-web,retail-admin-web,Spring MVC,REST + OpenAPI 3.1,Spring Security OAuth2 Resource Server,Spring Data JDBC,PostgreSQL 18.6,gift_card_svc_01,gift_card,Flyway,10,10,0,9,0,9,0,0,Y,N,Y,N,Resilience4j + idempotency + retry,Actuator + Micrometer + OpenTelemetry,JUnit 5 + Testcontainers + ArchUnit + Spring Cloud Contract,OCI image + layered Spring Boot JAR,gift_card-01,retail-gift_card,PLANNED
129,442,25,gift_card,svc-0242,gift_card-02,SHARED_API_SERVICE,team-025,25,4.1.1,Gradle,9,Kotlin,Executable JAR,com.agilearning.retail.giftcard.service0242,Gift_card02Application,applications/backend/services/gift_card/gift_card-02,/api/v1/gift_card/02,PUBLIC_AUTHENTICATED,retail-customer-web,retail-admin-web,Spring MVC,REST + OpenAPI 3.1,Spring Security OAuth2 Resource Server,Spring Data JDBC,PostgreSQL 18.6,gift_card_svc_02,gift_card,Flyway,10,10,0,9,0,9,0,0,Y,N,Y,N,Resilience4j + idempotency + retry,Actuator + Micrometer + OpenTelemetry,JUnit 5 + Testcontainers + ArchUnit + Spring Cloud Contract,OCI image + layered Spring Boot JAR,gift_card-02,retail-gift_card,PLANNED
129,443,25,gift_card,svc-0243,gift_card-03,SHARED_API_SERVICE,team-025,25,4.1.1,Gradle,9,Kotlin,Executable JAR,com.agilearning.retail.giftcard.service0243,Gift_card03Application,applications/backend/services/gift_card/gift_card-03,/api/v1/gift_card/03,PUBLIC_AUTHENTICATED,retail-customer-web,retail-admin-web,Spring MVC,REST + OpenAPI 3.1,Spring Security OAuth2 Resource Server,Spring Data JDBC,PostgreSQL 18.6,gift_card_svc_03,gift_card,Flyway,10,10,0,9,0,9,0,0,Y,N,Y,N,Resilience4j + idempotency + retry,Actuator + Micrometer + OpenTelemetry,JUnit 5 + Testcontainers + ArchUnit + Spring Cloud Contract,OCI image + layered Spring Boot JAR,gift_card-03,retail-gift_card,PLANNED
129,444,25,gift_card,svc-0244,gift_card-04,SHARED_API_SERVICE,team-025,25,4.1.1,Gradle,9,Kotlin,Executable JAR,com.agilearning.retail.giftcard.service0244,Gift_card04Application,applications/backend/services/gift_card/gift_card-04,/api/v1/gift_card/04,PUBLIC_AUTHENTICATED,retail-customer-web,retail-admin-web,Spring MVC,REST + OpenAPI 3.1,Spring Security OAuth2 Resource Server,Spring Data JDBC,PostgreSQL 18.6,gift_card_svc_04,gift_card,Flyway,10,10,0,6,0,6,0,0,Y,N,Y,N,Resilience4j + idempotency + retry,Actuator + Micrometer + OpenTelemetry,JUnit 5 + Testcontainers + ArchUnit + Spring Cloud Contract,OCI image + layered Spring Boot JAR,gift_card-04,retail-gift_card,PLANNED
129,445,25,gift_card,svc-0245,gift_card-05,SHARED_API_SERVICE,team-025,25,4.1.1,Gradle,9,Kotlin,Executable JAR,com.agilearning.retail.giftcard.service0245,Gift_card05Application,applications/backend/services/gift_card/gift_card-05,/api/v1/gift_card/05,PUBLIC_AUTHENTICATED,retail-customer-web,retail-admin-web,Spring MVC,REST + OpenAPI 3.1,Spring Security OAuth2 Resource Server,Spring Data JDBC,PostgreSQL 18.6,gift_card_svc_05,gift_card,Flyway,10,10,0,6,0,6,0,0,Y,N,Y,N,Resilience4j + idempotency + retry,Actuator + Micrometer + OpenTelemetry,JUnit 5 + Testcontainers + ArchUnit + Spring Cloud Contract,OCI image + layered Spring Boot JAR,gift_card-05,retail-gift_card,PLANNED
129,446,25,gift_card,svc-0246,gift_card-06,SHARED_API_SERVICE,team-025,25,4.1.1,Gradle,9,Kotlin,Executable JAR,com.agilearning.retail.giftcard.service0246,Gift_card06Application,applications/backend/services/gift_card/gift_card-06,/api/v1/gift_card/06,PUBLIC_AUTHENTICATED,retail-customer-web,retail-admin-web,Spring MVC,REST + OpenAPI 3.1,Spring Security OAuth2 Resource Server,Spring Data JDBC,PostgreSQL 18.6,gift_card_svc_06,gift_card,Flyway,10,10,0,3,0,3,0,0,Y,N,Y,N,Resilience4j + idempotency + retry,Actuator + Micrometer + OpenTelemetry,JUnit 5 + Testcontainers + ArchUnit + Spring Cloud Contract,OCI image + layered Spring Boot JAR,gift_card-06,retail-gift_card,PLANNED
129,447,25,gift_card,svc-0247,gift_card-07,SHARED_API_SERVICE,team-025,25,4.1.1,Gradle,9,Kotlin,Executable JAR,com.agilearning.retail.giftcard.service0247,Gift_card07Application,applications/backend/services/gift_card/gift_card-07,/api/v1/gift_card/07,PUBLIC_AUTHENTICATED,retail-customer-web,retail-admin-web,Spring MVC,REST + OpenAPI 3.1,Spring Security OAuth2 Resource Server,Spring Data JDBC,PostgreSQL 18.6,gift_card_svc_07,gift_card,Flyway,10,10,0,3,0,3,0,0,Y,N,Y,N,Resilience4j + idempotency + retry,Actuator + Micrometer + OpenTelemetry,JUnit 5 + Testcontainers + ArchUnit + Spring Cloud Contract,OCI image + layered Spring Boot JAR,gift_card-07,retail-gift_card,PLANNED
129,448,25,gift_card,svc-0248,gift_card-08,SHARED_API_SERVICE,team-025,25,4.1.1,Gradle,9,Kotlin,Executable JAR,com.agilearning.retail.giftcard.service0248,Gift_card08Application,applications/backend/services/gift_card/gift_card-08,/api/v1/gift_card/08,PUBLIC_AUTHENTICATED,retail-customer-web,retail-admin-web,Spring MVC,REST + OpenAPI 3.1,Spring Security OAuth2 Resource Server,Spring Data JDBC,PostgreSQL 18.6,gift_card_svc_08,gift_card,Flyway,10,10,0,6,0,6,0,0,Y,N,Y,N,Resilience4j + idempotency + retry,Actuator + Micrometer + OpenTelemetry,JUnit 5 + Testcontainers + ArchUnit + Spring Cloud Contract,OCI image + layered Spring Boot JAR,gift_card-08,retail-gift_card,PLANNED
129,449,25,gift_card,svc-0249,gift_card-09,SHARED_API_SERVICE,team-025,25,4.1.1,Gradle,9,Kotlin,Executable JAR,com.agilearning.retail.giftcard.service0249,Gift_card09Application,applications/backend/services/gift_card/gift_card-09,/api/v1/gift_card/09,PUBLIC_AUTHENTICATED,retail-customer-web,retail-admin-web,Spring MVC,REST + OpenAPI 3.1,Spring Security OAuth2 Resource Server,Spring Data JDBC,PostgreSQL 18.6,gift_card_svc_09,gift_card,Flyway,10,10,0,3,0,3,0,0,Y,N,Y,N,Resilience4j + idempotency + retry,Actuator + Micrometer + OpenTelemetry,JUnit 5 + Testcontainers + ArchUnit + Spring Cloud Contract,OCI image + layered Spring Boot JAR,gift_card-09,retail-gift_card,PLANNED
129,450,25,gift_card,svc-0250,gift_card-10,SHARED_API_SERVICE,team-025,25,4.1.1,Gradle,9,Kotlin,Executable JAR,com.agilearning.retail.giftcard.service0250,Gift_card10Application,applications/backend/services/gift_card/gift_card-10,/api/v1/gift_card/10,PUBLIC_AUTHENTICATED,retail-customer-web,retail-admin-web,Spring MVC,REST + OpenAPI 3.1,Spring Security OAuth2 Resource Server,Spring Data JDBC,PostgreSQL 18.6,gift_card_svc_10,gift_card,Flyway,10,10,0,6,0,6,0,0,Y,N,Y,N,Resilience4j + idempotency + retry,Actuator + Micrometer + OpenTelemetry,JUnit 5 + Testcontainers + ArchUnit + Spring Cloud Contract,OCI image + layered Spring Boot JAR,gift_card-10,retail-gift_card,PLANNED
129,451,26,search,svc-0251,search-01,SHARED_API_SERVICE,team-026,25,4.1.1,Gradle,9,Kotlin,Executable JAR,com.agilearning.retail.search.service0251,Search01Application,applications/backend/services/search/search-01,/api/v1/search/01,PUBLIC_AUTHENTICATED,retail-customer-web,retail-admin-web,Spring MVC,REST + OpenAPI 3.1,Spring Security OAuth2 Resource Server,Spring Data JDBC,PostgreSQL 18.6,search_svc_01,search,Flyway,10,10,0,9,2,9,2,0,Y,Y,Y,Y,Resilience4j + idempotency + retry,Actuator + Micrometer + OpenTelemetry,JUnit 5 + Testcontainers + ArchUnit + Spring Cloud Contract,OCI image + layered Spring Boot JAR,search-01,retail-search,PLANNED
129,452,26,search,svc-0252,search-02,SHARED_API_SERVICE,team-026,25,4.1.1,Gradle,9,Kotlin,Executable JAR,com.agilearning.retail.search.service0252,Search02Application,applications/backend/services/search/search-02,/api/v1/search/02,PUBLIC_AUTHENTICATED,retail-customer-web,retail-admin-web,Spring MVC,REST + OpenAPI 3.1,Spring Security OAuth2 Resource Server,Spring Data JDBC,PostgreSQL 18.6,search_svc_02,search,Flyway,10,10,0,9,2,9,2,0,Y,Y,Y,Y,Resilience4j + idempotency + retry,Actuator + Micrometer + OpenTelemetry,JUnit 5 + Testcontainers + ArchUnit + Spring Cloud Contract,OCI image + layered Spring Boot JAR,search-02,retail-search,PLANNED
129,453,26,search,svc-0253,search-03,SHARED_API_SERVICE,team-026,25,4.1.1,Gradle,9,Kotlin,Executable JAR,com.agilearning.retail.search.service0253,Search03Application,applications/backend/services/search/search-03,/api/v1/search/03,PUBLIC_AUTHENTICATED,retail-customer-web,retail-admin-web,Spring MVC,REST + OpenAPI 3.1,Spring Security OAuth2 Resource Server,Spring Data JDBC,PostgreSQL 18.6,search_svc_03,search,Flyway,10,10,0,9,2,9,2,0,Y,Y,Y,Y,Resilience4j + idempotency + retry,Actuator + Micrometer + OpenTelemetry,JUnit 5 + Testcontainers + ArchUnit + Spring Cloud Contract,OCI image + layered Spring Boot JAR,search-03,retail-search,PLANNED
129,454,26,search,svc-0254,search-04,SHARED_API_SERVICE,team-026,25,4.1.1,Gradle,9,Kotlin,Executable JAR,com.agilearning.retail.search.service0254,Search04Application,applications/backend/services/search/search-04,/api/v1/search/04,PUBLIC_AUTHENTICATED,retail-customer-web,retail-admin-web,Spring MVC,REST + OpenAPI 3.1,Spring Security OAuth2 Resource Server,Spring Data JDBC,PostgreSQL 18.6,search_svc_04,search,Flyway,10,10,0,6,2,6,2,0,Y,Y,Y,Y,Resilience4j + idempotency + retry,Actuator + Micrometer + OpenTelemetry,JUnit 5 + Testcontainers + ArchUnit + Spring Cloud Contract,OCI image + layered Spring Boot JAR,search-04,retail-search,PLANNED
129,455,26,search,svc-0255,search-05,SHARED_API_SERVICE,team-026,25,4.1.1,Gradle,9,Kotlin,Executable JAR,com.agilearning.retail.search.service0255,Search05Application,applications/backend/services/search/search-05,/api/v1/search/05,PUBLIC_AUTHENTICATED,retail-customer-web,retail-admin-web,Spring MVC,REST + OpenAPI 3.1,Spring Security OAuth2 Resource Server,Spring Data JDBC,PostgreSQL 18.6,search_svc_05,search,Flyway,10,10,0,6,2,6,2,0,Y,Y,Y,Y,Resilience4j + idempotency + retry,Actuator + Micrometer + OpenTelemetry,JUnit 5 + Testcontainers + ArchUnit + Spring Cloud Contract,OCI image + layered Spring Boot JAR,search-05,retail-search,PLANNED
129,456,26,search,svc-0256,search-06,SHARED_API_SERVICE,team-026,25,4.1.1,Gradle,9,Kotlin,Executable JAR,com.agilearning.retail.search.service0256,Search06Application,applications/backend/services/search/search-06,/api/v1/search/06,PUBLIC_AUTHENTICATED,retail-customer-web,retail-admin-web,Spring MVC,REST + OpenAPI 3.1,Spring Security OAuth2 Resource Server,Spring Data JDBC,PostgreSQL 18.6,search_svc_06,search,Flyway,10,10,0,3,2,3,2,0,Y,Y,Y,Y,Resilience4j + idempotency + retry,Actuator + Micrometer + OpenTelemetry,JUnit 5 + Testcontainers + ArchUnit + Spring Cloud Contract,OCI image + layered Spring Boot JAR,search-06,retail-search,PLANNED
129,457,26,search,svc-0257,search-07,SHARED_API_SERVICE,team-026,25,4.1.1,Gradle,9,Kotlin,Executable JAR,com.agilearning.retail.search.service0257,Search07Application,applications/backend/services/search/search-07,/api/v1/search/07,PUBLIC_AUTHENTICATED,retail-customer-web,retail-admin-web,Spring MVC,REST + OpenAPI 3.1,Spring Security OAuth2 Resource Server,Spring Data JDBC,PostgreSQL 18.6,search_svc_07,search,Flyway,10,10,0,3,2,3,2,0,Y,Y,Y,Y,Resilience4j + idempotency + retry,Actuator + Micrometer + OpenTelemetry,JUnit 5 + Testcontainers + ArchUnit + Spring Cloud Contract,OCI image + layered Spring Boot JAR,search-07,retail-search,PLANNED
129,458,26,search,svc-0258,search-08,SHARED_API_SERVICE,team-026,25,4.1.1,Gradle,9,Kotlin,Executable JAR,com.agilearning.retail.search.service0258,Search08Application,applications/backend/services/search/search-08,/api/v1/search/08,PUBLIC_AUTHENTICATED,retail-customer-web,retail-admin-web,Spring MVC,REST + OpenAPI 3.1,Spring Security OAuth2 Resource Server,Spring Data JDBC,PostgreSQL 18.6,search_svc_08,search,Flyway,10,10,0,6,2,6,2,0,Y,Y,Y,Y,Resilience4j + idempotency + retry,Actuator + Micrometer + OpenTelemetry,JUnit 5 + Testcontainers + ArchUnit + Spring Cloud Contract,OCI image + layered Spring Boot JAR,search-08,retail-search,PLANNED
129,459,26,search,svc-0259,search-09,SHARED_API_SERVICE,team-026,25,4.1.1,Gradle,9,Kotlin,Executable JAR,com.agilearning.retail.search.service0259,Search09Application,applications/backend/services/search/search-09,/api/v1/search/09,PUBLIC_AUTHENTICATED,retail-customer-web,retail-admin-web,Spring MVC,REST + OpenAPI 3.1,Spring Security OAuth2 Resource Server,Spring Data JDBC,PostgreSQL 18.6,search_svc_09,search,Flyway,10,10,0,3,2,3,2,0,Y,Y,Y,Y,Resilience4j + idempotency + retry,Actuator + Micrometer + OpenTelemetry,JUnit 5 + Testcontainers + ArchUnit + Spring Cloud Contract,OCI image + layered Spring Boot JAR,search-09,retail-search,PLANNED
129,460,26,search,svc-0260,search-10,SHARED_API_SERVICE,team-026,25,4.1.1,Gradle,9,Kotlin,Executable JAR,com.agilearning.retail.search.service0260,Search10Application,applications/backend/services/search/search-10,/api/v1/search/10,PUBLIC_AUTHENTICATED,retail-customer-web,retail-admin-web,Spring MVC,REST + OpenAPI 3.1,Spring Security OAuth2 Resource Server,Spring Data JDBC,PostgreSQL 18.6,search_svc_10,search,Flyway,10,10,0,6,2,6,2,0,Y,Y,Y,Y,Resilience4j + idempotency + retry,Actuator + Micrometer + OpenTelemetry,JUnit 5 + Testcontainers + ArchUnit + Spring Cloud Contract,OCI image + layered Spring Boot JAR,search-10,retail-search,PLANNED
129,461,27,recommendation,svc-0261,recommendation-01,CUSTOMER_API_SERVICE,team-027,25,4.1.1,Gradle,9,Kotlin,Executable JAR,com.agilearning.retail.recommendation.service0261,Recommendation01Application,applications/backend/services/recommendation/recommendation-01,/api/v1/recommendation/01,PUBLIC_AUTHENTICATED,retail-customer-web,,Spring MVC,REST + OpenAPI 3.1,Spring Security OAuth2 Resource Server,Spring Data JDBC,PostgreSQL 18.6,recommendation_svc_01,recommendation,Flyway,10,10,0,9,6,7,6,2,Y,Y,Y,Y,Resilience4j + idempotency + retry,Actuator + Micrometer + OpenTelemetry,JUnit 5 + Testcontainers + ArchUnit + Spring Cloud Contract,OCI image + layered Spring Boot JAR,recommendation-01,retail-recommendation,PLANNED
129,462,27,recommendation,svc-0262,recommendation-02,CUSTOMER_API_SERVICE,team-027,25,4.1.1,Gradle,9,Kotlin,Executable JAR,com.agilearning.retail.recommendation.service0262,Recommendation02Application,applications/backend/services/recommendation/recommendation-02,/api/v1/recommendation/02,PUBLIC_AUTHENTICATED,retail-customer-web,,Spring MVC,REST + OpenAPI 3.1,Spring Security OAuth2 Resource Server,Spring Data JDBC,PostgreSQL 18.6,recommendation_svc_02,recommendation,Flyway,10,10,0,9,6,9,6,0,Y,Y,Y,Y,Resilience4j + idempotency + retry,Actuator + Micrometer + OpenTelemetry,JUnit 5 + Testcontainers + ArchUnit + Spring Cloud Contract,OCI image + layered Spring Boot JAR,recommendation-02,retail-recommendation,PLANNED
129,463,27,recommendation,svc-0263,recommendation-03,CUSTOMER_API_SERVICE,team-027,25,4.1.1,Gradle,9,Kotlin,Executable JAR,com.agilearning.retail.recommendation.service0263,Recommendation03Application,applications/backend/services/recommendation/recommendation-03,/api/v1/recommendation/03,PUBLIC_AUTHENTICATED,retail-customer-web,,Spring MVC,REST + OpenAPI 3.1,Spring Security OAuth2 Resource Server,Spring Data JDBC,PostgreSQL 18.6,recommendation_svc_03,recommendation,Flyway,10,10,0,9,6,9,6,0,Y,Y,Y,Y,Resilience4j + idempotency + retry,Actuator + Micrometer + OpenTelemetry,JUnit 5 + Testcontainers + ArchUnit + Spring Cloud Contract,OCI image + layered Spring Boot JAR,recommendation-03,retail-recommendation,PLANNED
129,464,27,recommendation,svc-0264,recommendation-04,CUSTOMER_API_SERVICE,team-027,25,4.1.1,Gradle,9,Kotlin,Executable JAR,com.agilearning.retail.recommendation.service0264,Recommendation04Application,applications/backend/services/recommendation/recommendation-04,/api/v1/recommendation/04,PUBLIC_AUTHENTICATED,retail-customer-web,,Spring MVC,REST + OpenAPI 3.1,Spring Security OAuth2 Resource Server,Spring Data JDBC,PostgreSQL 18.6,recommendation_svc_04,recommendation,Flyway,10,10,0,6,6,6,6,0,Y,Y,Y,Y,Resilience4j + idempotency + retry,Actuator + Micrometer + OpenTelemetry,JUnit 5 + Testcontainers + ArchUnit + Spring Cloud Contract,OCI image + layered Spring Boot JAR,recommendation-04,retail-recommendation,PLANNED
129,465,27,recommendation,svc-0265,recommendation-05,CUSTOMER_API_SERVICE,team-027,25,4.1.1,Gradle,9,Kotlin,Executable JAR,com.agilearning.retail.recommendation.service0265,Recommendation05Application,applications/backend/services/recommendation/recommendation-05,/api/v1/recommendation/05,PUBLIC_AUTHENTICATED,retail-customer-web,,Spring MVC,REST + OpenAPI 3.1,Spring Security OAuth2 Resource Server,Spring Data JDBC,PostgreSQL 18.6,recommendation_svc_05,recommendation,Flyway,10,10,0,6,6,6,6,0,Y,Y,Y,Y,Resilience4j + idempotency + retry,Actuator + Micrometer + OpenTelemetry,JUnit 5 + Testcontainers + ArchUnit + Spring Cloud Contract,OCI image + layered Spring Boot JAR,recommendation-05,retail-recommendation,PLANNED
129,466,27,recommendation,svc-0266,recommendation-06,CUSTOMER_API_SERVICE,team-027,25,4.1.1,Gradle,9,Kotlin,Executable JAR,com.agilearning.retail.recommendation.service0266,Recommendation06Application,applications/backend/services/recommendation/recommendation-06,/api/v1/recommendation/06,PUBLIC_AUTHENTICATED,retail-customer-web,,Spring MVC,REST + OpenAPI 3.1,Spring Security OAuth2 Resource Server,Spring Data JDBC,PostgreSQL 18.6,recommendation_svc_06,recommendation,Flyway,10,10,0,3,6,3,6,0,Y,Y,Y,Y,Resilience4j + idempotency + retry,Actuator + Micrometer + OpenTelemetry,JUnit 5 + Testcontainers + ArchUnit + Spring Cloud Contract,OCI image + layered Spring Boot JAR,recommendation-06,retail-recommendation,PLANNED
129,467,27,recommendation,svc-0267,recommendation-07,CUSTOMER_API_SERVICE,team-027,25,4.1.1,Gradle,9,Kotlin,Executable JAR,com.agilearning.retail.recommendation.service0267,Recommendation07Application,applications/backend/services/recommendation/recommendation-07,/api/v1/recommendation/07,PUBLIC_AUTHENTICATED,retail-customer-web,,Spring MVC,REST + OpenAPI 3.1,Spring Security OAuth2 Resource Server,Spring Data JDBC,PostgreSQL 18.6,recommendation_svc_07,recommendation,Flyway,10,10,0,3,6,3,6,0,Y,Y,Y,Y,Resilience4j + idempotency + retry,Actuator + Micrometer + OpenTelemetry,JUnit 5 + Testcontainers + ArchUnit + Spring Cloud Contract,OCI image + layered Spring Boot JAR,recommendation-07,retail-recommendation,PLANNED
129,468,27,recommendation,svc-0268,recommendation-08,CUSTOMER_API_SERVICE,team-027,25,4.1.1,Gradle,9,Kotlin,Executable JAR,com.agilearning.retail.recommendation.service0268,Recommendation08Application,applications/backend/services/recommendation/recommendation-08,/api/v1/recommendation/08,PUBLIC_AUTHENTICATED,retail-customer-web,,Spring MVC,REST + OpenAPI 3.1,Spring Security OAuth2 Resource Server,Spring Data JDBC,PostgreSQL 18.6,recommendation_svc_08,recommendation,Flyway,10,10,0,6,6,6,6,0,Y,Y,Y,Y,Resilience4j + idempotency + retry,Actuator + Micrometer + OpenTelemetry,JUnit 5 + Testcontainers + ArchUnit + Spring Cloud Contract,OCI image + layered Spring Boot JAR,recommendation-08,retail-recommendation,PLANNED
129,469,27,recommendation,svc-0269,recommendation-09,CUSTOMER_API_SERVICE,team-027,25,4.1.1,Gradle,9,Kotlin,Executable JAR,com.agilearning.retail.recommendation.service0269,Recommendation09Application,applications/backend/services/recommendation/recommendation-09,/api/v1/recommendation/09,PUBLIC_AUTHENTICATED,retail-customer-web,,Spring MVC,REST + OpenAPI 3.1,Spring Security OAuth2 Resource Server,Spring Data JDBC,PostgreSQL 18.6,recommendation_svc_09,recommendation,Flyway,10,10,0,3,6,3,6,0,Y,Y,Y,Y,Resilience4j + idempotency + retry,Actuator + Micrometer + OpenTelemetry,JUnit 5 + Testcontainers + ArchUnit + Spring Cloud Contract,OCI image + layered Spring Boot JAR,recommendation-09,retail-recommendation,PLANNED
129,470,27,recommendation,svc-0270,recommendation-10,CUSTOMER_API_SERVICE,team-027,25,4.1.1,Gradle,9,Kotlin,Executable JAR,com.agilearning.retail.recommendation.service0270,Recommendation10Application,applications/backend/services/recommendation/recommendation-10,/api/v1/recommendation/10,PUBLIC_AUTHENTICATED,retail-customer-web,,Spring MVC,REST + OpenAPI 3.1,Spring Security OAuth2 Resource Server,Spring Data JDBC,PostgreSQL 18.6,recommendation_svc_10,recommendation,Flyway,10,10,0,6,6,6,6,0,Y,Y,Y,Y,Resilience4j + idempotency + retry,Actuator + Micrometer + OpenTelemetry,JUnit 5 + Testcontainers + ArchUnit + Spring Cloud Contract,OCI image + layered Spring Boot JAR,recommendation-10,retail-recommendation,PLANNED
129,471,28,advertising,svc-0271,advertising-01,ADMIN_API_SERVICE,team-028,25,4.1.1,Gradle,9,Kotlin,Executable JAR,com.agilearning.retail.advertising.service0271,Advertising01Application,applications/backend/services/advertising/advertising-01,/api/v1/advertising/01,INTERNAL_AUTHORIZED,,retail-admin-web,Spring MVC,REST + OpenAPI 3.1,Spring Security OAuth2 Resource Server,Spring Data JDBC,PostgreSQL 18.6,advertising_svc_01,advertising,Flyway,10,10,0,9,0,9,0,0,Y,N,Y,N,Resilience4j + idempotency + retry,Actuator + Micrometer + OpenTelemetry,JUnit 5 + Testcontainers + ArchUnit + Spring Cloud Contract,OCI image + layered Spring Boot JAR,advertising-01,retail-advertising,PLANNED
129,472,28,advertising,svc-0272,advertising-02,ADMIN_API_SERVICE,team-028,25,4.1.1,Gradle,9,Kotlin,Executable JAR,com.agilearning.retail.advertising.service0272,Advertising02Application,applications/backend/services/advertising/advertising-02,/api/v1/advertising/02,INTERNAL_AUTHORIZED,,retail-admin-web,Spring MVC,REST + OpenAPI 3.1,Spring Security OAuth2 Resource Server,Spring Data JDBC,PostgreSQL 18.6,advertising_svc_02,advertising,Flyway,10,10,0,9,0,9,0,0,Y,N,Y,N,Resilience4j + idempotency + retry,Actuator + Micrometer + OpenTelemetry,JUnit 5 + Testcontainers + ArchUnit + Spring Cloud Contract,OCI image + layered Spring Boot JAR,advertising-02,retail-advertising,PLANNED
129,473,28,advertising,svc-0273,advertising-03,ADMIN_API_SERVICE,team-028,25,4.1.1,Gradle,9,Kotlin,Executable JAR,com.agilearning.retail.advertising.service0273,Advertising03Application,applications/backend/services/advertising/advertising-03,/api/v1/advertising/03,INTERNAL_AUTHORIZED,,retail-admin-web,Spring MVC,REST + OpenAPI 3.1,Spring Security OAuth2 Resource Server,Spring Data JDBC,PostgreSQL 18.6,advertising_svc_03,advertising,Flyway,10,10,0,9,0,9,0,0,Y,N,Y,N,Resilience4j + idempotency + retry,Actuator + Micrometer + OpenTelemetry,JUnit 5 + Testcontainers + ArchUnit + Spring Cloud Contract,OCI image + layered Spring Boot JAR,advertising-03,retail-advertising,PLANNED
129,474,28,advertising,svc-0274,advertising-04,ADMIN_API_SERVICE,team-028,25,4.1.1,Gradle,9,Kotlin,Executable JAR,com.agilearning.retail.advertising.service0274,Advertising04Application,applications/backend/services/advertising/advertising-04,/api/v1/advertising/04,INTERNAL_AUTHORIZED,,retail-admin-web,Spring MVC,REST + OpenAPI 3.1,Spring Security OAuth2 Resource Server,Spring Data JDBC,PostgreSQL 18.6,advertising_svc_04,advertising,Flyway,10,10,0,6,0,6,0,0,Y,N,Y,N,Resilience4j + idempotency + retry,Actuator + Micrometer + OpenTelemetry,JUnit 5 + Testcontainers + ArchUnit + Spring Cloud Contract,OCI image + layered Spring Boot JAR,advertising-04,retail-advertising,PLANNED
129,475,28,advertising,svc-0275,advertising-05,ADMIN_API_SERVICE,team-028,25,4.1.1,Gradle,9,Kotlin,Executable JAR,com.agilearning.retail.advertising.service0275,Advertising05Application,applications/backend/services/advertising/advertising-05,/api/v1/advertising/05,INTERNAL_AUTHORIZED,,retail-admin-web,Spring MVC,REST + OpenAPI 3.1,Spring Security OAuth2 Resource Server,Spring Data JDBC,PostgreSQL 18.6,advertising_svc_05,advertising,Flyway,10,10,0,6,0,6,0,0,Y,N,Y,N,Resilience4j + idempotency + retry,Actuator + Micrometer + OpenTelemetry,JUnit 5 + Testcontainers + ArchUnit + Spring Cloud Contract,OCI image + layered Spring Boot JAR,advertising-05,retail-advertising,PLANNED
129,476,28,advertising,svc-0276,advertising-06,ADMIN_API_SERVICE,team-028,25,4.1.1,Gradle,9,Kotlin,Executable JAR,com.agilearning.retail.advertising.service0276,Advertising06Application,applications/backend/services/advertising/advertising-06,/api/v1/advertising/06,INTERNAL_AUTHORIZED,,retail-admin-web,Spring MVC,REST + OpenAPI 3.1,Spring Security OAuth2 Resource Server,Spring Data JDBC,PostgreSQL 18.6,advertising_svc_06,advertising,Flyway,10,10,0,3,0,3,0,0,Y,N,Y,N,Resilience4j + idempotency + retry,Actuator + Micrometer + OpenTelemetry,JUnit 5 + Testcontainers + ArchUnit + Spring Cloud Contract,OCI image + layered Spring Boot JAR,advertising-06,retail-advertising,PLANNED
129,477,28,advertising,svc-0277,advertising-07,ADMIN_API_SERVICE,team-028,25,4.1.1,Gradle,9,Kotlin,Executable JAR,com.agilearning.retail.advertising.service0277,Advertising07Application,applications/backend/services/advertising/advertising-07,/api/v1/advertising/07,INTERNAL_AUTHORIZED,,retail-admin-web,Spring MVC,REST + OpenAPI 3.1,Spring Security OAuth2 Resource Server,Spring Data JDBC,PostgreSQL 18.6,advertising_svc_07,advertising,Flyway,10,10,0,3,0,3,0,0,Y,N,Y,N,Resilience4j + idempotency + retry,Actuator + Micrometer + OpenTelemetry,JUnit 5 + Testcontainers + ArchUnit + Spring Cloud Contract,OCI image + layered Spring Boot JAR,advertising-07,retail-advertising,PLANNED
129,478,28,advertising,svc-0278,advertising-08,ADMIN_API_SERVICE,team-028,25,4.1.1,Gradle,9,Kotlin,Executable JAR,com.agilearning.retail.advertising.service0278,Advertising08Application,applications/backend/services/advertising/advertising-08,/api/v1/advertising/08,INTERNAL_AUTHORIZED,,retail-admin-web,Spring MVC,REST + OpenAPI 3.1,Spring Security OAuth2 Resource Server,Spring Data JDBC,PostgreSQL 18.6,advertising_svc_08,advertising,Flyway,10,10,0,6,0,6,0,0,Y,N,Y,N,Resilience4j + idempotency + retry,Actuator + Micrometer + OpenTelemetry,JUnit 5 + Testcontainers + ArchUnit + Spring Cloud Contract,OCI image + layered Spring Boot JAR,advertising-08,retail-advertising,PLANNED
129,479,28,advertising,svc-0279,advertising-09,ADMIN_API_SERVICE,team-028,25,4.1.1,Gradle,9,Kotlin,Executable JAR,com.agilearning.retail.advertising.service0279,Advertising09Application,applications/backend/services/advertising/advertising-09,/api/v1/advertising/09,INTERNAL_AUTHORIZED,,retail-admin-web,Spring MVC,REST + OpenAPI 3.1,Spring Security OAuth2 Resource Server,Spring Data JDBC,PostgreSQL 18.6,advertising_svc_09,advertising,Flyway,10,10,0,3,0,3,0,0,Y,N,Y,N,Resilience4j + idempotency + retry,Actuator + Micrometer + OpenTelemetry,JUnit 5 + Testcontainers + ArchUnit + Spring Cloud Contract,OCI image + layered Spring Boot JAR,advertising-09,retail-advertising,PLANNED
129,480,28,advertising,svc-0280,advertising-10,ADMIN_API_SERVICE,team-028,25,4.1.1,Gradle,9,Kotlin,Executable JAR,com.agilearning.retail.advertising.service0280,Advertising10Application,applications/backend/services/advertising/advertising-10,/api/v1/advertising/10,INTERNAL_AUTHORIZED,,retail-admin-web,Spring MVC,REST + OpenAPI 3.1,Spring Security OAuth2 Resource Server,Spring Data JDBC,PostgreSQL 18.6,advertising_svc_10,advertising,Flyway,10,10,0,6,0,6,0,0,Y,N,Y,N,Resilience4j + idempotency + retry,Actuator + Micrometer + OpenTelemetry,JUnit 5 + Testcontainers + ArchUnit + Spring Cloud Contract,OCI image + layered Spring Boot JAR,advertising-10,retail-advertising,PLANNED
129,481,29,marketing,svc-0281,marketing-01,ADMIN_API_SERVICE,team-029,25,4.1.1,Gradle,9,Kotlin,Executable JAR,com.agilearning.retail.marketing.service0281,Marketing01Application,applications/backend/services/marketing/marketing-01,/api/v1/marketing/01,INTERNAL_AUTHORIZED,,retail-admin-web,Spring MVC,REST + OpenAPI 3.1,Spring Security OAuth2 Resource Server,Spring Data JDBC,PostgreSQL 18.6,marketing_svc_01,marketing,Flyway,10,10,0,9,16,9,15,0,Y,Y,Y,Y,Resilience4j + idempotency + retry,Actuator + Micrometer + OpenTelemetry,JUnit 5 + Testcontainers + ArchUnit + Spring Cloud Contract,OCI image + layered Spring Boot JAR,marketing-01,retail-marketing,PLANNED
129,482,29,marketing,svc-0282,marketing-02,ADMIN_API_SERVICE,team-029,25,4.1.1,Gradle,9,Kotlin,Executable JAR,com.agilearning.retail.marketing.service0282,Marketing02Application,applications/backend/services/marketing/marketing-02,/api/v1/marketing/02,INTERNAL_AUTHORIZED,,retail-admin-web,Spring MVC,REST + OpenAPI 3.1,Spring Security OAuth2 Resource Server,Spring Data JDBC,PostgreSQL 18.6,marketing_svc_02,marketing,Flyway,10,10,0,9,16,9,16,0,Y,Y,Y,Y,Resilience4j + idempotency + retry,Actuator + Micrometer + OpenTelemetry,JUnit 5 + Testcontainers + ArchUnit + Spring Cloud Contract,OCI image + layered Spring Boot JAR,marketing-02,retail-marketing,PLANNED
129,483,29,marketing,svc-0283,marketing-03,ADMIN_API_SERVICE,team-029,25,4.1.1,Gradle,9,Kotlin,Executable JAR,com.agilearning.retail.marketing.service0283,Marketing03Application,applications/backend/services/marketing/marketing-03,/api/v1/marketing/03,INTERNAL_AUTHORIZED,,retail-admin-web,Spring MVC,REST + OpenAPI 3.1,Spring Security OAuth2 Resource Server,Spring Data JDBC,PostgreSQL 18.6,marketing_svc_03,marketing,Flyway,10,10,0,9,16,9,16,0,Y,Y,Y,Y,Resilience4j + idempotency + retry,Actuator + Micrometer + OpenTelemetry,JUnit 5 + Testcontainers + ArchUnit + Spring Cloud Contract,OCI image + layered Spring Boot JAR,marketing-03,retail-marketing,PLANNED
129,484,29,marketing,svc-0284,marketing-04,ADMIN_API_SERVICE,team-029,25,4.1.1,Gradle,9,Kotlin,Executable JAR,com.agilearning.retail.marketing.service0284,Marketing04Application,applications/backend/services/marketing/marketing-04,/api/v1/marketing/04,INTERNAL_AUTHORIZED,,retail-admin-web,Spring MVC,REST + OpenAPI 3.1,Spring Security OAuth2 Resource Server,Spring Data JDBC,PostgreSQL 18.6,marketing_svc_04,marketing,Flyway,10,10,0,6,16,6,16,0,Y,Y,Y,Y,Resilience4j + idempotency + retry,Actuator + Micrometer + OpenTelemetry,JUnit 5 + Testcontainers + ArchUnit + Spring Cloud Contract,OCI image + layered Spring Boot JAR,marketing-04,retail-marketing,PLANNED
129,485,29,marketing,svc-0285,marketing-05,ADMIN_API_SERVICE,team-029,25,4.1.1,Gradle,9,Kotlin,Executable JAR,com.agilearning.retail.marketing.service0285,Marketing05Application,applications/backend/services/marketing/marketing-05,/api/v1/marketing/05,INTERNAL_AUTHORIZED,,retail-admin-web,Spring MVC,REST + OpenAPI 3.1,Spring Security OAuth2 Resource Server,Spring Data JDBC,PostgreSQL 18.6,marketing_svc_05,marketing,Flyway,10,10,0,6,16,6,16,0,Y,Y,Y,Y,Resilience4j + idempotency + retry,Actuator + Micrometer + OpenTelemetry,JUnit 5 + Testcontainers + ArchUnit + Spring Cloud Contract,OCI image + layered Spring Boot JAR,marketing-05,retail-marketing,PLANNED
129,486,29,marketing,svc-0286,marketing-06,ADMIN_API_SERVICE,team-029,25,4.1.1,Gradle,9,Kotlin,Executable JAR,com.agilearning.retail.marketing.service0286,Marketing06Application,applications/backend/services/marketing/marketing-06,/api/v1/marketing/06,INTERNAL_AUTHORIZED,,retail-admin-web,Spring MVC,REST + OpenAPI 3.1,Spring Security OAuth2 Resource Server,Spring Data JDBC,PostgreSQL 18.6,marketing_svc_06,marketing,Flyway,10,10,0,3,16,3,16,0,Y,Y,Y,Y,Resilience4j + idempotency + retry,Actuator + Micrometer + OpenTelemetry,JUnit 5 + Testcontainers + ArchUnit + Spring Cloud Contract,OCI image + layered Spring Boot JAR,marketing-06,retail-marketing,PLANNED
129,487,29,marketing,svc-0287,marketing-07,ADMIN_API_SERVICE,team-029,25,4.1.1,Gradle,9,Kotlin,Executable JAR,com.agilearning.retail.marketing.service0287,Marketing07Application,applications/backend/services/marketing/marketing-07,/api/v1/marketing/07,INTERNAL_AUTHORIZED,,retail-admin-web,Spring MVC,REST + OpenAPI 3.1,Spring Security OAuth2 Resource Server,Spring Data JDBC,PostgreSQL 18.6,marketing_svc_07,marketing,Flyway,10,10,0,3,16,3,16,0,Y,Y,Y,Y,Resilience4j + idempotency + retry,Actuator + Micrometer + OpenTelemetry,JUnit 5 + Testcontainers + ArchUnit + Spring Cloud Contract,OCI image + layered Spring Boot JAR,marketing-07,retail-marketing,PLANNED
129,488,29,marketing,svc-0288,marketing-08,ADMIN_API_SERVICE,team-029,25,4.1.1,Gradle,9,Kotlin,Executable JAR,com.agilearning.retail.marketing.service0288,Marketing08Application,applications/backend/services/marketing/marketing-08,/api/v1/marketing/08,INTERNAL_AUTHORIZED,,retail-admin-web,Spring MVC,REST + OpenAPI 3.1,Spring Security OAuth2 Resource Server,Spring Data JDBC,PostgreSQL 18.6,marketing_svc_08,marketing,Flyway,10,10,0,6,16,6,16,0,Y,Y,Y,Y,Resilience4j + idempotency + retry,Actuator + Micrometer + OpenTelemetry,JUnit 5 + Testcontainers + ArchUnit + Spring Cloud Contract,OCI image + layered Spring Boot JAR,marketing-08,retail-marketing,PLANNED
129,489,29,marketing,svc-0289,marketing-09,ADMIN_API_SERVICE,team-029,25,4.1.1,Gradle,9,Kotlin,Executable JAR,com.agilearning.retail.marketing.service0289,Marketing09Application,applications/backend/services/marketing/marketing-09,/api/v1/marketing/09,INTERNAL_AUTHORIZED,,retail-admin-web,Spring MVC,REST + OpenAPI 3.1,Spring Security OAuth2 Resource Server,Spring Data JDBC,PostgreSQL 18.6,marketing_svc_09,marketing,Flyway,10,10,0,3,16,3,16,0,Y,Y,Y,Y,Resilience4j + idempotency + retry,Actuator + Micrometer + OpenTelemetry,JUnit 5 + Testcontainers + ArchUnit + Spring Cloud Contract,OCI image + layered Spring Boot JAR,marketing-09,retail-marketing,PLANNED
129,490,29,marketing,svc-0290,marketing-10,ADMIN_API_SERVICE,team-029,25,4.1.1,Gradle,9,Kotlin,Executable JAR,com.agilearning.retail.marketing.service0290,Marketing10Application,applications/backend/services/marketing/marketing-10,/api/v1/marketing/10,INTERNAL_AUTHORIZED,,retail-admin-web,Spring MVC,REST + OpenAPI 3.1,Spring Security OAuth2 Resource Server,Spring Data JDBC,PostgreSQL 18.6,marketing_svc_10,marketing,Flyway,10,10,0,6,16,6,16,0,Y,Y,Y,Y,Resilience4j + idempotency + retry,Actuator + Micrometer + OpenTelemetry,JUnit 5 + Testcontainers + ArchUnit + Spring Cloud Contract,OCI image + layered Spring Boot JAR,marketing-10,retail-marketing,PLANNED
129,491,30,engagement,svc-0291,engagement-01,SHARED_API_SERVICE,team-030,25,4.1.1,Gradle,9,Kotlin,Executable JAR,com.agilearning.retail.engagement.service0291,Engagement01Application,applications/backend/services/engagement/engagement-01,/api/v1/engagement/01,PUBLIC_AUTHENTICATED,retail-customer-web,retail-admin-web,Spring MVC,REST + OpenAPI 3.1,Spring Security OAuth2 Resource Server,Spring Data JDBC,PostgreSQL 18.6,engagement_svc_01,engagement,Flyway,10,10,0,9,4,9,4,0,Y,Y,Y,Y,Resilience4j + idempotency + retry,Actuator + Micrometer + OpenTelemetry,JUnit 5 + Testcontainers + ArchUnit + Spring Cloud Contract,OCI image + layered Spring Boot JAR,engagement-01,retail-engagement,PLANNED
129,492,30,engagement,svc-0292,engagement-02,SHARED_API_SERVICE,team-030,25,4.1.1,Gradle,9,Kotlin,Executable JAR,com.agilearning.retail.engagement.service0292,Engagement02Application,applications/backend/services/engagement/engagement-02,/api/v1/engagement/02,PUBLIC_AUTHENTICATED,retail-customer-web,retail-admin-web,Spring MVC,REST + OpenAPI 3.1,Spring Security OAuth2 Resource Server,Spring Data JDBC,PostgreSQL 18.6,engagement_svc_02,engagement,Flyway,10,10,0,9,4,9,4,0,Y,Y,Y,Y,Resilience4j + idempotency + retry,Actuator + Micrometer + OpenTelemetry,JUnit 5 + Testcontainers + ArchUnit + Spring Cloud Contract,OCI image + layered Spring Boot JAR,engagement-02,retail-engagement,PLANNED
129,493,30,engagement,svc-0293,engagement-03,SHARED_API_SERVICE,team-030,25,4.1.1,Gradle,9,Kotlin,Executable JAR,com.agilearning.retail.engagement.service0293,Engagement03Application,applications/backend/services/engagement/engagement-03,/api/v1/engagement/03,PUBLIC_AUTHENTICATED,retail-customer-web,retail-admin-web,Spring MVC,REST + OpenAPI 3.1,Spring Security OAuth2 Resource Server,Spring Data JDBC,PostgreSQL 18.6,engagement_svc_03,engagement,Flyway,10,10,0,9,4,9,4,0,Y,Y,Y,Y,Resilience4j + idempotency + retry,Actuator + Micrometer + OpenTelemetry,JUnit 5 + Testcontainers + ArchUnit + Spring Cloud Contract,OCI image + layered Spring Boot JAR,engagement-03,retail-engagement,PLANNED
129,494,30,engagement,svc-0294,engagement-04,SHARED_API_SERVICE,team-030,25,4.1.1,Gradle,9,Kotlin,Executable JAR,com.agilearning.retail.engagement.service0294,Engagement04Application,applications/backend/services/engagement/engagement-04,/api/v1/engagement/04,PUBLIC_AUTHENTICATED,retail-customer-web,retail-admin-web,Spring MVC,REST + OpenAPI 3.1,Spring Security OAuth2 Resource Server,Spring Data JDBC,PostgreSQL 18.6,engagement_svc_04,engagement,Flyway,10,10,0,6,4,6,4,0,Y,Y,Y,Y,Resilience4j + idempotency + retry,Actuator + Micrometer + OpenTelemetry,JUnit 5 + Testcontainers + ArchUnit + Spring Cloud Contract,OCI image + layered Spring Boot JAR,engagement-04,retail-engagement,PLANNED
129,495,30,engagement,svc-0295,engagement-05,SHARED_API_SERVICE,team-030,25,4.1.1,Gradle,9,Kotlin,Executable JAR,com.agilearning.retail.engagement.service0295,Engagement05Application,applications/backend/services/engagement/engagement-05,/api/v1/engagement/05,PUBLIC_AUTHENTICATED,retail-customer-web,retail-admin-web,Spring MVC,REST + OpenAPI 3.1,Spring Security OAuth2 Resource Server,Spring Data JDBC,PostgreSQL 18.6,engagement_svc_05,engagement,Flyway,10,10,0,6,4,6,4,0,Y,Y,Y,Y,Resilience4j + idempotency + retry,Actuator + Micrometer + OpenTelemetry,JUnit 5 + Testcontainers + ArchUnit + Spring Cloud Contract,OCI image + layered Spring Boot JAR,engagement-05,retail-engagement,PLANNED
129,496,30,engagement,svc-0296,engagement-06,SHARED_API_SERVICE,team-030,25,4.1.1,Gradle,9,Kotlin,Executable JAR,com.agilearning.retail.engagement.service0296,Engagement06Application,applications/backend/services/engagement/engagement-06,/api/v1/engagement/06,PUBLIC_AUTHENTICATED,retail-customer-web,retail-admin-web,Spring MVC,REST + OpenAPI 3.1,Spring Security OAuth2 Resource Server,Spring Data JDBC,PostgreSQL 18.6,engagement_svc_06,engagement,Flyway,10,10,0,3,4,3,4,0,Y,Y,Y,Y,Resilience4j + idempotency + retry,Actuator + Micrometer + OpenTelemetry,JUnit 5 + Testcontainers + ArchUnit + Spring Cloud Contract,OCI image + layered Spring Boot JAR,engagement-06,retail-engagement,PLANNED
129,497,30,engagement,svc-0297,engagement-07,SHARED_API_SERVICE,team-030,25,4.1.1,Gradle,9,Kotlin,Executable JAR,com.agilearning.retail.engagement.service0297,Engagement07Application,applications/backend/services/engagement/engagement-07,/api/v1/engagement/07,PUBLIC_AUTHENTICATED,retail-customer-web,retail-admin-web,Spring MVC,REST + OpenAPI 3.1,Spring Security OAuth2 Resource Server,Spring Data JDBC,PostgreSQL 18.6,engagement_svc_07,engagement,Flyway,10,10,0,3,4,3,4,0,Y,Y,Y,Y,Resilience4j + idempotency + retry,Actuator + Micrometer + OpenTelemetry,JUnit 5 + Testcontainers + ArchUnit + Spring Cloud Contract,OCI image + layered Spring Boot JAR,engagement-07,retail-engagement,PLANNED
129,498,30,engagement,svc-0298,engagement-08,SHARED_API_SERVICE,team-030,25,4.1.1,Gradle,9,Kotlin,Executable JAR,com.agilearning.retail.engagement.service0298,Engagement08Application,applications/backend/services/engagement/engagement-08,/api/v1/engagement/08,PUBLIC_AUTHENTICATED,retail-customer-web,retail-admin-web,Spring MVC,REST + OpenAPI 3.1,Spring Security OAuth2 Resource Server,Spring Data JDBC,PostgreSQL 18.6,engagement_svc_08,engagement,Flyway,10,10,0,6,4,6,4,0,Y,Y,Y,Y,Resilience4j + idempotency + retry,Actuator + Micrometer + OpenTelemetry,JUnit 5 + Testcontainers + ArchUnit + Spring Cloud Contract,OCI image + layered Spring Boot JAR,engagement-08,retail-engagement,PLANNED
129,499,30,engagement,svc-0299,engagement-09,SHARED_API_SERVICE,team-030,25,4.1.1,Gradle,9,Kotlin,Executable JAR,com.agilearning.retail.engagement.service0299,Engagement09Application,applications/backend/services/engagement/engagement-09,/api/v1/engagement/09,PUBLIC_AUTHENTICATED,retail-customer-web,retail-admin-web,Spring MVC,REST + OpenAPI 3.1,Spring Security OAuth2 Resource Server,Spring Data JDBC,PostgreSQL 18.6,engagement_svc_09,engagement,Flyway,10,10,0,3,4,3,4,0,Y,Y,Y,Y,Resilience4j + idempotency + retry,Actuator + Micrometer + OpenTelemetry,JUnit 5 + Testcontainers + ArchUnit + Spring Cloud Contract,OCI image + layered Spring Boot JAR,engagement-09,retail-engagement,PLANNED
129,500,30,engagement,svc-0300,engagement-10,SHARED_API_SERVICE,team-030,25,4.1.1,Gradle,9,Kotlin,Executable JAR,com.agilearning.retail.engagement.service0300,Engagement10Application,applications/backend/services/engagement/engagement-10,/api/v1/engagement/10,PUBLIC_AUTHENTICATED,retail-customer-web,retail-admin-web,Spring MVC,REST + OpenAPI 3.1,Spring Security OAuth2 Resource Server,Spring Data JDBC,PostgreSQL 18.6,engagement_svc_10,engagement,Flyway,10,10,0,6,4,6,4,0,Y,Y,Y,Y,Resilience4j + idempotency + retry,Actuator + Micrometer + OpenTelemetry,JUnit 5 + Testcontainers + ArchUnit + Spring Cloud Contract,OCI image + layered Spring Boot JAR,engagement-10,retail-engagement,PLANNED
129,501,31,reviews,svc-0301,reviews-01,SHARED_API_SERVICE,team-031,25,4.1.1,Gradle,9,Kotlin,Executable JAR,com.agilearning.retail.reviews.service0301,Reviews01Application,applications/backend/services/reviews/reviews-01,/api/v1/reviews/01,PUBLIC_AUTHENTICATED,retail-customer-web,retail-admin-web,Spring MVC,REST + OpenAPI 3.1,Spring Security OAuth2 Resource Server,Spring Data JDBC,PostgreSQL 18.6,reviews_svc_01,reviews,Flyway,10,10,0,9,0,9,0,0,Y,N,Y,N,Resilience4j + idempotency + retry,Actuator + Micrometer + OpenTelemetry,JUnit 5 + Testcontainers + ArchUnit + Spring Cloud Contract,OCI image + layered Spring Boot JAR,reviews-01,retail-reviews,PLANNED
129,502,31,reviews,svc-0302,reviews-02,SHARED_API_SERVICE,team-031,25,4.1.1,Gradle,9,Kotlin,Executable JAR,com.agilearning.retail.reviews.service0302,Reviews02Application,applications/backend/services/reviews/reviews-02,/api/v1/reviews/02,PUBLIC_AUTHENTICATED,retail-customer-web,retail-admin-web,Spring MVC,REST + OpenAPI 3.1,Spring Security OAuth2 Resource Server,Spring Data JDBC,PostgreSQL 18.6,reviews_svc_02,reviews,Flyway,10,10,0,9,0,9,0,0,Y,N,Y,N,Resilience4j + idempotency + retry,Actuator + Micrometer + OpenTelemetry,JUnit 5 + Testcontainers + ArchUnit + Spring Cloud Contract,OCI image + layered Spring Boot JAR,reviews-02,retail-reviews,PLANNED
129,503,31,reviews,svc-0303,reviews-03,SHARED_API_SERVICE,team-031,25,4.1.1,Gradle,9,Kotlin,Executable JAR,com.agilearning.retail.reviews.service0303,Reviews03Application,applications/backend/services/reviews/reviews-03,/api/v1/reviews/03,PUBLIC_AUTHENTICATED,retail-customer-web,retail-admin-web,Spring MVC,REST + OpenAPI 3.1,Spring Security OAuth2 Resource Server,Spring Data JDBC,PostgreSQL 18.6,reviews_svc_03,reviews,Flyway,10,10,0,9,0,9,0,0,Y,N,Y,N,Resilience4j + idempotency + retry,Actuator + Micrometer + OpenTelemetry,JUnit 5 + Testcontainers + ArchUnit + Spring Cloud Contract,OCI image + layered Spring Boot JAR,reviews-03,retail-reviews,PLANNED
129,504,31,reviews,svc-0304,reviews-04,SHARED_API_SERVICE,team-031,25,4.1.1,Gradle,9,Kotlin,Executable JAR,com.agilearning.retail.reviews.service0304,Reviews04Application,applications/backend/services/reviews/reviews-04,/api/v1/reviews/04,PUBLIC_AUTHENTICATED,retail-customer-web,retail-admin-web,Spring MVC,REST + OpenAPI 3.1,Spring Security OAuth2 Resource Server,Spring Data JDBC,PostgreSQL 18.6,reviews_svc_04,reviews,Flyway,10,10,0,6,0,6,0,0,Y,N,Y,N,Resilience4j + idempotency + retry,Actuator + Micrometer + OpenTelemetry,JUnit 5 + Testcontainers + ArchUnit + Spring Cloud Contract,OCI image + layered Spring Boot JAR,reviews-04,retail-reviews,PLANNED
129,505,31,reviews,svc-0305,reviews-05,SHARED_API_SERVICE,team-031,25,4.1.1,Gradle,9,Kotlin,Executable JAR,com.agilearning.retail.reviews.service0305,Reviews05Application,applications/backend/services/reviews/reviews-05,/api/v1/reviews/05,PUBLIC_AUTHENTICATED,retail-customer-web,retail-admin-web,Spring MVC,REST + OpenAPI 3.1,Spring Security OAuth2 Resource Server,Spring Data JDBC,PostgreSQL 18.6,reviews_svc_05,reviews,Flyway,10,10,0,6,0,6,0,0,Y,N,Y,N,Resilience4j + idempotency + retry,Actuator + Micrometer + OpenTelemetry,JUnit 5 + Testcontainers + ArchUnit + Spring Cloud Contract,OCI image + layered Spring Boot JAR,reviews-05,retail-reviews,PLANNED
129,506,31,reviews,svc-0306,reviews-06,SHARED_API_SERVICE,team-031,25,4.1.1,Gradle,9,Kotlin,Executable JAR,com.agilearning.retail.reviews.service0306,Reviews06Application,applications/backend/services/reviews/reviews-06,/api/v1/reviews/06,PUBLIC_AUTHENTICATED,retail-customer-web,retail-admin-web,Spring MVC,REST + OpenAPI 3.1,Spring Security OAuth2 Resource Server,Spring Data JDBC,PostgreSQL 18.6,reviews_svc_06,reviews,Flyway,10,10,0,3,0,3,0,0,Y,N,Y,N,Resilience4j + idempotency + retry,Actuator + Micrometer + OpenTelemetry,JUnit 5 + Testcontainers + ArchUnit + Spring Cloud Contract,OCI image + layered Spring Boot JAR,reviews-06,retail-reviews,PLANNED
129,507,31,reviews,svc-0307,reviews-07,SHARED_API_SERVICE,team-031,25,4.1.1,Gradle,9,Kotlin,Executable JAR,com.agilearning.retail.reviews.service0307,Reviews07Application,applications/backend/services/reviews/reviews-07,/api/v1/reviews/07,PUBLIC_AUTHENTICATED,retail-customer-web,retail-admin-web,Spring MVC,REST + OpenAPI 3.1,Spring Security OAuth2 Resource Server,Spring Data JDBC,PostgreSQL 18.6,reviews_svc_07,reviews,Flyway,10,10,0,3,0,3,0,0,Y,N,Y,N,Resilience4j + idempotency + retry,Actuator + Micrometer + OpenTelemetry,JUnit 5 + Testcontainers + ArchUnit + Spring Cloud Contract,OCI image + layered Spring Boot JAR,reviews-07,retail-reviews,PLANNED
129,508,31,reviews,svc-0308,reviews-08,SHARED_API_SERVICE,team-031,25,4.1.1,Gradle,9,Kotlin,Executable JAR,com.agilearning.retail.reviews.service0308,Reviews08Application,applications/backend/services/reviews/reviews-08,/api/v1/reviews/08,PUBLIC_AUTHENTICATED,retail-customer-web,retail-admin-web,Spring MVC,REST + OpenAPI 3.1,Spring Security OAuth2 Resource Server,Spring Data JDBC,PostgreSQL 18.6,reviews_svc_08,reviews,Flyway,10,10,0,6,0,6,0,0,Y,N,Y,N,Resilience4j + idempotency + retry,Actuator + Micrometer + OpenTelemetry,JUnit 5 + Testcontainers + ArchUnit + Spring Cloud Contract,OCI image + layered Spring Boot JAR,reviews-08,retail-reviews,PLANNED
129,509,31,reviews,svc-0309,reviews-09,SHARED_API_SERVICE,team-031,25,4.1.1,Gradle,9,Kotlin,Executable JAR,com.agilearning.retail.reviews.service0309,Reviews09Application,applications/backend/services/reviews/reviews-09,/api/v1/reviews/09,PUBLIC_AUTHENTICATED,retail-customer-web,retail-admin-web,Spring MVC,REST + OpenAPI 3.1,Spring Security OAuth2 Resource Server,Spring Data JDBC,PostgreSQL 18.6,reviews_svc_09,reviews,Flyway,10,10,0,3,0,3,0,0,Y,N,Y,N,Resilience4j + idempotency + retry,Actuator + Micrometer + OpenTelemetry,JUnit 5 + Testcontainers + ArchUnit + Spring Cloud Contract,OCI image + layered Spring Boot JAR,reviews-09,retail-reviews,PLANNED
129,510,31,reviews,svc-0310,reviews-10,SHARED_API_SERVICE,team-031,25,4.1.1,Gradle,9,Kotlin,Executable JAR,com.agilearning.retail.reviews.service0310,Reviews10Application,applications/backend/services/reviews/reviews-10,/api/v1/reviews/10,PUBLIC_AUTHENTICATED,retail-customer-web,retail-admin-web,Spring MVC,REST + OpenAPI 3.1,Spring Security OAuth2 Resource Server,Spring Data JDBC,PostgreSQL 18.6,reviews_svc_10,reviews,Flyway,10,10,0,6,0,6,0,0,Y,N,Y,N,Resilience4j + idempotency + retry,Actuator + Micrometer + OpenTelemetry,JUnit 5 + Testcontainers + ArchUnit + Spring Cloud Contract,OCI image + layered Spring Boot JAR,reviews-10,retail-reviews,PLANNED
129,511,32,content,svc-0311,content-01,SHARED_API_SERVICE,team-032,25,4.1.1,Gradle,9,Kotlin,Executable JAR,com.agilearning.retail.content.service0311,Content01Application,applications/backend/services/content/content-01,/api/v1/content/01,PUBLIC_AUTHENTICATED,retail-customer-web,retail-admin-web,Spring MVC,REST + OpenAPI 3.1,Spring Security OAuth2 Resource Server,Spring Data JDBC,PostgreSQL 18.6,content_svc_01,content,Flyway,10,10,0,9,4,9,4,0,Y,Y,Y,Y,Resilience4j + idempotency + retry,Actuator + Micrometer + OpenTelemetry,JUnit 5 + Testcontainers + ArchUnit + Spring Cloud Contract,OCI image + layered Spring Boot JAR,content-01,retail-content,PLANNED
129,512,32,content,svc-0312,content-02,SHARED_API_SERVICE,team-032,25,4.1.1,Gradle,9,Kotlin,Executable JAR,com.agilearning.retail.content.service0312,Content02Application,applications/backend/services/content/content-02,/api/v1/content/02,PUBLIC_AUTHENTICATED,retail-customer-web,retail-admin-web,Spring MVC,REST + OpenAPI 3.1,Spring Security OAuth2 Resource Server,Spring Data JDBC,PostgreSQL 18.6,content_svc_02,content,Flyway,10,10,0,9,4,9,4,0,Y,Y,Y,Y,Resilience4j + idempotency + retry,Actuator + Micrometer + OpenTelemetry,JUnit 5 + Testcontainers + ArchUnit + Spring Cloud Contract,OCI image + layered Spring Boot JAR,content-02,retail-content,PLANNED
129,513,32,content,svc-0313,content-03,SHARED_API_SERVICE,team-032,25,4.1.1,Gradle,9,Kotlin,Executable JAR,com.agilearning.retail.content.service0313,Content03Application,applications/backend/services/content/content-03,/api/v1/content/03,PUBLIC_AUTHENTICATED,retail-customer-web,retail-admin-web,Spring MVC,REST + OpenAPI 3.1,Spring Security OAuth2 Resource Server,Spring Data JDBC,PostgreSQL 18.6,content_svc_03,content,Flyway,10,10,0,9,4,9,4,0,Y,Y,Y,Y,Resilience4j + idempotency + retry,Actuator + Micrometer + OpenTelemetry,JUnit 5 + Testcontainers + ArchUnit + Spring Cloud Contract,OCI image + layered Spring Boot JAR,content-03,retail-content,PLANNED
129,514,32,content,svc-0314,content-04,SHARED_API_SERVICE,team-032,25,4.1.1,Gradle,9,Kotlin,Executable JAR,com.agilearning.retail.content.service0314,Content04Application,applications/backend/services/content/content-04,/api/v1/content/04,PUBLIC_AUTHENTICATED,retail-customer-web,retail-admin-web,Spring MVC,REST + OpenAPI 3.1,Spring Security OAuth2 Resource Server,Spring Data JDBC,PostgreSQL 18.6,content_svc_04,content,Flyway,10,10,0,6,4,6,4,0,Y,Y,Y,Y,Resilience4j + idempotency + retry,Actuator + Micrometer + OpenTelemetry,JUnit 5 + Testcontainers + ArchUnit + Spring Cloud Contract,OCI image + layered Spring Boot JAR,content-04,retail-content,PLANNED
129,515,32,content,svc-0315,content-05,SHARED_API_SERVICE,team-032,25,4.1.1,Gradle,9,Kotlin,Executable JAR,com.agilearning.retail.content.service0315,Content05Application,applications/backend/services/content/content-05,/api/v1/content/05,PUBLIC_AUTHENTICATED,retail-customer-web,retail-admin-web,Spring MVC,REST + OpenAPI 3.1,Spring Security OAuth2 Resource Server,Spring Data JDBC,PostgreSQL 18.6,content_svc_05,content,Flyway,10,10,0,6,4,6,4,0,Y,Y,Y,Y,Resilience4j + idempotency + retry,Actuator + Micrometer + OpenTelemetry,JUnit 5 + Testcontainers + ArchUnit + Spring Cloud Contract,OCI image + layered Spring Boot JAR,content-05,retail-content,PLANNED
129,516,32,content,svc-0316,content-06,SHARED_API_SERVICE,team-032,25,4.1.1,Gradle,9,Kotlin,Executable JAR,com.agilearning.retail.content.service0316,Content06Application,applications/backend/services/content/content-06,/api/v1/content/06,PUBLIC_AUTHENTICATED,retail-customer-web,retail-admin-web,Spring MVC,REST + OpenAPI 3.1,Spring Security OAuth2 Resource Server,Spring Data JDBC,PostgreSQL 18.6,content_svc_06,content,Flyway,10,10,0,3,4,3,4,0,Y,Y,Y,Y,Resilience4j + idempotency + retry,Actuator + Micrometer + OpenTelemetry,JUnit 5 + Testcontainers + ArchUnit + Spring Cloud Contract,OCI image + layered Spring Boot JAR,content-06,retail-content,PLANNED
129,517,32,content,svc-0317,content-07,SHARED_API_SERVICE,team-032,25,4.1.1,Gradle,9,Kotlin,Executable JAR,com.agilearning.retail.content.service0317,Content07Application,applications/backend/services/content/content-07,/api/v1/content/07,PUBLIC_AUTHENTICATED,retail-customer-web,retail-admin-web,Spring MVC,REST + OpenAPI 3.1,Spring Security OAuth2 Resource Server,Spring Data JDBC,PostgreSQL 18.6,content_svc_07,content,Flyway,10,10,0,3,4,3,4,0,Y,Y,Y,Y,Resilience4j + idempotency + retry,Actuator + Micrometer + OpenTelemetry,JUnit 5 + Testcontainers + ArchUnit + Spring Cloud Contract,OCI image + layered Spring Boot JAR,content-07,retail-content,PLANNED
129,518,32,content,svc-0318,content-08,SHARED_API_SERVICE,team-032,25,4.1.1,Gradle,9,Kotlin,Executable JAR,com.agilearning.retail.content.service0318,Content08Application,applications/backend/services/content/content-08,/api/v1/content/08,PUBLIC_AUTHENTICATED,retail-customer-web,retail-admin-web,Spring MVC,REST + OpenAPI 3.1,Spring Security OAuth2 Resource Server,Spring Data JDBC,PostgreSQL 18.6,content_svc_08,content,Flyway,10,10,0,6,4,6,4,0,Y,Y,Y,Y,Resilience4j + idempotency + retry,Actuator + Micrometer + OpenTelemetry,JUnit 5 + Testcontainers + ArchUnit + Spring Cloud Contract,OCI image + layered Spring Boot JAR,content-08,retail-content,PLANNED
129,519,32,content,svc-0319,content-09,SHARED_API_SERVICE,team-032,25,4.1.1,Gradle,9,Kotlin,Executable JAR,com.agilearning.retail.content.service0319,Content09Application,applications/backend/services/content/content-09,/api/v1/content/09,PUBLIC_AUTHENTICATED,retail-customer-web,retail-admin-web,Spring MVC,REST + OpenAPI 3.1,Spring Security OAuth2 Resource Server,Spring Data JDBC,PostgreSQL 18.6,content_svc_09,content,Flyway,10,10,0,3,4,3,4,0,Y,Y,Y,Y,Resilience4j + idempotency + retry,Actuator + Micrometer + OpenTelemetry,JUnit 5 + Testcontainers + ArchUnit + Spring Cloud Contract,OCI image + layered Spring Boot JAR,content-09,retail-content,PLANNED
129,520,32,content,svc-0320,content-10,SHARED_API_SERVICE,team-032,25,4.1.1,Gradle,9,Kotlin,Executable JAR,com.agilearning.retail.content.service0320,Content10Application,applications/backend/services/content/content-10,/api/v1/content/10,PUBLIC_AUTHENTICATED,retail-customer-web,retail-admin-web,Spring MVC,REST + OpenAPI 3.1,Spring Security OAuth2 Resource Server,Spring Data JDBC,PostgreSQL 18.6,content_svc_10,content,Flyway,10,10,0,6,4,6,4,0,Y,Y,Y,Y,Resilience4j + idempotency + retry,Actuator + Micrometer + OpenTelemetry,JUnit 5 + Testcontainers + ArchUnit + Spring Cloud Contract,OCI image + layered Spring Boot JAR,content-10,retail-content,PLANNED
129,521,33,notification,svc-0321,notification-01,INTERNAL_PLATFORM_SERVICE,team-033,25,4.1.1,Gradle,9,Kotlin,Executable JAR,com.agilearning.retail.notification.service0321,Notification01Application,applications/backend/services/notification/notification-01,/api/v1/notification/01,INTERNAL_AUTHORIZED,,,Spring MVC,REST + OpenAPI 3.1,Spring Security OAuth2 Resource Server,Spring Data JDBC,PostgreSQL 18.6,notification_svc_01,notification,Flyway,10,10,0,9,8,9,7,0,Y,Y,Y,Y,Resilience4j + idempotency + retry,Actuator + Micrometer + OpenTelemetry,JUnit 5 + Testcontainers + ArchUnit + Spring Cloud Contract,OCI image + layered Spring Boot JAR,notification-01,retail-notification,PLANNED
129,522,33,notification,svc-0322,notification-02,INTERNAL_PLATFORM_SERVICE,team-033,25,4.1.1,Gradle,9,Kotlin,Executable JAR,com.agilearning.retail.notification.service0322,Notification02Application,applications/backend/services/notification/notification-02,/api/v1/notification/02,INTERNAL_AUTHORIZED,,,Spring MVC,REST + OpenAPI 3.1,Spring Security OAuth2 Resource Server,Spring Data JDBC,PostgreSQL 18.6,notification_svc_02,notification,Flyway,10,10,0,9,8,9,8,0,Y,Y,Y,Y,Resilience4j + idempotency + retry,Actuator + Micrometer + OpenTelemetry,JUnit 5 + Testcontainers + ArchUnit + Spring Cloud Contract,OCI image + layered Spring Boot JAR,notification-02,retail-notification,PLANNED
129,523,33,notification,svc-0323,notification-03,INTERNAL_PLATFORM_SERVICE,team-033,25,4.1.1,Gradle,9,Kotlin,Executable JAR,com.agilearning.retail.notification.service0323,Notification03Application,applications/backend/services/notification/notification-03,/api/v1/notification/03,INTERNAL_AUTHORIZED,,,Spring MVC,REST + OpenAPI 3.1,Spring Security OAuth2 Resource Server,Spring Data JDBC,PostgreSQL 18.6,notification_svc_03,notification,Flyway,10,10,0,9,8,9,8,0,Y,Y,Y,Y,Resilience4j + idempotency + retry,Actuator + Micrometer + OpenTelemetry,JUnit 5 + Testcontainers + ArchUnit + Spring Cloud Contract,OCI image + layered Spring Boot JAR,notification-03,retail-notification,PLANNED
129,524,33,notification,svc-0324,notification-04,INTERNAL_PLATFORM_SERVICE,team-033,25,4.1.1,Gradle,9,Kotlin,Executable JAR,com.agilearning.retail.notification.service0324,Notification04Application,applications/backend/services/notification/notification-04,/api/v1/notification/04,INTERNAL_AUTHORIZED,,,Spring MVC,REST + OpenAPI 3.1,Spring Security OAuth2 Resource Server,Spring Data JDBC,PostgreSQL 18.6,notification_svc_04,notification,Flyway,10,10,0,6,8,6,8,0,Y,Y,Y,Y,Resilience4j + idempotency + retry,Actuator + Micrometer + OpenTelemetry,JUnit 5 + Testcontainers + ArchUnit + Spring Cloud Contract,OCI image + layered Spring Boot JAR,notification-04,retail-notification,PLANNED
129,525,33,notification,svc-0325,notification-05,INTERNAL_PLATFORM_SERVICE,team-033,25,4.1.1,Gradle,9,Kotlin,Executable JAR,com.agilearning.retail.notification.service0325,Notification05Application,applications/backend/services/notification/notification-05,/api/v1/notification/05,INTERNAL_AUTHORIZED,,,Spring MVC,REST + OpenAPI 3.1,Spring Security OAuth2 Resource Server,Spring Data JDBC,PostgreSQL 18.6,notification_svc_05,notification,Flyway,10,10,0,6,8,6,8,0,Y,Y,Y,Y,Resilience4j + idempotency + retry,Actuator + Micrometer + OpenTelemetry,JUnit 5 + Testcontainers + ArchUnit + Spring Cloud Contract,OCI image + layered Spring Boot JAR,notification-05,retail-notification,PLANNED
129,526,33,notification,svc-0326,notification-06,INTERNAL_PLATFORM_SERVICE,team-033,25,4.1.1,Gradle,9,Kotlin,Executable JAR,com.agilearning.retail.notification.service0326,Notification06Application,applications/backend/services/notification/notification-06,/api/v1/notification/06,INTERNAL_AUTHORIZED,,,Spring MVC,REST + OpenAPI 3.1,Spring Security OAuth2 Resource Server,Spring Data JDBC,PostgreSQL 18.6,notification_svc_06,notification,Flyway,10,10,0,3,8,3,8,0,Y,Y,Y,Y,Resilience4j + idempotency + retry,Actuator + Micrometer + OpenTelemetry,JUnit 5 + Testcontainers + ArchUnit + Spring Cloud Contract,OCI image + layered Spring Boot JAR,notification-06,retail-notification,PLANNED
129,527,33,notification,svc-0327,notification-07,INTERNAL_PLATFORM_SERVICE,team-033,25,4.1.1,Gradle,9,Kotlin,Executable JAR,com.agilearning.retail.notification.service0327,Notification07Application,applications/backend/services/notification/notification-07,/api/v1/notification/07,INTERNAL_AUTHORIZED,,,Spring MVC,REST + OpenAPI 3.1,Spring Security OAuth2 Resource Server,Spring Data JDBC,PostgreSQL 18.6,notification_svc_07,notification,Flyway,10,10,0,3,8,3,8,0,Y,Y,Y,Y,Resilience4j + idempotency + retry,Actuator + Micrometer + OpenTelemetry,JUnit 5 + Testcontainers + ArchUnit + Spring Cloud Contract,OCI image + layered Spring Boot JAR,notification-07,retail-notification,PLANNED
129,528,33,notification,svc-0328,notification-08,INTERNAL_PLATFORM_SERVICE,team-033,25,4.1.1,Gradle,9,Kotlin,Executable JAR,com.agilearning.retail.notification.service0328,Notification08Application,applications/backend/services/notification/notification-08,/api/v1/notification/08,INTERNAL_AUTHORIZED,,,Spring MVC,REST + OpenAPI 3.1,Spring Security OAuth2 Resource Server,Spring Data JDBC,PostgreSQL 18.6,notification_svc_08,notification,Flyway,10,10,0,6,8,6,8,0,Y,Y,Y,Y,Resilience4j + idempotency + retry,Actuator + Micrometer + OpenTelemetry,JUnit 5 + Testcontainers + ArchUnit + Spring Cloud Contract,OCI image + layered Spring Boot JAR,notification-08,retail-notification,PLANNED
129,529,33,notification,svc-0329,notification-09,INTERNAL_PLATFORM_SERVICE,team-033,25,4.1.1,Gradle,9,Kotlin,Executable JAR,com.agilearning.retail.notification.service0329,Notification09Application,applications/backend/services/notification/notification-09,/api/v1/notification/09,INTERNAL_AUTHORIZED,,,Spring MVC,REST + OpenAPI 3.1,Spring Security OAuth2 Resource Server,Spring Data JDBC,PostgreSQL 18.6,notification_svc_09,notification,Flyway,10,10,0,3,8,3,8,0,Y,Y,Y,Y,Resilience4j + idempotency + retry,Actuator + Micrometer + OpenTelemetry,JUnit 5 + Testcontainers + ArchUnit + Spring Cloud Contract,OCI image + layered Spring Boot JAR,notification-09,retail-notification,PLANNED
129,530,33,notification,svc-0330,notification-10,INTERNAL_PLATFORM_SERVICE,team-033,25,4.1.1,Gradle,9,Kotlin,Executable JAR,com.agilearning.retail.notification.service0330,Notification10Application,applications/backend/services/notification/notification-10,/api/v1/notification/10,INTERNAL_AUTHORIZED,,,Spring MVC,REST + OpenAPI 3.1,Spring Security OAuth2 Resource Server,Spring Data JDBC,PostgreSQL 18.6,notification_svc_10,notification,Flyway,10,10,0,6,8,6,8,0,Y,Y,Y,Y,Resilience4j + idempotency + retry,Actuator + Micrometer + OpenTelemetry,JUnit 5 + Testcontainers + ArchUnit + Spring Cloud Contract,OCI image + layered Spring Boot JAR,notification-10,retail-notification,PLANNED
129,531,34,support,svc-0331,support-01,SHARED_API_SERVICE,team-034,25,4.1.1,Gradle,9,Kotlin,Executable JAR,com.agilearning.retail.support.service0331,Support01Application,applications/backend/services/support/support-01,/api/v1/support/01,PUBLIC_AUTHENTICATED,retail-customer-web,retail-admin-web,Spring MVC,REST + OpenAPI 3.1,Spring Security OAuth2 Resource Server,Spring Data JDBC,PostgreSQL 18.6,support_svc_01,support,Flyway,10,10,0,9,6,8,6,1,Y,Y,Y,Y,Resilience4j + idempotency + retry,Actuator + Micrometer + OpenTelemetry,JUnit 5 + Testcontainers + ArchUnit + Spring Cloud Contract,OCI image + layered Spring Boot JAR,support-01,retail-support,PLANNED
129,532,34,support,svc-0332,support-02,SHARED_API_SERVICE,team-034,25,4.1.1,Gradle,9,Kotlin,Executable JAR,com.agilearning.retail.support.service0332,Support02Application,applications/backend/services/support/support-02,/api/v1/support/02,PUBLIC_AUTHENTICATED,retail-customer-web,retail-admin-web,Spring MVC,REST + OpenAPI 3.1,Spring Security OAuth2 Resource Server,Spring Data JDBC,PostgreSQL 18.6,support_svc_02,support,Flyway,10,10,0,9,6,9,6,0,Y,Y,Y,Y,Resilience4j + idempotency + retry,Actuator + Micrometer + OpenTelemetry,JUnit 5 + Testcontainers + ArchUnit + Spring Cloud Contract,OCI image + layered Spring Boot JAR,support-02,retail-support,PLANNED
129,533,34,support,svc-0333,support-03,SHARED_API_SERVICE,team-034,25,4.1.1,Gradle,9,Kotlin,Executable JAR,com.agilearning.retail.support.service0333,Support03Application,applications/backend/services/support/support-03,/api/v1/support/03,PUBLIC_AUTHENTICATED,retail-customer-web,retail-admin-web,Spring MVC,REST + OpenAPI 3.1,Spring Security OAuth2 Resource Server,Spring Data JDBC,PostgreSQL 18.6,support_svc_03,support,Flyway,10,10,0,9,6,9,6,0,Y,Y,Y,Y,Resilience4j + idempotency + retry,Actuator + Micrometer + OpenTelemetry,JUnit 5 + Testcontainers + ArchUnit + Spring Cloud Contract,OCI image + layered Spring Boot JAR,support-03,retail-support,PLANNED
129,534,34,support,svc-0334,support-04,SHARED_API_SERVICE,team-034,25,4.1.1,Gradle,9,Kotlin,Executable JAR,com.agilearning.retail.support.service0334,Support04Application,applications/backend/services/support/support-04,/api/v1/support/04,PUBLIC_AUTHENTICATED,retail-customer-web,retail-admin-web,Spring MVC,REST + OpenAPI 3.1,Spring Security OAuth2 Resource Server,Spring Data JDBC,PostgreSQL 18.6,support_svc_04,support,Flyway,10,10,0,6,6,6,6,0,Y,Y,Y,Y,Resilience4j + idempotency + retry,Actuator + Micrometer + OpenTelemetry,JUnit 5 + Testcontainers + ArchUnit + Spring Cloud Contract,OCI image + layered Spring Boot JAR,support-04,retail-support,PLANNED
129,535,34,support,svc-0335,support-05,SHARED_API_SERVICE,team-034,25,4.1.1,Gradle,9,Kotlin,Executable JAR,com.agilearning.retail.support.service0335,Support05Application,applications/backend/services/support/support-05,/api/v1/support/05,PUBLIC_AUTHENTICATED,retail-customer-web,retail-admin-web,Spring MVC,REST + OpenAPI 3.1,Spring Security OAuth2 Resource Server,Spring Data JDBC,PostgreSQL 18.6,support_svc_05,support,Flyway,10,10,0,6,6,6,6,0,Y,Y,Y,Y,Resilience4j + idempotency + retry,Actuator + Micrometer + OpenTelemetry,JUnit 5 + Testcontainers + ArchUnit + Spring Cloud Contract,OCI image + layered Spring Boot JAR,support-05,retail-support,PLANNED
129,536,34,support,svc-0336,support-06,SHARED_API_SERVICE,team-034,25,4.1.1,Gradle,9,Kotlin,Executable JAR,com.agilearning.retail.support.service0336,Support06Application,applications/backend/services/support/support-06,/api/v1/support/06,PUBLIC_AUTHENTICATED,retail-customer-web,retail-admin-web,Spring MVC,REST + OpenAPI 3.1,Spring Security OAuth2 Resource Server,Spring Data JDBC,PostgreSQL 18.6,support_svc_06,support,Flyway,10,10,0,3,6,3,6,0,Y,Y,Y,Y,Resilience4j + idempotency + retry,Actuator + Micrometer + OpenTelemetry,JUnit 5 + Testcontainers + ArchUnit + Spring Cloud Contract,OCI image + layered Spring Boot JAR,support-06,retail-support,PLANNED
129,537,34,support,svc-0337,support-07,SHARED_API_SERVICE,team-034,25,4.1.1,Gradle,9,Kotlin,Executable JAR,com.agilearning.retail.support.service0337,Support07Application,applications/backend/services/support/support-07,/api/v1/support/07,PUBLIC_AUTHENTICATED,retail-customer-web,retail-admin-web,Spring MVC,REST + OpenAPI 3.1,Spring Security OAuth2 Resource Server,Spring Data JDBC,PostgreSQL 18.6,support_svc_07,support,Flyway,10,10,0,3,6,3,6,0,Y,Y,Y,Y,Resilience4j + idempotency + retry,Actuator + Micrometer + OpenTelemetry,JUnit 5 + Testcontainers + ArchUnit + Spring Cloud Contract,OCI image + layered Spring Boot JAR,support-07,retail-support,PLANNED
129,538,34,support,svc-0338,support-08,SHARED_API_SERVICE,team-034,25,4.1.1,Gradle,9,Kotlin,Executable JAR,com.agilearning.retail.support.service0338,Support08Application,applications/backend/services/support/support-08,/api/v1/support/08,PUBLIC_AUTHENTICATED,retail-customer-web,retail-admin-web,Spring MVC,REST + OpenAPI 3.1,Spring Security OAuth2 Resource Server,Spring Data JDBC,PostgreSQL 18.6,support_svc_08,support,Flyway,10,10,0,6,6,6,6,0,Y,Y,Y,Y,Resilience4j + idempotency + retry,Actuator + Micrometer + OpenTelemetry,JUnit 5 + Testcontainers + ArchUnit + Spring Cloud Contract,OCI image + layered Spring Boot JAR,support-08,retail-support,PLANNED
129,539,34,support,svc-0339,support-09,SHARED_API_SERVICE,team-034,25,4.1.1,Gradle,9,Kotlin,Executable JAR,com.agilearning.retail.support.service0339,Support09Application,applications/backend/services/support/support-09,/api/v1/support/09,PUBLIC_AUTHENTICATED,retail-customer-web,retail-admin-web,Spring MVC,REST + OpenAPI 3.1,Spring Security OAuth2 Resource Server,Spring Data JDBC,PostgreSQL 18.6,support_svc_09,support,Flyway,10,10,0,3,6,3,6,0,Y,Y,Y,Y,Resilience4j + idempotency + retry,Actuator + Micrometer + OpenTelemetry,JUnit 5 + Testcontainers + ArchUnit + Spring Cloud Contract,OCI image + layered Spring Boot JAR,support-09,retail-support,PLANNED
129,540,34,support,svc-0340,support-10,SHARED_API_SERVICE,team-034,25,4.1.1,Gradle,9,Kotlin,Executable JAR,com.agilearning.retail.support.service0340,Support10Application,applications/backend/services/support/support-10,/api/v1/support/10,PUBLIC_AUTHENTICATED,retail-customer-web,retail-admin-web,Spring MVC,REST + OpenAPI 3.1,Spring Security OAuth2 Resource Server,Spring Data JDBC,PostgreSQL 18.6,support_svc_10,support,Flyway,10,10,0,6,6,6,6,0,Y,Y,Y,Y,Resilience4j + idempotency + retry,Actuator + Micrometer + OpenTelemetry,JUnit 5 + Testcontainers + ArchUnit + Spring Cloud Contract,OCI image + layered Spring Boot JAR,support-10,retail-support,PLANNED
129,541,35,crm,svc-0341,crm-01,ADMIN_API_SERVICE,team-035,25,4.1.1,Gradle,9,Kotlin,Executable JAR,com.agilearning.retail.crm.service0341,Crm01Application,applications/backend/services/crm/crm-01,/api/v1/crm/01,INTERNAL_AUTHORIZED,,retail-admin-web,Spring MVC,REST + OpenAPI 3.1,Spring Security OAuth2 Resource Server,Spring Data JDBC,PostgreSQL 18.6,crm_svc_01,crm,Flyway,10,10,0,9,0,9,0,0,Y,N,Y,N,Resilience4j + idempotency + retry,Actuator + Micrometer + OpenTelemetry,JUnit 5 + Testcontainers + ArchUnit + Spring Cloud Contract,OCI image + layered Spring Boot JAR,crm-01,retail-crm,PLANNED
129,542,35,crm,svc-0342,crm-02,ADMIN_API_SERVICE,team-035,25,4.1.1,Gradle,9,Kotlin,Executable JAR,com.agilearning.retail.crm.service0342,Crm02Application,applications/backend/services/crm/crm-02,/api/v1/crm/02,INTERNAL_AUTHORIZED,,retail-admin-web,Spring MVC,REST + OpenAPI 3.1,Spring Security OAuth2 Resource Server,Spring Data JDBC,PostgreSQL 18.6,crm_svc_02,crm,Flyway,10,10,0,9,0,9,0,0,Y,N,Y,N,Resilience4j + idempotency + retry,Actuator + Micrometer + OpenTelemetry,JUnit 5 + Testcontainers + ArchUnit + Spring Cloud Contract,OCI image + layered Spring Boot JAR,crm-02,retail-crm,PLANNED
129,543,35,crm,svc-0343,crm-03,ADMIN_API_SERVICE,team-035,25,4.1.1,Gradle,9,Kotlin,Executable JAR,com.agilearning.retail.crm.service0343,Crm03Application,applications/backend/services/crm/crm-03,/api/v1/crm/03,INTERNAL_AUTHORIZED,,retail-admin-web,Spring MVC,REST + OpenAPI 3.1,Spring Security OAuth2 Resource Server,Spring Data JDBC,PostgreSQL 18.6,crm_svc_03,crm,Flyway,10,10,0,9,0,9,0,0,Y,N,Y,N,Resilience4j + idempotency + retry,Actuator + Micrometer + OpenTelemetry,JUnit 5 + Testcontainers + ArchUnit + Spring Cloud Contract,OCI image + layered Spring Boot JAR,crm-03,retail-crm,PLANNED
129,544,35,crm,svc-0344,crm-04,ADMIN_API_SERVICE,team-035,25,4.1.1,Gradle,9,Kotlin,Executable JAR,com.agilearning.retail.crm.service0344,Crm04Application,applications/backend/services/crm/crm-04,/api/v1/crm/04,INTERNAL_AUTHORIZED,,retail-admin-web,Spring MVC,REST + OpenAPI 3.1,Spring Security OAuth2 Resource Server,Spring Data JDBC,PostgreSQL 18.6,crm_svc_04,crm,Flyway,10,10,0,6,0,6,0,0,Y,N,Y,N,Resilience4j + idempotency + retry,Actuator + Micrometer + OpenTelemetry,JUnit 5 + Testcontainers + ArchUnit + Spring Cloud Contract,OCI image + layered Spring Boot JAR,crm-04,retail-crm,PLANNED
129,545,35,crm,svc-0345,crm-05,ADMIN_API_SERVICE,team-035,25,4.1.1,Gradle,9,Kotlin,Executable JAR,com.agilearning.retail.crm.service0345,Crm05Application,applications/backend/services/crm/crm-05,/api/v1/crm/05,INTERNAL_AUTHORIZED,,retail-admin-web,Spring MVC,REST + OpenAPI 3.1,Spring Security OAuth2 Resource Server,Spring Data JDBC,PostgreSQL 18.6,crm_svc_05,crm,Flyway,10,10,0,6,0,6,0,0,Y,N,Y,N,Resilience4j + idempotency + retry,Actuator + Micrometer + OpenTelemetry,JUnit 5 + Testcontainers + ArchUnit + Spring Cloud Contract,OCI image + layered Spring Boot JAR,crm-05,retail-crm,PLANNED
129,546,35,crm,svc-0346,crm-06,ADMIN_API_SERVICE,team-035,25,4.1.1,Gradle,9,Kotlin,Executable JAR,com.agilearning.retail.crm.service0346,Crm06Application,applications/backend/services/crm/crm-06,/api/v1/crm/06,INTERNAL_AUTHORIZED,,retail-admin-web,Spring MVC,REST + OpenAPI 3.1,Spring Security OAuth2 Resource Server,Spring Data JDBC,PostgreSQL 18.6,crm_svc_06,crm,Flyway,10,10,0,3,0,3,0,0,Y,N,Y,N,Resilience4j + idempotency + retry,Actuator + Micrometer + OpenTelemetry,JUnit 5 + Testcontainers + ArchUnit + Spring Cloud Contract,OCI image + layered Spring Boot JAR,crm-06,retail-crm,PLANNED
129,547,35,crm,svc-0347,crm-07,ADMIN_API_SERVICE,team-035,25,4.1.1,Gradle,9,Kotlin,Executable JAR,com.agilearning.retail.crm.service0347,Crm07Application,applications/backend/services/crm/crm-07,/api/v1/crm/07,INTERNAL_AUTHORIZED,,retail-admin-web,Spring MVC,REST + OpenAPI 3.1,Spring Security OAuth2 Resource Server,Spring Data JDBC,PostgreSQL 18.6,crm_svc_07,crm,Flyway,10,10,0,3,0,3,0,0,Y,N,Y,N,Resilience4j + idempotency + retry,Actuator + Micrometer + OpenTelemetry,JUnit 5 + Testcontainers + ArchUnit + Spring Cloud Contract,OCI image + layered Spring Boot JAR,crm-07,retail-crm,PLANNED
129,548,35,crm,svc-0348,crm-08,ADMIN_API_SERVICE,team-035,25,4.1.1,Gradle,9,Kotlin,Executable JAR,com.agilearning.retail.crm.service0348,Crm08Application,applications/backend/services/crm/crm-08,/api/v1/crm/08,INTERNAL_AUTHORIZED,,retail-admin-web,Spring MVC,REST + OpenAPI 3.1,Spring Security OAuth2 Resource Server,Spring Data JDBC,PostgreSQL 18.6,crm_svc_08,crm,Flyway,10,10,0,6,0,6,0,0,Y,N,Y,N,Resilience4j + idempotency + retry,Actuator + Micrometer + OpenTelemetry,JUnit 5 + Testcontainers + ArchUnit + Spring Cloud Contract,OCI image + layered Spring Boot JAR,crm-08,retail-crm,PLANNED
129,549,35,crm,svc-0349,crm-09,ADMIN_API_SERVICE,team-035,25,4.1.1,Gradle,9,Kotlin,Executable JAR,com.agilearning.retail.crm.service0349,Crm09Application,applications/backend/services/crm/crm-09,/api/v1/crm/09,INTERNAL_AUTHORIZED,,retail-admin-web,Spring MVC,REST + OpenAPI 3.1,Spring Security OAuth2 Resource Server,Spring Data JDBC,PostgreSQL 18.6,crm_svc_09,crm,Flyway,10,10,0,3,0,3,0,0,Y,N,Y,N,Resilience4j + idempotency + retry,Actuator + Micrometer + OpenTelemetry,JUnit 5 + Testcontainers + ArchUnit + Spring Cloud Contract,OCI image + layered Spring Boot JAR,crm-09,retail-crm,PLANNED
129,550,35,crm,svc-0350,crm-10,ADMIN_API_SERVICE,team-035,25,4.1.1,Gradle,9,Kotlin,Executable JAR,com.agilearning.retail.crm.service0350,Crm10Application,applications/backend/services/crm/crm-10,/api/v1/crm/10,INTERNAL_AUTHORIZED,,retail-admin-web,Spring MVC,REST + OpenAPI 3.1,Spring Security OAuth2 Resource Server,Spring Data JDBC,PostgreSQL 18.6,crm_svc_10,crm,Flyway,10,10,0,6,0,6,0,0,Y,N,Y,N,Resilience4j + idempotency + retry,Actuator + Micrometer + OpenTelemetry,JUnit 5 + Testcontainers + ArchUnit + Spring Cloud Contract,OCI image + layered Spring Boot JAR,crm-10,retail-crm,PLANNED
129,551,36,marketplace,svc-0351,marketplace-01,SHARED_API_SERVICE,team-036,25,4.1.1,Gradle,9,Kotlin,Executable JAR,com.agilearning.retail.marketplace.service0351,Marketplace01Application,applications/backend/services/marketplace/marketplace-01,/api/v1/marketplace/01,PUBLIC_AUTHENTICATED,retail-customer-web,retail-admin-web,Spring MVC,REST + OpenAPI 3.1,Spring Security OAuth2 Resource Server,Spring Data JDBC,PostgreSQL 18.6,marketplace_svc_01,marketplace,Flyway,10,10,0,9,2,9,2,0,Y,Y,Y,Y,Resilience4j + idempotency + retry,Actuator + Micrometer + OpenTelemetry,JUnit 5 + Testcontainers + ArchUnit + Spring Cloud Contract,OCI image + layered Spring Boot JAR,marketplace-01,retail-marketplace,PLANNED
129,552,36,marketplace,svc-0352,marketplace-02,SHARED_API_SERVICE,team-036,25,4.1.1,Gradle,9,Kotlin,Executable JAR,com.agilearning.retail.marketplace.service0352,Marketplace02Application,applications/backend/services/marketplace/marketplace-02,/api/v1/marketplace/02,PUBLIC_AUTHENTICATED,retail-customer-web,retail-admin-web,Spring MVC,REST + OpenAPI 3.1,Spring Security OAuth2 Resource Server,Spring Data JDBC,PostgreSQL 18.6,marketplace_svc_02,marketplace,Flyway,10,10,0,9,2,9,2,0,Y,Y,Y,Y,Resilience4j + idempotency + retry,Actuator + Micrometer + OpenTelemetry,JUnit 5 + Testcontainers + ArchUnit + Spring Cloud Contract,OCI image + layered Spring Boot JAR,marketplace-02,retail-marketplace,PLANNED
129,553,36,marketplace,svc-0353,marketplace-03,SHARED_API_SERVICE,team-036,25,4.1.1,Gradle,9,Kotlin,Executable JAR,com.agilearning.retail.marketplace.service0353,Marketplace03Application,applications/backend/services/marketplace/marketplace-03,/api/v1/marketplace/03,PUBLIC_AUTHENTICATED,retail-customer-web,retail-admin-web,Spring MVC,REST + OpenAPI 3.1,Spring Security OAuth2 Resource Server,Spring Data JDBC,PostgreSQL 18.6,marketplace_svc_03,marketplace,Flyway,10,10,0,9,2,9,2,0,Y,Y,Y,Y,Resilience4j + idempotency + retry,Actuator + Micrometer + OpenTelemetry,JUnit 5 + Testcontainers + ArchUnit + Spring Cloud Contract,OCI image + layered Spring Boot JAR,marketplace-03,retail-marketplace,PLANNED
129,554,36,marketplace,svc-0354,marketplace-04,SHARED_API_SERVICE,team-036,25,4.1.1,Gradle,9,Kotlin,Executable JAR,com.agilearning.retail.marketplace.service0354,Marketplace04Application,applications/backend/services/marketplace/marketplace-04,/api/v1/marketplace/04,PUBLIC_AUTHENTICATED,retail-customer-web,retail-admin-web,Spring MVC,REST + OpenAPI 3.1,Spring Security OAuth2 Resource Server,Spring Data JDBC,PostgreSQL 18.6,marketplace_svc_04,marketplace,Flyway,10,10,0,6,2,6,2,0,Y,Y,Y,Y,Resilience4j + idempotency + retry,Actuator + Micrometer + OpenTelemetry,JUnit 5 + Testcontainers + ArchUnit + Spring Cloud Contract,OCI image + layered Spring Boot JAR,marketplace-04,retail-marketplace,PLANNED
129,555,36,marketplace,svc-0355,marketplace-05,SHARED_API_SERVICE,team-036,25,4.1.1,Gradle,9,Kotlin,Executable JAR,com.agilearning.retail.marketplace.service0355,Marketplace05Application,applications/backend/services/marketplace/marketplace-05,/api/v1/marketplace/05,PUBLIC_AUTHENTICATED,retail-customer-web,retail-admin-web,Spring MVC,REST + OpenAPI 3.1,Spring Security OAuth2 Resource Server,Spring Data JDBC,PostgreSQL 18.6,marketplace_svc_05,marketplace,Flyway,10,10,0,6,2,6,2,0,Y,Y,Y,Y,Resilience4j + idempotency + retry,Actuator + Micrometer + OpenTelemetry,JUnit 5 + Testcontainers + ArchUnit + Spring Cloud Contract,OCI image + layered Spring Boot JAR,marketplace-05,retail-marketplace,PLANNED
129,556,36,marketplace,svc-0356,marketplace-06,SHARED_API_SERVICE,team-036,25,4.1.1,Gradle,9,Kotlin,Executable JAR,com.agilearning.retail.marketplace.service0356,Marketplace06Application,applications/backend/services/marketplace/marketplace-06,/api/v1/marketplace/06,PUBLIC_AUTHENTICATED,retail-customer-web,retail-admin-web,Spring MVC,REST + OpenAPI 3.1,Spring Security OAuth2 Resource Server,Spring Data JDBC,PostgreSQL 18.6,marketplace_svc_06,marketplace,Flyway,10,10,0,3,2,3,2,0,Y,Y,Y,Y,Resilience4j + idempotency + retry,Actuator + Micrometer + OpenTelemetry,JUnit 5 + Testcontainers + ArchUnit + Spring Cloud Contract,OCI image + layered Spring Boot JAR,marketplace-06,retail-marketplace,PLANNED
129,557,36,marketplace,svc-0357,marketplace-07,SHARED_API_SERVICE,team-036,25,4.1.1,Gradle,9,Kotlin,Executable JAR,com.agilearning.retail.marketplace.service0357,Marketplace07Application,applications/backend/services/marketplace/marketplace-07,/api/v1/marketplace/07,PUBLIC_AUTHENTICATED,retail-customer-web,retail-admin-web,Spring MVC,REST + OpenAPI 3.1,Spring Security OAuth2 Resource Server,Spring Data JDBC,PostgreSQL 18.6,marketplace_svc_07,marketplace,Flyway,10,10,0,3,2,3,2,0,Y,Y,Y,Y,Resilience4j + idempotency + retry,Actuator + Micrometer + OpenTelemetry,JUnit 5 + Testcontainers + ArchUnit + Spring Cloud Contract,OCI image + layered Spring Boot JAR,marketplace-07,retail-marketplace,PLANNED
129,558,36,marketplace,svc-0358,marketplace-08,SHARED_API_SERVICE,team-036,25,4.1.1,Gradle,9,Kotlin,Executable JAR,com.agilearning.retail.marketplace.service0358,Marketplace08Application,applications/backend/services/marketplace/marketplace-08,/api/v1/marketplace/08,PUBLIC_AUTHENTICATED,retail-customer-web,retail-admin-web,Spring MVC,REST + OpenAPI 3.1,Spring Security OAuth2 Resource Server,Spring Data JDBC,PostgreSQL 18.6,marketplace_svc_08,marketplace,Flyway,10,10,0,6,2,6,2,0,Y,Y,Y,Y,Resilience4j + idempotency + retry,Actuator + Micrometer + OpenTelemetry,JUnit 5 + Testcontainers + ArchUnit + Spring Cloud Contract,OCI image + layered Spring Boot JAR,marketplace-08,retail-marketplace,PLANNED
129,559,36,marketplace,svc-0359,marketplace-09,SHARED_API_SERVICE,team-036,25,4.1.1,Gradle,9,Kotlin,Executable JAR,com.agilearning.retail.marketplace.service0359,Marketplace09Application,applications/backend/services/marketplace/marketplace-09,/api/v1/marketplace/09,PUBLIC_AUTHENTICATED,retail-customer-web,retail-admin-web,Spring MVC,REST + OpenAPI 3.1,Spring Security OAuth2 Resource Server,Spring Data JDBC,PostgreSQL 18.6,marketplace_svc_09,marketplace,Flyway,10,10,0,3,2,3,2,0,Y,Y,Y,Y,Resilience4j + idempotency + retry,Actuator + Micrometer + OpenTelemetry,JUnit 5 + Testcontainers + ArchUnit + Spring Cloud Contract,OCI image + layered Spring Boot JAR,marketplace-09,retail-marketplace,PLANNED
129,560,36,marketplace,svc-0360,marketplace-10,SHARED_API_SERVICE,team-036,25,4.1.1,Gradle,9,Kotlin,Executable JAR,com.agilearning.retail.marketplace.service0360,Marketplace10Application,applications/backend/services/marketplace/marketplace-10,/api/v1/marketplace/10,PUBLIC_AUTHENTICATED,retail-customer-web,retail-admin-web,Spring MVC,REST + OpenAPI 3.1,Spring Security OAuth2 Resource Server,Spring Data JDBC,PostgreSQL 18.6,marketplace_svc_10,marketplace,Flyway,10,10,0,6,2,6,2,0,Y,Y,Y,Y,Resilience4j + idempotency + retry,Actuator + Micrometer + OpenTelemetry,JUnit 5 + Testcontainers + ArchUnit + Spring Cloud Contract,OCI image + layered Spring Boot JAR,marketplace-10,retail-marketplace,PLANNED
129,561,37,b2b,svc-0361,b2b-01,ADMIN_API_SERVICE,team-037,25,4.1.1,Gradle,9,Kotlin,Executable JAR,com.agilearning.retail.b2b.service0361,B2b01Application,applications/backend/services/b2b/b2b-01,/api/v1/b2b/01,INTERNAL_AUTHORIZED,,retail-admin-web,Spring MVC,REST + OpenAPI 3.1,Spring Security OAuth2 Resource Server,Spring Data JDBC,PostgreSQL 18.6,b2b_svc_01,b2b,Flyway,10,10,0,9,2,9,2,0,Y,Y,Y,Y,Resilience4j + idempotency + retry,Actuator + Micrometer + OpenTelemetry,JUnit 5 + Testcontainers + ArchUnit + Spring Cloud Contract,OCI image + layered Spring Boot JAR,b2b-01,retail-b2b,PLANNED
129,562,37,b2b,svc-0362,b2b-02,ADMIN_API_SERVICE,team-037,25,4.1.1,Gradle,9,Kotlin,Executable JAR,com.agilearning.retail.b2b.service0362,B2b02Application,applications/backend/services/b2b/b2b-02,/api/v1/b2b/02,INTERNAL_AUTHORIZED,,retail-admin-web,Spring MVC,REST + OpenAPI 3.1,Spring Security OAuth2 Resource Server,Spring Data JDBC,PostgreSQL 18.6,b2b_svc_02,b2b,Flyway,10,10,0,9,2,9,2,0,Y,Y,Y,Y,Resilience4j + idempotency + retry,Actuator + Micrometer + OpenTelemetry,JUnit 5 + Testcontainers + ArchUnit + Spring Cloud Contract,OCI image + layered Spring Boot JAR,b2b-02,retail-b2b,PLANNED
129,563,37,b2b,svc-0363,b2b-03,ADMIN_API_SERVICE,team-037,25,4.1.1,Gradle,9,Kotlin,Executable JAR,com.agilearning.retail.b2b.service0363,B2b03Application,applications/backend/services/b2b/b2b-03,/api/v1/b2b/03,INTERNAL_AUTHORIZED,,retail-admin-web,Spring MVC,REST + OpenAPI 3.1,Spring Security OAuth2 Resource Server,Spring Data JDBC,PostgreSQL 18.6,b2b_svc_03,b2b,Flyway,10,10,0,9,2,9,2,0,Y,Y,Y,Y,Resilience4j + idempotency + retry,Actuator + Micrometer + OpenTelemetry,JUnit 5 + Testcontainers + ArchUnit + Spring Cloud Contract,OCI image + layered Spring Boot JAR,b2b-03,retail-b2b,PLANNED
129,564,37,b2b,svc-0364,b2b-04,ADMIN_API_SERVICE,team-037,25,4.1.1,Gradle,9,Kotlin,Executable JAR,com.agilearning.retail.b2b.service0364,B2b04Application,applications/backend/services/b2b/b2b-04,/api/v1/b2b/04,INTERNAL_AUTHORIZED,,retail-admin-web,Spring MVC,REST + OpenAPI 3.1,Spring Security OAuth2 Resource Server,Spring Data JDBC,PostgreSQL 18.6,b2b_svc_04,b2b,Flyway,10,10,0,6,2,6,2,0,Y,Y,Y,Y,Resilience4j + idempotency + retry,Actuator + Micrometer + OpenTelemetry,JUnit 5 + Testcontainers + ArchUnit + Spring Cloud Contract,OCI image + layered Spring Boot JAR,b2b-04,retail-b2b,PLANNED
129,565,37,b2b,svc-0365,b2b-05,ADMIN_API_SERVICE,team-037,25,4.1.1,Gradle,9,Kotlin,Executable JAR,com.agilearning.retail.b2b.service0365,B2b05Application,applications/backend/services/b2b/b2b-05,/api/v1/b2b/05,INTERNAL_AUTHORIZED,,retail-admin-web,Spring MVC,REST + OpenAPI 3.1,Spring Security OAuth2 Resource Server,Spring Data JDBC,PostgreSQL 18.6,b2b_svc_05,b2b,Flyway,10,10,0,6,2,6,2,0,Y,Y,Y,Y,Resilience4j + idempotency + retry,Actuator + Micrometer + OpenTelemetry,JUnit 5 + Testcontainers + ArchUnit + Spring Cloud Contract,OCI image + layered Spring Boot JAR,b2b-05,retail-b2b,PLANNED
129,566,37,b2b,svc-0366,b2b-06,ADMIN_API_SERVICE,team-037,25,4.1.1,Gradle,9,Kotlin,Executable JAR,com.agilearning.retail.b2b.service0366,B2b06Application,applications/backend/services/b2b/b2b-06,/api/v1/b2b/06,INTERNAL_AUTHORIZED,,retail-admin-web,Spring MVC,REST + OpenAPI 3.1,Spring Security OAuth2 Resource Server,Spring Data JDBC,PostgreSQL 18.6,b2b_svc_06,b2b,Flyway,10,10,0,3,2,3,2,0,Y,Y,Y,Y,Resilience4j + idempotency + retry,Actuator + Micrometer + OpenTelemetry,JUnit 5 + Testcontainers + ArchUnit + Spring Cloud Contract,OCI image + layered Spring Boot JAR,b2b-06,retail-b2b,PLANNED
129,567,37,b2b,svc-0367,b2b-07,ADMIN_API_SERVICE,team-037,25,4.1.1,Gradle,9,Kotlin,Executable JAR,com.agilearning.retail.b2b.service0367,B2b07Application,applications/backend/services/b2b/b2b-07,/api/v1/b2b/07,INTERNAL_AUTHORIZED,,retail-admin-web,Spring MVC,REST + OpenAPI 3.1,Spring Security OAuth2 Resource Server,Spring Data JDBC,PostgreSQL 18.6,b2b_svc_07,b2b,Flyway,10,10,0,3,2,3,2,0,Y,Y,Y,Y,Resilience4j + idempotency + retry,Actuator + Micrometer + OpenTelemetry,JUnit 5 + Testcontainers + ArchUnit + Spring Cloud Contract,OCI image + layered Spring Boot JAR,b2b-07,retail-b2b,PLANNED
129,568,37,b2b,svc-0368,b2b-08,ADMIN_API_SERVICE,team-037,25,4.1.1,Gradle,9,Kotlin,Executable JAR,com.agilearning.retail.b2b.service0368,B2b08Application,applications/backend/services/b2b/b2b-08,/api/v1/b2b/08,INTERNAL_AUTHORIZED,,retail-admin-web,Spring MVC,REST + OpenAPI 3.1,Spring Security OAuth2 Resource Server,Spring Data JDBC,PostgreSQL 18.6,b2b_svc_08,b2b,Flyway,10,10,0,6,2,6,2,0,Y,Y,Y,Y,Resilience4j + idempotency + retry,Actuator + Micrometer + OpenTelemetry,JUnit 5 + Testcontainers + ArchUnit + Spring Cloud Contract,OCI image + layered Spring Boot JAR,b2b-08,retail-b2b,PLANNED
129,569,37,b2b,svc-0369,b2b-09,ADMIN_API_SERVICE,team-037,25,4.1.1,Gradle,9,Kotlin,Executable JAR,com.agilearning.retail.b2b.service0369,B2b09Application,applications/backend/services/b2b/b2b-09,/api/v1/b2b/09,INTERNAL_AUTHORIZED,,retail-admin-web,Spring MVC,REST + OpenAPI 3.1,Spring Security OAuth2 Resource Server,Spring Data JDBC,PostgreSQL 18.6,b2b_svc_09,b2b,Flyway,10,10,0,3,2,3,2,0,Y,Y,Y,Y,Resilience4j + idempotency + retry,Actuator + Micrometer + OpenTelemetry,JUnit 5 + Testcontainers + ArchUnit + Spring Cloud Contract,OCI image + layered Spring Boot JAR,b2b-09,retail-b2b,PLANNED
129,570,37,b2b,svc-0370,b2b-10,ADMIN_API_SERVICE,team-037,25,4.1.1,Gradle,9,Kotlin,Executable JAR,com.agilearning.retail.b2b.service0370,B2b10Application,applications/backend/services/b2b/b2b-10,/api/v1/b2b/10,INTERNAL_AUTHORIZED,,retail-admin-web,Spring MVC,REST + OpenAPI 3.1,Spring Security OAuth2 Resource Server,Spring Data JDBC,PostgreSQL 18.6,b2b_svc_10,b2b,Flyway,10,10,0,6,2,6,2,0,Y,Y,Y,Y,Resilience4j + idempotency + retry,Actuator + Micrometer + OpenTelemetry,JUnit 5 + Testcontainers + ArchUnit + Spring Cloud Contract,OCI image + layered Spring Boot JAR,b2b-10,retail-b2b,PLANNED
129,571,38,finance,svc-0371,finance-01,ADMIN_API_SERVICE,team-038,25,4.1.1,Gradle,9,Kotlin,Executable JAR,com.agilearning.retail.finance.service0371,Finance01Application,applications/backend/services/finance/finance-01,/api/v1/finance/01,INTERNAL_AUTHORIZED,,retail-admin-web,Spring MVC,REST + OpenAPI 3.1,Spring Security OAuth2 Resource Server,Spring Data JDBC,PostgreSQL 18.6,finance_svc_01,finance,Flyway,10,10,0,9,12,8,11,1,Y,Y,Y,Y,Resilience4j + idempotency + retry,Actuator + Micrometer + OpenTelemetry,JUnit 5 + Testcontainers + ArchUnit + Spring Cloud Contract,OCI image + layered Spring Boot JAR,finance-01,retail-finance,PLANNED
129,572,38,finance,svc-0372,finance-02,ADMIN_API_SERVICE,team-038,25,4.1.1,Gradle,9,Kotlin,Executable JAR,com.agilearning.retail.finance.service0372,Finance02Application,applications/backend/services/finance/finance-02,/api/v1/finance/02,INTERNAL_AUTHORIZED,,retail-admin-web,Spring MVC,REST + OpenAPI 3.1,Spring Security OAuth2 Resource Server,Spring Data JDBC,PostgreSQL 18.6,finance_svc_02,finance,Flyway,10,10,0,9,12,9,12,0,Y,Y,Y,Y,Resilience4j + idempotency + retry,Actuator + Micrometer + OpenTelemetry,JUnit 5 + Testcontainers + ArchUnit + Spring Cloud Contract,OCI image + layered Spring Boot JAR,finance-02,retail-finance,PLANNED
129,573,38,finance,svc-0373,finance-03,ADMIN_API_SERVICE,team-038,25,4.1.1,Gradle,9,Kotlin,Executable JAR,com.agilearning.retail.finance.service0373,Finance03Application,applications/backend/services/finance/finance-03,/api/v1/finance/03,INTERNAL_AUTHORIZED,,retail-admin-web,Spring MVC,REST + OpenAPI 3.1,Spring Security OAuth2 Resource Server,Spring Data JDBC,PostgreSQL 18.6,finance_svc_03,finance,Flyway,10,10,0,9,12,9,12,0,Y,Y,Y,Y,Resilience4j + idempotency + retry,Actuator + Micrometer + OpenTelemetry,JUnit 5 + Testcontainers + ArchUnit + Spring Cloud Contract,OCI image + layered Spring Boot JAR,finance-03,retail-finance,PLANNED
129,574,38,finance,svc-0374,finance-04,ADMIN_API_SERVICE,team-038,25,4.1.1,Gradle,9,Kotlin,Executable JAR,com.agilearning.retail.finance.service0374,Finance04Application,applications/backend/services/finance/finance-04,/api/v1/finance/04,INTERNAL_AUTHORIZED,,retail-admin-web,Spring MVC,REST + OpenAPI 3.1,Spring Security OAuth2 Resource Server,Spring Data JDBC,PostgreSQL 18.6,finance_svc_04,finance,Flyway,10,10,0,6,12,6,12,0,Y,Y,Y,Y,Resilience4j + idempotency + retry,Actuator + Micrometer + OpenTelemetry,JUnit 5 + Testcontainers + ArchUnit + Spring Cloud Contract,OCI image + layered Spring Boot JAR,finance-04,retail-finance,PLANNED
129,575,38,finance,svc-0375,finance-05,ADMIN_API_SERVICE,team-038,25,4.1.1,Gradle,9,Kotlin,Executable JAR,com.agilearning.retail.finance.service0375,Finance05Application,applications/backend/services/finance/finance-05,/api/v1/finance/05,INTERNAL_AUTHORIZED,,retail-admin-web,Spring MVC,REST + OpenAPI 3.1,Spring Security OAuth2 Resource Server,Spring Data JDBC,PostgreSQL 18.6,finance_svc_05,finance,Flyway,10,10,0,6,12,6,12,0,Y,Y,Y,Y,Resilience4j + idempotency + retry,Actuator + Micrometer + OpenTelemetry,JUnit 5 + Testcontainers + ArchUnit + Spring Cloud Contract,OCI image + layered Spring Boot JAR,finance-05,retail-finance,PLANNED
129,576,38,finance,svc-0376,finance-06,ADMIN_API_SERVICE,team-038,25,4.1.1,Gradle,9,Kotlin,Executable JAR,com.agilearning.retail.finance.service0376,Finance06Application,applications/backend/services/finance/finance-06,/api/v1/finance/06,INTERNAL_AUTHORIZED,,retail-admin-web,Spring MVC,REST + OpenAPI 3.1,Spring Security OAuth2 Resource Server,Spring Data JDBC,PostgreSQL 18.6,finance_svc_06,finance,Flyway,10,10,0,3,12,3,12,0,Y,Y,Y,Y,Resilience4j + idempotency + retry,Actuator + Micrometer + OpenTelemetry,JUnit 5 + Testcontainers + ArchUnit + Spring Cloud Contract,OCI image + layered Spring Boot JAR,finance-06,retail-finance,PLANNED
129,577,38,finance,svc-0377,finance-07,ADMIN_API_SERVICE,team-038,25,4.1.1,Gradle,9,Kotlin,Executable JAR,com.agilearning.retail.finance.service0377,Finance07Application,applications/backend/services/finance/finance-07,/api/v1/finance/07,INTERNAL_AUTHORIZED,,retail-admin-web,Spring MVC,REST + OpenAPI 3.1,Spring Security OAuth2 Resource Server,Spring Data JDBC,PostgreSQL 18.6,finance_svc_07,finance,Flyway,10,10,0,3,12,3,12,0,Y,Y,Y,Y,Resilience4j + idempotency + retry,Actuator + Micrometer + OpenTelemetry,JUnit 5 + Testcontainers + ArchUnit + Spring Cloud Contract,OCI image + layered Spring Boot JAR,finance-07,retail-finance,PLANNED
129,578,38,finance,svc-0378,finance-08,ADMIN_API_SERVICE,team-038,25,4.1.1,Gradle,9,Kotlin,Executable JAR,com.agilearning.retail.finance.service0378,Finance08Application,applications/backend/services/finance/finance-08,/api/v1/finance/08,INTERNAL_AUTHORIZED,,retail-admin-web,Spring MVC,REST + OpenAPI 3.1,Spring Security OAuth2 Resource Server,Spring Data JDBC,PostgreSQL 18.6,finance_svc_08,finance,Flyway,10,10,0,6,12,6,12,0,Y,Y,Y,Y,Resilience4j + idempotency + retry,Actuator + Micrometer + OpenTelemetry,JUnit 5 + Testcontainers + ArchUnit + Spring Cloud Contract,OCI image + layered Spring Boot JAR,finance-08,retail-finance,PLANNED
129,579,38,finance,svc-0379,finance-09,ADMIN_API_SERVICE,team-038,25,4.1.1,Gradle,9,Kotlin,Executable JAR,com.agilearning.retail.finance.service0379,Finance09Application,applications/backend/services/finance/finance-09,/api/v1/finance/09,INTERNAL_AUTHORIZED,,retail-admin-web,Spring MVC,REST + OpenAPI 3.1,Spring Security OAuth2 Resource Server,Spring Data JDBC,PostgreSQL 18.6,finance_svc_09,finance,Flyway,10,10,0,3,12,3,12,0,Y,Y,Y,Y,Resilience4j + idempotency + retry,Actuator + Micrometer + OpenTelemetry,JUnit 5 + Testcontainers + ArchUnit + Spring Cloud Contract,OCI image + layered Spring Boot JAR,finance-09,retail-finance,PLANNED
129,580,38,finance,svc-0380,finance-10,ADMIN_API_SERVICE,team-038,25,4.1.1,Gradle,9,Kotlin,Executable JAR,com.agilearning.retail.finance.service0380,Finance10Application,applications/backend/services/finance/finance-10,/api/v1/finance/10,INTERNAL_AUTHORIZED,,retail-admin-web,Spring MVC,REST + OpenAPI 3.1,Spring Security OAuth2 Resource Server,Spring Data JDBC,PostgreSQL 18.6,finance_svc_10,finance,Flyway,10,10,0,6,12,6,12,0,Y,Y,Y,Y,Resilience4j + idempotency + retry,Actuator + Micrometer + OpenTelemetry,JUnit 5 + Testcontainers + ArchUnit + Spring Cloud Contract,OCI image + layered Spring Boot JAR,finance-10,retail-finance,PLANNED
129,581,39,accounting,svc-0381,accounting-01,ADMIN_API_SERVICE,team-039,25,4.1.1,Gradle,9,Kotlin,Executable JAR,com.agilearning.retail.accounting.service0381,Accounting01Application,applications/backend/services/accounting/accounting-01,/api/v1/accounting/01,INTERNAL_AUTHORIZED,,retail-admin-web,Spring MVC,REST + OpenAPI 3.1,Spring Security OAuth2 Resource Server,Spring Data JDBC,PostgreSQL 18.6,accounting_svc_01,accounting,Flyway,10,10,0,9,2,9,2,0,Y,Y,Y,Y,Resilience4j + idempotency + retry,Actuator + Micrometer + OpenTelemetry,JUnit 5 + Testcontainers + ArchUnit + Spring Cloud Contract,OCI image + layered Spring Boot JAR,accounting-01,retail-accounting,PLANNED
129,582,39,accounting,svc-0382,accounting-02,ADMIN_API_SERVICE,team-039,25,4.1.1,Gradle,9,Kotlin,Executable JAR,com.agilearning.retail.accounting.service0382,Accounting02Application,applications/backend/services/accounting/accounting-02,/api/v1/accounting/02,INTERNAL_AUTHORIZED,,retail-admin-web,Spring MVC,REST + OpenAPI 3.1,Spring Security OAuth2 Resource Server,Spring Data JDBC,PostgreSQL 18.6,accounting_svc_02,accounting,Flyway,10,10,0,9,2,9,2,0,Y,Y,Y,Y,Resilience4j + idempotency + retry,Actuator + Micrometer + OpenTelemetry,JUnit 5 + Testcontainers + ArchUnit + Spring Cloud Contract,OCI image + layered Spring Boot JAR,accounting-02,retail-accounting,PLANNED
129,583,39,accounting,svc-0383,accounting-03,ADMIN_API_SERVICE,team-039,25,4.1.1,Gradle,9,Kotlin,Executable JAR,com.agilearning.retail.accounting.service0383,Accounting03Application,applications/backend/services/accounting/accounting-03,/api/v1/accounting/03,INTERNAL_AUTHORIZED,,retail-admin-web,Spring MVC,REST + OpenAPI 3.1,Spring Security OAuth2 Resource Server,Spring Data JDBC,PostgreSQL 18.6,accounting_svc_03,accounting,Flyway,10,10,0,9,2,9,2,0,Y,Y,Y,Y,Resilience4j + idempotency + retry,Actuator + Micrometer + OpenTelemetry,JUnit 5 + Testcontainers + ArchUnit + Spring Cloud Contract,OCI image + layered Spring Boot JAR,accounting-03,retail-accounting,PLANNED
129,584,39,accounting,svc-0384,accounting-04,ADMIN_API_SERVICE,team-039,25,4.1.1,Gradle,9,Kotlin,Executable JAR,com.agilearning.retail.accounting.service0384,Accounting04Application,applications/backend/services/accounting/accounting-04,/api/v1/accounting/04,INTERNAL_AUTHORIZED,,retail-admin-web,Spring MVC,REST + OpenAPI 3.1,Spring Security OAuth2 Resource Server,Spring Data JDBC,PostgreSQL 18.6,accounting_svc_04,accounting,Flyway,10,10,0,6,2,6,2,0,Y,Y,Y,Y,Resilience4j + idempotency + retry,Actuator + Micrometer + OpenTelemetry,JUnit 5 + Testcontainers + ArchUnit + Spring Cloud Contract,OCI image + layered Spring Boot JAR,accounting-04,retail-accounting,PLANNED
129,585,39,accounting,svc-0385,accounting-05,ADMIN_API_SERVICE,team-039,25,4.1.1,Gradle,9,Kotlin,Executable JAR,com.agilearning.retail.accounting.service0385,Accounting05Application,applications/backend/services/accounting/accounting-05,/api/v1/accounting/05,INTERNAL_AUTHORIZED,,retail-admin-web,Spring MVC,REST + OpenAPI 3.1,Spring Security OAuth2 Resource Server,Spring Data JDBC,PostgreSQL 18.6,accounting_svc_05,accounting,Flyway,10,10,0,6,2,6,2,0,Y,Y,Y,Y,Resilience4j + idempotency + retry,Actuator + Micrometer + OpenTelemetry,JUnit 5 + Testcontainers + ArchUnit + Spring Cloud Contract,OCI image + layered Spring Boot JAR,accounting-05,retail-accounting,PLANNED
129,586,39,accounting,svc-0386,accounting-06,ADMIN_API_SERVICE,team-039,25,4.1.1,Gradle,9,Kotlin,Executable JAR,com.agilearning.retail.accounting.service0386,Accounting06Application,applications/backend/services/accounting/accounting-06,/api/v1/accounting/06,INTERNAL_AUTHORIZED,,retail-admin-web,Spring MVC,REST + OpenAPI 3.1,Spring Security OAuth2 Resource Server,Spring Data JDBC,PostgreSQL 18.6,accounting_svc_06,accounting,Flyway,10,10,0,3,2,3,2,0,Y,Y,Y,Y,Resilience4j + idempotency + retry,Actuator + Micrometer + OpenTelemetry,JUnit 5 + Testcontainers + ArchUnit + Spring Cloud Contract,OCI image + layered Spring Boot JAR,accounting-06,retail-accounting,PLANNED
129,587,39,accounting,svc-0387,accounting-07,ADMIN_API_SERVICE,team-039,25,4.1.1,Gradle,9,Kotlin,Executable JAR,com.agilearning.retail.accounting.service0387,Accounting07Application,applications/backend/services/accounting/accounting-07,/api/v1/accounting/07,INTERNAL_AUTHORIZED,,retail-admin-web,Spring MVC,REST + OpenAPI 3.1,Spring Security OAuth2 Resource Server,Spring Data JDBC,PostgreSQL 18.6,accounting_svc_07,accounting,Flyway,10,10,0,3,2,3,2,0,Y,Y,Y,Y,Resilience4j + idempotency + retry,Actuator + Micrometer + OpenTelemetry,JUnit 5 + Testcontainers + ArchUnit + Spring Cloud Contract,OCI image + layered Spring Boot JAR,accounting-07,retail-accounting,PLANNED
129,588,39,accounting,svc-0388,accounting-08,ADMIN_API_SERVICE,team-039,25,4.1.1,Gradle,9,Kotlin,Executable JAR,com.agilearning.retail.accounting.service0388,Accounting08Application,applications/backend/services/accounting/accounting-08,/api/v1/accounting/08,INTERNAL_AUTHORIZED,,retail-admin-web,Spring MVC,REST + OpenAPI 3.1,Spring Security OAuth2 Resource Server,Spring Data JDBC,PostgreSQL 18.6,accounting_svc_08,accounting,Flyway,10,10,0,6,2,6,2,0,Y,Y,Y,Y,Resilience4j + idempotency + retry,Actuator + Micrometer + OpenTelemetry,JUnit 5 + Testcontainers + ArchUnit + Spring Cloud Contract,OCI image + layered Spring Boot JAR,accounting-08,retail-accounting,PLANNED
129,589,39,accounting,svc-0389,accounting-09,ADMIN_API_SERVICE,team-039,25,4.1.1,Gradle,9,Kotlin,Executable JAR,com.agilearning.retail.accounting.service0389,Accounting09Application,applications/backend/services/accounting/accounting-09,/api/v1/accounting/09,INTERNAL_AUTHORIZED,,retail-admin-web,Spring MVC,REST + OpenAPI 3.1,Spring Security OAuth2 Resource Server,Spring Data JDBC,PostgreSQL 18.6,accounting_svc_09,accounting,Flyway,10,10,0,3,2,3,2,0,Y,Y,Y,Y,Resilience4j + idempotency + retry,Actuator + Micrometer + OpenTelemetry,JUnit 5 + Testcontainers + ArchUnit + Spring Cloud Contract,OCI image + layered Spring Boot JAR,accounting-09,retail-accounting,PLANNED
129,590,39,accounting,svc-0390,accounting-10,ADMIN_API_SERVICE,team-039,25,4.1.1,Gradle,9,Kotlin,Executable JAR,com.agilearning.retail.accounting.service0390,Accounting10Application,applications/backend/services/accounting/accounting-10,/api/v1/accounting/10,INTERNAL_AUTHORIZED,,retail-admin-web,Spring MVC,REST + OpenAPI 3.1,Spring Security OAuth2 Resource Server,Spring Data JDBC,PostgreSQL 18.6,accounting_svc_10,accounting,Flyway,10,10,0,6,2,6,2,0,Y,Y,Y,Y,Resilience4j + idempotency + retry,Actuator + Micrometer + OpenTelemetry,JUnit 5 + Testcontainers + ArchUnit + Spring Cloud Contract,OCI image + layered Spring Boot JAR,accounting-10,retail-accounting,PLANNED
129,591,40,settlement,svc-0391,settlement-01,ADMIN_API_SERVICE,team-040,25,4.1.1,Gradle,9,Kotlin,Executable JAR,com.agilearning.retail.settlement.service0391,Settlement01Application,applications/backend/services/settlement/settlement-01,/api/v1/settlement/01,INTERNAL_AUTHORIZED,,retail-admin-web,Spring MVC,REST + OpenAPI 3.1,Spring Security OAuth2 Resource Server,Spring Data JDBC,PostgreSQL 18.6,settlement_svc_01,settlement,Flyway,10,10,0,9,14,9,14,0,Y,Y,Y,Y,Resilience4j + idempotency + retry,Actuator + Micrometer + OpenTelemetry,JUnit 5 + Testcontainers + ArchUnit + Spring Cloud Contract,OCI image + layered Spring Boot JAR,settlement-01,retail-settlement,PLANNED
129,592,40,settlement,svc-0392,settlement-02,ADMIN_API_SERVICE,team-040,25,4.1.1,Gradle,9,Kotlin,Executable JAR,com.agilearning.retail.settlement.service0392,Settlement02Application,applications/backend/services/settlement/settlement-02,/api/v1/settlement/02,INTERNAL_AUTHORIZED,,retail-admin-web,Spring MVC,REST + OpenAPI 3.1,Spring Security OAuth2 Resource Server,Spring Data JDBC,PostgreSQL 18.6,settlement_svc_02,settlement,Flyway,10,10,0,9,14,9,14,0,Y,Y,Y,Y,Resilience4j + idempotency + retry,Actuator + Micrometer + OpenTelemetry,JUnit 5 + Testcontainers + ArchUnit + Spring Cloud Contract,OCI image + layered Spring Boot JAR,settlement-02,retail-settlement,PLANNED
129,593,40,settlement,svc-0393,settlement-03,ADMIN_API_SERVICE,team-040,25,4.1.1,Gradle,9,Kotlin,Executable JAR,com.agilearning.retail.settlement.service0393,Settlement03Application,applications/backend/services/settlement/settlement-03,/api/v1/settlement/03,INTERNAL_AUTHORIZED,,retail-admin-web,Spring MVC,REST + OpenAPI 3.1,Spring Security OAuth2 Resource Server,Spring Data JDBC,PostgreSQL 18.6,settlement_svc_03,settlement,Flyway,10,10,0,9,14,9,14,0,Y,Y,Y,Y,Resilience4j + idempotency + retry,Actuator + Micrometer + OpenTelemetry,JUnit 5 + Testcontainers + ArchUnit + Spring Cloud Contract,OCI image + layered Spring Boot JAR,settlement-03,retail-settlement,PLANNED
129,594,40,settlement,svc-0394,settlement-04,ADMIN_API_SERVICE,team-040,25,4.1.1,Gradle,9,Kotlin,Executable JAR,com.agilearning.retail.settlement.service0394,Settlement04Application,applications/backend/services/settlement/settlement-04,/api/v1/settlement/04,INTERNAL_AUTHORIZED,,retail-admin-web,Spring MVC,REST + OpenAPI 3.1,Spring Security OAuth2 Resource Server,Spring Data JDBC,PostgreSQL 18.6,settlement_svc_04,settlement,Flyway,10,10,0,6,14,6,14,0,Y,Y,Y,Y,Resilience4j + idempotency + retry,Actuator + Micrometer + OpenTelemetry,JUnit 5 + Testcontainers + ArchUnit + Spring Cloud Contract,OCI image + layered Spring Boot JAR,settlement-04,retail-settlement,PLANNED
129,595,40,settlement,svc-0395,settlement-05,ADMIN_API_SERVICE,team-040,25,4.1.1,Gradle,9,Kotlin,Executable JAR,com.agilearning.retail.settlement.service0395,Settlement05Application,applications/backend/services/settlement/settlement-05,/api/v1/settlement/05,INTERNAL_AUTHORIZED,,retail-admin-web,Spring MVC,REST + OpenAPI 3.1,Spring Security OAuth2 Resource Server,Spring Data JDBC,PostgreSQL 18.6,settlement_svc_05,settlement,Flyway,10,10,0,6,14,6,14,0,Y,Y,Y,Y,Resilience4j + idempotency + retry,Actuator + Micrometer + OpenTelemetry,JUnit 5 + Testcontainers + ArchUnit + Spring Cloud Contract,OCI image + layered Spring Boot JAR,settlement-05,retail-settlement,PLANNED
129,596,40,settlement,svc-0396,settlement-06,ADMIN_API_SERVICE,team-040,25,4.1.1,Gradle,9,Kotlin,Executable JAR,com.agilearning.retail.settlement.service0396,Settlement06Application,applications/backend/services/settlement/settlement-06,/api/v1/settlement/06,INTERNAL_AUTHORIZED,,retail-admin-web,Spring MVC,REST + OpenAPI 3.1,Spring Security OAuth2 Resource Server,Spring Data JDBC,PostgreSQL 18.6,settlement_svc_06,settlement,Flyway,10,10,0,3,14,3,14,0,Y,Y,Y,Y,Resilience4j + idempotency + retry,Actuator + Micrometer + OpenTelemetry,JUnit 5 + Testcontainers + ArchUnit + Spring Cloud Contract,OCI image + layered Spring Boot JAR,settlement-06,retail-settlement,PLANNED
129,597,40,settlement,svc-0397,settlement-07,ADMIN_API_SERVICE,team-040,25,4.1.1,Gradle,9,Kotlin,Executable JAR,com.agilearning.retail.settlement.service0397,Settlement07Application,applications/backend/services/settlement/settlement-07,/api/v1/settlement/07,INTERNAL_AUTHORIZED,,retail-admin-web,Spring MVC,REST + OpenAPI 3.1,Spring Security OAuth2 Resource Server,Spring Data JDBC,PostgreSQL 18.6,settlement_svc_07,settlement,Flyway,10,10,0,3,14,3,14,0,Y,Y,Y,Y,Resilience4j + idempotency + retry,Actuator + Micrometer + OpenTelemetry,JUnit 5 + Testcontainers + ArchUnit + Spring Cloud Contract,OCI image + layered Spring Boot JAR,settlement-07,retail-settlement,PLANNED
129,598,40,settlement,svc-0398,settlement-08,ADMIN_API_SERVICE,team-040,25,4.1.1,Gradle,9,Kotlin,Executable JAR,com.agilearning.retail.settlement.service0398,Settlement08Application,applications/backend/services/settlement/settlement-08,/api/v1/settlement/08,INTERNAL_AUTHORIZED,,retail-admin-web,Spring MVC,REST + OpenAPI 3.1,Spring Security OAuth2 Resource Server,Spring Data JDBC,PostgreSQL 18.6,settlement_svc_08,settlement,Flyway,10,10,0,6,14,6,14,0,Y,Y,Y,Y,Resilience4j + idempotency + retry,Actuator + Micrometer + OpenTelemetry,JUnit 5 + Testcontainers + ArchUnit + Spring Cloud Contract,OCI image + layered Spring Boot JAR,settlement-08,retail-settlement,PLANNED
129,599,40,settlement,svc-0399,settlement-09,ADMIN_API_SERVICE,team-040,25,4.1.1,Gradle,9,Kotlin,Executable JAR,com.agilearning.retail.settlement.service0399,Settlement09Application,applications/backend/services/settlement/settlement-09,/api/v1/settlement/09,INTERNAL_AUTHORIZED,,retail-admin-web,Spring MVC,REST + OpenAPI 3.1,Spring Security OAuth2 Resource Server,Spring Data JDBC,PostgreSQL 18.6,settlement_svc_09,settlement,Flyway,10,10,0,3,14,3,14,0,Y,Y,Y,Y,Resilience4j + idempotency + retry,Actuator + Micrometer + OpenTelemetry,JUnit 5 + Testcontainers + ArchUnit + Spring Cloud Contract,OCI image + layered Spring Boot JAR,settlement-09,retail-settlement,PLANNED
129,600,40,settlement,svc-0400,settlement-10,ADMIN_API_SERVICE,team-040,25,4.1.1,Gradle,9,Kotlin,Executable JAR,com.agilearning.retail.settlement.service0400,Settlement10Application,applications/backend/services/settlement/settlement-10,/api/v1/settlement/10,INTERNAL_AUTHORIZED,,retail-admin-web,Spring MVC,REST + OpenAPI 3.1,Spring Security OAuth2 Resource Server,Spring Data JDBC,PostgreSQL 18.6,settlement_svc_10,settlement,Flyway,10,10,0,6,14,6,14,0,Y,Y,Y,Y,Resilience4j + idempotency + retry,Actuator + Micrometer + OpenTelemetry,JUnit 5 + Testcontainers + ArchUnit + Spring Cloud Contract,OCI image + layered Spring Boot JAR,settlement-10,retail-settlement,PLANNED
129,601,41,commission,svc-0401,commission-01,ADMIN_API_SERVICE,team-041,25,4.1.1,Gradle,9,Kotlin,Executable JAR,com.agilearning.retail.commission.service0401,Commission01Application,applications/backend/services/commission/commission-01,/api/v1/commission/01,INTERNAL_AUTHORIZED,,retail-admin-web,Spring MVC,REST + OpenAPI 3.1,Spring Security OAuth2 Resource Server,Spring Data JDBC,PostgreSQL 18.6,commission_svc_01,commission,Flyway,10,10,0,9,2,9,2,0,Y,Y,Y,Y,Resilience4j + idempotency + retry,Actuator + Micrometer + OpenTelemetry,JUnit 5 + Testcontainers + ArchUnit + Spring Cloud Contract,OCI image + layered Spring Boot JAR,commission-01,retail-commission,PLANNED
129,602,41,commission,svc-0402,commission-02,ADMIN_API_SERVICE,team-041,25,4.1.1,Gradle,9,Kotlin,Executable JAR,com.agilearning.retail.commission.service0402,Commission02Application,applications/backend/services/commission/commission-02,/api/v1/commission/02,INTERNAL_AUTHORIZED,,retail-admin-web,Spring MVC,REST + OpenAPI 3.1,Spring Security OAuth2 Resource Server,Spring Data JDBC,PostgreSQL 18.6,commission_svc_02,commission,Flyway,10,10,0,9,2,9,2,0,Y,Y,Y,Y,Resilience4j + idempotency + retry,Actuator + Micrometer + OpenTelemetry,JUnit 5 + Testcontainers + ArchUnit + Spring Cloud Contract,OCI image + layered Spring Boot JAR,commission-02,retail-commission,PLANNED
129,603,41,commission,svc-0403,commission-03,ADMIN_API_SERVICE,team-041,25,4.1.1,Gradle,9,Kotlin,Executable JAR,com.agilearning.retail.commission.service0403,Commission03Application,applications/backend/services/commission/commission-03,/api/v1/commission/03,INTERNAL_AUTHORIZED,,retail-admin-web,Spring MVC,REST + OpenAPI 3.1,Spring Security OAuth2 Resource Server,Spring Data JDBC,PostgreSQL 18.6,commission_svc_03,commission,Flyway,10,10,0,9,2,9,2,0,Y,Y,Y,Y,Resilience4j + idempotency + retry,Actuator + Micrometer + OpenTelemetry,JUnit 5 + Testcontainers + ArchUnit + Spring Cloud Contract,OCI image + layered Spring Boot JAR,commission-03,retail-commission,PLANNED
129,604,41,commission,svc-0404,commission-04,ADMIN_API_SERVICE,team-041,25,4.1.1,Gradle,9,Kotlin,Executable JAR,com.agilearning.retail.commission.service0404,Commission04Application,applications/backend/services/commission/commission-04,/api/v1/commission/04,INTERNAL_AUTHORIZED,,retail-admin-web,Spring MVC,REST + OpenAPI 3.1,Spring Security OAuth2 Resource Server,Spring Data JDBC,PostgreSQL 18.6,commission_svc_04,commission,Flyway,10,10,0,6,2,6,2,0,Y,Y,Y,Y,Resilience4j + idempotency + retry,Actuator + Micrometer + OpenTelemetry,JUnit 5 + Testcontainers + ArchUnit + Spring Cloud Contract,OCI image + layered Spring Boot JAR,commission-04,retail-commission,PLANNED
129,605,41,commission,svc-0405,commission-05,ADMIN_API_SERVICE,team-041,25,4.1.1,Gradle,9,Kotlin,Executable JAR,com.agilearning.retail.commission.service0405,Commission05Application,applications/backend/services/commission/commission-05,/api/v1/commission/05,INTERNAL_AUTHORIZED,,retail-admin-web,Spring MVC,REST + OpenAPI 3.1,Spring Security OAuth2 Resource Server,Spring Data JDBC,PostgreSQL 18.6,commission_svc_05,commission,Flyway,10,10,0,6,2,6,2,0,Y,Y,Y,Y,Resilience4j + idempotency + retry,Actuator + Micrometer + OpenTelemetry,JUnit 5 + Testcontainers + ArchUnit + Spring Cloud Contract,OCI image + layered Spring Boot JAR,commission-05,retail-commission,PLANNED
129,606,41,commission,svc-0406,commission-06,ADMIN_API_SERVICE,team-041,25,4.1.1,Gradle,9,Kotlin,Executable JAR,com.agilearning.retail.commission.service0406,Commission06Application,applications/backend/services/commission/commission-06,/api/v1/commission/06,INTERNAL_AUTHORIZED,,retail-admin-web,Spring MVC,REST + OpenAPI 3.1,Spring Security OAuth2 Resource Server,Spring Data JDBC,PostgreSQL 18.6,commission_svc_06,commission,Flyway,10,10,0,3,2,3,2,0,Y,Y,Y,Y,Resilience4j + idempotency + retry,Actuator + Micrometer + OpenTelemetry,JUnit 5 + Testcontainers + ArchUnit + Spring Cloud Contract,OCI image + layered Spring Boot JAR,commission-06,retail-commission,PLANNED
129,607,41,commission,svc-0407,commission-07,ADMIN_API_SERVICE,team-041,25,4.1.1,Gradle,9,Kotlin,Executable JAR,com.agilearning.retail.commission.service0407,Commission07Application,applications/backend/services/commission/commission-07,/api/v1/commission/07,INTERNAL_AUTHORIZED,,retail-admin-web,Spring MVC,REST + OpenAPI 3.1,Spring Security OAuth2 Resource Server,Spring Data JDBC,PostgreSQL 18.6,commission_svc_07,commission,Flyway,10,10,0,3,2,3,2,0,Y,Y,Y,Y,Resilience4j + idempotency + retry,Actuator + Micrometer + OpenTelemetry,JUnit 5 + Testcontainers + ArchUnit + Spring Cloud Contract,OCI image + layered Spring Boot JAR,commission-07,retail-commission,PLANNED
129,608,41,commission,svc-0408,commission-08,ADMIN_API_SERVICE,team-041,25,4.1.1,Gradle,9,Kotlin,Executable JAR,com.agilearning.retail.commission.service0408,Commission08Application,applications/backend/services/commission/commission-08,/api/v1/commission/08,INTERNAL_AUTHORIZED,,retail-admin-web,Spring MVC,REST + OpenAPI 3.1,Spring Security OAuth2 Resource Server,Spring Data JDBC,PostgreSQL 18.6,commission_svc_08,commission,Flyway,10,10,0,6,2,6,2,0,Y,Y,Y,Y,Resilience4j + idempotency + retry,Actuator + Micrometer + OpenTelemetry,JUnit 5 + Testcontainers + ArchUnit + Spring Cloud Contract,OCI image + layered Spring Boot JAR,commission-08,retail-commission,PLANNED
129,609,41,commission,svc-0409,commission-09,ADMIN_API_SERVICE,team-041,25,4.1.1,Gradle,9,Kotlin,Executable JAR,com.agilearning.retail.commission.service0409,Commission09Application,applications/backend/services/commission/commission-09,/api/v1/commission/09,INTERNAL_AUTHORIZED,,retail-admin-web,Spring MVC,REST + OpenAPI 3.1,Spring Security OAuth2 Resource Server,Spring Data JDBC,PostgreSQL 18.6,commission_svc_09,commission,Flyway,10,10,0,3,2,3,2,0,Y,Y,Y,Y,Resilience4j + idempotency + retry,Actuator + Micrometer + OpenTelemetry,JUnit 5 + Testcontainers + ArchUnit + Spring Cloud Contract,OCI image + layered Spring Boot JAR,commission-09,retail-commission,PLANNED
129,610,41,commission,svc-0410,commission-10,ADMIN_API_SERVICE,team-041,25,4.1.1,Gradle,9,Kotlin,Executable JAR,com.agilearning.retail.commission.service0410,Commission10Application,applications/backend/services/commission/commission-10,/api/v1/commission/10,INTERNAL_AUTHORIZED,,retail-admin-web,Spring MVC,REST + OpenAPI 3.1,Spring Security OAuth2 Resource Server,Spring Data JDBC,PostgreSQL 18.6,commission_svc_10,commission,Flyway,10,10,0,6,2,6,2,0,Y,Y,Y,Y,Resilience4j + idempotency + retry,Actuator + Micrometer + OpenTelemetry,JUnit 5 + Testcontainers + ArchUnit + Spring Cloud Contract,OCI image + layered Spring Boot JAR,commission-10,retail-commission,PLANNED
129,611,42,payout,svc-0411,payout-01,ADMIN_API_SERVICE,team-042,25,4.1.1,Gradle,9,Kotlin,Executable JAR,com.agilearning.retail.payout.service0411,Payout01Application,applications/backend/services/payout/payout-01,/api/v1/payout/01,INTERNAL_AUTHORIZED,,retail-admin-web,Spring MVC,REST + OpenAPI 3.1,Spring Security OAuth2 Resource Server,Spring Data JDBC,PostgreSQL 18.6,payout_svc_01,payout,Flyway,10,10,0,9,0,9,0,0,Y,N,Y,N,Resilience4j + idempotency + retry,Actuator + Micrometer + OpenTelemetry,JUnit 5 + Testcontainers + ArchUnit + Spring Cloud Contract,OCI image + layered Spring Boot JAR,payout-01,retail-payout,PLANNED
129,612,42,payout,svc-0412,payout-02,ADMIN_API_SERVICE,team-042,25,4.1.1,Gradle,9,Kotlin,Executable JAR,com.agilearning.retail.payout.service0412,Payout02Application,applications/backend/services/payout/payout-02,/api/v1/payout/02,INTERNAL_AUTHORIZED,,retail-admin-web,Spring MVC,REST + OpenAPI 3.1,Spring Security OAuth2 Resource Server,Spring Data JDBC,PostgreSQL 18.6,payout_svc_02,payout,Flyway,10,10,0,9,0,9,0,0,Y,N,Y,N,Resilience4j + idempotency + retry,Actuator + Micrometer + OpenTelemetry,JUnit 5 + Testcontainers + ArchUnit + Spring Cloud Contract,OCI image + layered Spring Boot JAR,payout-02,retail-payout,PLANNED
129,613,42,payout,svc-0413,payout-03,ADMIN_API_SERVICE,team-042,25,4.1.1,Gradle,9,Kotlin,Executable JAR,com.agilearning.retail.payout.service0413,Payout03Application,applications/backend/services/payout/payout-03,/api/v1/payout/03,INTERNAL_AUTHORIZED,,retail-admin-web,Spring MVC,REST + OpenAPI 3.1,Spring Security OAuth2 Resource Server,Spring Data JDBC,PostgreSQL 18.6,payout_svc_03,payout,Flyway,10,10,0,9,0,9,0,0,Y,N,Y,N,Resilience4j + idempotency + retry,Actuator + Micrometer + OpenTelemetry,JUnit 5 + Testcontainers + ArchUnit + Spring Cloud Contract,OCI image + layered Spring Boot JAR,payout-03,retail-payout,PLANNED
129,614,42,payout,svc-0414,payout-04,ADMIN_API_SERVICE,team-042,25,4.1.1,Gradle,9,Kotlin,Executable JAR,com.agilearning.retail.payout.service0414,Payout04Application,applications/backend/services/payout/payout-04,/api/v1/payout/04,INTERNAL_AUTHORIZED,,retail-admin-web,Spring MVC,REST + OpenAPI 3.1,Spring Security OAuth2 Resource Server,Spring Data JDBC,PostgreSQL 18.6,payout_svc_04,payout,Flyway,10,10,0,6,0,6,0,0,Y,N,Y,N,Resilience4j + idempotency + retry,Actuator + Micrometer + OpenTelemetry,JUnit 5 + Testcontainers + ArchUnit + Spring Cloud Contract,OCI image + layered Spring Boot JAR,payout-04,retail-payout,PLANNED
129,615,42,payout,svc-0415,payout-05,ADMIN_API_SERVICE,team-042,25,4.1.1,Gradle,9,Kotlin,Executable JAR,com.agilearning.retail.payout.service0415,Payout05Application,applications/backend/services/payout/payout-05,/api/v1/payout/05,INTERNAL_AUTHORIZED,,retail-admin-web,Spring MVC,REST + OpenAPI 3.1,Spring Security OAuth2 Resource Server,Spring Data JDBC,PostgreSQL 18.6,payout_svc_05,payout,Flyway,10,10,0,6,0,6,0,0,Y,N,Y,N,Resilience4j + idempotency + retry,Actuator + Micrometer + OpenTelemetry,JUnit 5 + Testcontainers + ArchUnit + Spring Cloud Contract,OCI image + layered Spring Boot JAR,payout-05,retail-payout,PLANNED
129,616,42,payout,svc-0416,payout-06,ADMIN_API_SERVICE,team-042,25,4.1.1,Gradle,9,Kotlin,Executable JAR,com.agilearning.retail.payout.service0416,Payout06Application,applications/backend/services/payout/payout-06,/api/v1/payout/06,INTERNAL_AUTHORIZED,,retail-admin-web,Spring MVC,REST + OpenAPI 3.1,Spring Security OAuth2 Resource Server,Spring Data JDBC,PostgreSQL 18.6,payout_svc_06,payout,Flyway,10,10,0,3,0,3,0,0,Y,N,Y,N,Resilience4j + idempotency + retry,Actuator + Micrometer + OpenTelemetry,JUnit 5 + Testcontainers + ArchUnit + Spring Cloud Contract,OCI image + layered Spring Boot JAR,payout-06,retail-payout,PLANNED
129,617,42,payout,svc-0417,payout-07,ADMIN_API_SERVICE,team-042,25,4.1.1,Gradle,9,Kotlin,Executable JAR,com.agilearning.retail.payout.service0417,Payout07Application,applications/backend/services/payout/payout-07,/api/v1/payout/07,INTERNAL_AUTHORIZED,,retail-admin-web,Spring MVC,REST + OpenAPI 3.1,Spring Security OAuth2 Resource Server,Spring Data JDBC,PostgreSQL 18.6,payout_svc_07,payout,Flyway,10,10,0,3,0,3,0,0,Y,N,Y,N,Resilience4j + idempotency + retry,Actuator + Micrometer + OpenTelemetry,JUnit 5 + Testcontainers + ArchUnit + Spring Cloud Contract,OCI image + layered Spring Boot JAR,payout-07,retail-payout,PLANNED
129,618,42,payout,svc-0418,payout-08,ADMIN_API_SERVICE,team-042,25,4.1.1,Gradle,9,Kotlin,Executable JAR,com.agilearning.retail.payout.service0418,Payout08Application,applications/backend/services/payout/payout-08,/api/v1/payout/08,INTERNAL_AUTHORIZED,,retail-admin-web,Spring MVC,REST + OpenAPI 3.1,Spring Security OAuth2 Resource Server,Spring Data JDBC,PostgreSQL 18.6,payout_svc_08,payout,Flyway,10,10,0,6,0,6,0,0,Y,N,Y,N,Resilience4j + idempotency + retry,Actuator + Micrometer + OpenTelemetry,JUnit 5 + Testcontainers + ArchUnit + Spring Cloud Contract,OCI image + layered Spring Boot JAR,payout-08,retail-payout,PLANNED
129,619,42,payout,svc-0419,payout-09,ADMIN_API_SERVICE,team-042,25,4.1.1,Gradle,9,Kotlin,Executable JAR,com.agilearning.retail.payout.service0419,Payout09Application,applications/backend/services/payout/payout-09,/api/v1/payout/09,INTERNAL_AUTHORIZED,,retail-admin-web,Spring MVC,REST + OpenAPI 3.1,Spring Security OAuth2 Resource Server,Spring Data JDBC,PostgreSQL 18.6,payout_svc_09,payout,Flyway,10,10,0,3,0,3,0,0,Y,N,Y,N,Resilience4j + idempotency + retry,Actuator + Micrometer + OpenTelemetry,JUnit 5 + Testcontainers + ArchUnit + Spring Cloud Contract,OCI image + layered Spring Boot JAR,payout-09,retail-payout,PLANNED
129,620,42,payout,svc-0420,payout-10,ADMIN_API_SERVICE,team-042,25,4.1.1,Gradle,9,Kotlin,Executable JAR,com.agilearning.retail.payout.service0420,Payout10Application,applications/backend/services/payout/payout-10,/api/v1/payout/10,INTERNAL_AUTHORIZED,,retail-admin-web,Spring MVC,REST + OpenAPI 3.1,Spring Security OAuth2 Resource Server,Spring Data JDBC,PostgreSQL 18.6,payout_svc_10,payout,Flyway,10,10,0,6,0,6,0,0,Y,N,Y,N,Resilience4j + idempotency + retry,Actuator + Micrometer + OpenTelemetry,JUnit 5 + Testcontainers + ArchUnit + Spring Cloud Contract,OCI image + layered Spring Boot JAR,payout-10,retail-payout,PLANNED
129,621,43,risk,svc-0421,risk-01,ADMIN_API_SERVICE,team-043,25,4.1.1,Gradle,9,Kotlin,Executable JAR,com.agilearning.retail.risk.service0421,Risk01Application,applications/backend/services/risk/risk-01,/api/v1/risk/01,INTERNAL_AUTHORIZED,,retail-admin-web,Spring MVC,REST + OpenAPI 3.1,Spring Security OAuth2 Resource Server,Spring Data JDBC,PostgreSQL 18.6,risk_svc_01,risk,Flyway,10,10,0,9,2,9,2,0,Y,Y,Y,Y,Resilience4j + idempotency + retry,Actuator + Micrometer + OpenTelemetry,JUnit 5 + Testcontainers + ArchUnit + Spring Cloud Contract,OCI image + layered Spring Boot JAR,risk-01,retail-risk,PLANNED
129,622,43,risk,svc-0422,risk-02,ADMIN_API_SERVICE,team-043,25,4.1.1,Gradle,9,Kotlin,Executable JAR,com.agilearning.retail.risk.service0422,Risk02Application,applications/backend/services/risk/risk-02,/api/v1/risk/02,INTERNAL_AUTHORIZED,,retail-admin-web,Spring MVC,REST + OpenAPI 3.1,Spring Security OAuth2 Resource Server,Spring Data JDBC,PostgreSQL 18.6,risk_svc_02,risk,Flyway,10,10,0,9,2,9,2,0,Y,Y,Y,Y,Resilience4j + idempotency + retry,Actuator + Micrometer + OpenTelemetry,JUnit 5 + Testcontainers + ArchUnit + Spring Cloud Contract,OCI image + layered Spring Boot JAR,risk-02,retail-risk,PLANNED
129,623,43,risk,svc-0423,risk-03,ADMIN_API_SERVICE,team-043,25,4.1.1,Gradle,9,Kotlin,Executable JAR,com.agilearning.retail.risk.service0423,Risk03Application,applications/backend/services/risk/risk-03,/api/v1/risk/03,INTERNAL_AUTHORIZED,,retail-admin-web,Spring MVC,REST + OpenAPI 3.1,Spring Security OAuth2 Resource Server,Spring Data JDBC,PostgreSQL 18.6,risk_svc_03,risk,Flyway,10,10,0,9,2,9,2,0,Y,Y,Y,Y,Resilience4j + idempotency + retry,Actuator + Micrometer + OpenTelemetry,JUnit 5 + Testcontainers + ArchUnit + Spring Cloud Contract,OCI image + layered Spring Boot JAR,risk-03,retail-risk,PLANNED
129,624,43,risk,svc-0424,risk-04,ADMIN_API_SERVICE,team-043,25,4.1.1,Gradle,9,Kotlin,Executable JAR,com.agilearning.retail.risk.service0424,Risk04Application,applications/backend/services/risk/risk-04,/api/v1/risk/04,INTERNAL_AUTHORIZED,,retail-admin-web,Spring MVC,REST + OpenAPI 3.1,Spring Security OAuth2 Resource Server,Spring Data JDBC,PostgreSQL 18.6,risk_svc_04,risk,Flyway,10,10,0,6,2,6,2,0,Y,Y,Y,Y,Resilience4j + idempotency + retry,Actuator + Micrometer + OpenTelemetry,JUnit 5 + Testcontainers + ArchUnit + Spring Cloud Contract,OCI image + layered Spring Boot JAR,risk-04,retail-risk,PLANNED
129,625,43,risk,svc-0425,risk-05,ADMIN_API_SERVICE,team-043,25,4.1.1,Gradle,9,Kotlin,Executable JAR,com.agilearning.retail.risk.service0425,Risk05Application,applications/backend/services/risk/risk-05,/api/v1/risk/05,INTERNAL_AUTHORIZED,,retail-admin-web,Spring MVC,REST + OpenAPI 3.1,Spring Security OAuth2 Resource Server,Spring Data JDBC,PostgreSQL 18.6,risk_svc_05,risk,Flyway,10,10,0,6,2,6,2,0,Y,Y,Y,Y,Resilience4j + idempotency + retry,Actuator + Micrometer + OpenTelemetry,JUnit 5 + Testcontainers + ArchUnit + Spring Cloud Contract,OCI image + layered Spring Boot JAR,risk-05,retail-risk,PLANNED
129,626,43,risk,svc-0426,risk-06,ADMIN_API_SERVICE,team-043,25,4.1.1,Gradle,9,Kotlin,Executable JAR,com.agilearning.retail.risk.service0426,Risk06Application,applications/backend/services/risk/risk-06,/api/v1/risk/06,INTERNAL_AUTHORIZED,,retail-admin-web,Spring MVC,REST + OpenAPI 3.1,Spring Security OAuth2 Resource Server,Spring Data JDBC,PostgreSQL 18.6,risk_svc_06,risk,Flyway,10,10,0,3,2,3,2,0,Y,Y,Y,Y,Resilience4j + idempotency + retry,Actuator + Micrometer + OpenTelemetry,JUnit 5 + Testcontainers + ArchUnit + Spring Cloud Contract,OCI image + layered Spring Boot JAR,risk-06,retail-risk,PLANNED
129,627,43,risk,svc-0427,risk-07,ADMIN_API_SERVICE,team-043,25,4.1.1,Gradle,9,Kotlin,Executable JAR,com.agilearning.retail.risk.service0427,Risk07Application,applications/backend/services/risk/risk-07,/api/v1/risk/07,INTERNAL_AUTHORIZED,,retail-admin-web,Spring MVC,REST + OpenAPI 3.1,Spring Security OAuth2 Resource Server,Spring Data JDBC,PostgreSQL 18.6,risk_svc_07,risk,Flyway,10,10,0,3,2,3,2,0,Y,Y,Y,Y,Resilience4j + idempotency + retry,Actuator + Micrometer + OpenTelemetry,JUnit 5 + Testcontainers + ArchUnit + Spring Cloud Contract,OCI image + layered Spring Boot JAR,risk-07,retail-risk,PLANNED
129,628,43,risk,svc-0428,risk-08,ADMIN_API_SERVICE,team-043,25,4.1.1,Gradle,9,Kotlin,Executable JAR,com.agilearning.retail.risk.service0428,Risk08Application,applications/backend/services/risk/risk-08,/api/v1/risk/08,INTERNAL_AUTHORIZED,,retail-admin-web,Spring MVC,REST + OpenAPI 3.1,Spring Security OAuth2 Resource Server,Spring Data JDBC,PostgreSQL 18.6,risk_svc_08,risk,Flyway,10,10,0,6,2,6,2,0,Y,Y,Y,Y,Resilience4j + idempotency + retry,Actuator + Micrometer + OpenTelemetry,JUnit 5 + Testcontainers + ArchUnit + Spring Cloud Contract,OCI image + layered Spring Boot JAR,risk-08,retail-risk,PLANNED
129,629,43,risk,svc-0429,risk-09,ADMIN_API_SERVICE,team-043,25,4.1.1,Gradle,9,Kotlin,Executable JAR,com.agilearning.retail.risk.service0429,Risk09Application,applications/backend/services/risk/risk-09,/api/v1/risk/09,INTERNAL_AUTHORIZED,,retail-admin-web,Spring MVC,REST + OpenAPI 3.1,Spring Security OAuth2 Resource Server,Spring Data JDBC,PostgreSQL 18.6,risk_svc_09,risk,Flyway,10,10,0,3,2,3,2,0,Y,Y,Y,Y,Resilience4j + idempotency + retry,Actuator + Micrometer + OpenTelemetry,JUnit 5 + Testcontainers + ArchUnit + Spring Cloud Contract,OCI image + layered Spring Boot JAR,risk-09,retail-risk,PLANNED
129,630,43,risk,svc-0430,risk-10,ADMIN_API_SERVICE,team-043,25,4.1.1,Gradle,9,Kotlin,Executable JAR,com.agilearning.retail.risk.service0430,Risk10Application,applications/backend/services/risk/risk-10,/api/v1/risk/10,INTERNAL_AUTHORIZED,,retail-admin-web,Spring MVC,REST + OpenAPI 3.1,Spring Security OAuth2 Resource Server,Spring Data JDBC,PostgreSQL 18.6,risk_svc_10,risk,Flyway,10,10,0,6,2,6,2,0,Y,Y,Y,Y,Resilience4j + idempotency + retry,Actuator + Micrometer + OpenTelemetry,JUnit 5 + Testcontainers + ArchUnit + Spring Cloud Contract,OCI image + layered Spring Boot JAR,risk-10,retail-risk,PLANNED
129,631,44,compliance,svc-0431,compliance-01,ADMIN_API_SERVICE,team-044,25,4.1.1,Gradle,9,Kotlin,Executable JAR,com.agilearning.retail.compliance.service0431,Compliance01Application,applications/backend/services/compliance/compliance-01,/api/v1/compliance/01,INTERNAL_AUTHORIZED,,retail-admin-web,Spring MVC,REST + OpenAPI 3.1,Spring Security OAuth2 Resource Server,Spring Data JDBC,PostgreSQL 18.6,compliance_svc_01,compliance,Flyway,10,10,0,9,6,9,6,0,Y,Y,Y,Y,Resilience4j + idempotency + retry,Actuator + Micrometer + OpenTelemetry,JUnit 5 + Testcontainers + ArchUnit + Spring Cloud Contract,OCI image + layered Spring Boot JAR,compliance-01,retail-compliance,PLANNED
129,632,44,compliance,svc-0432,compliance-02,ADMIN_API_SERVICE,team-044,25,4.1.1,Gradle,9,Kotlin,Executable JAR,com.agilearning.retail.compliance.service0432,Compliance02Application,applications/backend/services/compliance/compliance-02,/api/v1/compliance/02,INTERNAL_AUTHORIZED,,retail-admin-web,Spring MVC,REST + OpenAPI 3.1,Spring Security OAuth2 Resource Server,Spring Data JDBC,PostgreSQL 18.6,compliance_svc_02,compliance,Flyway,10,10,0,9,6,9,6,0,Y,Y,Y,Y,Resilience4j + idempotency + retry,Actuator + Micrometer + OpenTelemetry,JUnit 5 + Testcontainers + ArchUnit + Spring Cloud Contract,OCI image + layered Spring Boot JAR,compliance-02,retail-compliance,PLANNED
129,633,44,compliance,svc-0433,compliance-03,ADMIN_API_SERVICE,team-044,25,4.1.1,Gradle,9,Kotlin,Executable JAR,com.agilearning.retail.compliance.service0433,Compliance03Application,applications/backend/services/compliance/compliance-03,/api/v1/compliance/03,INTERNAL_AUTHORIZED,,retail-admin-web,Spring MVC,REST + OpenAPI 3.1,Spring Security OAuth2 Resource Server,Spring Data JDBC,PostgreSQL 18.6,compliance_svc_03,compliance,Flyway,10,10,0,9,6,9,6,0,Y,Y,Y,Y,Resilience4j + idempotency + retry,Actuator + Micrometer + OpenTelemetry,JUnit 5 + Testcontainers + ArchUnit + Spring Cloud Contract,OCI image + layered Spring Boot JAR,compliance-03,retail-compliance,PLANNED
129,634,44,compliance,svc-0434,compliance-04,ADMIN_API_SERVICE,team-044,25,4.1.1,Gradle,9,Kotlin,Executable JAR,com.agilearning.retail.compliance.service0434,Compliance04Application,applications/backend/services/compliance/compliance-04,/api/v1/compliance/04,INTERNAL_AUTHORIZED,,retail-admin-web,Spring MVC,REST + OpenAPI 3.1,Spring Security OAuth2 Resource Server,Spring Data JDBC,PostgreSQL 18.6,compliance_svc_04,compliance,Flyway,10,10,0,6,6,6,6,0,Y,Y,Y,Y,Resilience4j + idempotency + retry,Actuator + Micrometer + OpenTelemetry,JUnit 5 + Testcontainers + ArchUnit + Spring Cloud Contract,OCI image + layered Spring Boot JAR,compliance-04,retail-compliance,PLANNED
129,635,44,compliance,svc-0435,compliance-05,ADMIN_API_SERVICE,team-044,25,4.1.1,Gradle,9,Kotlin,Executable JAR,com.agilearning.retail.compliance.service0435,Compliance05Application,applications/backend/services/compliance/compliance-05,/api/v1/compliance/05,INTERNAL_AUTHORIZED,,retail-admin-web,Spring MVC,REST + OpenAPI 3.1,Spring Security OAuth2 Resource Server,Spring Data JDBC,PostgreSQL 18.6,compliance_svc_05,compliance,Flyway,10,10,0,6,6,6,6,0,Y,Y,Y,Y,Resilience4j + idempotency + retry,Actuator + Micrometer + OpenTelemetry,JUnit 5 + Testcontainers + ArchUnit + Spring Cloud Contract,OCI image + layered Spring Boot JAR,compliance-05,retail-compliance,PLANNED
129,636,44,compliance,svc-0436,compliance-06,ADMIN_API_SERVICE,team-044,25,4.1.1,Gradle,9,Kotlin,Executable JAR,com.agilearning.retail.compliance.service0436,Compliance06Application,applications/backend/services/compliance/compliance-06,/api/v1/compliance/06,INTERNAL_AUTHORIZED,,retail-admin-web,Spring MVC,REST + OpenAPI 3.1,Spring Security OAuth2 Resource Server,Spring Data JDBC,PostgreSQL 18.6,compliance_svc_06,compliance,Flyway,10,10,0,3,6,3,6,0,Y,Y,Y,Y,Resilience4j + idempotency + retry,Actuator + Micrometer + OpenTelemetry,JUnit 5 + Testcontainers + ArchUnit + Spring Cloud Contract,OCI image + layered Spring Boot JAR,compliance-06,retail-compliance,PLANNED
129,637,44,compliance,svc-0437,compliance-07,ADMIN_API_SERVICE,team-044,25,4.1.1,Gradle,9,Kotlin,Executable JAR,com.agilearning.retail.compliance.service0437,Compliance07Application,applications/backend/services/compliance/compliance-07,/api/v1/compliance/07,INTERNAL_AUTHORIZED,,retail-admin-web,Spring MVC,REST + OpenAPI 3.1,Spring Security OAuth2 Resource Server,Spring Data JDBC,PostgreSQL 18.6,compliance_svc_07,compliance,Flyway,10,10,0,3,6,3,6,0,Y,Y,Y,Y,Resilience4j + idempotency + retry,Actuator + Micrometer + OpenTelemetry,JUnit 5 + Testcontainers + ArchUnit + Spring Cloud Contract,OCI image + layered Spring Boot JAR,compliance-07,retail-compliance,PLANNED
129,638,44,compliance,svc-0438,compliance-08,ADMIN_API_SERVICE,team-044,25,4.1.1,Gradle,9,Kotlin,Executable JAR,com.agilearning.retail.compliance.service0438,Compliance08Application,applications/backend/services/compliance/compliance-08,/api/v1/compliance/08,INTERNAL_AUTHORIZED,,retail-admin-web,Spring MVC,REST + OpenAPI 3.1,Spring Security OAuth2 Resource Server,Spring Data JDBC,PostgreSQL 18.6,compliance_svc_08,compliance,Flyway,10,10,0,6,6,6,6,0,Y,Y,Y,Y,Resilience4j + idempotency + retry,Actuator + Micrometer + OpenTelemetry,JUnit 5 + Testcontainers + ArchUnit + Spring Cloud Contract,OCI image + layered Spring Boot JAR,compliance-08,retail-compliance,PLANNED
129,639,44,compliance,svc-0439,compliance-09,ADMIN_API_SERVICE,team-044,25,4.1.1,Gradle,9,Kotlin,Executable JAR,com.agilearning.retail.compliance.service0439,Compliance09Application,applications/backend/services/compliance/compliance-09,/api/v1/compliance/09,INTERNAL_AUTHORIZED,,retail-admin-web,Spring MVC,REST + OpenAPI 3.1,Spring Security OAuth2 Resource Server,Spring Data JDBC,PostgreSQL 18.6,compliance_svc_09,compliance,Flyway,10,10,0,3,6,3,6,0,Y,Y,Y,Y,Resilience4j + idempotency + retry,Actuator + Micrometer + OpenTelemetry,JUnit 5 + Testcontainers + ArchUnit + Spring Cloud Contract,OCI image + layered Spring Boot JAR,compliance-09,retail-compliance,PLANNED
129,640,44,compliance,svc-0440,compliance-10,ADMIN_API_SERVICE,team-044,25,4.1.1,Gradle,9,Kotlin,Executable JAR,com.agilearning.retail.compliance.service0440,Compliance10Application,applications/backend/services/compliance/compliance-10,/api/v1/compliance/10,INTERNAL_AUTHORIZED,,retail-admin-web,Spring MVC,REST + OpenAPI 3.1,Spring Security OAuth2 Resource Server,Spring Data JDBC,PostgreSQL 18.6,compliance_svc_10,compliance,Flyway,10,10,0,6,6,6,6,0,Y,Y,Y,Y,Resilience4j + idempotency + retry,Actuator + Micrometer + OpenTelemetry,JUnit 5 + Testcontainers + ArchUnit + Spring Cloud Contract,OCI image + layered Spring Boot JAR,compliance-10,retail-compliance,PLANNED
129,641,45,privacy,svc-0441,privacy-01,ADMIN_API_SERVICE,team-045,25,4.1.1,Gradle,9,Kotlin,Executable JAR,com.agilearning.retail.privacy.service0441,Privacy01Application,applications/backend/services/privacy/privacy-01,/api/v1/privacy/01,INTERNAL_AUTHORIZED,,retail-admin-web,Spring MVC,REST + OpenAPI 3.1,Spring Security OAuth2 Resource Server,Spring Data JDBC,PostgreSQL 18.6,privacy_svc_01,privacy,Flyway,10,7,3,9,6,9,6,0,Y,Y,Y,Y,Resilience4j + idempotency + retry,Actuator + Micrometer + OpenTelemetry,JUnit 5 + Testcontainers + ArchUnit + Spring Cloud Contract,OCI image + layered Spring Boot JAR,privacy-01,retail-privacy,PLANNED
129,642,45,privacy,svc-0442,privacy-02,ADMIN_API_SERVICE,team-045,25,4.1.1,Gradle,9,Kotlin,Executable JAR,com.agilearning.retail.privacy.service0442,Privacy02Application,applications/backend/services/privacy/privacy-02,/api/v1/privacy/02,INTERNAL_AUTHORIZED,,retail-admin-web,Spring MVC,REST + OpenAPI 3.1,Spring Security OAuth2 Resource Server,Spring Data JDBC,PostgreSQL 18.6,privacy_svc_02,privacy,Flyway,10,7,3,9,6,9,6,0,Y,Y,Y,Y,Resilience4j + idempotency + retry,Actuator + Micrometer + OpenTelemetry,JUnit 5 + Testcontainers + ArchUnit + Spring Cloud Contract,OCI image + layered Spring Boot JAR,privacy-02,retail-privacy,PLANNED
129,643,45,privacy,svc-0443,privacy-03,ADMIN_API_SERVICE,team-045,25,4.1.1,Gradle,9,Kotlin,Executable JAR,com.agilearning.retail.privacy.service0443,Privacy03Application,applications/backend/services/privacy/privacy-03,/api/v1/privacy/03,INTERNAL_AUTHORIZED,,retail-admin-web,Spring MVC,REST + OpenAPI 3.1,Spring Security OAuth2 Resource Server,Spring Data JDBC,PostgreSQL 18.6,privacy_svc_03,privacy,Flyway,10,6,4,9,6,9,6,0,Y,Y,Y,Y,Resilience4j + idempotency + retry,Actuator + Micrometer + OpenTelemetry,JUnit 5 + Testcontainers + ArchUnit + Spring Cloud Contract,OCI image + layered Spring Boot JAR,privacy-03,retail-privacy,PLANNED
129,644,45,privacy,svc-0444,privacy-04,ADMIN_API_SERVICE,team-045,25,4.1.1,Gradle,9,Kotlin,Executable JAR,com.agilearning.retail.privacy.service0444,Privacy04Application,applications/backend/services/privacy/privacy-04,/api/v1/privacy/04,INTERNAL_AUTHORIZED,,retail-admin-web,Spring MVC,REST + OpenAPI 3.1,Spring Security OAuth2 Resource Server,Spring Data JDBC,PostgreSQL 18.6,privacy_svc_04,privacy,Flyway,10,7,3,6,6,6,6,0,Y,Y,Y,Y,Resilience4j + idempotency + retry,Actuator + Micrometer + OpenTelemetry,JUnit 5 + Testcontainers + ArchUnit + Spring Cloud Contract,OCI image + layered Spring Boot JAR,privacy-04,retail-privacy,PLANNED
129,645,45,privacy,svc-0445,privacy-05,ADMIN_API_SERVICE,team-045,25,4.1.1,Gradle,9,Kotlin,Executable JAR,com.agilearning.retail.privacy.service0445,Privacy05Application,applications/backend/services/privacy/privacy-05,/api/v1/privacy/05,INTERNAL_AUTHORIZED,,retail-admin-web,Spring MVC,REST + OpenAPI 3.1,Spring Security OAuth2 Resource Server,Spring Data JDBC,PostgreSQL 18.6,privacy_svc_05,privacy,Flyway,10,7,3,6,6,6,6,0,Y,Y,Y,Y,Resilience4j + idempotency + retry,Actuator + Micrometer + OpenTelemetry,JUnit 5 + Testcontainers + ArchUnit + Spring Cloud Contract,OCI image + layered Spring Boot JAR,privacy-05,retail-privacy,PLANNED
129,646,45,privacy,svc-0446,privacy-06,ADMIN_API_SERVICE,team-045,25,4.1.1,Gradle,9,Kotlin,Executable JAR,com.agilearning.retail.privacy.service0446,Privacy06Application,applications/backend/services/privacy/privacy-06,/api/v1/privacy/06,INTERNAL_AUTHORIZED,,retail-admin-web,Spring MVC,REST + OpenAPI 3.1,Spring Security OAuth2 Resource Server,Spring Data JDBC,PostgreSQL 18.6,privacy_svc_06,privacy,Flyway,10,6,4,3,6,3,6,0,Y,Y,Y,Y,Resilience4j + idempotency + retry,Actuator + Micrometer + OpenTelemetry,JUnit 5 + Testcontainers + ArchUnit + Spring Cloud Contract,OCI image + layered Spring Boot JAR,privacy-06,retail-privacy,PLANNED
129,647,45,privacy,svc-0447,privacy-07,ADMIN_API_SERVICE,team-045,25,4.1.1,Gradle,9,Kotlin,Executable JAR,com.agilearning.retail.privacy.service0447,Privacy07Application,applications/backend/services/privacy/privacy-07,/api/v1/privacy/07,INTERNAL_AUTHORIZED,,retail-admin-web,Spring MVC,REST + OpenAPI 3.1,Spring Security OAuth2 Resource Server,Spring Data JDBC,PostgreSQL 18.6,privacy_svc_07,privacy,Flyway,10,7,3,3,6,3,6,0,Y,Y,Y,Y,Resilience4j + idempotency + retry,Actuator + Micrometer + OpenTelemetry,JUnit 5 + Testcontainers + ArchUnit + Spring Cloud Contract,OCI image + layered Spring Boot JAR,privacy-07,retail-privacy,PLANNED
129,648,45,privacy,svc-0448,privacy-08,ADMIN_API_SERVICE,team-045,25,4.1.1,Gradle,9,Kotlin,Executable JAR,com.agilearning.retail.privacy.service0448,Privacy08Application,applications/backend/services/privacy/privacy-08,/api/v1/privacy/08,INTERNAL_AUTHORIZED,,retail-admin-web,Spring MVC,REST + OpenAPI 3.1,Spring Security OAuth2 Resource Server,Spring Data JDBC,PostgreSQL 18.6,privacy_svc_08,privacy,Flyway,10,7,3,6,6,6,6,0,Y,Y,Y,Y,Resilience4j + idempotency + retry,Actuator + Micrometer + OpenTelemetry,JUnit 5 + Testcontainers + ArchUnit + Spring Cloud Contract,OCI image + layered Spring Boot JAR,privacy-08,retail-privacy,PLANNED
129,649,45,privacy,svc-0449,privacy-09,ADMIN_API_SERVICE,team-045,25,4.1.1,Gradle,9,Kotlin,Executable JAR,com.agilearning.retail.privacy.service0449,Privacy09Application,applications/backend/services/privacy/privacy-09,/api/v1/privacy/09,INTERNAL_AUTHORIZED,,retail-admin-web,Spring MVC,REST + OpenAPI 3.1,Spring Security OAuth2 Resource Server,Spring Data JDBC,PostgreSQL 18.6,privacy_svc_09,privacy,Flyway,10,6,4,3,6,3,6,0,Y,Y,Y,Y,Resilience4j + idempotency + retry,Actuator + Micrometer + OpenTelemetry,JUnit 5 + Testcontainers + ArchUnit + Spring Cloud Contract,OCI image + layered Spring Boot JAR,privacy-09,retail-privacy,PLANNED
129,650,45,privacy,svc-0450,privacy-10,ADMIN_API_SERVICE,team-045,25,4.1.1,Gradle,9,Kotlin,Executable JAR,com.agilearning.retail.privacy.service0450,Privacy10Application,applications/backend/services/privacy/privacy-10,/api/v1/privacy/10,INTERNAL_AUTHORIZED,,retail-admin-web,Spring MVC,REST + OpenAPI 3.1,Spring Security OAuth2 Resource Server,Spring Data JDBC,PostgreSQL 18.6,privacy_svc_10,privacy,Flyway,10,7,3,6,6,6,6,0,Y,Y,Y,Y,Resilience4j + idempotency + retry,Actuator + Micrometer + OpenTelemetry,JUnit 5 + Testcontainers + ArchUnit + Spring Cloud Contract,OCI image + layered Spring Boot JAR,privacy-10,retail-privacy,PLANNED
129,651,46,security,svc-0451,security-01,INTERNAL_PLATFORM_SERVICE,team-046,25,4.1.1,Gradle,9,Kotlin,Executable JAR,com.agilearning.retail.security.service0451,Security01Application,applications/backend/services/security/security-01,/api/v1/security/01,INTERNAL_AUTHORIZED,,,Spring MVC,REST + OpenAPI 3.1,Spring Security OAuth2 Resource Server,Spring Data JDBC,PostgreSQL 18.6,security_svc_01,security,Flyway,10,7,3,9,6,9,6,0,Y,Y,Y,Y,Resilience4j + idempotency + retry,Actuator + Micrometer + OpenTelemetry,JUnit 5 + Testcontainers + ArchUnit + Spring Cloud Contract,OCI image + layered Spring Boot JAR,security-01,retail-security,PLANNED
129,652,46,security,svc-0452,security-02,INTERNAL_PLATFORM_SERVICE,team-046,25,4.1.1,Gradle,9,Kotlin,Executable JAR,com.agilearning.retail.security.service0452,Security02Application,applications/backend/services/security/security-02,/api/v1/security/02,INTERNAL_AUTHORIZED,,,Spring MVC,REST + OpenAPI 3.1,Spring Security OAuth2 Resource Server,Spring Data JDBC,PostgreSQL 18.6,security_svc_02,security,Flyway,10,7,3,9,6,9,6,0,Y,Y,Y,Y,Resilience4j + idempotency + retry,Actuator + Micrometer + OpenTelemetry,JUnit 5 + Testcontainers + ArchUnit + Spring Cloud Contract,OCI image + layered Spring Boot JAR,security-02,retail-security,PLANNED
129,653,46,security,svc-0453,security-03,INTERNAL_PLATFORM_SERVICE,team-046,25,4.1.1,Gradle,9,Kotlin,Executable JAR,com.agilearning.retail.security.service0453,Security03Application,applications/backend/services/security/security-03,/api/v1/security/03,INTERNAL_AUTHORIZED,,,Spring MVC,REST + OpenAPI 3.1,Spring Security OAuth2 Resource Server,Spring Data JDBC,PostgreSQL 18.6,security_svc_03,security,Flyway,10,6,4,9,6,9,6,0,Y,Y,Y,Y,Resilience4j + idempotency + retry,Actuator + Micrometer + OpenTelemetry,JUnit 5 + Testcontainers + ArchUnit + Spring Cloud Contract,OCI image + layered Spring Boot JAR,security-03,retail-security,PLANNED
129,654,46,security,svc-0454,security-04,INTERNAL_PLATFORM_SERVICE,team-046,25,4.1.1,Gradle,9,Kotlin,Executable JAR,com.agilearning.retail.security.service0454,Security04Application,applications/backend/services/security/security-04,/api/v1/security/04,INTERNAL_AUTHORIZED,,,Spring MVC,REST + OpenAPI 3.1,Spring Security OAuth2 Resource Server,Spring Data JDBC,PostgreSQL 18.6,security_svc_04,security,Flyway,10,7,3,6,6,6,6,0,Y,Y,Y,Y,Resilience4j + idempotency + retry,Actuator + Micrometer + OpenTelemetry,JUnit 5 + Testcontainers + ArchUnit + Spring Cloud Contract,OCI image + layered Spring Boot JAR,security-04,retail-security,PLANNED
129,655,46,security,svc-0455,security-05,INTERNAL_PLATFORM_SERVICE,team-046,25,4.1.1,Gradle,9,Kotlin,Executable JAR,com.agilearning.retail.security.service0455,Security05Application,applications/backend/services/security/security-05,/api/v1/security/05,INTERNAL_AUTHORIZED,,,Spring MVC,REST + OpenAPI 3.1,Spring Security OAuth2 Resource Server,Spring Data JDBC,PostgreSQL 18.6,security_svc_05,security,Flyway,10,7,3,6,6,6,6,0,Y,Y,Y,Y,Resilience4j + idempotency + retry,Actuator + Micrometer + OpenTelemetry,JUnit 5 + Testcontainers + ArchUnit + Spring Cloud Contract,OCI image + layered Spring Boot JAR,security-05,retail-security,PLANNED
129,656,46,security,svc-0456,security-06,INTERNAL_PLATFORM_SERVICE,team-046,25,4.1.1,Gradle,9,Kotlin,Executable JAR,com.agilearning.retail.security.service0456,Security06Application,applications/backend/services/security/security-06,/api/v1/security/06,INTERNAL_AUTHORIZED,,,Spring MVC,REST + OpenAPI 3.1,Spring Security OAuth2 Resource Server,Spring Data JDBC,PostgreSQL 18.6,security_svc_06,security,Flyway,10,6,4,3,6,3,6,0,Y,Y,Y,Y,Resilience4j + idempotency + retry,Actuator + Micrometer + OpenTelemetry,JUnit 5 + Testcontainers + ArchUnit + Spring Cloud Contract,OCI image + layered Spring Boot JAR,security-06,retail-security,PLANNED
129,657,46,security,svc-0457,security-07,INTERNAL_PLATFORM_SERVICE,team-046,25,4.1.1,Gradle,9,Kotlin,Executable JAR,com.agilearning.retail.security.service0457,Security07Application,applications/backend/services/security/security-07,/api/v1/security/07,INTERNAL_AUTHORIZED,,,Spring MVC,REST + OpenAPI 3.1,Spring Security OAuth2 Resource Server,Spring Data JDBC,PostgreSQL 18.6,security_svc_07,security,Flyway,10,7,3,3,6,3,6,0,Y,Y,Y,Y,Resilience4j + idempotency + retry,Actuator + Micrometer + OpenTelemetry,JUnit 5 + Testcontainers + ArchUnit + Spring Cloud Contract,OCI image + layered Spring Boot JAR,security-07,retail-security,PLANNED
129,658,46,security,svc-0458,security-08,INTERNAL_PLATFORM_SERVICE,team-046,25,4.1.1,Gradle,9,Kotlin,Executable JAR,com.agilearning.retail.security.service0458,Security08Application,applications/backend/services/security/security-08,/api/v1/security/08,INTERNAL_AUTHORIZED,,,Spring MVC,REST + OpenAPI 3.1,Spring Security OAuth2 Resource Server,Spring Data JDBC,PostgreSQL 18.6,security_svc_08,security,Flyway,10,7,3,6,6,6,6,0,Y,Y,Y,Y,Resilience4j + idempotency + retry,Actuator + Micrometer + OpenTelemetry,JUnit 5 + Testcontainers + ArchUnit + Spring Cloud Contract,OCI image + layered Spring Boot JAR,security-08,retail-security,PLANNED
129,659,46,security,svc-0459,security-09,INTERNAL_PLATFORM_SERVICE,team-046,25,4.1.1,Gradle,9,Kotlin,Executable JAR,com.agilearning.retail.security.service0459,Security09Application,applications/backend/services/security/security-09,/api/v1/security/09,INTERNAL_AUTHORIZED,,,Spring MVC,REST + OpenAPI 3.1,Spring Security OAuth2 Resource Server,Spring Data JDBC,PostgreSQL 18.6,security_svc_09,security,Flyway,10,6,4,3,6,3,6,0,Y,Y,Y,Y,Resilience4j + idempotency + retry,Actuator + Micrometer + OpenTelemetry,JUnit 5 + Testcontainers + ArchUnit + Spring Cloud Contract,OCI image + layered Spring Boot JAR,security-09,retail-security,PLANNED
129,660,46,security,svc-0460,security-10,INTERNAL_PLATFORM_SERVICE,team-046,25,4.1.1,Gradle,9,Kotlin,Executable JAR,com.agilearning.retail.security.service0460,Security10Application,applications/backend/services/security/security-10,/api/v1/security/10,INTERNAL_AUTHORIZED,,,Spring MVC,REST + OpenAPI 3.1,Spring Security OAuth2 Resource Server,Spring Data JDBC,PostgreSQL 18.6,security_svc_10,security,Flyway,10,7,3,6,6,6,6,0,Y,Y,Y,Y,Resilience4j + idempotency + retry,Actuator + Micrometer + OpenTelemetry,JUnit 5 + Testcontainers + ArchUnit + Spring Cloud Contract,OCI image + layered Spring Boot JAR,security-10,retail-security,PLANNED
129,661,47,iam,svc-0461,iam-01,INTERNAL_PLATFORM_SERVICE,team-047,25,4.1.1,Gradle,9,Kotlin,Executable JAR,com.agilearning.retail.iam.service0461,Iam01Application,applications/backend/services/iam/iam-01,/api/v1/iam/01,INTERNAL_AUTHORIZED,,,Spring MVC,REST + OpenAPI 3.1,Spring Security OAuth2 Resource Server,Spring Data JDBC,PostgreSQL 18.6,iam_svc_01,iam,Flyway,10,7,3,9,2,9,2,0,Y,Y,Y,Y,Resilience4j + idempotency + retry,Actuator + Micrometer + OpenTelemetry,JUnit 5 + Testcontainers + ArchUnit + Spring Cloud Contract,OCI image + layered Spring Boot JAR,iam-01,retail-iam,PLANNED
129,662,47,iam,svc-0462,iam-02,INTERNAL_PLATFORM_SERVICE,team-047,25,4.1.1,Gradle,9,Kotlin,Executable JAR,com.agilearning.retail.iam.service0462,Iam02Application,applications/backend/services/iam/iam-02,/api/v1/iam/02,INTERNAL_AUTHORIZED,,,Spring MVC,REST + OpenAPI 3.1,Spring Security OAuth2 Resource Server,Spring Data JDBC,PostgreSQL 18.6,iam_svc_02,iam,Flyway,10,7,3,9,2,9,2,0,Y,Y,Y,Y,Resilience4j + idempotency + retry,Actuator + Micrometer + OpenTelemetry,JUnit 5 + Testcontainers + ArchUnit + Spring Cloud Contract,OCI image + layered Spring Boot JAR,iam-02,retail-iam,PLANNED
129,663,47,iam,svc-0463,iam-03,INTERNAL_PLATFORM_SERVICE,team-047,25,4.1.1,Gradle,9,Kotlin,Executable JAR,com.agilearning.retail.iam.service0463,Iam03Application,applications/backend/services/iam/iam-03,/api/v1/iam/03,INTERNAL_AUTHORIZED,,,Spring MVC,REST + OpenAPI 3.1,Spring Security OAuth2 Resource Server,Spring Data JDBC,PostgreSQL 18.6,iam_svc_03,iam,Flyway,10,6,4,9,2,9,2,0,Y,Y,Y,Y,Resilience4j + idempotency + retry,Actuator + Micrometer + OpenTelemetry,JUnit 5 + Testcontainers + ArchUnit + Spring Cloud Contract,OCI image + layered Spring Boot JAR,iam-03,retail-iam,PLANNED
129,664,47,iam,svc-0464,iam-04,INTERNAL_PLATFORM_SERVICE,team-047,25,4.1.1,Gradle,9,Kotlin,Executable JAR,com.agilearning.retail.iam.service0464,Iam04Application,applications/backend/services/iam/iam-04,/api/v1/iam/04,INTERNAL_AUTHORIZED,,,Spring MVC,REST + OpenAPI 3.1,Spring Security OAuth2 Resource Server,Spring Data JDBC,PostgreSQL 18.6,iam_svc_04,iam,Flyway,10,7,3,6,2,6,2,0,Y,Y,Y,Y,Resilience4j + idempotency + retry,Actuator + Micrometer + OpenTelemetry,JUnit 5 + Testcontainers + ArchUnit + Spring Cloud Contract,OCI image + layered Spring Boot JAR,iam-04,retail-iam,PLANNED
129,665,47,iam,svc-0465,iam-05,INTERNAL_PLATFORM_SERVICE,team-047,25,4.1.1,Gradle,9,Kotlin,Executable JAR,com.agilearning.retail.iam.service0465,Iam05Application,applications/backend/services/iam/iam-05,/api/v1/iam/05,INTERNAL_AUTHORIZED,,,Spring MVC,REST + OpenAPI 3.1,Spring Security OAuth2 Resource Server,Spring Data JDBC,PostgreSQL 18.6,iam_svc_05,iam,Flyway,10,7,3,6,2,6,2,0,Y,Y,Y,Y,Resilience4j + idempotency + retry,Actuator + Micrometer + OpenTelemetry,JUnit 5 + Testcontainers + ArchUnit + Spring Cloud Contract,OCI image + layered Spring Boot JAR,iam-05,retail-iam,PLANNED
129,666,47,iam,svc-0466,iam-06,INTERNAL_PLATFORM_SERVICE,team-047,25,4.1.1,Gradle,9,Kotlin,Executable JAR,com.agilearning.retail.iam.service0466,Iam06Application,applications/backend/services/iam/iam-06,/api/v1/iam/06,INTERNAL_AUTHORIZED,,,Spring MVC,REST + OpenAPI 3.1,Spring Security OAuth2 Resource Server,Spring Data JDBC,PostgreSQL 18.6,iam_svc_06,iam,Flyway,10,6,4,3,2,3,2,0,Y,Y,Y,Y,Resilience4j + idempotency + retry,Actuator + Micrometer + OpenTelemetry,JUnit 5 + Testcontainers + ArchUnit + Spring Cloud Contract,OCI image + layered Spring Boot JAR,iam-06,retail-iam,PLANNED
129,667,47,iam,svc-0467,iam-07,INTERNAL_PLATFORM_SERVICE,team-047,25,4.1.1,Gradle,9,Kotlin,Executable JAR,com.agilearning.retail.iam.service0467,Iam07Application,applications/backend/services/iam/iam-07,/api/v1/iam/07,INTERNAL_AUTHORIZED,,,Spring MVC,REST + OpenAPI 3.1,Spring Security OAuth2 Resource Server,Spring Data JDBC,PostgreSQL 18.6,iam_svc_07,iam,Flyway,10,7,3,3,2,3,2,0,Y,Y,Y,Y,Resilience4j + idempotency + retry,Actuator + Micrometer + OpenTelemetry,JUnit 5 + Testcontainers + ArchUnit + Spring Cloud Contract,OCI image + layered Spring Boot JAR,iam-07,retail-iam,PLANNED
129,668,47,iam,svc-0468,iam-08,INTERNAL_PLATFORM_SERVICE,team-047,25,4.1.1,Gradle,9,Kotlin,Executable JAR,com.agilearning.retail.iam.service0468,Iam08Application,applications/backend/services/iam/iam-08,/api/v1/iam/08,INTERNAL_AUTHORIZED,,,Spring MVC,REST + OpenAPI 3.1,Spring Security OAuth2 Resource Server,Spring Data JDBC,PostgreSQL 18.6,iam_svc_08,iam,Flyway,10,7,3,6,2,6,2,0,Y,Y,Y,Y,Resilience4j + idempotency + retry,Actuator + Micrometer + OpenTelemetry,JUnit 5 + Testcontainers + ArchUnit + Spring Cloud Contract,OCI image + layered Spring Boot JAR,iam-08,retail-iam,PLANNED
129,669,47,iam,svc-0469,iam-09,INTERNAL_PLATFORM_SERVICE,team-047,25,4.1.1,Gradle,9,Kotlin,Executable JAR,com.agilearning.retail.iam.service0469,Iam09Application,applications/backend/services/iam/iam-09,/api/v1/iam/09,INTERNAL_AUTHORIZED,,,Spring MVC,REST + OpenAPI 3.1,Spring Security OAuth2 Resource Server,Spring Data JDBC,PostgreSQL 18.6,iam_svc_09,iam,Flyway,10,6,4,3,2,3,2,0,Y,Y,Y,Y,Resilience4j + idempotency + retry,Actuator + Micrometer + OpenTelemetry,JUnit 5 + Testcontainers + ArchUnit + Spring Cloud Contract,OCI image + layered Spring Boot JAR,iam-09,retail-iam,PLANNED
129,670,47,iam,svc-0470,iam-10,INTERNAL_PLATFORM_SERVICE,team-047,25,4.1.1,Gradle,9,Kotlin,Executable JAR,com.agilearning.retail.iam.service0470,Iam10Application,applications/backend/services/iam/iam-10,/api/v1/iam/10,INTERNAL_AUTHORIZED,,,Spring MVC,REST + OpenAPI 3.1,Spring Security OAuth2 Resource Server,Spring Data JDBC,PostgreSQL 18.6,iam_svc_10,iam,Flyway,10,7,3,6,2,6,2,0,Y,Y,Y,Y,Resilience4j + idempotency + retry,Actuator + Micrometer + OpenTelemetry,JUnit 5 + Testcontainers + ArchUnit + Spring Cloud Contract,OCI image + layered Spring Boot JAR,iam-10,retail-iam,PLANNED
129,671,48,audit,svc-0471,audit-01,ADMIN_API_SERVICE,team-048,25,4.1.1,Gradle,9,Kotlin,Executable JAR,com.agilearning.retail.audit.service0471,Audit01Application,applications/backend/services/audit/audit-01,/api/v1/audit/01,INTERNAL_AUTHORIZED,,retail-admin-web,Spring MVC,REST + OpenAPI 3.1,Spring Security OAuth2 Resource Server,Spring Data JDBC,PostgreSQL 18.6,audit_svc_01,audit,Flyway,10,10,0,9,4,9,4,0,Y,Y,Y,Y,Resilience4j + idempotency + retry,Actuator + Micrometer + OpenTelemetry,JUnit 5 + Testcontainers + ArchUnit + Spring Cloud Contract,OCI image + layered Spring Boot JAR,audit-01,retail-audit,PLANNED
129,672,48,audit,svc-0472,audit-02,ADMIN_API_SERVICE,team-048,25,4.1.1,Gradle,9,Kotlin,Executable JAR,com.agilearning.retail.audit.service0472,Audit02Application,applications/backend/services/audit/audit-02,/api/v1/audit/02,INTERNAL_AUTHORIZED,,retail-admin-web,Spring MVC,REST + OpenAPI 3.1,Spring Security OAuth2 Resource Server,Spring Data JDBC,PostgreSQL 18.6,audit_svc_02,audit,Flyway,10,10,0,9,4,9,4,0,Y,Y,Y,Y,Resilience4j + idempotency + retry,Actuator + Micrometer + OpenTelemetry,JUnit 5 + Testcontainers + ArchUnit + Spring Cloud Contract,OCI image + layered Spring Boot JAR,audit-02,retail-audit,PLANNED
129,673,48,audit,svc-0473,audit-03,ADMIN_API_SERVICE,team-048,25,4.1.1,Gradle,9,Kotlin,Executable JAR,com.agilearning.retail.audit.service0473,Audit03Application,applications/backend/services/audit/audit-03,/api/v1/audit/03,INTERNAL_AUTHORIZED,,retail-admin-web,Spring MVC,REST + OpenAPI 3.1,Spring Security OAuth2 Resource Server,Spring Data JDBC,PostgreSQL 18.6,audit_svc_03,audit,Flyway,10,10,0,9,4,9,4,0,Y,Y,Y,Y,Resilience4j + idempotency + retry,Actuator + Micrometer + OpenTelemetry,JUnit 5 + Testcontainers + ArchUnit + Spring Cloud Contract,OCI image + layered Spring Boot JAR,audit-03,retail-audit,PLANNED
129,674,48,audit,svc-0474,audit-04,ADMIN_API_SERVICE,team-048,25,4.1.1,Gradle,9,Kotlin,Executable JAR,com.agilearning.retail.audit.service0474,Audit04Application,applications/backend/services/audit/audit-04,/api/v1/audit/04,INTERNAL_AUTHORIZED,,retail-admin-web,Spring MVC,REST + OpenAPI 3.1,Spring Security OAuth2 Resource Server,Spring Data JDBC,PostgreSQL 18.6,audit_svc_04,audit,Flyway,10,10,0,6,4,6,4,0,Y,Y,Y,Y,Resilience4j + idempotency + retry,Actuator + Micrometer + OpenTelemetry,JUnit 5 + Testcontainers + ArchUnit + Spring Cloud Contract,OCI image + layered Spring Boot JAR,audit-04,retail-audit,PLANNED
129,675,48,audit,svc-0475,audit-05,ADMIN_API_SERVICE,team-048,25,4.1.1,Gradle,9,Kotlin,Executable JAR,com.agilearning.retail.audit.service0475,Audit05Application,applications/backend/services/audit/audit-05,/api/v1/audit/05,INTERNAL_AUTHORIZED,,retail-admin-web,Spring MVC,REST + OpenAPI 3.1,Spring Security OAuth2 Resource Server,Spring Data JDBC,PostgreSQL 18.6,audit_svc_05,audit,Flyway,10,10,0,6,4,6,4,0,Y,Y,Y,Y,Resilience4j + idempotency + retry,Actuator + Micrometer + OpenTelemetry,JUnit 5 + Testcontainers + ArchUnit + Spring Cloud Contract,OCI image + layered Spring Boot JAR,audit-05,retail-audit,PLANNED
129,676,48,audit,svc-0476,audit-06,ADMIN_API_SERVICE,team-048,25,4.1.1,Gradle,9,Kotlin,Executable JAR,com.agilearning.retail.audit.service0476,Audit06Application,applications/backend/services/audit/audit-06,/api/v1/audit/06,INTERNAL_AUTHORIZED,,retail-admin-web,Spring MVC,REST + OpenAPI 3.1,Spring Security OAuth2 Resource Server,Spring Data JDBC,PostgreSQL 18.6,audit_svc_06,audit,Flyway,10,10,0,3,4,3,4,0,Y,Y,Y,Y,Resilience4j + idempotency + retry,Actuator + Micrometer + OpenTelemetry,JUnit 5 + Testcontainers + ArchUnit + Spring Cloud Contract,OCI image + layered Spring Boot JAR,audit-06,retail-audit,PLANNED
129,677,48,audit,svc-0477,audit-07,ADMIN_API_SERVICE,team-048,25,4.1.1,Gradle,9,Kotlin,Executable JAR,com.agilearning.retail.audit.service0477,Audit07Application,applications/backend/services/audit/audit-07,/api/v1/audit/07,INTERNAL_AUTHORIZED,,retail-admin-web,Spring MVC,REST + OpenAPI 3.1,Spring Security OAuth2 Resource Server,Spring Data JDBC,PostgreSQL 18.6,audit_svc_07,audit,Flyway,10,10,0,3,4,3,4,0,Y,Y,Y,Y,Resilience4j + idempotency + retry,Actuator + Micrometer + OpenTelemetry,JUnit 5 + Testcontainers + ArchUnit + Spring Cloud Contract,OCI image + layered Spring Boot JAR,audit-07,retail-audit,PLANNED
129,678,48,audit,svc-0478,audit-08,ADMIN_API_SERVICE,team-048,25,4.1.1,Gradle,9,Kotlin,Executable JAR,com.agilearning.retail.audit.service0478,Audit08Application,applications/backend/services/audit/audit-08,/api/v1/audit/08,INTERNAL_AUTHORIZED,,retail-admin-web,Spring MVC,REST + OpenAPI 3.1,Spring Security OAuth2 Resource Server,Spring Data JDBC,PostgreSQL 18.6,audit_svc_08,audit,Flyway,10,10,0,6,4,6,4,0,Y,Y,Y,Y,Resilience4j + idempotency + retry,Actuator + Micrometer + OpenTelemetry,JUnit 5 + Testcontainers + ArchUnit + Spring Cloud Contract,OCI image + layered Spring Boot JAR,audit-08,retail-audit,PLANNED
129,679,48,audit,svc-0479,audit-09,ADMIN_API_SERVICE,team-048,25,4.1.1,Gradle,9,Kotlin,Executable JAR,com.agilearning.retail.audit.service0479,Audit09Application,applications/backend/services/audit/audit-09,/api/v1/audit/09,INTERNAL_AUTHORIZED,,retail-admin-web,Spring MVC,REST + OpenAPI 3.1,Spring Security OAuth2 Resource Server,Spring Data JDBC,PostgreSQL 18.6,audit_svc_09,audit,Flyway,10,10,0,3,4,3,4,0,Y,Y,Y,Y,Resilience4j + idempotency + retry,Actuator + Micrometer + OpenTelemetry,JUnit 5 + Testcontainers + ArchUnit + Spring Cloud Contract,OCI image + layered Spring Boot JAR,audit-09,retail-audit,PLANNED
129,680,48,audit,svc-0480,audit-10,ADMIN_API_SERVICE,team-048,25,4.1.1,Gradle,9,Kotlin,Executable JAR,com.agilearning.retail.audit.service0480,Audit10Application,applications/backend/services/audit/audit-10,/api/v1/audit/10,INTERNAL_AUTHORIZED,,retail-admin-web,Spring MVC,REST + OpenAPI 3.1,Spring Security OAuth2 Resource Server,Spring Data JDBC,PostgreSQL 18.6,audit_svc_10,audit,Flyway,10,10,0,6,4,6,4,0,Y,Y,Y,Y,Resilience4j + idempotency + retry,Actuator + Micrometer + OpenTelemetry,JUnit 5 + Testcontainers + ArchUnit + Spring Cloud Contract,OCI image + layered Spring Boot JAR,audit-10,retail-audit,PLANNED
129,681,49,outbox,svc-0481,outbox-01,INTERNAL_PLATFORM_SERVICE,team-049,25,4.1.1,Gradle,9,Kotlin,Executable JAR,com.agilearning.retail.outbox.service0481,Outbox01Application,applications/backend/services/outbox/outbox-01,/api/v1/outbox/01,INTERNAL_AUTHORIZED,,,Spring MVC,REST + OpenAPI 3.1,Spring Security OAuth2 Resource Server,Spring Data JDBC,PostgreSQL 18.6,outbox_svc_01,outbox,Flyway,10,10,0,9,4,8,4,1,Y,Y,Y,Y,Resilience4j + idempotency + retry,Actuator + Micrometer + OpenTelemetry,JUnit 5 + Testcontainers + ArchUnit + Spring Cloud Contract,OCI image + layered Spring Boot JAR,outbox-01,retail-outbox,PLANNED
129,682,49,outbox,svc-0482,outbox-02,INTERNAL_PLATFORM_SERVICE,team-049,25,4.1.1,Gradle,9,Kotlin,Executable JAR,com.agilearning.retail.outbox.service0482,Outbox02Application,applications/backend/services/outbox/outbox-02,/api/v1/outbox/02,INTERNAL_AUTHORIZED,,,Spring MVC,REST + OpenAPI 3.1,Spring Security OAuth2 Resource Server,Spring Data JDBC,PostgreSQL 18.6,outbox_svc_02,outbox,Flyway,10,10,0,9,4,9,4,0,Y,Y,Y,Y,Resilience4j + idempotency + retry,Actuator + Micrometer + OpenTelemetry,JUnit 5 + Testcontainers + ArchUnit + Spring Cloud Contract,OCI image + layered Spring Boot JAR,outbox-02,retail-outbox,PLANNED
129,683,49,outbox,svc-0483,outbox-03,INTERNAL_PLATFORM_SERVICE,team-049,25,4.1.1,Gradle,9,Kotlin,Executable JAR,com.agilearning.retail.outbox.service0483,Outbox03Application,applications/backend/services/outbox/outbox-03,/api/v1/outbox/03,INTERNAL_AUTHORIZED,,,Spring MVC,REST + OpenAPI 3.1,Spring Security OAuth2 Resource Server,Spring Data JDBC,PostgreSQL 18.6,outbox_svc_03,outbox,Flyway,10,10,0,9,4,9,4,0,Y,Y,Y,Y,Resilience4j + idempotency + retry,Actuator + Micrometer + OpenTelemetry,JUnit 5 + Testcontainers + ArchUnit + Spring Cloud Contract,OCI image + layered Spring Boot JAR,outbox-03,retail-outbox,PLANNED
129,684,49,outbox,svc-0484,outbox-04,INTERNAL_PLATFORM_SERVICE,team-049,25,4.1.1,Gradle,9,Kotlin,Executable JAR,com.agilearning.retail.outbox.service0484,Outbox04Application,applications/backend/services/outbox/outbox-04,/api/v1/outbox/04,INTERNAL_AUTHORIZED,,,Spring MVC,REST + OpenAPI 3.1,Spring Security OAuth2 Resource Server,Spring Data JDBC,PostgreSQL 18.6,outbox_svc_04,outbox,Flyway,10,10,0,6,4,6,4,0,Y,Y,Y,Y,Resilience4j + idempotency + retry,Actuator + Micrometer + OpenTelemetry,JUnit 5 + Testcontainers + ArchUnit + Spring Cloud Contract,OCI image + layered Spring Boot JAR,outbox-04,retail-outbox,PLANNED
129,685,49,outbox,svc-0485,outbox-05,INTERNAL_PLATFORM_SERVICE,team-049,25,4.1.1,Gradle,9,Kotlin,Executable JAR,com.agilearning.retail.outbox.service0485,Outbox05Application,applications/backend/services/outbox/outbox-05,/api/v1/outbox/05,INTERNAL_AUTHORIZED,,,Spring MVC,REST + OpenAPI 3.1,Spring Security OAuth2 Resource Server,Spring Data JDBC,PostgreSQL 18.6,outbox_svc_05,outbox,Flyway,10,10,0,6,4,6,4,0,Y,Y,Y,Y,Resilience4j + idempotency + retry,Actuator + Micrometer + OpenTelemetry,JUnit 5 + Testcontainers + ArchUnit + Spring Cloud Contract,OCI image + layered Spring Boot JAR,outbox-05,retail-outbox,PLANNED
129,686,49,outbox,svc-0486,outbox-06,INTERNAL_PLATFORM_SERVICE,team-049,25,4.1.1,Gradle,9,Kotlin,Executable JAR,com.agilearning.retail.outbox.service0486,Outbox06Application,applications/backend/services/outbox/outbox-06,/api/v1/outbox/06,INTERNAL_AUTHORIZED,,,Spring MVC,REST + OpenAPI 3.1,Spring Security OAuth2 Resource Server,Spring Data JDBC,PostgreSQL 18.6,outbox_svc_06,outbox,Flyway,10,10,0,3,4,3,4,0,Y,Y,Y,Y,Resilience4j + idempotency + retry,Actuator + Micrometer + OpenTelemetry,JUnit 5 + Testcontainers + ArchUnit + Spring Cloud Contract,OCI image + layered Spring Boot JAR,outbox-06,retail-outbox,PLANNED
129,687,49,outbox,svc-0487,outbox-07,INTERNAL_PLATFORM_SERVICE,team-049,25,4.1.1,Gradle,9,Kotlin,Executable JAR,com.agilearning.retail.outbox.service0487,Outbox07Application,applications/backend/services/outbox/outbox-07,/api/v1/outbox/07,INTERNAL_AUTHORIZED,,,Spring MVC,REST + OpenAPI 3.1,Spring Security OAuth2 Resource Server,Spring Data JDBC,PostgreSQL 18.6,outbox_svc_07,outbox,Flyway,10,10,0,3,4,3,4,0,Y,Y,Y,Y,Resilience4j + idempotency + retry,Actuator + Micrometer + OpenTelemetry,JUnit 5 + Testcontainers + ArchUnit + Spring Cloud Contract,OCI image + layered Spring Boot JAR,outbox-07,retail-outbox,PLANNED
129,688,49,outbox,svc-0488,outbox-08,INTERNAL_PLATFORM_SERVICE,team-049,25,4.1.1,Gradle,9,Kotlin,Executable JAR,com.agilearning.retail.outbox.service0488,Outbox08Application,applications/backend/services/outbox/outbox-08,/api/v1/outbox/08,INTERNAL_AUTHORIZED,,,Spring MVC,REST + OpenAPI 3.1,Spring Security OAuth2 Resource Server,Spring Data JDBC,PostgreSQL 18.6,outbox_svc_08,outbox,Flyway,10,10,0,6,4,6,4,0,Y,Y,Y,Y,Resilience4j + idempotency + retry,Actuator + Micrometer + OpenTelemetry,JUnit 5 + Testcontainers + ArchUnit + Spring Cloud Contract,OCI image + layered Spring Boot JAR,outbox-08,retail-outbox,PLANNED
129,689,49,outbox,svc-0489,outbox-09,INTERNAL_PLATFORM_SERVICE,team-049,25,4.1.1,Gradle,9,Kotlin,Executable JAR,com.agilearning.retail.outbox.service0489,Outbox09Application,applications/backend/services/outbox/outbox-09,/api/v1/outbox/09,INTERNAL_AUTHORIZED,,,Spring MVC,REST + OpenAPI 3.1,Spring Security OAuth2 Resource Server,Spring Data JDBC,PostgreSQL 18.6,outbox_svc_09,outbox,Flyway,10,10,0,3,4,3,4,0,Y,Y,Y,Y,Resilience4j + idempotency + retry,Actuator + Micrometer + OpenTelemetry,JUnit 5 + Testcontainers + ArchUnit + Spring Cloud Contract,OCI image + layered Spring Boot JAR,outbox-09,retail-outbox,PLANNED
129,690,49,outbox,svc-0490,outbox-10,INTERNAL_PLATFORM_SERVICE,team-049,25,4.1.1,Gradle,9,Kotlin,Executable JAR,com.agilearning.retail.outbox.service0490,Outbox10Application,applications/backend/services/outbox/outbox-10,/api/v1/outbox/10,INTERNAL_AUTHORIZED,,,Spring MVC,REST + OpenAPI 3.1,Spring Security OAuth2 Resource Server,Spring Data JDBC,PostgreSQL 18.6,outbox_svc_10,outbox,Flyway,10,10,0,6,4,6,4,0,Y,Y,Y,Y,Resilience4j + idempotency + retry,Actuator + Micrometer + OpenTelemetry,JUnit 5 + Testcontainers + ArchUnit + Spring Cloud Contract,OCI image + layered Spring Boot JAR,outbox-10,retail-outbox,PLANNED
129,691,50,integration,svc-0491,integration-01,INTERNAL_PLATFORM_SERVICE,team-050,25,4.1.1,Gradle,9,Kotlin,Executable JAR,com.agilearning.retail.integration.service0491,Integration01Application,applications/backend/services/integration/integration-01,/api/v1/integration/01,INTERNAL_AUTHORIZED,,,Spring MVC,REST + OpenAPI 3.1,Spring Security OAuth2 Resource Server,Spring Data JDBC,PostgreSQL 18.6,integration_svc_01,integration,Flyway,10,10,0,9,0,9,0,0,Y,N,Y,N,Resilience4j + idempotency + retry,Actuator + Micrometer + OpenTelemetry,JUnit 5 + Testcontainers + ArchUnit + Spring Cloud Contract,OCI image + layered Spring Boot JAR,integration-01,retail-integration,PLANNED
129,692,50,integration,svc-0492,integration-02,INTERNAL_PLATFORM_SERVICE,team-050,25,4.1.1,Gradle,9,Kotlin,Executable JAR,com.agilearning.retail.integration.service0492,Integration02Application,applications/backend/services/integration/integration-02,/api/v1/integration/02,INTERNAL_AUTHORIZED,,,Spring MVC,REST + OpenAPI 3.1,Spring Security OAuth2 Resource Server,Spring Data JDBC,PostgreSQL 18.6,integration_svc_02,integration,Flyway,10,10,0,9,0,9,0,0,Y,N,Y,N,Resilience4j + idempotency + retry,Actuator + Micrometer + OpenTelemetry,JUnit 5 + Testcontainers + ArchUnit + Spring Cloud Contract,OCI image + layered Spring Boot JAR,integration-02,retail-integration,PLANNED
129,693,50,integration,svc-0493,integration-03,INTERNAL_PLATFORM_SERVICE,team-050,25,4.1.1,Gradle,9,Kotlin,Executable JAR,com.agilearning.retail.integration.service0493,Integration03Application,applications/backend/services/integration/integration-03,/api/v1/integration/03,INTERNAL_AUTHORIZED,,,Spring MVC,REST + OpenAPI 3.1,Spring Security OAuth2 Resource Server,Spring Data JDBC,PostgreSQL 18.6,integration_svc_03,integration,Flyway,10,10,0,9,0,9,0,0,Y,N,Y,N,Resilience4j + idempotency + retry,Actuator + Micrometer + OpenTelemetry,JUnit 5 + Testcontainers + ArchUnit + Spring Cloud Contract,OCI image + layered Spring Boot JAR,integration-03,retail-integration,PLANNED
129,694,50,integration,svc-0494,integration-04,INTERNAL_PLATFORM_SERVICE,team-050,25,4.1.1,Gradle,9,Kotlin,Executable JAR,com.agilearning.retail.integration.service0494,Integration04Application,applications/backend/services/integration/integration-04,/api/v1/integration/04,INTERNAL_AUTHORIZED,,,Spring MVC,REST + OpenAPI 3.1,Spring Security OAuth2 Resource Server,Spring Data JDBC,PostgreSQL 18.6,integration_svc_04,integration,Flyway,10,10,0,6,0,6,0,0,Y,N,Y,N,Resilience4j + idempotency + retry,Actuator + Micrometer + OpenTelemetry,JUnit 5 + Testcontainers + ArchUnit + Spring Cloud Contract,OCI image + layered Spring Boot JAR,integration-04,retail-integration,PLANNED
129,695,50,integration,svc-0495,integration-05,INTERNAL_PLATFORM_SERVICE,team-050,25,4.1.1,Gradle,9,Kotlin,Executable JAR,com.agilearning.retail.integration.service0495,Integration05Application,applications/backend/services/integration/integration-05,/api/v1/integration/05,INTERNAL_AUTHORIZED,,,Spring MVC,REST + OpenAPI 3.1,Spring Security OAuth2 Resource Server,Spring Data JDBC,PostgreSQL 18.6,integration_svc_05,integration,Flyway,10,10,0,6,0,6,0,0,Y,N,Y,N,Resilience4j + idempotency + retry,Actuator + Micrometer + OpenTelemetry,JUnit 5 + Testcontainers + ArchUnit + Spring Cloud Contract,OCI image + layered Spring Boot JAR,integration-05,retail-integration,PLANNED
129,696,50,integration,svc-0496,integration-06,INTERNAL_PLATFORM_SERVICE,team-050,25,4.1.1,Gradle,9,Kotlin,Executable JAR,com.agilearning.retail.integration.service0496,Integration06Application,applications/backend/services/integration/integration-06,/api/v1/integration/06,INTERNAL_AUTHORIZED,,,Spring MVC,REST + OpenAPI 3.1,Spring Security OAuth2 Resource Server,Spring Data JDBC,PostgreSQL 18.6,integration_svc_06,integration,Flyway,10,10,0,3,0,3,0,0,Y,N,Y,N,Resilience4j + idempotency + retry,Actuator + Micrometer + OpenTelemetry,JUnit 5 + Testcontainers + ArchUnit + Spring Cloud Contract,OCI image + layered Spring Boot JAR,integration-06,retail-integration,PLANNED
129,697,50,integration,svc-0497,integration-07,INTERNAL_PLATFORM_SERVICE,team-050,25,4.1.1,Gradle,9,Kotlin,Executable JAR,com.agilearning.retail.integration.service0497,Integration07Application,applications/backend/services/integration/integration-07,/api/v1/integration/07,INTERNAL_AUTHORIZED,,,Spring MVC,REST + OpenAPI 3.1,Spring Security OAuth2 Resource Server,Spring Data JDBC,PostgreSQL 18.6,integration_svc_07,integration,Flyway,10,10,0,3,0,3,0,0,Y,N,Y,N,Resilience4j + idempotency + retry,Actuator + Micrometer + OpenTelemetry,JUnit 5 + Testcontainers + ArchUnit + Spring Cloud Contract,OCI image + layered Spring Boot JAR,integration-07,retail-integration,PLANNED
129,698,50,integration,svc-0498,integration-08,INTERNAL_PLATFORM_SERVICE,team-050,25,4.1.1,Gradle,9,Kotlin,Executable JAR,com.agilearning.retail.integration.service0498,Integration08Application,applications/backend/services/integration/integration-08,/api/v1/integration/08,INTERNAL_AUTHORIZED,,,Spring MVC,REST + OpenAPI 3.1,Spring Security OAuth2 Resource Server,Spring Data JDBC,PostgreSQL 18.6,integration_svc_08,integration,Flyway,10,10,0,6,0,6,0,0,Y,N,Y,N,Resilience4j + idempotency + retry,Actuator + Micrometer + OpenTelemetry,JUnit 5 + Testcontainers + ArchUnit + Spring Cloud Contract,OCI image + layered Spring Boot JAR,integration-08,retail-integration,PLANNED
129,699,50,integration,svc-0499,integration-09,INTERNAL_PLATFORM_SERVICE,team-050,25,4.1.1,Gradle,9,Kotlin,Executable JAR,com.agilearning.retail.integration.service0499,Integration09Application,applications/backend/services/integration/integration-09,/api/v1/integration/09,INTERNAL_AUTHORIZED,,,Spring MVC,REST + OpenAPI 3.1,Spring Security OAuth2 Resource Server,Spring Data JDBC,PostgreSQL 18.6,integration_svc_09,integration,Flyway,10,10,0,3,0,3,0,0,Y,N,Y,N,Resilience4j + idempotency + retry,Actuator + Micrometer + OpenTelemetry,JUnit 5 + Testcontainers + ArchUnit + Spring Cloud Contract,OCI image + layered Spring Boot JAR,integration-09,retail-integration,PLANNED
129,700,50,integration,svc-0500,integration-10,INTERNAL_PLATFORM_SERVICE,team-050,25,4.1.1,Gradle,9,Kotlin,Executable JAR,com.agilearning.retail.integration.service0500,Integration10Application,applications/backend/services/integration/integration-10,/api/v1/integration/10,INTERNAL_AUTHORIZED,,,Spring MVC,REST + OpenAPI 3.1,Spring Security OAuth2 Resource Server,Spring Data JDBC,PostgreSQL 18.6,integration_svc_10,integration,Flyway,10,10,0,6,0,6,0,0,Y,N,Y,N,Resilience4j + idempotency + retry,Actuator + Micrometer + OpenTelemetry,JUnit 5 + Testcontainers + ArchUnit + Spring Cloud Contract,OCI image + layered Spring Boot JAR,integration-10,retail-integration,PLANNED
129,701,51,reference,svc-0501,reference-01,ADMIN_API_SERVICE,team-051,25,4.1.1,Gradle,9,Kotlin,Executable JAR,com.agilearning.retail.reference.service0501,Reference01Application,applications/backend/services/reference/reference-01,/api/v1/reference/01,INTERNAL_AUTHORIZED,,retail-admin-web,Spring MVC,REST + OpenAPI 3.1,Spring Security OAuth2 Resource Server,Spring Data JDBC,PostgreSQL 18.6,reference_svc_01,reference,Flyway,10,10,0,9,10,9,9,0,Y,Y,Y,Y,Resilience4j + idempotency + retry,Actuator + Micrometer + OpenTelemetry,JUnit 5 + Testcontainers + ArchUnit + Spring Cloud Contract,OCI image + layered Spring Boot JAR,reference-01,retail-reference,PLANNED
129,702,51,reference,svc-0502,reference-02,ADMIN_API_SERVICE,team-051,25,4.1.1,Gradle,9,Kotlin,Executable JAR,com.agilearning.retail.reference.service0502,Reference02Application,applications/backend/services/reference/reference-02,/api/v1/reference/02,INTERNAL_AUTHORIZED,,retail-admin-web,Spring MVC,REST + OpenAPI 3.1,Spring Security OAuth2 Resource Server,Spring Data JDBC,PostgreSQL 18.6,reference_svc_02,reference,Flyway,10,10,0,9,10,9,10,0,Y,Y,Y,Y,Resilience4j + idempotency + retry,Actuator + Micrometer + OpenTelemetry,JUnit 5 + Testcontainers + ArchUnit + Spring Cloud Contract,OCI image + layered Spring Boot JAR,reference-02,retail-reference,PLANNED
129,703,51,reference,svc-0503,reference-03,ADMIN_API_SERVICE,team-051,25,4.1.1,Gradle,9,Kotlin,Executable JAR,com.agilearning.retail.reference.service0503,Reference03Application,applications/backend/services/reference/reference-03,/api/v1/reference/03,INTERNAL_AUTHORIZED,,retail-admin-web,Spring MVC,REST + OpenAPI 3.1,Spring Security OAuth2 Resource Server,Spring Data JDBC,PostgreSQL 18.6,reference_svc_03,reference,Flyway,10,10,0,9,10,9,10,0,Y,Y,Y,Y,Resilience4j + idempotency + retry,Actuator + Micrometer + OpenTelemetry,JUnit 5 + Testcontainers + ArchUnit + Spring Cloud Contract,OCI image + layered Spring Boot JAR,reference-03,retail-reference,PLANNED
129,704,51,reference,svc-0504,reference-04,ADMIN_API_SERVICE,team-051,25,4.1.1,Gradle,9,Kotlin,Executable JAR,com.agilearning.retail.reference.service0504,Reference04Application,applications/backend/services/reference/reference-04,/api/v1/reference/04,INTERNAL_AUTHORIZED,,retail-admin-web,Spring MVC,REST + OpenAPI 3.1,Spring Security OAuth2 Resource Server,Spring Data JDBC,PostgreSQL 18.6,reference_svc_04,reference,Flyway,10,10,0,6,10,6,10,0,Y,Y,Y,Y,Resilience4j + idempotency + retry,Actuator + Micrometer + OpenTelemetry,JUnit 5 + Testcontainers + ArchUnit + Spring Cloud Contract,OCI image + layered Spring Boot JAR,reference-04,retail-reference,PLANNED
129,705,51,reference,svc-0505,reference-05,ADMIN_API_SERVICE,team-051,25,4.1.1,Gradle,9,Kotlin,Executable JAR,com.agilearning.retail.reference.service0505,Reference05Application,applications/backend/services/reference/reference-05,/api/v1/reference/05,INTERNAL_AUTHORIZED,,retail-admin-web,Spring MVC,REST + OpenAPI 3.1,Spring Security OAuth2 Resource Server,Spring Data JDBC,PostgreSQL 18.6,reference_svc_05,reference,Flyway,10,10,0,6,10,6,10,0,Y,Y,Y,Y,Resilience4j + idempotency + retry,Actuator + Micrometer + OpenTelemetry,JUnit 5 + Testcontainers + ArchUnit + Spring Cloud Contract,OCI image + layered Spring Boot JAR,reference-05,retail-reference,PLANNED
129,706,51,reference,svc-0506,reference-06,ADMIN_API_SERVICE,team-051,25,4.1.1,Gradle,9,Kotlin,Executable JAR,com.agilearning.retail.reference.service0506,Reference06Application,applications/backend/services/reference/reference-06,/api/v1/reference/06,INTERNAL_AUTHORIZED,,retail-admin-web,Spring MVC,REST + OpenAPI 3.1,Spring Security OAuth2 Resource Server,Spring Data JDBC,PostgreSQL 18.6,reference_svc_06,reference,Flyway,10,10,0,3,10,3,10,0,Y,Y,Y,Y,Resilience4j + idempotency + retry,Actuator + Micrometer + OpenTelemetry,JUnit 5 + Testcontainers + ArchUnit + Spring Cloud Contract,OCI image + layered Spring Boot JAR,reference-06,retail-reference,PLANNED
129,707,51,reference,svc-0507,reference-07,ADMIN_API_SERVICE,team-051,25,4.1.1,Gradle,9,Kotlin,Executable JAR,com.agilearning.retail.reference.service0507,Reference07Application,applications/backend/services/reference/reference-07,/api/v1/reference/07,INTERNAL_AUTHORIZED,,retail-admin-web,Spring MVC,REST + OpenAPI 3.1,Spring Security OAuth2 Resource Server,Spring Data JDBC,PostgreSQL 18.6,reference_svc_07,reference,Flyway,10,10,0,3,10,3,10,0,Y,Y,Y,Y,Resilience4j + idempotency + retry,Actuator + Micrometer + OpenTelemetry,JUnit 5 + Testcontainers + ArchUnit + Spring Cloud Contract,OCI image + layered Spring Boot JAR,reference-07,retail-reference,PLANNED
129,708,51,reference,svc-0508,reference-08,ADMIN_API_SERVICE,team-051,25,4.1.1,Gradle,9,Kotlin,Executable JAR,com.agilearning.retail.reference.service0508,Reference08Application,applications/backend/services/reference/reference-08,/api/v1/reference/08,INTERNAL_AUTHORIZED,,retail-admin-web,Spring MVC,REST + OpenAPI 3.1,Spring Security OAuth2 Resource Server,Spring Data JDBC,PostgreSQL 18.6,reference_svc_08,reference,Flyway,10,10,0,6,10,6,10,0,Y,Y,Y,Y,Resilience4j + idempotency + retry,Actuator + Micrometer + OpenTelemetry,JUnit 5 + Testcontainers + ArchUnit + Spring Cloud Contract,OCI image + layered Spring Boot JAR,reference-08,retail-reference,PLANNED
129,709,51,reference,svc-0509,reference-09,ADMIN_API_SERVICE,team-051,25,4.1.1,Gradle,9,Kotlin,Executable JAR,com.agilearning.retail.reference.service0509,Reference09Application,applications/backend/services/reference/reference-09,/api/v1/reference/09,INTERNAL_AUTHORIZED,,retail-admin-web,Spring MVC,REST + OpenAPI 3.1,Spring Security OAuth2 Resource Server,Spring Data JDBC,PostgreSQL 18.6,reference_svc_09,reference,Flyway,10,10,0,3,10,3,10,0,Y,Y,Y,Y,Resilience4j + idempotency + retry,Actuator + Micrometer + OpenTelemetry,JUnit 5 + Testcontainers + ArchUnit + Spring Cloud Contract,OCI image + layered Spring Boot JAR,reference-09,retail-reference,PLANNED
129,710,51,reference,svc-0510,reference-10,ADMIN_API_SERVICE,team-051,25,4.1.1,Gradle,9,Kotlin,Executable JAR,com.agilearning.retail.reference.service0510,Reference10Application,applications/backend/services/reference/reference-10,/api/v1/reference/10,INTERNAL_AUTHORIZED,,retail-admin-web,Spring MVC,REST + OpenAPI 3.1,Spring Security OAuth2 Resource Server,Spring Data JDBC,PostgreSQL 18.6,reference_svc_10,reference,Flyway,10,10,0,6,10,6,10,0,Y,Y,Y,Y,Resilience4j + idempotency + retry,Actuator + Micrometer + OpenTelemetry,JUnit 5 + Testcontainers + ArchUnit + Spring Cloud Contract,OCI image + layered Spring Boot JAR,reference-10,retail-reference,PLANNED
129,711,52,localization,svc-0511,localization-01,SHARED_API_SERVICE,team-052,25,4.1.1,Gradle,9,Kotlin,Executable JAR,com.agilearning.retail.localization.service0511,Localization01Application,applications/backend/services/localization/localization-01,/api/v1/localization/01,PUBLIC_AUTHENTICATED,retail-customer-web,retail-admin-web,Spring MVC,REST + OpenAPI 3.1,Spring Security OAuth2 Resource Server,Spring Data JDBC,PostgreSQL 18.6,localization_svc_01,localization,Flyway,10,10,0,9,6,9,6,0,Y,Y,Y,Y,Resilience4j + idempotency + retry,Actuator + Micrometer + OpenTelemetry,JUnit 5 + Testcontainers + ArchUnit + Spring Cloud Contract,OCI image + layered Spring Boot JAR,localization-01,retail-localization,PLANNED
129,712,52,localization,svc-0512,localization-02,SHARED_API_SERVICE,team-052,25,4.1.1,Gradle,9,Kotlin,Executable JAR,com.agilearning.retail.localization.service0512,Localization02Application,applications/backend/services/localization/localization-02,/api/v1/localization/02,PUBLIC_AUTHENTICATED,retail-customer-web,retail-admin-web,Spring MVC,REST + OpenAPI 3.1,Spring Security OAuth2 Resource Server,Spring Data JDBC,PostgreSQL 18.6,localization_svc_02,localization,Flyway,10,10,0,9,6,9,6,0,Y,Y,Y,Y,Resilience4j + idempotency + retry,Actuator + Micrometer + OpenTelemetry,JUnit 5 + Testcontainers + ArchUnit + Spring Cloud Contract,OCI image + layered Spring Boot JAR,localization-02,retail-localization,PLANNED
129,713,52,localization,svc-0513,localization-03,SHARED_API_SERVICE,team-052,25,4.1.1,Gradle,9,Kotlin,Executable JAR,com.agilearning.retail.localization.service0513,Localization03Application,applications/backend/services/localization/localization-03,/api/v1/localization/03,PUBLIC_AUTHENTICATED,retail-customer-web,retail-admin-web,Spring MVC,REST + OpenAPI 3.1,Spring Security OAuth2 Resource Server,Spring Data JDBC,PostgreSQL 18.6,localization_svc_03,localization,Flyway,10,10,0,9,6,9,6,0,Y,Y,Y,Y,Resilience4j + idempotency + retry,Actuator + Micrometer + OpenTelemetry,JUnit 5 + Testcontainers + ArchUnit + Spring Cloud Contract,OCI image + layered Spring Boot JAR,localization-03,retail-localization,PLANNED
129,714,52,localization,svc-0514,localization-04,SHARED_API_SERVICE,team-052,25,4.1.1,Gradle,9,Kotlin,Executable JAR,com.agilearning.retail.localization.service0514,Localization04Application,applications/backend/services/localization/localization-04,/api/v1/localization/04,PUBLIC_AUTHENTICATED,retail-customer-web,retail-admin-web,Spring MVC,REST + OpenAPI 3.1,Spring Security OAuth2 Resource Server,Spring Data JDBC,PostgreSQL 18.6,localization_svc_04,localization,Flyway,10,10,0,6,6,6,6,0,Y,Y,Y,Y,Resilience4j + idempotency + retry,Actuator + Micrometer + OpenTelemetry,JUnit 5 + Testcontainers + ArchUnit + Spring Cloud Contract,OCI image + layered Spring Boot JAR,localization-04,retail-localization,PLANNED
129,715,52,localization,svc-0515,localization-05,SHARED_API_SERVICE,team-052,25,4.1.1,Gradle,9,Kotlin,Executable JAR,com.agilearning.retail.localization.service0515,Localization05Application,applications/backend/services/localization/localization-05,/api/v1/localization/05,PUBLIC_AUTHENTICATED,retail-customer-web,retail-admin-web,Spring MVC,REST + OpenAPI 3.1,Spring Security OAuth2 Resource Server,Spring Data JDBC,PostgreSQL 18.6,localization_svc_05,localization,Flyway,10,10,0,6,6,6,6,0,Y,Y,Y,Y,Resilience4j + idempotency + retry,Actuator + Micrometer + OpenTelemetry,JUnit 5 + Testcontainers + ArchUnit + Spring Cloud Contract,OCI image + layered Spring Boot JAR,localization-05,retail-localization,PLANNED
129,716,52,localization,svc-0516,localization-06,SHARED_API_SERVICE,team-052,25,4.1.1,Gradle,9,Kotlin,Executable JAR,com.agilearning.retail.localization.service0516,Localization06Application,applications/backend/services/localization/localization-06,/api/v1/localization/06,PUBLIC_AUTHENTICATED,retail-customer-web,retail-admin-web,Spring MVC,REST + OpenAPI 3.1,Spring Security OAuth2 Resource Server,Spring Data JDBC,PostgreSQL 18.6,localization_svc_06,localization,Flyway,10,10,0,3,6,3,6,0,Y,Y,Y,Y,Resilience4j + idempotency + retry,Actuator + Micrometer + OpenTelemetry,JUnit 5 + Testcontainers + ArchUnit + Spring Cloud Contract,OCI image + layered Spring Boot JAR,localization-06,retail-localization,PLANNED
129,717,52,localization,svc-0517,localization-07,SHARED_API_SERVICE,team-052,25,4.1.1,Gradle,9,Kotlin,Executable JAR,com.agilearning.retail.localization.service0517,Localization07Application,applications/backend/services/localization/localization-07,/api/v1/localization/07,PUBLIC_AUTHENTICATED,retail-customer-web,retail-admin-web,Spring MVC,REST + OpenAPI 3.1,Spring Security OAuth2 Resource Server,Spring Data JDBC,PostgreSQL 18.6,localization_svc_07,localization,Flyway,10,10,0,3,6,3,6,0,Y,Y,Y,Y,Resilience4j + idempotency + retry,Actuator + Micrometer + OpenTelemetry,JUnit 5 + Testcontainers + ArchUnit + Spring Cloud Contract,OCI image + layered Spring Boot JAR,localization-07,retail-localization,PLANNED
129,718,52,localization,svc-0518,localization-08,SHARED_API_SERVICE,team-052,25,4.1.1,Gradle,9,Kotlin,Executable JAR,com.agilearning.retail.localization.service0518,Localization08Application,applications/backend/services/localization/localization-08,/api/v1/localization/08,PUBLIC_AUTHENTICATED,retail-customer-web,retail-admin-web,Spring MVC,REST + OpenAPI 3.1,Spring Security OAuth2 Resource Server,Spring Data JDBC,PostgreSQL 18.6,localization_svc_08,localization,Flyway,10,10,0,6,6,6,6,0,Y,Y,Y,Y,Resilience4j + idempotency + retry,Actuator + Micrometer + OpenTelemetry,JUnit 5 + Testcontainers + ArchUnit + Spring Cloud Contract,OCI image + layered Spring Boot JAR,localization-08,retail-localization,PLANNED
129,719,52,localization,svc-0519,localization-09,SHARED_API_SERVICE,team-052,25,4.1.1,Gradle,9,Kotlin,Executable JAR,com.agilearning.retail.localization.service0519,Localization09Application,applications/backend/services/localization/localization-09,/api/v1/localization/09,PUBLIC_AUTHENTICATED,retail-customer-web,retail-admin-web,Spring MVC,REST + OpenAPI 3.1,Spring Security OAuth2 Resource Server,Spring Data JDBC,PostgreSQL 18.6,localization_svc_09,localization,Flyway,10,10,0,3,6,3,6,0,Y,Y,Y,Y,Resilience4j + idempotency + retry,Actuator + Micrometer + OpenTelemetry,JUnit 5 + Testcontainers + ArchUnit + Spring Cloud Contract,OCI image + layered Spring Boot JAR,localization-09,retail-localization,PLANNED
129,720,52,localization,svc-0520,localization-10,SHARED_API_SERVICE,team-052,25,4.1.1,Gradle,9,Kotlin,Executable JAR,com.agilearning.retail.localization.service0520,Localization10Application,applications/backend/services/localization/localization-10,/api/v1/localization/10,PUBLIC_AUTHENTICATED,retail-customer-web,retail-admin-web,Spring MVC,REST + OpenAPI 3.1,Spring Security OAuth2 Resource Server,Spring Data JDBC,PostgreSQL 18.6,localization_svc_10,localization,Flyway,10,10,0,6,6,6,6,0,Y,Y,Y,Y,Resilience4j + idempotency + retry,Actuator + Micrometer + OpenTelemetry,JUnit 5 + Testcontainers + ArchUnit + Spring Cloud Contract,OCI image + layered Spring Boot JAR,localization-10,retail-localization,PLANNED
129,721,53,geo,svc-0521,geo-01,ADMIN_API_SERVICE,team-053,25,4.1.1,Gradle,9,Kotlin,Executable JAR,com.agilearning.retail.geo.service0521,Geo01Application,applications/backend/services/geo/geo-01,/api/v1/geo/01,INTERNAL_AUTHORIZED,,retail-admin-web,Spring MVC,REST + OpenAPI 3.1,Spring Security OAuth2 Resource Server,Spring Data JDBC,PostgreSQL 18.6,geo_svc_01,geo,Flyway,10,10,0,9,14,9,13,0,Y,Y,Y,Y,Resilience4j + idempotency + retry,Actuator + Micrometer + OpenTelemetry,JUnit 5 + Testcontainers + ArchUnit + Spring Cloud Contract,OCI image + layered Spring Boot JAR,geo-01,retail-geo,PLANNED
129,722,53,geo,svc-0522,geo-02,ADMIN_API_SERVICE,team-053,25,4.1.1,Gradle,9,Kotlin,Executable JAR,com.agilearning.retail.geo.service0522,Geo02Application,applications/backend/services/geo/geo-02,/api/v1/geo/02,INTERNAL_AUTHORIZED,,retail-admin-web,Spring MVC,REST + OpenAPI 3.1,Spring Security OAuth2 Resource Server,Spring Data JDBC,PostgreSQL 18.6,geo_svc_02,geo,Flyway,10,10,0,9,14,9,14,0,Y,Y,Y,Y,Resilience4j + idempotency + retry,Actuator + Micrometer + OpenTelemetry,JUnit 5 + Testcontainers + ArchUnit + Spring Cloud Contract,OCI image + layered Spring Boot JAR,geo-02,retail-geo,PLANNED
129,723,53,geo,svc-0523,geo-03,ADMIN_API_SERVICE,team-053,25,4.1.1,Gradle,9,Kotlin,Executable JAR,com.agilearning.retail.geo.service0523,Geo03Application,applications/backend/services/geo/geo-03,/api/v1/geo/03,INTERNAL_AUTHORIZED,,retail-admin-web,Spring MVC,REST + OpenAPI 3.1,Spring Security OAuth2 Resource Server,Spring Data JDBC,PostgreSQL 18.6,geo_svc_03,geo,Flyway,10,10,0,9,14,9,14,0,Y,Y,Y,Y,Resilience4j + idempotency + retry,Actuator + Micrometer + OpenTelemetry,JUnit 5 + Testcontainers + ArchUnit + Spring Cloud Contract,OCI image + layered Spring Boot JAR,geo-03,retail-geo,PLANNED
129,724,53,geo,svc-0524,geo-04,ADMIN_API_SERVICE,team-053,25,4.1.1,Gradle,9,Kotlin,Executable JAR,com.agilearning.retail.geo.service0524,Geo04Application,applications/backend/services/geo/geo-04,/api/v1/geo/04,INTERNAL_AUTHORIZED,,retail-admin-web,Spring MVC,REST + OpenAPI 3.1,Spring Security OAuth2 Resource Server,Spring Data JDBC,PostgreSQL 18.6,geo_svc_04,geo,Flyway,10,10,0,6,14,6,14,0,Y,Y,Y,Y,Resilience4j + idempotency + retry,Actuator + Micrometer + OpenTelemetry,JUnit 5 + Testcontainers + ArchUnit + Spring Cloud Contract,OCI image + layered Spring Boot JAR,geo-04,retail-geo,PLANNED
129,725,53,geo,svc-0525,geo-05,ADMIN_API_SERVICE,team-053,25,4.1.1,Gradle,9,Kotlin,Executable JAR,com.agilearning.retail.geo.service0525,Geo05Application,applications/backend/services/geo/geo-05,/api/v1/geo/05,INTERNAL_AUTHORIZED,,retail-admin-web,Spring MVC,REST + OpenAPI 3.1,Spring Security OAuth2 Resource Server,Spring Data JDBC,PostgreSQL 18.6,geo_svc_05,geo,Flyway,10,10,0,6,14,6,14,0,Y,Y,Y,Y,Resilience4j + idempotency + retry,Actuator + Micrometer + OpenTelemetry,JUnit 5 + Testcontainers + ArchUnit + Spring Cloud Contract,OCI image + layered Spring Boot JAR,geo-05,retail-geo,PLANNED
129,726,53,geo,svc-0526,geo-06,ADMIN_API_SERVICE,team-053,25,4.1.1,Gradle,9,Kotlin,Executable JAR,com.agilearning.retail.geo.service0526,Geo06Application,applications/backend/services/geo/geo-06,/api/v1/geo/06,INTERNAL_AUTHORIZED,,retail-admin-web,Spring MVC,REST + OpenAPI 3.1,Spring Security OAuth2 Resource Server,Spring Data JDBC,PostgreSQL 18.6,geo_svc_06,geo,Flyway,10,10,0,3,14,3,14,0,Y,Y,Y,Y,Resilience4j + idempotency + retry,Actuator + Micrometer + OpenTelemetry,JUnit 5 + Testcontainers + ArchUnit + Spring Cloud Contract,OCI image + layered Spring Boot JAR,geo-06,retail-geo,PLANNED
129,727,53,geo,svc-0527,geo-07,ADMIN_API_SERVICE,team-053,25,4.1.1,Gradle,9,Kotlin,Executable JAR,com.agilearning.retail.geo.service0527,Geo07Application,applications/backend/services/geo/geo-07,/api/v1/geo/07,INTERNAL_AUTHORIZED,,retail-admin-web,Spring MVC,REST + OpenAPI 3.1,Spring Security OAuth2 Resource Server,Spring Data JDBC,PostgreSQL 18.6,geo_svc_07,geo,Flyway,10,10,0,3,14,3,14,0,Y,Y,Y,Y,Resilience4j + idempotency + retry,Actuator + Micrometer + OpenTelemetry,JUnit 5 + Testcontainers + ArchUnit + Spring Cloud Contract,OCI image + layered Spring Boot JAR,geo-07,retail-geo,PLANNED
129,728,53,geo,svc-0528,geo-08,ADMIN_API_SERVICE,team-053,25,4.1.1,Gradle,9,Kotlin,Executable JAR,com.agilearning.retail.geo.service0528,Geo08Application,applications/backend/services/geo/geo-08,/api/v1/geo/08,INTERNAL_AUTHORIZED,,retail-admin-web,Spring MVC,REST + OpenAPI 3.1,Spring Security OAuth2 Resource Server,Spring Data JDBC,PostgreSQL 18.6,geo_svc_08,geo,Flyway,10,10,0,6,14,6,14,0,Y,Y,Y,Y,Resilience4j + idempotency + retry,Actuator + Micrometer + OpenTelemetry,JUnit 5 + Testcontainers + ArchUnit + Spring Cloud Contract,OCI image + layered Spring Boot JAR,geo-08,retail-geo,PLANNED
129,729,53,geo,svc-0529,geo-09,ADMIN_API_SERVICE,team-053,25,4.1.1,Gradle,9,Kotlin,Executable JAR,com.agilearning.retail.geo.service0529,Geo09Application,applications/backend/services/geo/geo-09,/api/v1/geo/09,INTERNAL_AUTHORIZED,,retail-admin-web,Spring MVC,REST + OpenAPI 3.1,Spring Security OAuth2 Resource Server,Spring Data JDBC,PostgreSQL 18.6,geo_svc_09,geo,Flyway,10,10,0,3,14,3,14,0,Y,Y,Y,Y,Resilience4j + idempotency + retry,Actuator + Micrometer + OpenTelemetry,JUnit 5 + Testcontainers + ArchUnit + Spring Cloud Contract,OCI image + layered Spring Boot JAR,geo-09,retail-geo,PLANNED
129,730,53,geo,svc-0530,geo-10,ADMIN_API_SERVICE,team-053,25,4.1.1,Gradle,9,Kotlin,Executable JAR,com.agilearning.retail.geo.service0530,Geo10Application,applications/backend/services/geo/geo-10,/api/v1/geo/10,INTERNAL_AUTHORIZED,,retail-admin-web,Spring MVC,REST + OpenAPI 3.1,Spring Security OAuth2 Resource Server,Spring Data JDBC,PostgreSQL 18.6,geo_svc_10,geo,Flyway,10,10,0,6,14,6,14,0,Y,Y,Y,Y,Resilience4j + idempotency + retry,Actuator + Micrometer + OpenTelemetry,JUnit 5 + Testcontainers + ArchUnit + Spring Cloud Contract,OCI image + layered Spring Boot JAR,geo-10,retail-geo,PLANNED
129,731,54,currency,svc-0531,currency-01,SHARED_API_SERVICE,team-054,25,4.1.1,Gradle,9,Kotlin,Executable JAR,com.agilearning.retail.currency.service0531,Currency01Application,applications/backend/services/currency/currency-01,/api/v1/currency/01,PUBLIC_AUTHENTICATED,retail-customer-web,retail-admin-web,Spring MVC,REST + OpenAPI 3.1,Spring Security OAuth2 Resource Server,Spring Data JDBC,PostgreSQL 18.6,currency_svc_01,currency,Flyway,10,10,0,9,6,8,6,1,Y,Y,Y,Y,Resilience4j + idempotency + retry,Actuator + Micrometer + OpenTelemetry,JUnit 5 + Testcontainers + ArchUnit + Spring Cloud Contract,OCI image + layered Spring Boot JAR,currency-01,retail-currency,PLANNED
129,732,54,currency,svc-0532,currency-02,SHARED_API_SERVICE,team-054,25,4.1.1,Gradle,9,Kotlin,Executable JAR,com.agilearning.retail.currency.service0532,Currency02Application,applications/backend/services/currency/currency-02,/api/v1/currency/02,PUBLIC_AUTHENTICATED,retail-customer-web,retail-admin-web,Spring MVC,REST + OpenAPI 3.1,Spring Security OAuth2 Resource Server,Spring Data JDBC,PostgreSQL 18.6,currency_svc_02,currency,Flyway,10,10,0,9,6,9,6,0,Y,Y,Y,Y,Resilience4j + idempotency + retry,Actuator + Micrometer + OpenTelemetry,JUnit 5 + Testcontainers + ArchUnit + Spring Cloud Contract,OCI image + layered Spring Boot JAR,currency-02,retail-currency,PLANNED
129,733,54,currency,svc-0533,currency-03,SHARED_API_SERVICE,team-054,25,4.1.1,Gradle,9,Kotlin,Executable JAR,com.agilearning.retail.currency.service0533,Currency03Application,applications/backend/services/currency/currency-03,/api/v1/currency/03,PUBLIC_AUTHENTICATED,retail-customer-web,retail-admin-web,Spring MVC,REST + OpenAPI 3.1,Spring Security OAuth2 Resource Server,Spring Data JDBC,PostgreSQL 18.6,currency_svc_03,currency,Flyway,10,10,0,9,6,9,6,0,Y,Y,Y,Y,Resilience4j + idempotency + retry,Actuator + Micrometer + OpenTelemetry,JUnit 5 + Testcontainers + ArchUnit + Spring Cloud Contract,OCI image + layered Spring Boot JAR,currency-03,retail-currency,PLANNED
129,734,54,currency,svc-0534,currency-04,SHARED_API_SERVICE,team-054,25,4.1.1,Gradle,9,Kotlin,Executable JAR,com.agilearning.retail.currency.service0534,Currency04Application,applications/backend/services/currency/currency-04,/api/v1/currency/04,PUBLIC_AUTHENTICATED,retail-customer-web,retail-admin-web,Spring MVC,REST + OpenAPI 3.1,Spring Security OAuth2 Resource Server,Spring Data JDBC,PostgreSQL 18.6,currency_svc_04,currency,Flyway,10,10,0,6,6,6,6,0,Y,Y,Y,Y,Resilience4j + idempotency + retry,Actuator + Micrometer + OpenTelemetry,JUnit 5 + Testcontainers + ArchUnit + Spring Cloud Contract,OCI image + layered Spring Boot JAR,currency-04,retail-currency,PLANNED
129,735,54,currency,svc-0535,currency-05,SHARED_API_SERVICE,team-054,25,4.1.1,Gradle,9,Kotlin,Executable JAR,com.agilearning.retail.currency.service0535,Currency05Application,applications/backend/services/currency/currency-05,/api/v1/currency/05,PUBLIC_AUTHENTICATED,retail-customer-web,retail-admin-web,Spring MVC,REST + OpenAPI 3.1,Spring Security OAuth2 Resource Server,Spring Data JDBC,PostgreSQL 18.6,currency_svc_05,currency,Flyway,10,10,0,6,6,6,6,0,Y,Y,Y,Y,Resilience4j + idempotency + retry,Actuator + Micrometer + OpenTelemetry,JUnit 5 + Testcontainers + ArchUnit + Spring Cloud Contract,OCI image + layered Spring Boot JAR,currency-05,retail-currency,PLANNED
129,736,54,currency,svc-0536,currency-06,SHARED_API_SERVICE,team-054,25,4.1.1,Gradle,9,Kotlin,Executable JAR,com.agilearning.retail.currency.service0536,Currency06Application,applications/backend/services/currency/currency-06,/api/v1/currency/06,PUBLIC_AUTHENTICATED,retail-customer-web,retail-admin-web,Spring MVC,REST + OpenAPI 3.1,Spring Security OAuth2 Resource Server,Spring Data JDBC,PostgreSQL 18.6,currency_svc_06,currency,Flyway,10,10,0,3,6,3,6,0,Y,Y,Y,Y,Resilience4j + idempotency + retry,Actuator + Micrometer + OpenTelemetry,JUnit 5 + Testcontainers + ArchUnit + Spring Cloud Contract,OCI image + layered Spring Boot JAR,currency-06,retail-currency,PLANNED
129,737,54,currency,svc-0537,currency-07,SHARED_API_SERVICE,team-054,25,4.1.1,Gradle,9,Kotlin,Executable JAR,com.agilearning.retail.currency.service0537,Currency07Application,applications/backend/services/currency/currency-07,/api/v1/currency/07,PUBLIC_AUTHENTICATED,retail-customer-web,retail-admin-web,Spring MVC,REST + OpenAPI 3.1,Spring Security OAuth2 Resource Server,Spring Data JDBC,PostgreSQL 18.6,currency_svc_07,currency,Flyway,10,10,0,3,6,3,6,0,Y,Y,Y,Y,Resilience4j + idempotency + retry,Actuator + Micrometer + OpenTelemetry,JUnit 5 + Testcontainers + ArchUnit + Spring Cloud Contract,OCI image + layered Spring Boot JAR,currency-07,retail-currency,PLANNED
129,738,54,currency,svc-0538,currency-08,SHARED_API_SERVICE,team-054,25,4.1.1,Gradle,9,Kotlin,Executable JAR,com.agilearning.retail.currency.service0538,Currency08Application,applications/backend/services/currency/currency-08,/api/v1/currency/08,PUBLIC_AUTHENTICATED,retail-customer-web,retail-admin-web,Spring MVC,REST + OpenAPI 3.1,Spring Security OAuth2 Resource Server,Spring Data JDBC,PostgreSQL 18.6,currency_svc_08,currency,Flyway,10,10,0,6,6,6,6,0,Y,Y,Y,Y,Resilience4j + idempotency + retry,Actuator + Micrometer + OpenTelemetry,JUnit 5 + Testcontainers + ArchUnit + Spring Cloud Contract,OCI image + layered Spring Boot JAR,currency-08,retail-currency,PLANNED
129,739,54,currency,svc-0539,currency-09,SHARED_API_SERVICE,team-054,25,4.1.1,Gradle,9,Kotlin,Executable JAR,com.agilearning.retail.currency.service0539,Currency09Application,applications/backend/services/currency/currency-09,/api/v1/currency/09,PUBLIC_AUTHENTICATED,retail-customer-web,retail-admin-web,Spring MVC,REST + OpenAPI 3.1,Spring Security OAuth2 Resource Server,Spring Data JDBC,PostgreSQL 18.6,currency_svc_09,currency,Flyway,10,10,0,3,6,3,6,0,Y,Y,Y,Y,Resilience4j + idempotency + retry,Actuator + Micrometer + OpenTelemetry,JUnit 5 + Testcontainers + ArchUnit + Spring Cloud Contract,OCI image + layered Spring Boot JAR,currency-09,retail-currency,PLANNED
129,740,54,currency,svc-0540,currency-10,SHARED_API_SERVICE,team-054,25,4.1.1,Gradle,9,Kotlin,Executable JAR,com.agilearning.retail.currency.service0540,Currency10Application,applications/backend/services/currency/currency-10,/api/v1/currency/10,PUBLIC_AUTHENTICATED,retail-customer-web,retail-admin-web,Spring MVC,REST + OpenAPI 3.1,Spring Security OAuth2 Resource Server,Spring Data JDBC,PostgreSQL 18.6,currency_svc_10,currency,Flyway,10,10,0,6,6,6,6,0,Y,Y,Y,Y,Resilience4j + idempotency + retry,Actuator + Micrometer + OpenTelemetry,JUnit 5 + Testcontainers + ArchUnit + Spring Cloud Contract,OCI image + layered Spring Boot JAR,currency-10,retail-currency,PLANNED
129,741,55,international,svc-0541,international-01,SHARED_API_SERVICE,team-055,25,4.1.1,Gradle,9,Kotlin,Executable JAR,com.agilearning.retail.international.service0541,International01Application,applications/backend/services/international/international-01,/api/v1/international/01,PUBLIC_AUTHENTICATED,retail-customer-web,retail-admin-web,Spring MVC,REST + OpenAPI 3.1,Spring Security OAuth2 Resource Server,Spring Data JDBC,PostgreSQL 18.6,international_svc_01,international,Flyway,10,10,0,9,2,9,2,0,Y,Y,Y,Y,Resilience4j + idempotency + retry,Actuator + Micrometer + OpenTelemetry,JUnit 5 + Testcontainers + ArchUnit + Spring Cloud Contract,OCI image + layered Spring Boot JAR,international-01,retail-international,PLANNED
129,742,55,international,svc-0542,international-02,SHARED_API_SERVICE,team-055,25,4.1.1,Gradle,9,Kotlin,Executable JAR,com.agilearning.retail.international.service0542,International02Application,applications/backend/services/international/international-02,/api/v1/international/02,PUBLIC_AUTHENTICATED,retail-customer-web,retail-admin-web,Spring MVC,REST + OpenAPI 3.1,Spring Security OAuth2 Resource Server,Spring Data JDBC,PostgreSQL 18.6,international_svc_02,international,Flyway,10,10,0,9,2,9,2,0,Y,Y,Y,Y,Resilience4j + idempotency + retry,Actuator + Micrometer + OpenTelemetry,JUnit 5 + Testcontainers + ArchUnit + Spring Cloud Contract,OCI image + layered Spring Boot JAR,international-02,retail-international,PLANNED
129,743,55,international,svc-0543,international-03,SHARED_API_SERVICE,team-055,25,4.1.1,Gradle,9,Kotlin,Executable JAR,com.agilearning.retail.international.service0543,International03Application,applications/backend/services/international/international-03,/api/v1/international/03,PUBLIC_AUTHENTICATED,retail-customer-web,retail-admin-web,Spring MVC,REST + OpenAPI 3.1,Spring Security OAuth2 Resource Server,Spring Data JDBC,PostgreSQL 18.6,international_svc_03,international,Flyway,10,10,0,9,2,9,2,0,Y,Y,Y,Y,Resilience4j + idempotency + retry,Actuator + Micrometer + OpenTelemetry,JUnit 5 + Testcontainers + ArchUnit + Spring Cloud Contract,OCI image + layered Spring Boot JAR,international-03,retail-international,PLANNED
129,744,55,international,svc-0544,international-04,SHARED_API_SERVICE,team-055,25,4.1.1,Gradle,9,Kotlin,Executable JAR,com.agilearning.retail.international.service0544,International04Application,applications/backend/services/international/international-04,/api/v1/international/04,PUBLIC_AUTHENTICATED,retail-customer-web,retail-admin-web,Spring MVC,REST + OpenAPI 3.1,Spring Security OAuth2 Resource Server,Spring Data JDBC,PostgreSQL 18.6,international_svc_04,international,Flyway,10,10,0,6,2,6,2,0,Y,Y,Y,Y,Resilience4j + idempotency + retry,Actuator + Micrometer + OpenTelemetry,JUnit 5 + Testcontainers + ArchUnit + Spring Cloud Contract,OCI image + layered Spring Boot JAR,international-04,retail-international,PLANNED
129,745,55,international,svc-0545,international-05,SHARED_API_SERVICE,team-055,25,4.1.1,Gradle,9,Kotlin,Executable JAR,com.agilearning.retail.international.service0545,International05Application,applications/backend/services/international/international-05,/api/v1/international/05,PUBLIC_AUTHENTICATED,retail-customer-web,retail-admin-web,Spring MVC,REST + OpenAPI 3.1,Spring Security OAuth2 Resource Server,Spring Data JDBC,PostgreSQL 18.6,international_svc_05,international,Flyway,10,10,0,6,2,6,2,0,Y,Y,Y,Y,Resilience4j + idempotency + retry,Actuator + Micrometer + OpenTelemetry,JUnit 5 + Testcontainers + ArchUnit + Spring Cloud Contract,OCI image + layered Spring Boot JAR,international-05,retail-international,PLANNED
129,746,55,international,svc-0546,international-06,SHARED_API_SERVICE,team-055,25,4.1.1,Gradle,9,Kotlin,Executable JAR,com.agilearning.retail.international.service0546,International06Application,applications/backend/services/international/international-06,/api/v1/international/06,PUBLIC_AUTHENTICATED,retail-customer-web,retail-admin-web,Spring MVC,REST + OpenAPI 3.1,Spring Security OAuth2 Resource Server,Spring Data JDBC,PostgreSQL 18.6,international_svc_06,international,Flyway,10,10,0,3,2,3,2,0,Y,Y,Y,Y,Resilience4j + idempotency + retry,Actuator + Micrometer + OpenTelemetry,JUnit 5 + Testcontainers + ArchUnit + Spring Cloud Contract,OCI image + layered Spring Boot JAR,international-06,retail-international,PLANNED
129,747,55,international,svc-0547,international-07,SHARED_API_SERVICE,team-055,25,4.1.1,Gradle,9,Kotlin,Executable JAR,com.agilearning.retail.international.service0547,International07Application,applications/backend/services/international/international-07,/api/v1/international/07,PUBLIC_AUTHENTICATED,retail-customer-web,retail-admin-web,Spring MVC,REST + OpenAPI 3.1,Spring Security OAuth2 Resource Server,Spring Data JDBC,PostgreSQL 18.6,international_svc_07,international,Flyway,10,10,0,3,2,3,2,0,Y,Y,Y,Y,Resilience4j + idempotency + retry,Actuator + Micrometer + OpenTelemetry,JUnit 5 + Testcontainers + ArchUnit + Spring Cloud Contract,OCI image + layered Spring Boot JAR,international-07,retail-international,PLANNED
129,748,55,international,svc-0548,international-08,SHARED_API_SERVICE,team-055,25,4.1.1,Gradle,9,Kotlin,Executable JAR,com.agilearning.retail.international.service0548,International08Application,applications/backend/services/international/international-08,/api/v1/international/08,PUBLIC_AUTHENTICATED,retail-customer-web,retail-admin-web,Spring MVC,REST + OpenAPI 3.1,Spring Security OAuth2 Resource Server,Spring Data JDBC,PostgreSQL 18.6,international_svc_08,international,Flyway,10,10,0,6,2,6,2,0,Y,Y,Y,Y,Resilience4j + idempotency + retry,Actuator + Micrometer + OpenTelemetry,JUnit 5 + Testcontainers + ArchUnit + Spring Cloud Contract,OCI image + layered Spring Boot JAR,international-08,retail-international,PLANNED
129,749,55,international,svc-0549,international-09,SHARED_API_SERVICE,team-055,25,4.1.1,Gradle,9,Kotlin,Executable JAR,com.agilearning.retail.international.service0549,International09Application,applications/backend/services/international/international-09,/api/v1/international/09,PUBLIC_AUTHENTICATED,retail-customer-web,retail-admin-web,Spring MVC,REST + OpenAPI 3.1,Spring Security OAuth2 Resource Server,Spring Data JDBC,PostgreSQL 18.6,international_svc_09,international,Flyway,10,10,0,3,2,3,2,0,Y,Y,Y,Y,Resilience4j + idempotency + retry,Actuator + Micrometer + OpenTelemetry,JUnit 5 + Testcontainers + ArchUnit + Spring Cloud Contract,OCI image + layered Spring Boot JAR,international-09,retail-international,PLANNED
129,750,55,international,svc-0550,international-10,SHARED_API_SERVICE,team-055,25,4.1.1,Gradle,9,Kotlin,Executable JAR,com.agilearning.retail.international.service0550,International10Application,applications/backend/services/international/international-10,/api/v1/international/10,PUBLIC_AUTHENTICATED,retail-customer-web,retail-admin-web,Spring MVC,REST + OpenAPI 3.1,Spring Security OAuth2 Resource Server,Spring Data JDBC,PostgreSQL 18.6,international_svc_10,international,Flyway,10,10,0,6,2,6,2,0,Y,Y,Y,Y,Resilience4j + idempotency + retry,Actuator + Micrometer + OpenTelemetry,JUnit 5 + Testcontainers + ArchUnit + Spring Cloud Contract,OCI image + layered Spring Boot JAR,international-10,retail-international,PLANNED
129,751,56,mobile,svc-0551,mobile-01,CUSTOMER_API_SERVICE,team-056,25,4.1.1,Gradle,9,Kotlin,Executable JAR,com.agilearning.retail.mobile.service0551,Mobile01Application,applications/backend/services/mobile/mobile-01,/api/v1/mobile/01,PUBLIC_AUTHENTICATED,retail-customer-web,,Spring MVC,REST + OpenAPI 3.1,Spring Security OAuth2 Resource Server,Spring Data JDBC,PostgreSQL 18.6,mobile_svc_01,mobile,Flyway,10,10,0,9,2,9,2,0,Y,Y,Y,Y,Resilience4j + idempotency + retry,Actuator + Micrometer + OpenTelemetry,JUnit 5 + Testcontainers + ArchUnit + Spring Cloud Contract,OCI image + layered Spring Boot JAR,mobile-01,retail-mobile,PLANNED
129,752,56,mobile,svc-0552,mobile-02,CUSTOMER_API_SERVICE,team-056,25,4.1.1,Gradle,9,Kotlin,Executable JAR,com.agilearning.retail.mobile.service0552,Mobile02Application,applications/backend/services/mobile/mobile-02,/api/v1/mobile/02,PUBLIC_AUTHENTICATED,retail-customer-web,,Spring MVC,REST + OpenAPI 3.1,Spring Security OAuth2 Resource Server,Spring Data JDBC,PostgreSQL 18.6,mobile_svc_02,mobile,Flyway,10,10,0,9,2,9,2,0,Y,Y,Y,Y,Resilience4j + idempotency + retry,Actuator + Micrometer + OpenTelemetry,JUnit 5 + Testcontainers + ArchUnit + Spring Cloud Contract,OCI image + layered Spring Boot JAR,mobile-02,retail-mobile,PLANNED
129,753,56,mobile,svc-0553,mobile-03,CUSTOMER_API_SERVICE,team-056,25,4.1.1,Gradle,9,Kotlin,Executable JAR,com.agilearning.retail.mobile.service0553,Mobile03Application,applications/backend/services/mobile/mobile-03,/api/v1/mobile/03,PUBLIC_AUTHENTICATED,retail-customer-web,,Spring MVC,REST + OpenAPI 3.1,Spring Security OAuth2 Resource Server,Spring Data JDBC,PostgreSQL 18.6,mobile_svc_03,mobile,Flyway,10,10,0,9,2,9,2,0,Y,Y,Y,Y,Resilience4j + idempotency + retry,Actuator + Micrometer + OpenTelemetry,JUnit 5 + Testcontainers + ArchUnit + Spring Cloud Contract,OCI image + layered Spring Boot JAR,mobile-03,retail-mobile,PLANNED
129,754,56,mobile,svc-0554,mobile-04,CUSTOMER_API_SERVICE,team-056,25,4.1.1,Gradle,9,Kotlin,Executable JAR,com.agilearning.retail.mobile.service0554,Mobile04Application,applications/backend/services/mobile/mobile-04,/api/v1/mobile/04,PUBLIC_AUTHENTICATED,retail-customer-web,,Spring MVC,REST + OpenAPI 3.1,Spring Security OAuth2 Resource Server,Spring Data JDBC,PostgreSQL 18.6,mobile_svc_04,mobile,Flyway,10,10,0,6,2,6,2,0,Y,Y,Y,Y,Resilience4j + idempotency + retry,Actuator + Micrometer + OpenTelemetry,JUnit 5 + Testcontainers + ArchUnit + Spring Cloud Contract,OCI image + layered Spring Boot JAR,mobile-04,retail-mobile,PLANNED
129,755,56,mobile,svc-0555,mobile-05,CUSTOMER_API_SERVICE,team-056,25,4.1.1,Gradle,9,Kotlin,Executable JAR,com.agilearning.retail.mobile.service0555,Mobile05Application,applications/backend/services/mobile/mobile-05,/api/v1/mobile/05,PUBLIC_AUTHENTICATED,retail-customer-web,,Spring MVC,REST + OpenAPI 3.1,Spring Security OAuth2 Resource Server,Spring Data JDBC,PostgreSQL 18.6,mobile_svc_05,mobile,Flyway,10,10,0,6,2,6,2,0,Y,Y,Y,Y,Resilience4j + idempotency + retry,Actuator + Micrometer + OpenTelemetry,JUnit 5 + Testcontainers + ArchUnit + Spring Cloud Contract,OCI image + layered Spring Boot JAR,mobile-05,retail-mobile,PLANNED
129,756,56,mobile,svc-0556,mobile-06,CUSTOMER_API_SERVICE,team-056,25,4.1.1,Gradle,9,Kotlin,Executable JAR,com.agilearning.retail.mobile.service0556,Mobile06Application,applications/backend/services/mobile/mobile-06,/api/v1/mobile/06,PUBLIC_AUTHENTICATED,retail-customer-web,,Spring MVC,REST + OpenAPI 3.1,Spring Security OAuth2 Resource Server,Spring Data JDBC,PostgreSQL 18.6,mobile_svc_06,mobile,Flyway,10,10,0,3,2,3,2,0,Y,Y,Y,Y,Resilience4j + idempotency + retry,Actuator + Micrometer + OpenTelemetry,JUnit 5 + Testcontainers + ArchUnit + Spring Cloud Contract,OCI image + layered Spring Boot JAR,mobile-06,retail-mobile,PLANNED
129,757,56,mobile,svc-0557,mobile-07,CUSTOMER_API_SERVICE,team-056,25,4.1.1,Gradle,9,Kotlin,Executable JAR,com.agilearning.retail.mobile.service0557,Mobile07Application,applications/backend/services/mobile/mobile-07,/api/v1/mobile/07,PUBLIC_AUTHENTICATED,retail-customer-web,,Spring MVC,REST + OpenAPI 3.1,Spring Security OAuth2 Resource Server,Spring Data JDBC,PostgreSQL 18.6,mobile_svc_07,mobile,Flyway,10,10,0,3,2,3,2,0,Y,Y,Y,Y,Resilience4j + idempotency + retry,Actuator + Micrometer + OpenTelemetry,JUnit 5 + Testcontainers + ArchUnit + Spring Cloud Contract,OCI image + layered Spring Boot JAR,mobile-07,retail-mobile,PLANNED
129,758,56,mobile,svc-0558,mobile-08,CUSTOMER_API_SERVICE,team-056,25,4.1.1,Gradle,9,Kotlin,Executable JAR,com.agilearning.retail.mobile.service0558,Mobile08Application,applications/backend/services/mobile/mobile-08,/api/v1/mobile/08,PUBLIC_AUTHENTICATED,retail-customer-web,,Spring MVC,REST + OpenAPI 3.1,Spring Security OAuth2 Resource Server,Spring Data JDBC,PostgreSQL 18.6,mobile_svc_08,mobile,Flyway,10,10,0,6,2,6,2,0,Y,Y,Y,Y,Resilience4j + idempotency + retry,Actuator + Micrometer + OpenTelemetry,JUnit 5 + Testcontainers + ArchUnit + Spring Cloud Contract,OCI image + layered Spring Boot JAR,mobile-08,retail-mobile,PLANNED
129,759,56,mobile,svc-0559,mobile-09,CUSTOMER_API_SERVICE,team-056,25,4.1.1,Gradle,9,Kotlin,Executable JAR,com.agilearning.retail.mobile.service0559,Mobile09Application,applications/backend/services/mobile/mobile-09,/api/v1/mobile/09,PUBLIC_AUTHENTICATED,retail-customer-web,,Spring MVC,REST + OpenAPI 3.1,Spring Security OAuth2 Resource Server,Spring Data JDBC,PostgreSQL 18.6,mobile_svc_09,mobile,Flyway,10,10,0,3,2,3,2,0,Y,Y,Y,Y,Resilience4j + idempotency + retry,Actuator + Micrometer + OpenTelemetry,JUnit 5 + Testcontainers + ArchUnit + Spring Cloud Contract,OCI image + layered Spring Boot JAR,mobile-09,retail-mobile,PLANNED
129,760,56,mobile,svc-0560,mobile-10,CUSTOMER_API_SERVICE,team-056,25,4.1.1,Gradle,9,Kotlin,Executable JAR,com.agilearning.retail.mobile.service0560,Mobile10Application,applications/backend/services/mobile/mobile-10,/api/v1/mobile/10,PUBLIC_AUTHENTICATED,retail-customer-web,,Spring MVC,REST + OpenAPI 3.1,Spring Security OAuth2 Resource Server,Spring Data JDBC,PostgreSQL 18.6,mobile_svc_10,mobile,Flyway,10,10,0,6,2,6,2,0,Y,Y,Y,Y,Resilience4j + idempotency + retry,Actuator + Micrometer + OpenTelemetry,JUnit 5 + Testcontainers + ArchUnit + Spring Cloud Contract,OCI image + layered Spring Boot JAR,mobile-10,retail-mobile,PLANNED
129,761,57,web,svc-0561,web-01,CUSTOMER_API_SERVICE,team-057,25,4.1.1,Gradle,9,Kotlin,Executable JAR,com.agilearning.retail.web.service0561,Web01Application,applications/backend/services/web/web-01,/api/v1/web/01,PUBLIC_AUTHENTICATED,retail-customer-web,,Spring MVC,REST + OpenAPI 3.1,Spring Security OAuth2 Resource Server,Spring Data JDBC,PostgreSQL 18.6,web_svc_01,web,Flyway,10,10,0,9,4,9,4,0,Y,Y,Y,Y,Resilience4j + idempotency + retry,Actuator + Micrometer + OpenTelemetry,JUnit 5 + Testcontainers + ArchUnit + Spring Cloud Contract,OCI image + layered Spring Boot JAR,web-01,retail-web,PLANNED
129,762,57,web,svc-0562,web-02,CUSTOMER_API_SERVICE,team-057,25,4.1.1,Gradle,9,Kotlin,Executable JAR,com.agilearning.retail.web.service0562,Web02Application,applications/backend/services/web/web-02,/api/v1/web/02,PUBLIC_AUTHENTICATED,retail-customer-web,,Spring MVC,REST + OpenAPI 3.1,Spring Security OAuth2 Resource Server,Spring Data JDBC,PostgreSQL 18.6,web_svc_02,web,Flyway,10,10,0,9,4,9,4,0,Y,Y,Y,Y,Resilience4j + idempotency + retry,Actuator + Micrometer + OpenTelemetry,JUnit 5 + Testcontainers + ArchUnit + Spring Cloud Contract,OCI image + layered Spring Boot JAR,web-02,retail-web,PLANNED
129,763,57,web,svc-0563,web-03,CUSTOMER_API_SERVICE,team-057,25,4.1.1,Gradle,9,Kotlin,Executable JAR,com.agilearning.retail.web.service0563,Web03Application,applications/backend/services/web/web-03,/api/v1/web/03,PUBLIC_AUTHENTICATED,retail-customer-web,,Spring MVC,REST + OpenAPI 3.1,Spring Security OAuth2 Resource Server,Spring Data JDBC,PostgreSQL 18.6,web_svc_03,web,Flyway,10,10,0,9,4,9,4,0,Y,Y,Y,Y,Resilience4j + idempotency + retry,Actuator + Micrometer + OpenTelemetry,JUnit 5 + Testcontainers + ArchUnit + Spring Cloud Contract,OCI image + layered Spring Boot JAR,web-03,retail-web,PLANNED
129,764,57,web,svc-0564,web-04,CUSTOMER_API_SERVICE,team-057,25,4.1.1,Gradle,9,Kotlin,Executable JAR,com.agilearning.retail.web.service0564,Web04Application,applications/backend/services/web/web-04,/api/v1/web/04,PUBLIC_AUTHENTICATED,retail-customer-web,,Spring MVC,REST + OpenAPI 3.1,Spring Security OAuth2 Resource Server,Spring Data JDBC,PostgreSQL 18.6,web_svc_04,web,Flyway,10,10,0,6,4,6,4,0,Y,Y,Y,Y,Resilience4j + idempotency + retry,Actuator + Micrometer + OpenTelemetry,JUnit 5 + Testcontainers + ArchUnit + Spring Cloud Contract,OCI image + layered Spring Boot JAR,web-04,retail-web,PLANNED
129,765,57,web,svc-0565,web-05,CUSTOMER_API_SERVICE,team-057,25,4.1.1,Gradle,9,Kotlin,Executable JAR,com.agilearning.retail.web.service0565,Web05Application,applications/backend/services/web/web-05,/api/v1/web/05,PUBLIC_AUTHENTICATED,retail-customer-web,,Spring MVC,REST + OpenAPI 3.1,Spring Security OAuth2 Resource Server,Spring Data JDBC,PostgreSQL 18.6,web_svc_05,web,Flyway,10,10,0,6,4,6,4,0,Y,Y,Y,Y,Resilience4j + idempotency + retry,Actuator + Micrometer + OpenTelemetry,JUnit 5 + Testcontainers + ArchUnit + Spring Cloud Contract,OCI image + layered Spring Boot JAR,web-05,retail-web,PLANNED
129,766,57,web,svc-0566,web-06,CUSTOMER_API_SERVICE,team-057,25,4.1.1,Gradle,9,Kotlin,Executable JAR,com.agilearning.retail.web.service0566,Web06Application,applications/backend/services/web/web-06,/api/v1/web/06,PUBLIC_AUTHENTICATED,retail-customer-web,,Spring MVC,REST + OpenAPI 3.1,Spring Security OAuth2 Resource Server,Spring Data JDBC,PostgreSQL 18.6,web_svc_06,web,Flyway,10,10,0,3,4,3,4,0,Y,Y,Y,Y,Resilience4j + idempotency + retry,Actuator + Micrometer + OpenTelemetry,JUnit 5 + Testcontainers + ArchUnit + Spring Cloud Contract,OCI image + layered Spring Boot JAR,web-06,retail-web,PLANNED
129,767,57,web,svc-0567,web-07,CUSTOMER_API_SERVICE,team-057,25,4.1.1,Gradle,9,Kotlin,Executable JAR,com.agilearning.retail.web.service0567,Web07Application,applications/backend/services/web/web-07,/api/v1/web/07,PUBLIC_AUTHENTICATED,retail-customer-web,,Spring MVC,REST + OpenAPI 3.1,Spring Security OAuth2 Resource Server,Spring Data JDBC,PostgreSQL 18.6,web_svc_07,web,Flyway,10,10,0,3,4,3,4,0,Y,Y,Y,Y,Resilience4j + idempotency + retry,Actuator + Micrometer + OpenTelemetry,JUnit 5 + Testcontainers + ArchUnit + Spring Cloud Contract,OCI image + layered Spring Boot JAR,web-07,retail-web,PLANNED
129,768,57,web,svc-0568,web-08,CUSTOMER_API_SERVICE,team-057,25,4.1.1,Gradle,9,Kotlin,Executable JAR,com.agilearning.retail.web.service0568,Web08Application,applications/backend/services/web/web-08,/api/v1/web/08,PUBLIC_AUTHENTICATED,retail-customer-web,,Spring MVC,REST + OpenAPI 3.1,Spring Security OAuth2 Resource Server,Spring Data JDBC,PostgreSQL 18.6,web_svc_08,web,Flyway,10,10,0,6,4,6,4,0,Y,Y,Y,Y,Resilience4j + idempotency + retry,Actuator + Micrometer + OpenTelemetry,JUnit 5 + Testcontainers + ArchUnit + Spring Cloud Contract,OCI image + layered Spring Boot JAR,web-08,retail-web,PLANNED
129,769,57,web,svc-0569,web-09,CUSTOMER_API_SERVICE,team-057,25,4.1.1,Gradle,9,Kotlin,Executable JAR,com.agilearning.retail.web.service0569,Web09Application,applications/backend/services/web/web-09,/api/v1/web/09,PUBLIC_AUTHENTICATED,retail-customer-web,,Spring MVC,REST + OpenAPI 3.1,Spring Security OAuth2 Resource Server,Spring Data JDBC,PostgreSQL 18.6,web_svc_09,web,Flyway,10,10,0,3,4,3,4,0,Y,Y,Y,Y,Resilience4j + idempotency + retry,Actuator + Micrometer + OpenTelemetry,JUnit 5 + Testcontainers + ArchUnit + Spring Cloud Contract,OCI image + layered Spring Boot JAR,web-09,retail-web,PLANNED
129,770,57,web,svc-0570,web-10,CUSTOMER_API_SERVICE,team-057,25,4.1.1,Gradle,9,Kotlin,Executable JAR,com.agilearning.retail.web.service0570,Web10Application,applications/backend/services/web/web-10,/api/v1/web/10,PUBLIC_AUTHENTICATED,retail-customer-web,,Spring MVC,REST + OpenAPI 3.1,Spring Security OAuth2 Resource Server,Spring Data JDBC,PostgreSQL 18.6,web_svc_10,web,Flyway,10,10,0,6,4,6,4,0,Y,Y,Y,Y,Resilience4j + idempotency + retry,Actuator + Micrometer + OpenTelemetry,JUnit 5 + Testcontainers + ArchUnit + Spring Cloud Contract,OCI image + layered Spring Boot JAR,web-10,retail-web,PLANNED
129,771,58,store,svc-0571,store-01,SHARED_API_SERVICE,team-058,25,4.1.1,Gradle,9,Kotlin,Executable JAR,com.agilearning.retail.store.service0571,Store01Application,applications/backend/services/store/store-01,/api/v1/store/01,PUBLIC_AUTHENTICATED,retail-customer-web,retail-admin-web,Spring MVC,REST + OpenAPI 3.1,Spring Security OAuth2 Resource Server,Spring Data JDBC,PostgreSQL 18.6,store_svc_01,store,Flyway,10,10,0,9,2,9,2,0,Y,Y,Y,Y,Resilience4j + idempotency + retry,Actuator + Micrometer + OpenTelemetry,JUnit 5 + Testcontainers + ArchUnit + Spring Cloud Contract,OCI image + layered Spring Boot JAR,store-01,retail-store,PLANNED
129,772,58,store,svc-0572,store-02,SHARED_API_SERVICE,team-058,25,4.1.1,Gradle,9,Kotlin,Executable JAR,com.agilearning.retail.store.service0572,Store02Application,applications/backend/services/store/store-02,/api/v1/store/02,PUBLIC_AUTHENTICATED,retail-customer-web,retail-admin-web,Spring MVC,REST + OpenAPI 3.1,Spring Security OAuth2 Resource Server,Spring Data JDBC,PostgreSQL 18.6,store_svc_02,store,Flyway,10,10,0,9,2,9,2,0,Y,Y,Y,Y,Resilience4j + idempotency + retry,Actuator + Micrometer + OpenTelemetry,JUnit 5 + Testcontainers + ArchUnit + Spring Cloud Contract,OCI image + layered Spring Boot JAR,store-02,retail-store,PLANNED
129,773,58,store,svc-0573,store-03,SHARED_API_SERVICE,team-058,25,4.1.1,Gradle,9,Kotlin,Executable JAR,com.agilearning.retail.store.service0573,Store03Application,applications/backend/services/store/store-03,/api/v1/store/03,PUBLIC_AUTHENTICATED,retail-customer-web,retail-admin-web,Spring MVC,REST + OpenAPI 3.1,Spring Security OAuth2 Resource Server,Spring Data JDBC,PostgreSQL 18.6,store_svc_03,store,Flyway,10,10,0,9,2,9,2,0,Y,Y,Y,Y,Resilience4j + idempotency + retry,Actuator + Micrometer + OpenTelemetry,JUnit 5 + Testcontainers + ArchUnit + Spring Cloud Contract,OCI image + layered Spring Boot JAR,store-03,retail-store,PLANNED
129,774,58,store,svc-0574,store-04,SHARED_API_SERVICE,team-058,25,4.1.1,Gradle,9,Kotlin,Executable JAR,com.agilearning.retail.store.service0574,Store04Application,applications/backend/services/store/store-04,/api/v1/store/04,PUBLIC_AUTHENTICATED,retail-customer-web,retail-admin-web,Spring MVC,REST + OpenAPI 3.1,Spring Security OAuth2 Resource Server,Spring Data JDBC,PostgreSQL 18.6,store_svc_04,store,Flyway,10,10,0,6,2,6,2,0,Y,Y,Y,Y,Resilience4j + idempotency + retry,Actuator + Micrometer + OpenTelemetry,JUnit 5 + Testcontainers + ArchUnit + Spring Cloud Contract,OCI image + layered Spring Boot JAR,store-04,retail-store,PLANNED
129,775,58,store,svc-0575,store-05,SHARED_API_SERVICE,team-058,25,4.1.1,Gradle,9,Kotlin,Executable JAR,com.agilearning.retail.store.service0575,Store05Application,applications/backend/services/store/store-05,/api/v1/store/05,PUBLIC_AUTHENTICATED,retail-customer-web,retail-admin-web,Spring MVC,REST + OpenAPI 3.1,Spring Security OAuth2 Resource Server,Spring Data JDBC,PostgreSQL 18.6,store_svc_05,store,Flyway,10,10,0,6,2,6,2,0,Y,Y,Y,Y,Resilience4j + idempotency + retry,Actuator + Micrometer + OpenTelemetry,JUnit 5 + Testcontainers + ArchUnit + Spring Cloud Contract,OCI image + layered Spring Boot JAR,store-05,retail-store,PLANNED
129,776,58,store,svc-0576,store-06,SHARED_API_SERVICE,team-058,25,4.1.1,Gradle,9,Kotlin,Executable JAR,com.agilearning.retail.store.service0576,Store06Application,applications/backend/services/store/store-06,/api/v1/store/06,PUBLIC_AUTHENTICATED,retail-customer-web,retail-admin-web,Spring MVC,REST + OpenAPI 3.1,Spring Security OAuth2 Resource Server,Spring Data JDBC,PostgreSQL 18.6,store_svc_06,store,Flyway,10,10,0,3,2,3,2,0,Y,Y,Y,Y,Resilience4j + idempotency + retry,Actuator + Micrometer + OpenTelemetry,JUnit 5 + Testcontainers + ArchUnit + Spring Cloud Contract,OCI image + layered Spring Boot JAR,store-06,retail-store,PLANNED
129,777,58,store,svc-0577,store-07,SHARED_API_SERVICE,team-058,25,4.1.1,Gradle,9,Kotlin,Executable JAR,com.agilearning.retail.store.service0577,Store07Application,applications/backend/services/store/store-07,/api/v1/store/07,PUBLIC_AUTHENTICATED,retail-customer-web,retail-admin-web,Spring MVC,REST + OpenAPI 3.1,Spring Security OAuth2 Resource Server,Spring Data JDBC,PostgreSQL 18.6,store_svc_07,store,Flyway,10,10,0,3,2,3,2,0,Y,Y,Y,Y,Resilience4j + idempotency + retry,Actuator + Micrometer + OpenTelemetry,JUnit 5 + Testcontainers + ArchUnit + Spring Cloud Contract,OCI image + layered Spring Boot JAR,store-07,retail-store,PLANNED
129,778,58,store,svc-0578,store-08,SHARED_API_SERVICE,team-058,25,4.1.1,Gradle,9,Kotlin,Executable JAR,com.agilearning.retail.store.service0578,Store08Application,applications/backend/services/store/store-08,/api/v1/store/08,PUBLIC_AUTHENTICATED,retail-customer-web,retail-admin-web,Spring MVC,REST + OpenAPI 3.1,Spring Security OAuth2 Resource Server,Spring Data JDBC,PostgreSQL 18.6,store_svc_08,store,Flyway,10,10,0,6,2,6,2,0,Y,Y,Y,Y,Resilience4j + idempotency + retry,Actuator + Micrometer + OpenTelemetry,JUnit 5 + Testcontainers + ArchUnit + Spring Cloud Contract,OCI image + layered Spring Boot JAR,store-08,retail-store,PLANNED
129,779,58,store,svc-0579,store-09,SHARED_API_SERVICE,team-058,25,4.1.1,Gradle,9,Kotlin,Executable JAR,com.agilearning.retail.store.service0579,Store09Application,applications/backend/services/store/store-09,/api/v1/store/09,PUBLIC_AUTHENTICATED,retail-customer-web,retail-admin-web,Spring MVC,REST + OpenAPI 3.1,Spring Security OAuth2 Resource Server,Spring Data JDBC,PostgreSQL 18.6,store_svc_09,store,Flyway,10,10,0,3,2,3,2,0,Y,Y,Y,Y,Resilience4j + idempotency + retry,Actuator + Micrometer + OpenTelemetry,JUnit 5 + Testcontainers + ArchUnit + Spring Cloud Contract,OCI image + layered Spring Boot JAR,store-09,retail-store,PLANNED
129,780,58,store,svc-0580,store-10,SHARED_API_SERVICE,team-058,25,4.1.1,Gradle,9,Kotlin,Executable JAR,com.agilearning.retail.store.service0580,Store10Application,applications/backend/services/store/store-10,/api/v1/store/10,PUBLIC_AUTHENTICATED,retail-customer-web,retail-admin-web,Spring MVC,REST + OpenAPI 3.1,Spring Security OAuth2 Resource Server,Spring Data JDBC,PostgreSQL 18.6,store_svc_10,store,Flyway,10,10,0,6,2,6,2,0,Y,Y,Y,Y,Resilience4j + idempotency + retry,Actuator + Micrometer + OpenTelemetry,JUnit 5 + Testcontainers + ArchUnit + Spring Cloud Contract,OCI image + layered Spring Boot JAR,store-10,retail-store,PLANNED
129,781,59,pos,svc-0581,pos-01,ADMIN_API_SERVICE,team-059,25,4.1.1,Gradle,9,Kotlin,Executable JAR,com.agilearning.retail.pos.service0581,Pos01Application,applications/backend/services/pos/pos-01,/api/v1/pos/01,INTERNAL_AUTHORIZED,,retail-admin-web,Spring MVC,REST + OpenAPI 3.1,Spring Security OAuth2 Resource Server,Spring Data JDBC,PostgreSQL 18.6,pos_svc_01,pos,Flyway,10,10,0,9,2,9,2,0,Y,Y,Y,Y,Resilience4j + idempotency + retry,Actuator + Micrometer + OpenTelemetry,JUnit 5 + Testcontainers + ArchUnit + Spring Cloud Contract,OCI image + layered Spring Boot JAR,pos-01,retail-pos,PLANNED
129,782,59,pos,svc-0582,pos-02,ADMIN_API_SERVICE,team-059,25,4.1.1,Gradle,9,Kotlin,Executable JAR,com.agilearning.retail.pos.service0582,Pos02Application,applications/backend/services/pos/pos-02,/api/v1/pos/02,INTERNAL_AUTHORIZED,,retail-admin-web,Spring MVC,REST + OpenAPI 3.1,Spring Security OAuth2 Resource Server,Spring Data JDBC,PostgreSQL 18.6,pos_svc_02,pos,Flyway,10,10,0,9,2,9,2,0,Y,Y,Y,Y,Resilience4j + idempotency + retry,Actuator + Micrometer + OpenTelemetry,JUnit 5 + Testcontainers + ArchUnit + Spring Cloud Contract,OCI image + layered Spring Boot JAR,pos-02,retail-pos,PLANNED
129,783,59,pos,svc-0583,pos-03,ADMIN_API_SERVICE,team-059,25,4.1.1,Gradle,9,Kotlin,Executable JAR,com.agilearning.retail.pos.service0583,Pos03Application,applications/backend/services/pos/pos-03,/api/v1/pos/03,INTERNAL_AUTHORIZED,,retail-admin-web,Spring MVC,REST + OpenAPI 3.1,Spring Security OAuth2 Resource Server,Spring Data JDBC,PostgreSQL 18.6,pos_svc_03,pos,Flyway,10,10,0,9,2,9,2,0,Y,Y,Y,Y,Resilience4j + idempotency + retry,Actuator + Micrometer + OpenTelemetry,JUnit 5 + Testcontainers + ArchUnit + Spring Cloud Contract,OCI image + layered Spring Boot JAR,pos-03,retail-pos,PLANNED
129,784,59,pos,svc-0584,pos-04,ADMIN_API_SERVICE,team-059,25,4.1.1,Gradle,9,Kotlin,Executable JAR,com.agilearning.retail.pos.service0584,Pos04Application,applications/backend/services/pos/pos-04,/api/v1/pos/04,INTERNAL_AUTHORIZED,,retail-admin-web,Spring MVC,REST + OpenAPI 3.1,Spring Security OAuth2 Resource Server,Spring Data JDBC,PostgreSQL 18.6,pos_svc_04,pos,Flyway,10,10,0,6,2,6,2,0,Y,Y,Y,Y,Resilience4j + idempotency + retry,Actuator + Micrometer + OpenTelemetry,JUnit 5 + Testcontainers + ArchUnit + Spring Cloud Contract,OCI image + layered Spring Boot JAR,pos-04,retail-pos,PLANNED
129,785,59,pos,svc-0585,pos-05,ADMIN_API_SERVICE,team-059,25,4.1.1,Gradle,9,Kotlin,Executable JAR,com.agilearning.retail.pos.service0585,Pos05Application,applications/backend/services/pos/pos-05,/api/v1/pos/05,INTERNAL_AUTHORIZED,,retail-admin-web,Spring MVC,REST + OpenAPI 3.1,Spring Security OAuth2 Resource Server,Spring Data JDBC,PostgreSQL 18.6,pos_svc_05,pos,Flyway,10,10,0,6,2,6,2,0,Y,Y,Y,Y,Resilience4j + idempotency + retry,Actuator + Micrometer + OpenTelemetry,JUnit 5 + Testcontainers + ArchUnit + Spring Cloud Contract,OCI image + layered Spring Boot JAR,pos-05,retail-pos,PLANNED
129,786,59,pos,svc-0586,pos-06,ADMIN_API_SERVICE,team-059,25,4.1.1,Gradle,9,Kotlin,Executable JAR,com.agilearning.retail.pos.service0586,Pos06Application,applications/backend/services/pos/pos-06,/api/v1/pos/06,INTERNAL_AUTHORIZED,,retail-admin-web,Spring MVC,REST + OpenAPI 3.1,Spring Security OAuth2 Resource Server,Spring Data JDBC,PostgreSQL 18.6,pos_svc_06,pos,Flyway,10,10,0,3,2,3,2,0,Y,Y,Y,Y,Resilience4j + idempotency + retry,Actuator + Micrometer + OpenTelemetry,JUnit 5 + Testcontainers + ArchUnit + Spring Cloud Contract,OCI image + layered Spring Boot JAR,pos-06,retail-pos,PLANNED
129,787,59,pos,svc-0587,pos-07,ADMIN_API_SERVICE,team-059,25,4.1.1,Gradle,9,Kotlin,Executable JAR,com.agilearning.retail.pos.service0587,Pos07Application,applications/backend/services/pos/pos-07,/api/v1/pos/07,INTERNAL_AUTHORIZED,,retail-admin-web,Spring MVC,REST + OpenAPI 3.1,Spring Security OAuth2 Resource Server,Spring Data JDBC,PostgreSQL 18.6,pos_svc_07,pos,Flyway,10,10,0,3,2,3,2,0,Y,Y,Y,Y,Resilience4j + idempotency + retry,Actuator + Micrometer + OpenTelemetry,JUnit 5 + Testcontainers + ArchUnit + Spring Cloud Contract,OCI image + layered Spring Boot JAR,pos-07,retail-pos,PLANNED
129,788,59,pos,svc-0588,pos-08,ADMIN_API_SERVICE,team-059,25,4.1.1,Gradle,9,Kotlin,Executable JAR,com.agilearning.retail.pos.service0588,Pos08Application,applications/backend/services/pos/pos-08,/api/v1/pos/08,INTERNAL_AUTHORIZED,,retail-admin-web,Spring MVC,REST + OpenAPI 3.1,Spring Security OAuth2 Resource Server,Spring Data JDBC,PostgreSQL 18.6,pos_svc_08,pos,Flyway,10,10,0,6,2,6,2,0,Y,Y,Y,Y,Resilience4j + idempotency + retry,Actuator + Micrometer + OpenTelemetry,JUnit 5 + Testcontainers + ArchUnit + Spring Cloud Contract,OCI image + layered Spring Boot JAR,pos-08,retail-pos,PLANNED
129,789,59,pos,svc-0589,pos-09,ADMIN_API_SERVICE,team-059,25,4.1.1,Gradle,9,Kotlin,Executable JAR,com.agilearning.retail.pos.service0589,Pos09Application,applications/backend/services/pos/pos-09,/api/v1/pos/09,INTERNAL_AUTHORIZED,,retail-admin-web,Spring MVC,REST + OpenAPI 3.1,Spring Security OAuth2 Resource Server,Spring Data JDBC,PostgreSQL 18.6,pos_svc_09,pos,Flyway,10,10,0,3,2,3,2,0,Y,Y,Y,Y,Resilience4j + idempotency + retry,Actuator + Micrometer + OpenTelemetry,JUnit 5 + Testcontainers + ArchUnit + Spring Cloud Contract,OCI image + layered Spring Boot JAR,pos-09,retail-pos,PLANNED
129,790,59,pos,svc-0590,pos-10,ADMIN_API_SERVICE,team-059,25,4.1.1,Gradle,9,Kotlin,Executable JAR,com.agilearning.retail.pos.service0590,Pos10Application,applications/backend/services/pos/pos-10,/api/v1/pos/10,INTERNAL_AUTHORIZED,,retail-admin-web,Spring MVC,REST + OpenAPI 3.1,Spring Security OAuth2 Resource Server,Spring Data JDBC,PostgreSQL 18.6,pos_svc_10,pos,Flyway,10,10,0,6,2,6,2,0,Y,Y,Y,Y,Resilience4j + idempotency + retry,Actuator + Micrometer + OpenTelemetry,JUnit 5 + Testcontainers + ArchUnit + Spring Cloud Contract,OCI image + layered Spring Boot JAR,pos-10,retail-pos,PLANNED
129,791,60,logistics,svc-0591,logistics-01,ADMIN_API_SERVICE,team-060,25,4.1.1,Gradle,9,Kotlin,Executable JAR,com.agilearning.retail.logistics.service0591,Logistics01Application,applications/backend/services/logistics/logistics-01,/api/v1/logistics/01,INTERNAL_AUTHORIZED,,retail-admin-web,Spring MVC,REST + OpenAPI 3.1,Spring Security OAuth2 Resource Server,Spring Data JDBC,PostgreSQL 18.6,logistics_svc_01,logistics,Flyway,10,10,0,9,10,8,8,1,Y,Y,Y,Y,Resilience4j + idempotency + retry,Actuator + Micrometer + OpenTelemetry,JUnit 5 + Testcontainers + ArchUnit + Spring Cloud Contract,OCI image + layered Spring Boot JAR,logistics-01,retail-logistics,PLANNED
129,792,60,logistics,svc-0592,logistics-02,ADMIN_API_SERVICE,team-060,25,4.1.1,Gradle,9,Kotlin,Executable JAR,com.agilearning.retail.logistics.service0592,Logistics02Application,applications/backend/services/logistics/logistics-02,/api/v1/logistics/02,INTERNAL_AUTHORIZED,,retail-admin-web,Spring MVC,REST + OpenAPI 3.1,Spring Security OAuth2 Resource Server,Spring Data JDBC,PostgreSQL 18.6,logistics_svc_02,logistics,Flyway,10,10,0,9,10,9,10,0,Y,Y,Y,Y,Resilience4j + idempotency + retry,Actuator + Micrometer + OpenTelemetry,JUnit 5 + Testcontainers + ArchUnit + Spring Cloud Contract,OCI image + layered Spring Boot JAR,logistics-02,retail-logistics,PLANNED
129,793,60,logistics,svc-0593,logistics-03,ADMIN_API_SERVICE,team-060,25,4.1.1,Gradle,9,Kotlin,Executable JAR,com.agilearning.retail.logistics.service0593,Logistics03Application,applications/backend/services/logistics/logistics-03,/api/v1/logistics/03,INTERNAL_AUTHORIZED,,retail-admin-web,Spring MVC,REST + OpenAPI 3.1,Spring Security OAuth2 Resource Server,Spring Data JDBC,PostgreSQL 18.6,logistics_svc_03,logistics,Flyway,10,10,0,9,10,9,10,0,Y,Y,Y,Y,Resilience4j + idempotency + retry,Actuator + Micrometer + OpenTelemetry,JUnit 5 + Testcontainers + ArchUnit + Spring Cloud Contract,OCI image + layered Spring Boot JAR,logistics-03,retail-logistics,PLANNED
129,794,60,logistics,svc-0594,logistics-04,ADMIN_API_SERVICE,team-060,25,4.1.1,Gradle,9,Kotlin,Executable JAR,com.agilearning.retail.logistics.service0594,Logistics04Application,applications/backend/services/logistics/logistics-04,/api/v1/logistics/04,INTERNAL_AUTHORIZED,,retail-admin-web,Spring MVC,REST + OpenAPI 3.1,Spring Security OAuth2 Resource Server,Spring Data JDBC,PostgreSQL 18.6,logistics_svc_04,logistics,Flyway,10,10,0,6,10,6,10,0,Y,Y,Y,Y,Resilience4j + idempotency + retry,Actuator + Micrometer + OpenTelemetry,JUnit 5 + Testcontainers + ArchUnit + Spring Cloud Contract,OCI image + layered Spring Boot JAR,logistics-04,retail-logistics,PLANNED
129,795,60,logistics,svc-0595,logistics-05,ADMIN_API_SERVICE,team-060,25,4.1.1,Gradle,9,Kotlin,Executable JAR,com.agilearning.retail.logistics.service0595,Logistics05Application,applications/backend/services/logistics/logistics-05,/api/v1/logistics/05,INTERNAL_AUTHORIZED,,retail-admin-web,Spring MVC,REST + OpenAPI 3.1,Spring Security OAuth2 Resource Server,Spring Data JDBC,PostgreSQL 18.6,logistics_svc_05,logistics,Flyway,10,10,0,6,10,6,10,0,Y,Y,Y,Y,Resilience4j + idempotency + retry,Actuator + Micrometer + OpenTelemetry,JUnit 5 + Testcontainers + ArchUnit + Spring Cloud Contract,OCI image + layered Spring Boot JAR,logistics-05,retail-logistics,PLANNED
129,796,60,logistics,svc-0596,logistics-06,ADMIN_API_SERVICE,team-060,25,4.1.1,Gradle,9,Kotlin,Executable JAR,com.agilearning.retail.logistics.service0596,Logistics06Application,applications/backend/services/logistics/logistics-06,/api/v1/logistics/06,INTERNAL_AUTHORIZED,,retail-admin-web,Spring MVC,REST + OpenAPI 3.1,Spring Security OAuth2 Resource Server,Spring Data JDBC,PostgreSQL 18.6,logistics_svc_06,logistics,Flyway,10,10,0,3,10,3,10,0,Y,Y,Y,Y,Resilience4j + idempotency + retry,Actuator + Micrometer + OpenTelemetry,JUnit 5 + Testcontainers + ArchUnit + Spring Cloud Contract,OCI image + layered Spring Boot JAR,logistics-06,retail-logistics,PLANNED
129,797,60,logistics,svc-0597,logistics-07,ADMIN_API_SERVICE,team-060,25,4.1.1,Gradle,9,Kotlin,Executable JAR,com.agilearning.retail.logistics.service0597,Logistics07Application,applications/backend/services/logistics/logistics-07,/api/v1/logistics/07,INTERNAL_AUTHORIZED,,retail-admin-web,Spring MVC,REST + OpenAPI 3.1,Spring Security OAuth2 Resource Server,Spring Data JDBC,PostgreSQL 18.6,logistics_svc_07,logistics,Flyway,10,10,0,3,10,3,10,0,Y,Y,Y,Y,Resilience4j + idempotency + retry,Actuator + Micrometer + OpenTelemetry,JUnit 5 + Testcontainers + ArchUnit + Spring Cloud Contract,OCI image + layered Spring Boot JAR,logistics-07,retail-logistics,PLANNED
129,798,60,logistics,svc-0598,logistics-08,ADMIN_API_SERVICE,team-060,25,4.1.1,Gradle,9,Kotlin,Executable JAR,com.agilearning.retail.logistics.service0598,Logistics08Application,applications/backend/services/logistics/logistics-08,/api/v1/logistics/08,INTERNAL_AUTHORIZED,,retail-admin-web,Spring MVC,REST + OpenAPI 3.1,Spring Security OAuth2 Resource Server,Spring Data JDBC,PostgreSQL 18.6,logistics_svc_08,logistics,Flyway,10,10,0,6,10,6,10,0,Y,Y,Y,Y,Resilience4j + idempotency + retry,Actuator + Micrometer + OpenTelemetry,JUnit 5 + Testcontainers + ArchUnit + Spring Cloud Contract,OCI image + layered Spring Boot JAR,logistics-08,retail-logistics,PLANNED
129,799,60,logistics,svc-0599,logistics-09,ADMIN_API_SERVICE,team-060,25,4.1.1,Gradle,9,Kotlin,Executable JAR,com.agilearning.retail.logistics.service0599,Logistics09Application,applications/backend/services/logistics/logistics-09,/api/v1/logistics/09,INTERNAL_AUTHORIZED,,retail-admin-web,Spring MVC,REST + OpenAPI 3.1,Spring Security OAuth2 Resource Server,Spring Data JDBC,PostgreSQL 18.6,logistics_svc_09,logistics,Flyway,10,10,0,3,10,3,10,0,Y,Y,Y,Y,Resilience4j + idempotency + retry,Actuator + Micrometer + OpenTelemetry,JUnit 5 + Testcontainers + ArchUnit + Spring Cloud Contract,OCI image + layered Spring Boot JAR,logistics-09,retail-logistics,PLANNED
129,800,60,logistics,svc-0600,logistics-10,ADMIN_API_SERVICE,team-060,25,4.1.1,Gradle,9,Kotlin,Executable JAR,com.agilearning.retail.logistics.service0600,Logistics10Application,applications/backend/services/logistics/logistics-10,/api/v1/logistics/10,INTERNAL_AUTHORIZED,,retail-admin-web,Spring MVC,REST + OpenAPI 3.1,Spring Security OAuth2 Resource Server,Spring Data JDBC,PostgreSQL 18.6,logistics_svc_10,logistics,Flyway,10,10,0,6,10,6,10,0,Y,Y,Y,Y,Resilience4j + idempotency + retry,Actuator + Micrometer + OpenTelemetry,JUnit 5 + Testcontainers + ArchUnit + Spring Cloud Contract,OCI image + layered Spring Boot JAR,logistics-10,retail-logistics,PLANNED
129,801,61,supplier,svc-0601,supplier-01,ADMIN_API_SERVICE,team-061,25,4.1.1,Gradle,9,Kotlin,Executable JAR,com.agilearning.retail.supplier.service0601,Supplier01Application,applications/backend/services/supplier/supplier-01,/api/v1/supplier/01,INTERNAL_AUTHORIZED,,retail-admin-web,Spring MVC,REST + OpenAPI 3.1,Spring Security OAuth2 Resource Server,Spring Data JDBC,PostgreSQL 18.6,supplier_svc_01,supplier,Flyway,10,10,0,9,10,9,10,0,Y,Y,Y,Y,Resilience4j + idempotency + retry,Actuator + Micrometer + OpenTelemetry,JUnit 5 + Testcontainers + ArchUnit + Spring Cloud Contract,OCI image + layered Spring Boot JAR,supplier-01,retail-supplier,PLANNED
129,802,61,supplier,svc-0602,supplier-02,ADMIN_API_SERVICE,team-061,25,4.1.1,Gradle,9,Kotlin,Executable JAR,com.agilearning.retail.supplier.service0602,Supplier02Application,applications/backend/services/supplier/supplier-02,/api/v1/supplier/02,INTERNAL_AUTHORIZED,,retail-admin-web,Spring MVC,REST + OpenAPI 3.1,Spring Security OAuth2 Resource Server,Spring Data JDBC,PostgreSQL 18.6,supplier_svc_02,supplier,Flyway,10,10,0,9,10,9,10,0,Y,Y,Y,Y,Resilience4j + idempotency + retry,Actuator + Micrometer + OpenTelemetry,JUnit 5 + Testcontainers + ArchUnit + Spring Cloud Contract,OCI image + layered Spring Boot JAR,supplier-02,retail-supplier,PLANNED
129,803,61,supplier,svc-0603,supplier-03,ADMIN_API_SERVICE,team-061,25,4.1.1,Gradle,9,Kotlin,Executable JAR,com.agilearning.retail.supplier.service0603,Supplier03Application,applications/backend/services/supplier/supplier-03,/api/v1/supplier/03,INTERNAL_AUTHORIZED,,retail-admin-web,Spring MVC,REST + OpenAPI 3.1,Spring Security OAuth2 Resource Server,Spring Data JDBC,PostgreSQL 18.6,supplier_svc_03,supplier,Flyway,10,10,0,9,10,9,10,0,Y,Y,Y,Y,Resilience4j + idempotency + retry,Actuator + Micrometer + OpenTelemetry,JUnit 5 + Testcontainers + ArchUnit + Spring Cloud Contract,OCI image + layered Spring Boot JAR,supplier-03,retail-supplier,PLANNED
129,804,61,supplier,svc-0604,supplier-04,ADMIN_API_SERVICE,team-061,25,4.1.1,Gradle,9,Kotlin,Executable JAR,com.agilearning.retail.supplier.service0604,Supplier04Application,applications/backend/services/supplier/supplier-04,/api/v1/supplier/04,INTERNAL_AUTHORIZED,,retail-admin-web,Spring MVC,REST + OpenAPI 3.1,Spring Security OAuth2 Resource Server,Spring Data JDBC,PostgreSQL 18.6,supplier_svc_04,supplier,Flyway,10,10,0,6,10,6,10,0,Y,Y,Y,Y,Resilience4j + idempotency + retry,Actuator + Micrometer + OpenTelemetry,JUnit 5 + Testcontainers + ArchUnit + Spring Cloud Contract,OCI image + layered Spring Boot JAR,supplier-04,retail-supplier,PLANNED
129,805,61,supplier,svc-0605,supplier-05,ADMIN_API_SERVICE,team-061,25,4.1.1,Gradle,9,Kotlin,Executable JAR,com.agilearning.retail.supplier.service0605,Supplier05Application,applications/backend/services/supplier/supplier-05,/api/v1/supplier/05,INTERNAL_AUTHORIZED,,retail-admin-web,Spring MVC,REST + OpenAPI 3.1,Spring Security OAuth2 Resource Server,Spring Data JDBC,PostgreSQL 18.6,supplier_svc_05,supplier,Flyway,10,10,0,6,10,6,10,0,Y,Y,Y,Y,Resilience4j + idempotency + retry,Actuator + Micrometer + OpenTelemetry,JUnit 5 + Testcontainers + ArchUnit + Spring Cloud Contract,OCI image + layered Spring Boot JAR,supplier-05,retail-supplier,PLANNED
129,806,61,supplier,svc-0606,supplier-06,ADMIN_API_SERVICE,team-061,25,4.1.1,Gradle,9,Kotlin,Executable JAR,com.agilearning.retail.supplier.service0606,Supplier06Application,applications/backend/services/supplier/supplier-06,/api/v1/supplier/06,INTERNAL_AUTHORIZED,,retail-admin-web,Spring MVC,REST + OpenAPI 3.1,Spring Security OAuth2 Resource Server,Spring Data JDBC,PostgreSQL 18.6,supplier_svc_06,supplier,Flyway,10,10,0,3,10,3,10,0,Y,Y,Y,Y,Resilience4j + idempotency + retry,Actuator + Micrometer + OpenTelemetry,JUnit 5 + Testcontainers + ArchUnit + Spring Cloud Contract,OCI image + layered Spring Boot JAR,supplier-06,retail-supplier,PLANNED
129,807,61,supplier,svc-0607,supplier-07,ADMIN_API_SERVICE,team-061,25,4.1.1,Gradle,9,Kotlin,Executable JAR,com.agilearning.retail.supplier.service0607,Supplier07Application,applications/backend/services/supplier/supplier-07,/api/v1/supplier/07,INTERNAL_AUTHORIZED,,retail-admin-web,Spring MVC,REST + OpenAPI 3.1,Spring Security OAuth2 Resource Server,Spring Data JDBC,PostgreSQL 18.6,supplier_svc_07,supplier,Flyway,10,10,0,3,10,3,10,0,Y,Y,Y,Y,Resilience4j + idempotency + retry,Actuator + Micrometer + OpenTelemetry,JUnit 5 + Testcontainers + ArchUnit + Spring Cloud Contract,OCI image + layered Spring Boot JAR,supplier-07,retail-supplier,PLANNED
129,808,61,supplier,svc-0608,supplier-08,ADMIN_API_SERVICE,team-061,25,4.1.1,Gradle,9,Kotlin,Executable JAR,com.agilearning.retail.supplier.service0608,Supplier08Application,applications/backend/services/supplier/supplier-08,/api/v1/supplier/08,INTERNAL_AUTHORIZED,,retail-admin-web,Spring MVC,REST + OpenAPI 3.1,Spring Security OAuth2 Resource Server,Spring Data JDBC,PostgreSQL 18.6,supplier_svc_08,supplier,Flyway,10,10,0,6,10,6,10,0,Y,Y,Y,Y,Resilience4j + idempotency + retry,Actuator + Micrometer + OpenTelemetry,JUnit 5 + Testcontainers + ArchUnit + Spring Cloud Contract,OCI image + layered Spring Boot JAR,supplier-08,retail-supplier,PLANNED
129,809,61,supplier,svc-0609,supplier-09,ADMIN_API_SERVICE,team-061,25,4.1.1,Gradle,9,Kotlin,Executable JAR,com.agilearning.retail.supplier.service0609,Supplier09Application,applications/backend/services/supplier/supplier-09,/api/v1/supplier/09,INTERNAL_AUTHORIZED,,retail-admin-web,Spring MVC,REST + OpenAPI 3.1,Spring Security OAuth2 Resource Server,Spring Data JDBC,PostgreSQL 18.6,supplier_svc_09,supplier,Flyway,10,10,0,3,10,3,10,0,Y,Y,Y,Y,Resilience4j + idempotency + retry,Actuator + Micrometer + OpenTelemetry,JUnit 5 + Testcontainers + ArchUnit + Spring Cloud Contract,OCI image + layered Spring Boot JAR,supplier-09,retail-supplier,PLANNED
129,810,61,supplier,svc-0610,supplier-10,ADMIN_API_SERVICE,team-061,25,4.1.1,Gradle,9,Kotlin,Executable JAR,com.agilearning.retail.supplier.service0610,Supplier10Application,applications/backend/services/supplier/supplier-10,/api/v1/supplier/10,INTERNAL_AUTHORIZED,,retail-admin-web,Spring MVC,REST + OpenAPI 3.1,Spring Security OAuth2 Resource Server,Spring Data JDBC,PostgreSQL 18.6,supplier_svc_10,supplier,Flyway,10,10,0,6,10,6,10,0,Y,Y,Y,Y,Resilience4j + idempotency + retry,Actuator + Micrometer + OpenTelemetry,JUnit 5 + Testcontainers + ArchUnit + Spring Cloud Contract,OCI image + layered Spring Boot JAR,supplier-10,retail-supplier,PLANNED
129,811,62,quality,svc-0611,quality-01,ADMIN_API_SERVICE,team-062,25,4.1.1,Gradle,9,Kotlin,Executable JAR,com.agilearning.retail.quality.service0611,Quality01Application,applications/backend/services/quality/quality-01,/api/v1/quality/01,INTERNAL_AUTHORIZED,,retail-admin-web,Spring MVC,REST + OpenAPI 3.1,Spring Security OAuth2 Resource Server,Spring Data JDBC,PostgreSQL 18.6,quality_svc_01,quality,Flyway,10,10,0,9,2,9,2,0,Y,Y,Y,Y,Resilience4j + idempotency + retry,Actuator + Micrometer + OpenTelemetry,JUnit 5 + Testcontainers + ArchUnit + Spring Cloud Contract,OCI image + layered Spring Boot JAR,quality-01,retail-quality,PLANNED
129,812,62,quality,svc-0612,quality-02,ADMIN_API_SERVICE,team-062,25,4.1.1,Gradle,9,Kotlin,Executable JAR,com.agilearning.retail.quality.service0612,Quality02Application,applications/backend/services/quality/quality-02,/api/v1/quality/02,INTERNAL_AUTHORIZED,,retail-admin-web,Spring MVC,REST + OpenAPI 3.1,Spring Security OAuth2 Resource Server,Spring Data JDBC,PostgreSQL 18.6,quality_svc_02,quality,Flyway,10,10,0,9,2,9,2,0,Y,Y,Y,Y,Resilience4j + idempotency + retry,Actuator + Micrometer + OpenTelemetry,JUnit 5 + Testcontainers + ArchUnit + Spring Cloud Contract,OCI image + layered Spring Boot JAR,quality-02,retail-quality,PLANNED
129,813,62,quality,svc-0613,quality-03,ADMIN_API_SERVICE,team-062,25,4.1.1,Gradle,9,Kotlin,Executable JAR,com.agilearning.retail.quality.service0613,Quality03Application,applications/backend/services/quality/quality-03,/api/v1/quality/03,INTERNAL_AUTHORIZED,,retail-admin-web,Spring MVC,REST + OpenAPI 3.1,Spring Security OAuth2 Resource Server,Spring Data JDBC,PostgreSQL 18.6,quality_svc_03,quality,Flyway,10,10,0,9,2,9,2,0,Y,Y,Y,Y,Resilience4j + idempotency + retry,Actuator + Micrometer + OpenTelemetry,JUnit 5 + Testcontainers + ArchUnit + Spring Cloud Contract,OCI image + layered Spring Boot JAR,quality-03,retail-quality,PLANNED
129,814,62,quality,svc-0614,quality-04,ADMIN_API_SERVICE,team-062,25,4.1.1,Gradle,9,Kotlin,Executable JAR,com.agilearning.retail.quality.service0614,Quality04Application,applications/backend/services/quality/quality-04,/api/v1/quality/04,INTERNAL_AUTHORIZED,,retail-admin-web,Spring MVC,REST + OpenAPI 3.1,Spring Security OAuth2 Resource Server,Spring Data JDBC,PostgreSQL 18.6,quality_svc_04,quality,Flyway,10,10,0,6,2,6,2,0,Y,Y,Y,Y,Resilience4j + idempotency + retry,Actuator + Micrometer + OpenTelemetry,JUnit 5 + Testcontainers + ArchUnit + Spring Cloud Contract,OCI image + layered Spring Boot JAR,quality-04,retail-quality,PLANNED
129,815,62,quality,svc-0615,quality-05,ADMIN_API_SERVICE,team-062,25,4.1.1,Gradle,9,Kotlin,Executable JAR,com.agilearning.retail.quality.service0615,Quality05Application,applications/backend/services/quality/quality-05,/api/v1/quality/05,INTERNAL_AUTHORIZED,,retail-admin-web,Spring MVC,REST + OpenAPI 3.1,Spring Security OAuth2 Resource Server,Spring Data JDBC,PostgreSQL 18.6,quality_svc_05,quality,Flyway,10,10,0,6,2,6,2,0,Y,Y,Y,Y,Resilience4j + idempotency + retry,Actuator + Micrometer + OpenTelemetry,JUnit 5 + Testcontainers + ArchUnit + Spring Cloud Contract,OCI image + layered Spring Boot JAR,quality-05,retail-quality,PLANNED
129,816,62,quality,svc-0616,quality-06,ADMIN_API_SERVICE,team-062,25,4.1.1,Gradle,9,Kotlin,Executable JAR,com.agilearning.retail.quality.service0616,Quality06Application,applications/backend/services/quality/quality-06,/api/v1/quality/06,INTERNAL_AUTHORIZED,,retail-admin-web,Spring MVC,REST + OpenAPI 3.1,Spring Security OAuth2 Resource Server,Spring Data JDBC,PostgreSQL 18.6,quality_svc_06,quality,Flyway,10,10,0,3,2,3,2,0,Y,Y,Y,Y,Resilience4j + idempotency + retry,Actuator + Micrometer + OpenTelemetry,JUnit 5 + Testcontainers + ArchUnit + Spring Cloud Contract,OCI image + layered Spring Boot JAR,quality-06,retail-quality,PLANNED
129,817,62,quality,svc-0617,quality-07,ADMIN_API_SERVICE,team-062,25,4.1.1,Gradle,9,Kotlin,Executable JAR,com.agilearning.retail.quality.service0617,Quality07Application,applications/backend/services/quality/quality-07,/api/v1/quality/07,INTERNAL_AUTHORIZED,,retail-admin-web,Spring MVC,REST + OpenAPI 3.1,Spring Security OAuth2 Resource Server,Spring Data JDBC,PostgreSQL 18.6,quality_svc_07,quality,Flyway,10,10,0,3,2,3,2,0,Y,Y,Y,Y,Resilience4j + idempotency + retry,Actuator + Micrometer + OpenTelemetry,JUnit 5 + Testcontainers + ArchUnit + Spring Cloud Contract,OCI image + layered Spring Boot JAR,quality-07,retail-quality,PLANNED
129,818,62,quality,svc-0618,quality-08,ADMIN_API_SERVICE,team-062,25,4.1.1,Gradle,9,Kotlin,Executable JAR,com.agilearning.retail.quality.service0618,Quality08Application,applications/backend/services/quality/quality-08,/api/v1/quality/08,INTERNAL_AUTHORIZED,,retail-admin-web,Spring MVC,REST + OpenAPI 3.1,Spring Security OAuth2 Resource Server,Spring Data JDBC,PostgreSQL 18.6,quality_svc_08,quality,Flyway,10,10,0,6,2,6,2,0,Y,Y,Y,Y,Resilience4j + idempotency + retry,Actuator + Micrometer + OpenTelemetry,JUnit 5 + Testcontainers + ArchUnit + Spring Cloud Contract,OCI image + layered Spring Boot JAR,quality-08,retail-quality,PLANNED
129,819,62,quality,svc-0619,quality-09,ADMIN_API_SERVICE,team-062,25,4.1.1,Gradle,9,Kotlin,Executable JAR,com.agilearning.retail.quality.service0619,Quality09Application,applications/backend/services/quality/quality-09,/api/v1/quality/09,INTERNAL_AUTHORIZED,,retail-admin-web,Spring MVC,REST + OpenAPI 3.1,Spring Security OAuth2 Resource Server,Spring Data JDBC,PostgreSQL 18.6,quality_svc_09,quality,Flyway,10,10,0,3,2,3,2,0,Y,Y,Y,Y,Resilience4j + idempotency + retry,Actuator + Micrometer + OpenTelemetry,JUnit 5 + Testcontainers + ArchUnit + Spring Cloud Contract,OCI image + layered Spring Boot JAR,quality-09,retail-quality,PLANNED
129,820,62,quality,svc-0620,quality-10,ADMIN_API_SERVICE,team-062,25,4.1.1,Gradle,9,Kotlin,Executable JAR,com.agilearning.retail.quality.service0620,Quality10Application,applications/backend/services/quality/quality-10,/api/v1/quality/10,INTERNAL_AUTHORIZED,,retail-admin-web,Spring MVC,REST + OpenAPI 3.1,Spring Security OAuth2 Resource Server,Spring Data JDBC,PostgreSQL 18.6,quality_svc_10,quality,Flyway,10,10,0,6,2,6,2,0,Y,Y,Y,Y,Resilience4j + idempotency + retry,Actuator + Micrometer + OpenTelemetry,JUnit 5 + Testcontainers + ArchUnit + Spring Cloud Contract,OCI image + layered Spring Boot JAR,quality-10,retail-quality,PLANNED
129,821,63,operations,svc-0621,operations-01,ADMIN_API_SERVICE,team-063,25,4.1.1,Gradle,9,Kotlin,Executable JAR,com.agilearning.retail.operations.service0621,Operations01Application,applications/backend/services/operations/operations-01,/api/v1/operations/01,INTERNAL_AUTHORIZED,,retail-admin-web,Spring MVC,REST + OpenAPI 3.1,Spring Security OAuth2 Resource Server,Spring Data JDBC,PostgreSQL 18.6,operations_svc_01,operations,Flyway,10,10,0,9,4,9,4,0,Y,Y,Y,Y,Resilience4j + idempotency + retry,Actuator + Micrometer + OpenTelemetry,JUnit 5 + Testcontainers + ArchUnit + Spring Cloud Contract,OCI image + layered Spring Boot JAR,operations-01,retail-operations,PLANNED
129,822,63,operations,svc-0622,operations-02,ADMIN_API_SERVICE,team-063,25,4.1.1,Gradle,9,Kotlin,Executable JAR,com.agilearning.retail.operations.service0622,Operations02Application,applications/backend/services/operations/operations-02,/api/v1/operations/02,INTERNAL_AUTHORIZED,,retail-admin-web,Spring MVC,REST + OpenAPI 3.1,Spring Security OAuth2 Resource Server,Spring Data JDBC,PostgreSQL 18.6,operations_svc_02,operations,Flyway,10,10,0,9,4,9,4,0,Y,Y,Y,Y,Resilience4j + idempotency + retry,Actuator + Micrometer + OpenTelemetry,JUnit 5 + Testcontainers + ArchUnit + Spring Cloud Contract,OCI image + layered Spring Boot JAR,operations-02,retail-operations,PLANNED
129,823,63,operations,svc-0623,operations-03,ADMIN_API_SERVICE,team-063,25,4.1.1,Gradle,9,Kotlin,Executable JAR,com.agilearning.retail.operations.service0623,Operations03Application,applications/backend/services/operations/operations-03,/api/v1/operations/03,INTERNAL_AUTHORIZED,,retail-admin-web,Spring MVC,REST + OpenAPI 3.1,Spring Security OAuth2 Resource Server,Spring Data JDBC,PostgreSQL 18.6,operations_svc_03,operations,Flyway,10,10,0,9,4,9,4,0,Y,Y,Y,Y,Resilience4j + idempotency + retry,Actuator + Micrometer + OpenTelemetry,JUnit 5 + Testcontainers + ArchUnit + Spring Cloud Contract,OCI image + layered Spring Boot JAR,operations-03,retail-operations,PLANNED
129,824,63,operations,svc-0624,operations-04,ADMIN_API_SERVICE,team-063,25,4.1.1,Gradle,9,Kotlin,Executable JAR,com.agilearning.retail.operations.service0624,Operations04Application,applications/backend/services/operations/operations-04,/api/v1/operations/04,INTERNAL_AUTHORIZED,,retail-admin-web,Spring MVC,REST + OpenAPI 3.1,Spring Security OAuth2 Resource Server,Spring Data JDBC,PostgreSQL 18.6,operations_svc_04,operations,Flyway,10,10,0,6,4,6,4,0,Y,Y,Y,Y,Resilience4j + idempotency + retry,Actuator + Micrometer + OpenTelemetry,JUnit 5 + Testcontainers + ArchUnit + Spring Cloud Contract,OCI image + layered Spring Boot JAR,operations-04,retail-operations,PLANNED
129,825,63,operations,svc-0625,operations-05,ADMIN_API_SERVICE,team-063,25,4.1.1,Gradle,9,Kotlin,Executable JAR,com.agilearning.retail.operations.service0625,Operations05Application,applications/backend/services/operations/operations-05,/api/v1/operations/05,INTERNAL_AUTHORIZED,,retail-admin-web,Spring MVC,REST + OpenAPI 3.1,Spring Security OAuth2 Resource Server,Spring Data JDBC,PostgreSQL 18.6,operations_svc_05,operations,Flyway,10,10,0,6,4,6,4,0,Y,Y,Y,Y,Resilience4j + idempotency + retry,Actuator + Micrometer + OpenTelemetry,JUnit 5 + Testcontainers + ArchUnit + Spring Cloud Contract,OCI image + layered Spring Boot JAR,operations-05,retail-operations,PLANNED
129,826,63,operations,svc-0626,operations-06,ADMIN_API_SERVICE,team-063,25,4.1.1,Gradle,9,Kotlin,Executable JAR,com.agilearning.retail.operations.service0626,Operations06Application,applications/backend/services/operations/operations-06,/api/v1/operations/06,INTERNAL_AUTHORIZED,,retail-admin-web,Spring MVC,REST + OpenAPI 3.1,Spring Security OAuth2 Resource Server,Spring Data JDBC,PostgreSQL 18.6,operations_svc_06,operations,Flyway,10,10,0,3,4,3,4,0,Y,Y,Y,Y,Resilience4j + idempotency + retry,Actuator + Micrometer + OpenTelemetry,JUnit 5 + Testcontainers + ArchUnit + Spring Cloud Contract,OCI image + layered Spring Boot JAR,operations-06,retail-operations,PLANNED
129,827,63,operations,svc-0627,operations-07,ADMIN_API_SERVICE,team-063,25,4.1.1,Gradle,9,Kotlin,Executable JAR,com.agilearning.retail.operations.service0627,Operations07Application,applications/backend/services/operations/operations-07,/api/v1/operations/07,INTERNAL_AUTHORIZED,,retail-admin-web,Spring MVC,REST + OpenAPI 3.1,Spring Security OAuth2 Resource Server,Spring Data JDBC,PostgreSQL 18.6,operations_svc_07,operations,Flyway,10,10,0,3,4,3,4,0,Y,Y,Y,Y,Resilience4j + idempotency + retry,Actuator + Micrometer + OpenTelemetry,JUnit 5 + Testcontainers + ArchUnit + Spring Cloud Contract,OCI image + layered Spring Boot JAR,operations-07,retail-operations,PLANNED
129,828,63,operations,svc-0628,operations-08,ADMIN_API_SERVICE,team-063,25,4.1.1,Gradle,9,Kotlin,Executable JAR,com.agilearning.retail.operations.service0628,Operations08Application,applications/backend/services/operations/operations-08,/api/v1/operations/08,INTERNAL_AUTHORIZED,,retail-admin-web,Spring MVC,REST + OpenAPI 3.1,Spring Security OAuth2 Resource Server,Spring Data JDBC,PostgreSQL 18.6,operations_svc_08,operations,Flyway,10,10,0,6,4,6,4,0,Y,Y,Y,Y,Resilience4j + idempotency + retry,Actuator + Micrometer + OpenTelemetry,JUnit 5 + Testcontainers + ArchUnit + Spring Cloud Contract,OCI image + layered Spring Boot JAR,operations-08,retail-operations,PLANNED
129,829,63,operations,svc-0629,operations-09,ADMIN_API_SERVICE,team-063,25,4.1.1,Gradle,9,Kotlin,Executable JAR,com.agilearning.retail.operations.service0629,Operations09Application,applications/backend/services/operations/operations-09,/api/v1/operations/09,INTERNAL_AUTHORIZED,,retail-admin-web,Spring MVC,REST + OpenAPI 3.1,Spring Security OAuth2 Resource Server,Spring Data JDBC,PostgreSQL 18.6,operations_svc_09,operations,Flyway,10,10,0,3,4,3,4,0,Y,Y,Y,Y,Resilience4j + idempotency + retry,Actuator + Micrometer + OpenTelemetry,JUnit 5 + Testcontainers + ArchUnit + Spring Cloud Contract,OCI image + layered Spring Boot JAR,operations-09,retail-operations,PLANNED
129,830,63,operations,svc-0630,operations-10,ADMIN_API_SERVICE,team-063,25,4.1.1,Gradle,9,Kotlin,Executable JAR,com.agilearning.retail.operations.service0630,Operations10Application,applications/backend/services/operations/operations-10,/api/v1/operations/10,INTERNAL_AUTHORIZED,,retail-admin-web,Spring MVC,REST + OpenAPI 3.1,Spring Security OAuth2 Resource Server,Spring Data JDBC,PostgreSQL 18.6,operations_svc_10,operations,Flyway,10,10,0,6,4,6,4,0,Y,Y,Y,Y,Resilience4j + idempotency + retry,Actuator + Micrometer + OpenTelemetry,JUnit 5 + Testcontainers + ArchUnit + Spring Cloud Contract,OCI image + layered Spring Boot JAR,operations-10,retail-operations,PLANNED
129,831,64,platform,svc-0631,platform-01,INTERNAL_PLATFORM_SERVICE,team-064,25,4.1.1,Gradle,9,Kotlin,Executable JAR,com.agilearning.retail.platform.service0631,Platform01Application,applications/backend/services/platform/platform-01,/api/v1/platform/01,INTERNAL_AUTHORIZED,,,Spring MVC,REST + OpenAPI 3.1,Spring Security OAuth2 Resource Server,Spring Data JDBC,PostgreSQL 18.6,platform_svc_01,platform,Flyway,10,10,0,9,4,9,4,0,Y,Y,Y,Y,Resilience4j + idempotency + retry,Actuator + Micrometer + OpenTelemetry,JUnit 5 + Testcontainers + ArchUnit + Spring Cloud Contract,OCI image + layered Spring Boot JAR,platform-01,retail-platform,PLANNED
129,832,64,platform,svc-0632,platform-02,INTERNAL_PLATFORM_SERVICE,team-064,25,4.1.1,Gradle,9,Kotlin,Executable JAR,com.agilearning.retail.platform.service0632,Platform02Application,applications/backend/services/platform/platform-02,/api/v1/platform/02,INTERNAL_AUTHORIZED,,,Spring MVC,REST + OpenAPI 3.1,Spring Security OAuth2 Resource Server,Spring Data JDBC,PostgreSQL 18.6,platform_svc_02,platform,Flyway,10,10,0,9,4,9,4,0,Y,Y,Y,Y,Resilience4j + idempotency + retry,Actuator + Micrometer + OpenTelemetry,JUnit 5 + Testcontainers + ArchUnit + Spring Cloud Contract,OCI image + layered Spring Boot JAR,platform-02,retail-platform,PLANNED
129,833,64,platform,svc-0633,platform-03,INTERNAL_PLATFORM_SERVICE,team-064,25,4.1.1,Gradle,9,Kotlin,Executable JAR,com.agilearning.retail.platform.service0633,Platform03Application,applications/backend/services/platform/platform-03,/api/v1/platform/03,INTERNAL_AUTHORIZED,,,Spring MVC,REST + OpenAPI 3.1,Spring Security OAuth2 Resource Server,Spring Data JDBC,PostgreSQL 18.6,platform_svc_03,platform,Flyway,10,10,0,9,4,9,4,0,Y,Y,Y,Y,Resilience4j + idempotency + retry,Actuator + Micrometer + OpenTelemetry,JUnit 5 + Testcontainers + ArchUnit + Spring Cloud Contract,OCI image + layered Spring Boot JAR,platform-03,retail-platform,PLANNED
129,834,64,platform,svc-0634,platform-04,INTERNAL_PLATFORM_SERVICE,team-064,25,4.1.1,Gradle,9,Kotlin,Executable JAR,com.agilearning.retail.platform.service0634,Platform04Application,applications/backend/services/platform/platform-04,/api/v1/platform/04,INTERNAL_AUTHORIZED,,,Spring MVC,REST + OpenAPI 3.1,Spring Security OAuth2 Resource Server,Spring Data JDBC,PostgreSQL 18.6,platform_svc_04,platform,Flyway,10,10,0,6,4,6,4,0,Y,Y,Y,Y,Resilience4j + idempotency + retry,Actuator + Micrometer + OpenTelemetry,JUnit 5 + Testcontainers + ArchUnit + Spring Cloud Contract,OCI image + layered Spring Boot JAR,platform-04,retail-platform,PLANNED
129,835,64,platform,svc-0635,platform-05,INTERNAL_PLATFORM_SERVICE,team-064,25,4.1.1,Gradle,9,Kotlin,Executable JAR,com.agilearning.retail.platform.service0635,Platform05Application,applications/backend/services/platform/platform-05,/api/v1/platform/05,INTERNAL_AUTHORIZED,,,Spring MVC,REST + OpenAPI 3.1,Spring Security OAuth2 Resource Server,Spring Data JDBC,PostgreSQL 18.6,platform_svc_05,platform,Flyway,10,10,0,6,4,6,4,0,Y,Y,Y,Y,Resilience4j + idempotency + retry,Actuator + Micrometer + OpenTelemetry,JUnit 5 + Testcontainers + ArchUnit + Spring Cloud Contract,OCI image + layered Spring Boot JAR,platform-05,retail-platform,PLANNED
129,836,64,platform,svc-0636,platform-06,INTERNAL_PLATFORM_SERVICE,team-064,25,4.1.1,Gradle,9,Kotlin,Executable JAR,com.agilearning.retail.platform.service0636,Platform06Application,applications/backend/services/platform/platform-06,/api/v1/platform/06,INTERNAL_AUTHORIZED,,,Spring MVC,REST + OpenAPI 3.1,Spring Security OAuth2 Resource Server,Spring Data JDBC,PostgreSQL 18.6,platform_svc_06,platform,Flyway,10,10,0,3,4,3,4,0,Y,Y,Y,Y,Resilience4j + idempotency + retry,Actuator + Micrometer + OpenTelemetry,JUnit 5 + Testcontainers + ArchUnit + Spring Cloud Contract,OCI image + layered Spring Boot JAR,platform-06,retail-platform,PLANNED
129,837,64,platform,svc-0637,platform-07,INTERNAL_PLATFORM_SERVICE,team-064,25,4.1.1,Gradle,9,Kotlin,Executable JAR,com.agilearning.retail.platform.service0637,Platform07Application,applications/backend/services/platform/platform-07,/api/v1/platform/07,INTERNAL_AUTHORIZED,,,Spring MVC,REST + OpenAPI 3.1,Spring Security OAuth2 Resource Server,Spring Data JDBC,PostgreSQL 18.6,platform_svc_07,platform,Flyway,10,10,0,3,4,3,4,0,Y,Y,Y,Y,Resilience4j + idempotency + retry,Actuator + Micrometer + OpenTelemetry,JUnit 5 + Testcontainers + ArchUnit + Spring Cloud Contract,OCI image + layered Spring Boot JAR,platform-07,retail-platform,PLANNED
129,838,64,platform,svc-0638,platform-08,INTERNAL_PLATFORM_SERVICE,team-064,25,4.1.1,Gradle,9,Kotlin,Executable JAR,com.agilearning.retail.platform.service0638,Platform08Application,applications/backend/services/platform/platform-08,/api/v1/platform/08,INTERNAL_AUTHORIZED,,,Spring MVC,REST + OpenAPI 3.1,Spring Security OAuth2 Resource Server,Spring Data JDBC,PostgreSQL 18.6,platform_svc_08,platform,Flyway,10,10,0,6,4,6,4,0,Y,Y,Y,Y,Resilience4j + idempotency + retry,Actuator + Micrometer + OpenTelemetry,JUnit 5 + Testcontainers + ArchUnit + Spring Cloud Contract,OCI image + layered Spring Boot JAR,platform-08,retail-platform,PLANNED
129,839,64,platform,svc-0639,platform-09,INTERNAL_PLATFORM_SERVICE,team-064,25,4.1.1,Gradle,9,Kotlin,Executable JAR,com.agilearning.retail.platform.service0639,Platform09Application,applications/backend/services/platform/platform-09,/api/v1/platform/09,INTERNAL_AUTHORIZED,,,Spring MVC,REST + OpenAPI 3.1,Spring Security OAuth2 Resource Server,Spring Data JDBC,PostgreSQL 18.6,platform_svc_09,platform,Flyway,10,10,0,3,4,3,4,0,Y,Y,Y,Y,Resilience4j + idempotency + retry,Actuator + Micrometer + OpenTelemetry,JUnit 5 + Testcontainers + ArchUnit + Spring Cloud Contract,OCI image + layered Spring Boot JAR,platform-09,retail-platform,PLANNED
129,840,64,platform,svc-0640,platform-10,INTERNAL_PLATFORM_SERVICE,team-064,25,4.1.1,Gradle,9,Kotlin,Executable JAR,com.agilearning.retail.platform.service0640,Platform10Application,applications/backend/services/platform/platform-10,/api/v1/platform/10,INTERNAL_AUTHORIZED,,,Spring MVC,REST + OpenAPI 3.1,Spring Security OAuth2 Resource Server,Spring Data JDBC,PostgreSQL 18.6,platform_svc_10,platform,Flyway,10,10,0,6,4,6,4,0,Y,Y,Y,Y,Resilience4j + idempotency + retry,Actuator + Micrometer + OpenTelemetry,JUnit 5 + Testcontainers + ArchUnit + Spring Cloud Contract,OCI image + layered Spring Boot JAR,platform-10,retail-platform,PLANNED
129,841,65,observability,svc-0641,observability-01,INTERNAL_PLATFORM_SERVICE,team-065,25,4.1.1,Gradle,9,Kotlin,Executable JAR,com.agilearning.retail.observability.service0641,Observability01Application,applications/backend/services/observability/observability-01,/api/v1/observability/01,INTERNAL_AUTHORIZED,,,Spring MVC,REST + OpenAPI 3.1,Spring Security OAuth2 Resource Server,Spring Data JDBC,PostgreSQL 18.6,observability_svc_01,observability,Flyway,10,10,0,9,4,9,4,0,Y,Y,Y,Y,Resilience4j + idempotency + retry,Actuator + Micrometer + OpenTelemetry,JUnit 5 + Testcontainers + ArchUnit + Spring Cloud Contract,OCI image + layered Spring Boot JAR,observability-01,retail-observability,PLANNED
129,842,65,observability,svc-0642,observability-02,INTERNAL_PLATFORM_SERVICE,team-065,25,4.1.1,Gradle,9,Kotlin,Executable JAR,com.agilearning.retail.observability.service0642,Observability02Application,applications/backend/services/observability/observability-02,/api/v1/observability/02,INTERNAL_AUTHORIZED,,,Spring MVC,REST + OpenAPI 3.1,Spring Security OAuth2 Resource Server,Spring Data JDBC,PostgreSQL 18.6,observability_svc_02,observability,Flyway,10,10,0,9,4,9,4,0,Y,Y,Y,Y,Resilience4j + idempotency + retry,Actuator + Micrometer + OpenTelemetry,JUnit 5 + Testcontainers + ArchUnit + Spring Cloud Contract,OCI image + layered Spring Boot JAR,observability-02,retail-observability,PLANNED
129,843,65,observability,svc-0643,observability-03,INTERNAL_PLATFORM_SERVICE,team-065,25,4.1.1,Gradle,9,Kotlin,Executable JAR,com.agilearning.retail.observability.service0643,Observability03Application,applications/backend/services/observability/observability-03,/api/v1/observability/03,INTERNAL_AUTHORIZED,,,Spring MVC,REST + OpenAPI 3.1,Spring Security OAuth2 Resource Server,Spring Data JDBC,PostgreSQL 18.6,observability_svc_03,observability,Flyway,10,10,0,9,4,9,4,0,Y,Y,Y,Y,Resilience4j + idempotency + retry,Actuator + Micrometer + OpenTelemetry,JUnit 5 + Testcontainers + ArchUnit + Spring Cloud Contract,OCI image + layered Spring Boot JAR,observability-03,retail-observability,PLANNED
129,844,65,observability,svc-0644,observability-04,INTERNAL_PLATFORM_SERVICE,team-065,25,4.1.1,Gradle,9,Kotlin,Executable JAR,com.agilearning.retail.observability.service0644,Observability04Application,applications/backend/services/observability/observability-04,/api/v1/observability/04,INTERNAL_AUTHORIZED,,,Spring MVC,REST + OpenAPI 3.1,Spring Security OAuth2 Resource Server,Spring Data JDBC,PostgreSQL 18.6,observability_svc_04,observability,Flyway,10,10,0,6,4,6,4,0,Y,Y,Y,Y,Resilience4j + idempotency + retry,Actuator + Micrometer + OpenTelemetry,JUnit 5 + Testcontainers + ArchUnit + Spring Cloud Contract,OCI image + layered Spring Boot JAR,observability-04,retail-observability,PLANNED
129,845,65,observability,svc-0645,observability-05,INTERNAL_PLATFORM_SERVICE,team-065,25,4.1.1,Gradle,9,Kotlin,Executable JAR,com.agilearning.retail.observability.service0645,Observability05Application,applications/backend/services/observability/observability-05,/api/v1/observability/05,INTERNAL_AUTHORIZED,,,Spring MVC,REST + OpenAPI 3.1,Spring Security OAuth2 Resource Server,Spring Data JDBC,PostgreSQL 18.6,observability_svc_05,observability,Flyway,10,10,0,6,4,6,4,0,Y,Y,Y,Y,Resilience4j + idempotency + retry,Actuator + Micrometer + OpenTelemetry,JUnit 5 + Testcontainers + ArchUnit + Spring Cloud Contract,OCI image + layered Spring Boot JAR,observability-05,retail-observability,PLANNED
129,846,65,observability,svc-0646,observability-06,INTERNAL_PLATFORM_SERVICE,team-065,25,4.1.1,Gradle,9,Kotlin,Executable JAR,com.agilearning.retail.observability.service0646,Observability06Application,applications/backend/services/observability/observability-06,/api/v1/observability/06,INTERNAL_AUTHORIZED,,,Spring MVC,REST + OpenAPI 3.1,Spring Security OAuth2 Resource Server,Spring Data JDBC,PostgreSQL 18.6,observability_svc_06,observability,Flyway,10,10,0,3,4,3,4,0,Y,Y,Y,Y,Resilience4j + idempotency + retry,Actuator + Micrometer + OpenTelemetry,JUnit 5 + Testcontainers + ArchUnit + Spring Cloud Contract,OCI image + layered Spring Boot JAR,observability-06,retail-observability,PLANNED
129,847,65,observability,svc-0647,observability-07,INTERNAL_PLATFORM_SERVICE,team-065,25,4.1.1,Gradle,9,Kotlin,Executable JAR,com.agilearning.retail.observability.service0647,Observability07Application,applications/backend/services/observability/observability-07,/api/v1/observability/07,INTERNAL_AUTHORIZED,,,Spring MVC,REST + OpenAPI 3.1,Spring Security OAuth2 Resource Server,Spring Data JDBC,PostgreSQL 18.6,observability_svc_07,observability,Flyway,10,10,0,3,4,3,4,0,Y,Y,Y,Y,Resilience4j + idempotency + retry,Actuator + Micrometer + OpenTelemetry,JUnit 5 + Testcontainers + ArchUnit + Spring Cloud Contract,OCI image + layered Spring Boot JAR,observability-07,retail-observability,PLANNED
129,848,65,observability,svc-0648,observability-08,INTERNAL_PLATFORM_SERVICE,team-065,25,4.1.1,Gradle,9,Kotlin,Executable JAR,com.agilearning.retail.observability.service0648,Observability08Application,applications/backend/services/observability/observability-08,/api/v1/observability/08,INTERNAL_AUTHORIZED,,,Spring MVC,REST + OpenAPI 3.1,Spring Security OAuth2 Resource Server,Spring Data JDBC,PostgreSQL 18.6,observability_svc_08,observability,Flyway,10,10,0,6,4,6,4,0,Y,Y,Y,Y,Resilience4j + idempotency + retry,Actuator + Micrometer + OpenTelemetry,JUnit 5 + Testcontainers + ArchUnit + Spring Cloud Contract,OCI image + layered Spring Boot JAR,observability-08,retail-observability,PLANNED
129,849,65,observability,svc-0649,observability-09,INTERNAL_PLATFORM_SERVICE,team-065,25,4.1.1,Gradle,9,Kotlin,Executable JAR,com.agilearning.retail.observability.service0649,Observability09Application,applications/backend/services/observability/observability-09,/api/v1/observability/09,INTERNAL_AUTHORIZED,,,Spring MVC,REST + OpenAPI 3.1,Spring Security OAuth2 Resource Server,Spring Data JDBC,PostgreSQL 18.6,observability_svc_09,observability,Flyway,10,10,0,3,4,3,4,0,Y,Y,Y,Y,Resilience4j + idempotency + retry,Actuator + Micrometer + OpenTelemetry,JUnit 5 + Testcontainers + ArchUnit + Spring Cloud Contract,OCI image + layered Spring Boot JAR,observability-09,retail-observability,PLANNED
129,850,65,observability,svc-0650,observability-10,INTERNAL_PLATFORM_SERVICE,team-065,25,4.1.1,Gradle,9,Kotlin,Executable JAR,com.agilearning.retail.observability.service0650,Observability10Application,applications/backend/services/observability/observability-10,/api/v1/observability/10,INTERNAL_AUTHORIZED,,,Spring MVC,REST + OpenAPI 3.1,Spring Security OAuth2 Resource Server,Spring Data JDBC,PostgreSQL 18.6,observability_svc_10,observability,Flyway,10,10,0,6,4,6,4,0,Y,Y,Y,Y,Resilience4j + idempotency + retry,Actuator + Micrometer + OpenTelemetry,JUnit 5 + Testcontainers + ArchUnit + Spring Cloud Contract,OCI image + layered Spring Boot JAR,observability-10,retail-observability,PLANNED
129,851,66,data_platform,svc-0651,data_platform-01,INTERNAL_PLATFORM_SERVICE,team-066,25,4.1.1,Gradle,9,Kotlin,Executable JAR,com.agilearning.retail.dataplatform.service0651,Data_platform01Application,applications/backend/services/data_platform/data_platform-01,/api/v1/data_platform/01,INTERNAL_AUTHORIZED,,,Spring MVC,REST + OpenAPI 3.1,Spring Security OAuth2 Resource Server,Spring Data JDBC,PostgreSQL 18.6,data_platform_svc_01,data_platform,Flyway,10,10,0,9,6,9,6,0,Y,Y,Y,Y,Resilience4j + idempotency + retry,Actuator + Micrometer + OpenTelemetry,JUnit 5 + Testcontainers + ArchUnit + Spring Cloud Contract,OCI image + layered Spring Boot JAR,data_platform-01,retail-data_platform,PLANNED
129,852,66,data_platform,svc-0652,data_platform-02,INTERNAL_PLATFORM_SERVICE,team-066,25,4.1.1,Gradle,9,Kotlin,Executable JAR,com.agilearning.retail.dataplatform.service0652,Data_platform02Application,applications/backend/services/data_platform/data_platform-02,/api/v1/data_platform/02,INTERNAL_AUTHORIZED,,,Spring MVC,REST + OpenAPI 3.1,Spring Security OAuth2 Resource Server,Spring Data JDBC,PostgreSQL 18.6,data_platform_svc_02,data_platform,Flyway,10,10,0,9,6,9,6,0,Y,Y,Y,Y,Resilience4j + idempotency + retry,Actuator + Micrometer + OpenTelemetry,JUnit 5 + Testcontainers + ArchUnit + Spring Cloud Contract,OCI image + layered Spring Boot JAR,data_platform-02,retail-data_platform,PLANNED
129,853,66,data_platform,svc-0653,data_platform-03,INTERNAL_PLATFORM_SERVICE,team-066,25,4.1.1,Gradle,9,Kotlin,Executable JAR,com.agilearning.retail.dataplatform.service0653,Data_platform03Application,applications/backend/services/data_platform/data_platform-03,/api/v1/data_platform/03,INTERNAL_AUTHORIZED,,,Spring MVC,REST + OpenAPI 3.1,Spring Security OAuth2 Resource Server,Spring Data JDBC,PostgreSQL 18.6,data_platform_svc_03,data_platform,Flyway,10,10,0,9,6,9,6,0,Y,Y,Y,Y,Resilience4j + idempotency + retry,Actuator + Micrometer + OpenTelemetry,JUnit 5 + Testcontainers + ArchUnit + Spring Cloud Contract,OCI image + layered Spring Boot JAR,data_platform-03,retail-data_platform,PLANNED
129,854,66,data_platform,svc-0654,data_platform-04,INTERNAL_PLATFORM_SERVICE,team-066,25,4.1.1,Gradle,9,Kotlin,Executable JAR,com.agilearning.retail.dataplatform.service0654,Data_platform04Application,applications/backend/services/data_platform/data_platform-04,/api/v1/data_platform/04,INTERNAL_AUTHORIZED,,,Spring MVC,REST + OpenAPI 3.1,Spring Security OAuth2 Resource Server,Spring Data JDBC,PostgreSQL 18.6,data_platform_svc_04,data_platform,Flyway,10,10,0,6,6,6,6,0,Y,Y,Y,Y,Resilience4j + idempotency + retry,Actuator + Micrometer + OpenTelemetry,JUnit 5 + Testcontainers + ArchUnit + Spring Cloud Contract,OCI image + layered Spring Boot JAR,data_platform-04,retail-data_platform,PLANNED
129,855,66,data_platform,svc-0655,data_platform-05,INTERNAL_PLATFORM_SERVICE,team-066,25,4.1.1,Gradle,9,Kotlin,Executable JAR,com.agilearning.retail.dataplatform.service0655,Data_platform05Application,applications/backend/services/data_platform/data_platform-05,/api/v1/data_platform/05,INTERNAL_AUTHORIZED,,,Spring MVC,REST + OpenAPI 3.1,Spring Security OAuth2 Resource Server,Spring Data JDBC,PostgreSQL 18.6,data_platform_svc_05,data_platform,Flyway,10,10,0,6,6,6,6,0,Y,Y,Y,Y,Resilience4j + idempotency + retry,Actuator + Micrometer + OpenTelemetry,JUnit 5 + Testcontainers + ArchUnit + Spring Cloud Contract,OCI image + layered Spring Boot JAR,data_platform-05,retail-data_platform,PLANNED
129,856,66,data_platform,svc-0656,data_platform-06,INTERNAL_PLATFORM_SERVICE,team-066,25,4.1.1,Gradle,9,Kotlin,Executable JAR,com.agilearning.retail.dataplatform.service0656,Data_platform06Application,applications/backend/services/data_platform/data_platform-06,/api/v1/data_platform/06,INTERNAL_AUTHORIZED,,,Spring MVC,REST + OpenAPI 3.1,Spring Security OAuth2 Resource Server,Spring Data JDBC,PostgreSQL 18.6,data_platform_svc_06,data_platform,Flyway,10,10,0,3,6,3,6,0,Y,Y,Y,Y,Resilience4j + idempotency + retry,Actuator + Micrometer + OpenTelemetry,JUnit 5 + Testcontainers + ArchUnit + Spring Cloud Contract,OCI image + layered Spring Boot JAR,data_platform-06,retail-data_platform,PLANNED
129,857,66,data_platform,svc-0657,data_platform-07,INTERNAL_PLATFORM_SERVICE,team-066,25,4.1.1,Gradle,9,Kotlin,Executable JAR,com.agilearning.retail.dataplatform.service0657,Data_platform07Application,applications/backend/services/data_platform/data_platform-07,/api/v1/data_platform/07,INTERNAL_AUTHORIZED,,,Spring MVC,REST + OpenAPI 3.1,Spring Security OAuth2 Resource Server,Spring Data JDBC,PostgreSQL 18.6,data_platform_svc_07,data_platform,Flyway,10,10,0,3,6,3,6,0,Y,Y,Y,Y,Resilience4j + idempotency + retry,Actuator + Micrometer + OpenTelemetry,JUnit 5 + Testcontainers + ArchUnit + Spring Cloud Contract,OCI image + layered Spring Boot JAR,data_platform-07,retail-data_platform,PLANNED
129,858,66,data_platform,svc-0658,data_platform-08,INTERNAL_PLATFORM_SERVICE,team-066,25,4.1.1,Gradle,9,Kotlin,Executable JAR,com.agilearning.retail.dataplatform.service0658,Data_platform08Application,applications/backend/services/data_platform/data_platform-08,/api/v1/data_platform/08,INTERNAL_AUTHORIZED,,,Spring MVC,REST + OpenAPI 3.1,Spring Security OAuth2 Resource Server,Spring Data JDBC,PostgreSQL 18.6,data_platform_svc_08,data_platform,Flyway,10,10,0,6,6,6,6,0,Y,Y,Y,Y,Resilience4j + idempotency + retry,Actuator + Micrometer + OpenTelemetry,JUnit 5 + Testcontainers + ArchUnit + Spring Cloud Contract,OCI image + layered Spring Boot JAR,data_platform-08,retail-data_platform,PLANNED
129,859,66,data_platform,svc-0659,data_platform-09,INTERNAL_PLATFORM_SERVICE,team-066,25,4.1.1,Gradle,9,Kotlin,Executable JAR,com.agilearning.retail.dataplatform.service0659,Data_platform09Application,applications/backend/services/data_platform/data_platform-09,/api/v1/data_platform/09,INTERNAL_AUTHORIZED,,,Spring MVC,REST + OpenAPI 3.1,Spring Security OAuth2 Resource Server,Spring Data JDBC,PostgreSQL 18.6,data_platform_svc_09,data_platform,Flyway,10,10,0,3,6,3,6,0,Y,Y,Y,Y,Resilience4j + idempotency + retry,Actuator + Micrometer + OpenTelemetry,JUnit 5 + Testcontainers + ArchUnit + Spring Cloud Contract,OCI image + layered Spring Boot JAR,data_platform-09,retail-data_platform,PLANNED
129,860,66,data_platform,svc-0660,data_platform-10,INTERNAL_PLATFORM_SERVICE,team-066,25,4.1.1,Gradle,9,Kotlin,Executable JAR,com.agilearning.retail.dataplatform.service0660,Data_platform10Application,applications/backend/services/data_platform/data_platform-10,/api/v1/data_platform/10,INTERNAL_AUTHORIZED,,,Spring MVC,REST + OpenAPI 3.1,Spring Security OAuth2 Resource Server,Spring Data JDBC,PostgreSQL 18.6,data_platform_svc_10,data_platform,Flyway,10,10,0,6,6,6,6,0,Y,Y,Y,Y,Resilience4j + idempotency + retry,Actuator + Micrometer + OpenTelemetry,JUnit 5 + Testcontainers + ArchUnit + Spring Cloud Contract,OCI image + layered Spring Boot JAR,data_platform-10,retail-data_platform,PLANNED
129,861,67,cdc,svc-0661,cdc-01,INTERNAL_PLATFORM_SERVICE,team-067,25,4.1.1,Gradle,9,Kotlin,Executable JAR,com.agilearning.retail.cdc.service0661,Cdc01Application,applications/backend/services/cdc/cdc-01,/api/v1/cdc/01,INTERNAL_AUTHORIZED,,,Spring MVC,REST + OpenAPI 3.1,Spring Security OAuth2 Resource Server,Spring Data JDBC,PostgreSQL 18.6,cdc_svc_01,cdc,Flyway,10,10,0,9,6,9,6,0,Y,Y,Y,Y,Resilience4j + idempotency + retry,Actuator + Micrometer + OpenTelemetry,JUnit 5 + Testcontainers + ArchUnit + Spring Cloud Contract,OCI image + layered Spring Boot JAR,cdc-01,retail-cdc,PLANNED
129,862,67,cdc,svc-0662,cdc-02,INTERNAL_PLATFORM_SERVICE,team-067,25,4.1.1,Gradle,9,Kotlin,Executable JAR,com.agilearning.retail.cdc.service0662,Cdc02Application,applications/backend/services/cdc/cdc-02,/api/v1/cdc/02,INTERNAL_AUTHORIZED,,,Spring MVC,REST + OpenAPI 3.1,Spring Security OAuth2 Resource Server,Spring Data JDBC,PostgreSQL 18.6,cdc_svc_02,cdc,Flyway,10,10,0,9,6,9,6,0,Y,Y,Y,Y,Resilience4j + idempotency + retry,Actuator + Micrometer + OpenTelemetry,JUnit 5 + Testcontainers + ArchUnit + Spring Cloud Contract,OCI image + layered Spring Boot JAR,cdc-02,retail-cdc,PLANNED
129,863,67,cdc,svc-0663,cdc-03,INTERNAL_PLATFORM_SERVICE,team-067,25,4.1.1,Gradle,9,Kotlin,Executable JAR,com.agilearning.retail.cdc.service0663,Cdc03Application,applications/backend/services/cdc/cdc-03,/api/v1/cdc/03,INTERNAL_AUTHORIZED,,,Spring MVC,REST + OpenAPI 3.1,Spring Security OAuth2 Resource Server,Spring Data JDBC,PostgreSQL 18.6,cdc_svc_03,cdc,Flyway,10,10,0,9,6,9,6,0,Y,Y,Y,Y,Resilience4j + idempotency + retry,Actuator + Micrometer + OpenTelemetry,JUnit 5 + Testcontainers + ArchUnit + Spring Cloud Contract,OCI image + layered Spring Boot JAR,cdc-03,retail-cdc,PLANNED
129,864,67,cdc,svc-0664,cdc-04,INTERNAL_PLATFORM_SERVICE,team-067,25,4.1.1,Gradle,9,Kotlin,Executable JAR,com.agilearning.retail.cdc.service0664,Cdc04Application,applications/backend/services/cdc/cdc-04,/api/v1/cdc/04,INTERNAL_AUTHORIZED,,,Spring MVC,REST + OpenAPI 3.1,Spring Security OAuth2 Resource Server,Spring Data JDBC,PostgreSQL 18.6,cdc_svc_04,cdc,Flyway,10,10,0,6,6,6,6,0,Y,Y,Y,Y,Resilience4j + idempotency + retry,Actuator + Micrometer + OpenTelemetry,JUnit 5 + Testcontainers + ArchUnit + Spring Cloud Contract,OCI image + layered Spring Boot JAR,cdc-04,retail-cdc,PLANNED
129,865,67,cdc,svc-0665,cdc-05,INTERNAL_PLATFORM_SERVICE,team-067,25,4.1.1,Gradle,9,Kotlin,Executable JAR,com.agilearning.retail.cdc.service0665,Cdc05Application,applications/backend/services/cdc/cdc-05,/api/v1/cdc/05,INTERNAL_AUTHORIZED,,,Spring MVC,REST + OpenAPI 3.1,Spring Security OAuth2 Resource Server,Spring Data JDBC,PostgreSQL 18.6,cdc_svc_05,cdc,Flyway,10,10,0,6,6,6,6,0,Y,Y,Y,Y,Resilience4j + idempotency + retry,Actuator + Micrometer + OpenTelemetry,JUnit 5 + Testcontainers + ArchUnit + Spring Cloud Contract,OCI image + layered Spring Boot JAR,cdc-05,retail-cdc,PLANNED
129,866,67,cdc,svc-0666,cdc-06,INTERNAL_PLATFORM_SERVICE,team-067,25,4.1.1,Gradle,9,Kotlin,Executable JAR,com.agilearning.retail.cdc.service0666,Cdc06Application,applications/backend/services/cdc/cdc-06,/api/v1/cdc/06,INTERNAL_AUTHORIZED,,,Spring MVC,REST + OpenAPI 3.1,Spring Security OAuth2 Resource Server,Spring Data JDBC,PostgreSQL 18.6,cdc_svc_06,cdc,Flyway,10,10,0,3,6,3,6,0,Y,Y,Y,Y,Resilience4j + idempotency + retry,Actuator + Micrometer + OpenTelemetry,JUnit 5 + Testcontainers + ArchUnit + Spring Cloud Contract,OCI image + layered Spring Boot JAR,cdc-06,retail-cdc,PLANNED
129,867,67,cdc,svc-0667,cdc-07,INTERNAL_PLATFORM_SERVICE,team-067,25,4.1.1,Gradle,9,Kotlin,Executable JAR,com.agilearning.retail.cdc.service0667,Cdc07Application,applications/backend/services/cdc/cdc-07,/api/v1/cdc/07,INTERNAL_AUTHORIZED,,,Spring MVC,REST + OpenAPI 3.1,Spring Security OAuth2 Resource Server,Spring Data JDBC,PostgreSQL 18.6,cdc_svc_07,cdc,Flyway,10,10,0,3,6,3,6,0,Y,Y,Y,Y,Resilience4j + idempotency + retry,Actuator + Micrometer + OpenTelemetry,JUnit 5 + Testcontainers + ArchUnit + Spring Cloud Contract,OCI image + layered Spring Boot JAR,cdc-07,retail-cdc,PLANNED
129,868,67,cdc,svc-0668,cdc-08,INTERNAL_PLATFORM_SERVICE,team-067,25,4.1.1,Gradle,9,Kotlin,Executable JAR,com.agilearning.retail.cdc.service0668,Cdc08Application,applications/backend/services/cdc/cdc-08,/api/v1/cdc/08,INTERNAL_AUTHORIZED,,,Spring MVC,REST + OpenAPI 3.1,Spring Security OAuth2 Resource Server,Spring Data JDBC,PostgreSQL 18.6,cdc_svc_08,cdc,Flyway,10,10,0,6,6,6,6,0,Y,Y,Y,Y,Resilience4j + idempotency + retry,Actuator + Micrometer + OpenTelemetry,JUnit 5 + Testcontainers + ArchUnit + Spring Cloud Contract,OCI image + layered Spring Boot JAR,cdc-08,retail-cdc,PLANNED
129,869,67,cdc,svc-0669,cdc-09,INTERNAL_PLATFORM_SERVICE,team-067,25,4.1.1,Gradle,9,Kotlin,Executable JAR,com.agilearning.retail.cdc.service0669,Cdc09Application,applications/backend/services/cdc/cdc-09,/api/v1/cdc/09,INTERNAL_AUTHORIZED,,,Spring MVC,REST + OpenAPI 3.1,Spring Security OAuth2 Resource Server,Spring Data JDBC,PostgreSQL 18.6,cdc_svc_09,cdc,Flyway,10,10,0,3,6,3,6,0,Y,Y,Y,Y,Resilience4j + idempotency + retry,Actuator + Micrometer + OpenTelemetry,JUnit 5 + Testcontainers + ArchUnit + Spring Cloud Contract,OCI image + layered Spring Boot JAR,cdc-09,retail-cdc,PLANNED
129,870,67,cdc,svc-0670,cdc-10,INTERNAL_PLATFORM_SERVICE,team-067,25,4.1.1,Gradle,9,Kotlin,Executable JAR,com.agilearning.retail.cdc.service0670,Cdc10Application,applications/backend/services/cdc/cdc-10,/api/v1/cdc/10,INTERNAL_AUTHORIZED,,,Spring MVC,REST + OpenAPI 3.1,Spring Security OAuth2 Resource Server,Spring Data JDBC,PostgreSQL 18.6,cdc_svc_10,cdc,Flyway,10,10,0,6,6,6,6,0,Y,Y,Y,Y,Resilience4j + idempotency + retry,Actuator + Micrometer + OpenTelemetry,JUnit 5 + Testcontainers + ArchUnit + Spring Cloud Contract,OCI image + layered Spring Boot JAR,cdc-10,retail-cdc,PLANNED
129,871,68,streaming,svc-0671,streaming-01,INTERNAL_PLATFORM_SERVICE,team-068,25,4.1.1,Gradle,9,Kotlin,Executable JAR,com.agilearning.retail.streaming.service0671,Streaming01Application,applications/backend/services/streaming/streaming-01,/api/v1/streaming/01,INTERNAL_AUTHORIZED,,,Spring MVC,REST + OpenAPI 3.1,Spring Security OAuth2 Resource Server,Spring Data JDBC,PostgreSQL 18.6,streaming_svc_01,streaming,Flyway,10,10,0,9,8,9,8,0,Y,Y,Y,Y,Resilience4j + idempotency + retry,Actuator + Micrometer + OpenTelemetry,JUnit 5 + Testcontainers + ArchUnit + Spring Cloud Contract,OCI image + layered Spring Boot JAR,streaming-01,retail-streaming,PLANNED
129,872,68,streaming,svc-0672,streaming-02,INTERNAL_PLATFORM_SERVICE,team-068,25,4.1.1,Gradle,9,Kotlin,Executable JAR,com.agilearning.retail.streaming.service0672,Streaming02Application,applications/backend/services/streaming/streaming-02,/api/v1/streaming/02,INTERNAL_AUTHORIZED,,,Spring MVC,REST + OpenAPI 3.1,Spring Security OAuth2 Resource Server,Spring Data JDBC,PostgreSQL 18.6,streaming_svc_02,streaming,Flyway,10,10,0,9,8,9,8,0,Y,Y,Y,Y,Resilience4j + idempotency + retry,Actuator + Micrometer + OpenTelemetry,JUnit 5 + Testcontainers + ArchUnit + Spring Cloud Contract,OCI image + layered Spring Boot JAR,streaming-02,retail-streaming,PLANNED
129,873,68,streaming,svc-0673,streaming-03,INTERNAL_PLATFORM_SERVICE,team-068,25,4.1.1,Gradle,9,Kotlin,Executable JAR,com.agilearning.retail.streaming.service0673,Streaming03Application,applications/backend/services/streaming/streaming-03,/api/v1/streaming/03,INTERNAL_AUTHORIZED,,,Spring MVC,REST + OpenAPI 3.1,Spring Security OAuth2 Resource Server,Spring Data JDBC,PostgreSQL 18.6,streaming_svc_03,streaming,Flyway,10,10,0,9,8,9,8,0,Y,Y,Y,Y,Resilience4j + idempotency + retry,Actuator + Micrometer + OpenTelemetry,JUnit 5 + Testcontainers + ArchUnit + Spring Cloud Contract,OCI image + layered Spring Boot JAR,streaming-03,retail-streaming,PLANNED
129,874,68,streaming,svc-0674,streaming-04,INTERNAL_PLATFORM_SERVICE,team-068,25,4.1.1,Gradle,9,Kotlin,Executable JAR,com.agilearning.retail.streaming.service0674,Streaming04Application,applications/backend/services/streaming/streaming-04,/api/v1/streaming/04,INTERNAL_AUTHORIZED,,,Spring MVC,REST + OpenAPI 3.1,Spring Security OAuth2 Resource Server,Spring Data JDBC,PostgreSQL 18.6,streaming_svc_04,streaming,Flyway,10,10,0,6,8,6,8,0,Y,Y,Y,Y,Resilience4j + idempotency + retry,Actuator + Micrometer + OpenTelemetry,JUnit 5 + Testcontainers + ArchUnit + Spring Cloud Contract,OCI image + layered Spring Boot JAR,streaming-04,retail-streaming,PLANNED
129,875,68,streaming,svc-0675,streaming-05,INTERNAL_PLATFORM_SERVICE,team-068,25,4.1.1,Gradle,9,Kotlin,Executable JAR,com.agilearning.retail.streaming.service0675,Streaming05Application,applications/backend/services/streaming/streaming-05,/api/v1/streaming/05,INTERNAL_AUTHORIZED,,,Spring MVC,REST + OpenAPI 3.1,Spring Security OAuth2 Resource Server,Spring Data JDBC,PostgreSQL 18.6,streaming_svc_05,streaming,Flyway,10,10,0,6,8,6,8,0,Y,Y,Y,Y,Resilience4j + idempotency + retry,Actuator + Micrometer + OpenTelemetry,JUnit 5 + Testcontainers + ArchUnit + Spring Cloud Contract,OCI image + layered Spring Boot JAR,streaming-05,retail-streaming,PLANNED
129,876,68,streaming,svc-0676,streaming-06,INTERNAL_PLATFORM_SERVICE,team-068,25,4.1.1,Gradle,9,Kotlin,Executable JAR,com.agilearning.retail.streaming.service0676,Streaming06Application,applications/backend/services/streaming/streaming-06,/api/v1/streaming/06,INTERNAL_AUTHORIZED,,,Spring MVC,REST + OpenAPI 3.1,Spring Security OAuth2 Resource Server,Spring Data JDBC,PostgreSQL 18.6,streaming_svc_06,streaming,Flyway,10,10,0,3,8,3,8,0,Y,Y,Y,Y,Resilience4j + idempotency + retry,Actuator + Micrometer + OpenTelemetry,JUnit 5 + Testcontainers + ArchUnit + Spring Cloud Contract,OCI image + layered Spring Boot JAR,streaming-06,retail-streaming,PLANNED
129,877,68,streaming,svc-0677,streaming-07,INTERNAL_PLATFORM_SERVICE,team-068,25,4.1.1,Gradle,9,Kotlin,Executable JAR,com.agilearning.retail.streaming.service0677,Streaming07Application,applications/backend/services/streaming/streaming-07,/api/v1/streaming/07,INTERNAL_AUTHORIZED,,,Spring MVC,REST + OpenAPI 3.1,Spring Security OAuth2 Resource Server,Spring Data JDBC,PostgreSQL 18.6,streaming_svc_07,streaming,Flyway,10,10,0,3,8,3,8,0,Y,Y,Y,Y,Resilience4j + idempotency + retry,Actuator + Micrometer + OpenTelemetry,JUnit 5 + Testcontainers + ArchUnit + Spring Cloud Contract,OCI image + layered Spring Boot JAR,streaming-07,retail-streaming,PLANNED
129,878,68,streaming,svc-0678,streaming-08,INTERNAL_PLATFORM_SERVICE,team-068,25,4.1.1,Gradle,9,Kotlin,Executable JAR,com.agilearning.retail.streaming.service0678,Streaming08Application,applications/backend/services/streaming/streaming-08,/api/v1/streaming/08,INTERNAL_AUTHORIZED,,,Spring MVC,REST + OpenAPI 3.1,Spring Security OAuth2 Resource Server,Spring Data JDBC,PostgreSQL 18.6,streaming_svc_08,streaming,Flyway,10,10,0,6,8,6,8,0,Y,Y,Y,Y,Resilience4j + idempotency + retry,Actuator + Micrometer + OpenTelemetry,JUnit 5 + Testcontainers + ArchUnit + Spring Cloud Contract,OCI image + layered Spring Boot JAR,streaming-08,retail-streaming,PLANNED
129,879,68,streaming,svc-0679,streaming-09,INTERNAL_PLATFORM_SERVICE,team-068,25,4.1.1,Gradle,9,Kotlin,Executable JAR,com.agilearning.retail.streaming.service0679,Streaming09Application,applications/backend/services/streaming/streaming-09,/api/v1/streaming/09,INTERNAL_AUTHORIZED,,,Spring MVC,REST + OpenAPI 3.1,Spring Security OAuth2 Resource Server,Spring Data JDBC,PostgreSQL 18.6,streaming_svc_09,streaming,Flyway,10,10,0,3,8,3,8,0,Y,Y,Y,Y,Resilience4j + idempotency + retry,Actuator + Micrometer + OpenTelemetry,JUnit 5 + Testcontainers + ArchUnit + Spring Cloud Contract,OCI image + layered Spring Boot JAR,streaming-09,retail-streaming,PLANNED
129,880,68,streaming,svc-0680,streaming-10,INTERNAL_PLATFORM_SERVICE,team-068,25,4.1.1,Gradle,9,Kotlin,Executable JAR,com.agilearning.retail.streaming.service0680,Streaming10Application,applications/backend/services/streaming/streaming-10,/api/v1/streaming/10,INTERNAL_AUTHORIZED,,,Spring MVC,REST + OpenAPI 3.1,Spring Security OAuth2 Resource Server,Spring Data JDBC,PostgreSQL 18.6,streaming_svc_10,streaming,Flyway,10,10,0,6,8,6,8,0,Y,Y,Y,Y,Resilience4j + idempotency + retry,Actuator + Micrometer + OpenTelemetry,JUnit 5 + Testcontainers + ArchUnit + Spring Cloud Contract,OCI image + layered Spring Boot JAR,streaming-10,retail-streaming,PLANNED
129,881,69,lakehouse,svc-0681,lakehouse-01,INTERNAL_PLATFORM_SERVICE,team-069,25,4.1.1,Gradle,9,Kotlin,Executable JAR,com.agilearning.retail.lakehouse.service0681,Lakehouse01Application,applications/backend/services/lakehouse/lakehouse-01,/api/v1/lakehouse/01,INTERNAL_AUTHORIZED,,,Spring MVC,REST + OpenAPI 3.1,Spring Security OAuth2 Resource Server,Spring Data JDBC,PostgreSQL 18.6,lakehouse_svc_01,lakehouse,Flyway,10,10,0,9,8,9,8,0,Y,Y,Y,Y,Resilience4j + idempotency + retry,Actuator + Micrometer + OpenTelemetry,JUnit 5 + Testcontainers + ArchUnit + Spring Cloud Contract,OCI image + layered Spring Boot JAR,lakehouse-01,retail-lakehouse,PLANNED
129,882,69,lakehouse,svc-0682,lakehouse-02,INTERNAL_PLATFORM_SERVICE,team-069,25,4.1.1,Gradle,9,Kotlin,Executable JAR,com.agilearning.retail.lakehouse.service0682,Lakehouse02Application,applications/backend/services/lakehouse/lakehouse-02,/api/v1/lakehouse/02,INTERNAL_AUTHORIZED,,,Spring MVC,REST + OpenAPI 3.1,Spring Security OAuth2 Resource Server,Spring Data JDBC,PostgreSQL 18.6,lakehouse_svc_02,lakehouse,Flyway,10,10,0,9,8,9,8,0,Y,Y,Y,Y,Resilience4j + idempotency + retry,Actuator + Micrometer + OpenTelemetry,JUnit 5 + Testcontainers + ArchUnit + Spring Cloud Contract,OCI image + layered Spring Boot JAR,lakehouse-02,retail-lakehouse,PLANNED
129,883,69,lakehouse,svc-0683,lakehouse-03,INTERNAL_PLATFORM_SERVICE,team-069,25,4.1.1,Gradle,9,Kotlin,Executable JAR,com.agilearning.retail.lakehouse.service0683,Lakehouse03Application,applications/backend/services/lakehouse/lakehouse-03,/api/v1/lakehouse/03,INTERNAL_AUTHORIZED,,,Spring MVC,REST + OpenAPI 3.1,Spring Security OAuth2 Resource Server,Spring Data JDBC,PostgreSQL 18.6,lakehouse_svc_03,lakehouse,Flyway,10,10,0,9,8,9,8,0,Y,Y,Y,Y,Resilience4j + idempotency + retry,Actuator + Micrometer + OpenTelemetry,JUnit 5 + Testcontainers + ArchUnit + Spring Cloud Contract,OCI image + layered Spring Boot JAR,lakehouse-03,retail-lakehouse,PLANNED
129,884,69,lakehouse,svc-0684,lakehouse-04,INTERNAL_PLATFORM_SERVICE,team-069,25,4.1.1,Gradle,9,Kotlin,Executable JAR,com.agilearning.retail.lakehouse.service0684,Lakehouse04Application,applications/backend/services/lakehouse/lakehouse-04,/api/v1/lakehouse/04,INTERNAL_AUTHORIZED,,,Spring MVC,REST + OpenAPI 3.1,Spring Security OAuth2 Resource Server,Spring Data JDBC,PostgreSQL 18.6,lakehouse_svc_04,lakehouse,Flyway,10,10,0,6,8,6,8,0,Y,Y,Y,Y,Resilience4j + idempotency + retry,Actuator + Micrometer + OpenTelemetry,JUnit 5 + Testcontainers + ArchUnit + Spring Cloud Contract,OCI image + layered Spring Boot JAR,lakehouse-04,retail-lakehouse,PLANNED
129,885,69,lakehouse,svc-0685,lakehouse-05,INTERNAL_PLATFORM_SERVICE,team-069,25,4.1.1,Gradle,9,Kotlin,Executable JAR,com.agilearning.retail.lakehouse.service0685,Lakehouse05Application,applications/backend/services/lakehouse/lakehouse-05,/api/v1/lakehouse/05,INTERNAL_AUTHORIZED,,,Spring MVC,REST + OpenAPI 3.1,Spring Security OAuth2 Resource Server,Spring Data JDBC,PostgreSQL 18.6,lakehouse_svc_05,lakehouse,Flyway,10,10,0,6,8,6,8,0,Y,Y,Y,Y,Resilience4j + idempotency + retry,Actuator + Micrometer + OpenTelemetry,JUnit 5 + Testcontainers + ArchUnit + Spring Cloud Contract,OCI image + layered Spring Boot JAR,lakehouse-05,retail-lakehouse,PLANNED
129,886,69,lakehouse,svc-0686,lakehouse-06,INTERNAL_PLATFORM_SERVICE,team-069,25,4.1.1,Gradle,9,Kotlin,Executable JAR,com.agilearning.retail.lakehouse.service0686,Lakehouse06Application,applications/backend/services/lakehouse/lakehouse-06,/api/v1/lakehouse/06,INTERNAL_AUTHORIZED,,,Spring MVC,REST + OpenAPI 3.1,Spring Security OAuth2 Resource Server,Spring Data JDBC,PostgreSQL 18.6,lakehouse_svc_06,lakehouse,Flyway,10,10,0,3,8,3,8,0,Y,Y,Y,Y,Resilience4j + idempotency + retry,Actuator + Micrometer + OpenTelemetry,JUnit 5 + Testcontainers + ArchUnit + Spring Cloud Contract,OCI image + layered Spring Boot JAR,lakehouse-06,retail-lakehouse,PLANNED
129,887,69,lakehouse,svc-0687,lakehouse-07,INTERNAL_PLATFORM_SERVICE,team-069,25,4.1.1,Gradle,9,Kotlin,Executable JAR,com.agilearning.retail.lakehouse.service0687,Lakehouse07Application,applications/backend/services/lakehouse/lakehouse-07,/api/v1/lakehouse/07,INTERNAL_AUTHORIZED,,,Spring MVC,REST + OpenAPI 3.1,Spring Security OAuth2 Resource Server,Spring Data JDBC,PostgreSQL 18.6,lakehouse_svc_07,lakehouse,Flyway,10,10,0,3,8,3,8,0,Y,Y,Y,Y,Resilience4j + idempotency + retry,Actuator + Micrometer + OpenTelemetry,JUnit 5 + Testcontainers + ArchUnit + Spring Cloud Contract,OCI image + layered Spring Boot JAR,lakehouse-07,retail-lakehouse,PLANNED
129,888,69,lakehouse,svc-0688,lakehouse-08,INTERNAL_PLATFORM_SERVICE,team-069,25,4.1.1,Gradle,9,Kotlin,Executable JAR,com.agilearning.retail.lakehouse.service0688,Lakehouse08Application,applications/backend/services/lakehouse/lakehouse-08,/api/v1/lakehouse/08,INTERNAL_AUTHORIZED,,,Spring MVC,REST + OpenAPI 3.1,Spring Security OAuth2 Resource Server,Spring Data JDBC,PostgreSQL 18.6,lakehouse_svc_08,lakehouse,Flyway,10,10,0,6,8,6,8,0,Y,Y,Y,Y,Resilience4j + idempotency + retry,Actuator + Micrometer + OpenTelemetry,JUnit 5 + Testcontainers + ArchUnit + Spring Cloud Contract,OCI image + layered Spring Boot JAR,lakehouse-08,retail-lakehouse,PLANNED
129,889,69,lakehouse,svc-0689,lakehouse-09,INTERNAL_PLATFORM_SERVICE,team-069,25,4.1.1,Gradle,9,Kotlin,Executable JAR,com.agilearning.retail.lakehouse.service0689,Lakehouse09Application,applications/backend/services/lakehouse/lakehouse-09,/api/v1/lakehouse/09,INTERNAL_AUTHORIZED,,,Spring MVC,REST + OpenAPI 3.1,Spring Security OAuth2 Resource Server,Spring Data JDBC,PostgreSQL 18.6,lakehouse_svc_09,lakehouse,Flyway,10,10,0,3,8,3,8,0,Y,Y,Y,Y,Resilience4j + idempotency + retry,Actuator + Micrometer + OpenTelemetry,JUnit 5 + Testcontainers + ArchUnit + Spring Cloud Contract,OCI image + layered Spring Boot JAR,lakehouse-09,retail-lakehouse,PLANNED
129,890,69,lakehouse,svc-0690,lakehouse-10,INTERNAL_PLATFORM_SERVICE,team-069,25,4.1.1,Gradle,9,Kotlin,Executable JAR,com.agilearning.retail.lakehouse.service0690,Lakehouse10Application,applications/backend/services/lakehouse/lakehouse-10,/api/v1/lakehouse/10,INTERNAL_AUTHORIZED,,,Spring MVC,REST + OpenAPI 3.1,Spring Security OAuth2 Resource Server,Spring Data JDBC,PostgreSQL 18.6,lakehouse_svc_10,lakehouse,Flyway,10,10,0,6,8,6,8,0,Y,Y,Y,Y,Resilience4j + idempotency + retry,Actuator + Micrometer + OpenTelemetry,JUnit 5 + Testcontainers + ArchUnit + Spring Cloud Contract,OCI image + layered Spring Boot JAR,lakehouse-10,retail-lakehouse,PLANNED
129,891,70,etl,svc-0691,etl-01,INTERNAL_PLATFORM_SERVICE,team-070,25,4.1.1,Gradle,9,Kotlin,Executable JAR,com.agilearning.retail.etl.service0691,Etl01Application,applications/backend/services/etl/etl-01,/api/v1/etl/01,INTERNAL_AUTHORIZED,,,Spring MVC,REST + OpenAPI 3.1,Spring Security OAuth2 Resource Server,Spring Data JDBC,PostgreSQL 18.6,etl_svc_01,etl,Flyway,10,10,0,9,4,9,4,0,Y,Y,Y,Y,Resilience4j + idempotency + retry,Actuator + Micrometer + OpenTelemetry,JUnit 5 + Testcontainers + ArchUnit + Spring Cloud Contract,OCI image + layered Spring Boot JAR,etl-01,retail-etl,PLANNED
129,892,70,etl,svc-0692,etl-02,INTERNAL_PLATFORM_SERVICE,team-070,25,4.1.1,Gradle,9,Kotlin,Executable JAR,com.agilearning.retail.etl.service0692,Etl02Application,applications/backend/services/etl/etl-02,/api/v1/etl/02,INTERNAL_AUTHORIZED,,,Spring MVC,REST + OpenAPI 3.1,Spring Security OAuth2 Resource Server,Spring Data JDBC,PostgreSQL 18.6,etl_svc_02,etl,Flyway,10,10,0,9,4,9,4,0,Y,Y,Y,Y,Resilience4j + idempotency + retry,Actuator + Micrometer + OpenTelemetry,JUnit 5 + Testcontainers + ArchUnit + Spring Cloud Contract,OCI image + layered Spring Boot JAR,etl-02,retail-etl,PLANNED
129,893,70,etl,svc-0693,etl-03,INTERNAL_PLATFORM_SERVICE,team-070,25,4.1.1,Gradle,9,Kotlin,Executable JAR,com.agilearning.retail.etl.service0693,Etl03Application,applications/backend/services/etl/etl-03,/api/v1/etl/03,INTERNAL_AUTHORIZED,,,Spring MVC,REST + OpenAPI 3.1,Spring Security OAuth2 Resource Server,Spring Data JDBC,PostgreSQL 18.6,etl_svc_03,etl,Flyway,10,10,0,9,4,9,4,0,Y,Y,Y,Y,Resilience4j + idempotency + retry,Actuator + Micrometer + OpenTelemetry,JUnit 5 + Testcontainers + ArchUnit + Spring Cloud Contract,OCI image + layered Spring Boot JAR,etl-03,retail-etl,PLANNED
129,894,70,etl,svc-0694,etl-04,INTERNAL_PLATFORM_SERVICE,team-070,25,4.1.1,Gradle,9,Kotlin,Executable JAR,com.agilearning.retail.etl.service0694,Etl04Application,applications/backend/services/etl/etl-04,/api/v1/etl/04,INTERNAL_AUTHORIZED,,,Spring MVC,REST + OpenAPI 3.1,Spring Security OAuth2 Resource Server,Spring Data JDBC,PostgreSQL 18.6,etl_svc_04,etl,Flyway,10,10,0,6,4,6,4,0,Y,Y,Y,Y,Resilience4j + idempotency + retry,Actuator + Micrometer + OpenTelemetry,JUnit 5 + Testcontainers + ArchUnit + Spring Cloud Contract,OCI image + layered Spring Boot JAR,etl-04,retail-etl,PLANNED
129,895,70,etl,svc-0695,etl-05,INTERNAL_PLATFORM_SERVICE,team-070,25,4.1.1,Gradle,9,Kotlin,Executable JAR,com.agilearning.retail.etl.service0695,Etl05Application,applications/backend/services/etl/etl-05,/api/v1/etl/05,INTERNAL_AUTHORIZED,,,Spring MVC,REST + OpenAPI 3.1,Spring Security OAuth2 Resource Server,Spring Data JDBC,PostgreSQL 18.6,etl_svc_05,etl,Flyway,10,10,0,6,4,6,4,0,Y,Y,Y,Y,Resilience4j + idempotency + retry,Actuator + Micrometer + OpenTelemetry,JUnit 5 + Testcontainers + ArchUnit + Spring Cloud Contract,OCI image + layered Spring Boot JAR,etl-05,retail-etl,PLANNED
129,896,70,etl,svc-0696,etl-06,INTERNAL_PLATFORM_SERVICE,team-070,25,4.1.1,Gradle,9,Kotlin,Executable JAR,com.agilearning.retail.etl.service0696,Etl06Application,applications/backend/services/etl/etl-06,/api/v1/etl/06,INTERNAL_AUTHORIZED,,,Spring MVC,REST + OpenAPI 3.1,Spring Security OAuth2 Resource Server,Spring Data JDBC,PostgreSQL 18.6,etl_svc_06,etl,Flyway,10,10,0,3,4,3,4,0,Y,Y,Y,Y,Resilience4j + idempotency + retry,Actuator + Micrometer + OpenTelemetry,JUnit 5 + Testcontainers + ArchUnit + Spring Cloud Contract,OCI image + layered Spring Boot JAR,etl-06,retail-etl,PLANNED
129,897,70,etl,svc-0697,etl-07,INTERNAL_PLATFORM_SERVICE,team-070,25,4.1.1,Gradle,9,Kotlin,Executable JAR,com.agilearning.retail.etl.service0697,Etl07Application,applications/backend/services/etl/etl-07,/api/v1/etl/07,INTERNAL_AUTHORIZED,,,Spring MVC,REST + OpenAPI 3.1,Spring Security OAuth2 Resource Server,Spring Data JDBC,PostgreSQL 18.6,etl_svc_07,etl,Flyway,10,10,0,3,4,3,4,0,Y,Y,Y,Y,Resilience4j + idempotency + retry,Actuator + Micrometer + OpenTelemetry,JUnit 5 + Testcontainers + ArchUnit + Spring Cloud Contract,OCI image + layered Spring Boot JAR,etl-07,retail-etl,PLANNED
129,898,70,etl,svc-0698,etl-08,INTERNAL_PLATFORM_SERVICE,team-070,25,4.1.1,Gradle,9,Kotlin,Executable JAR,com.agilearning.retail.etl.service0698,Etl08Application,applications/backend/services/etl/etl-08,/api/v1/etl/08,INTERNAL_AUTHORIZED,,,Spring MVC,REST + OpenAPI 3.1,Spring Security OAuth2 Resource Server,Spring Data JDBC,PostgreSQL 18.6,etl_svc_08,etl,Flyway,10,10,0,6,4,6,4,0,Y,Y,Y,Y,Resilience4j + idempotency + retry,Actuator + Micrometer + OpenTelemetry,JUnit 5 + Testcontainers + ArchUnit + Spring Cloud Contract,OCI image + layered Spring Boot JAR,etl-08,retail-etl,PLANNED
129,899,70,etl,svc-0699,etl-09,INTERNAL_PLATFORM_SERVICE,team-070,25,4.1.1,Gradle,9,Kotlin,Executable JAR,com.agilearning.retail.etl.service0699,Etl09Application,applications/backend/services/etl/etl-09,/api/v1/etl/09,INTERNAL_AUTHORIZED,,,Spring MVC,REST + OpenAPI 3.1,Spring Security OAuth2 Resource Server,Spring Data JDBC,PostgreSQL 18.6,etl_svc_09,etl,Flyway,10,10,0,3,4,3,4,0,Y,Y,Y,Y,Resilience4j + idempotency + retry,Actuator + Micrometer + OpenTelemetry,JUnit 5 + Testcontainers + ArchUnit + Spring Cloud Contract,OCI image + layered Spring Boot JAR,etl-09,retail-etl,PLANNED
129,900,70,etl,svc-0700,etl-10,INTERNAL_PLATFORM_SERVICE,team-070,25,4.1.1,Gradle,9,Kotlin,Executable JAR,com.agilearning.retail.etl.service0700,Etl10Application,applications/backend/services/etl/etl-10,/api/v1/etl/10,INTERNAL_AUTHORIZED,,,Spring MVC,REST + OpenAPI 3.1,Spring Security OAuth2 Resource Server,Spring Data JDBC,PostgreSQL 18.6,etl_svc_10,etl,Flyway,10,10,0,6,4,6,4,0,Y,Y,Y,Y,Resilience4j + idempotency + retry,Actuator + Micrometer + OpenTelemetry,JUnit 5 + Testcontainers + ArchUnit + Spring Cloud Contract,OCI image + layered Spring Boot JAR,etl-10,retail-etl,PLANNED
129,901,71,data_quality,svc-0701,data_quality-01,INTERNAL_PLATFORM_SERVICE,team-071,25,4.1.1,Gradle,9,Kotlin,Executable JAR,com.agilearning.retail.dataquality.service0701,Data_quality01Application,applications/backend/services/data_quality/data_quality-01,/api/v1/data_quality/01,INTERNAL_AUTHORIZED,,,Spring MVC,REST + OpenAPI 3.1,Spring Security OAuth2 Resource Server,Spring Data JDBC,PostgreSQL 18.6,data_quality_svc_01,data_quality,Flyway,10,10,0,9,4,9,4,0,Y,Y,Y,Y,Resilience4j + idempotency + retry,Actuator + Micrometer + OpenTelemetry,JUnit 5 + Testcontainers + ArchUnit + Spring Cloud Contract,OCI image + layered Spring Boot JAR,data_quality-01,retail-data_quality,PLANNED
129,902,71,data_quality,svc-0702,data_quality-02,INTERNAL_PLATFORM_SERVICE,team-071,25,4.1.1,Gradle,9,Kotlin,Executable JAR,com.agilearning.retail.dataquality.service0702,Data_quality02Application,applications/backend/services/data_quality/data_quality-02,/api/v1/data_quality/02,INTERNAL_AUTHORIZED,,,Spring MVC,REST + OpenAPI 3.1,Spring Security OAuth2 Resource Server,Spring Data JDBC,PostgreSQL 18.6,data_quality_svc_02,data_quality,Flyway,10,10,0,9,4,9,4,0,Y,Y,Y,Y,Resilience4j + idempotency + retry,Actuator + Micrometer + OpenTelemetry,JUnit 5 + Testcontainers + ArchUnit + Spring Cloud Contract,OCI image + layered Spring Boot JAR,data_quality-02,retail-data_quality,PLANNED
129,903,71,data_quality,svc-0703,data_quality-03,INTERNAL_PLATFORM_SERVICE,team-071,25,4.1.1,Gradle,9,Kotlin,Executable JAR,com.agilearning.retail.dataquality.service0703,Data_quality03Application,applications/backend/services/data_quality/data_quality-03,/api/v1/data_quality/03,INTERNAL_AUTHORIZED,,,Spring MVC,REST + OpenAPI 3.1,Spring Security OAuth2 Resource Server,Spring Data JDBC,PostgreSQL 18.6,data_quality_svc_03,data_quality,Flyway,10,10,0,9,4,9,4,0,Y,Y,Y,Y,Resilience4j + idempotency + retry,Actuator + Micrometer + OpenTelemetry,JUnit 5 + Testcontainers + ArchUnit + Spring Cloud Contract,OCI image + layered Spring Boot JAR,data_quality-03,retail-data_quality,PLANNED
129,904,71,data_quality,svc-0704,data_quality-04,INTERNAL_PLATFORM_SERVICE,team-071,25,4.1.1,Gradle,9,Kotlin,Executable JAR,com.agilearning.retail.dataquality.service0704,Data_quality04Application,applications/backend/services/data_quality/data_quality-04,/api/v1/data_quality/04,INTERNAL_AUTHORIZED,,,Spring MVC,REST + OpenAPI 3.1,Spring Security OAuth2 Resource Server,Spring Data JDBC,PostgreSQL 18.6,data_quality_svc_04,data_quality,Flyway,10,10,0,6,4,6,4,0,Y,Y,Y,Y,Resilience4j + idempotency + retry,Actuator + Micrometer + OpenTelemetry,JUnit 5 + Testcontainers + ArchUnit + Spring Cloud Contract,OCI image + layered Spring Boot JAR,data_quality-04,retail-data_quality,PLANNED
129,905,71,data_quality,svc-0705,data_quality-05,INTERNAL_PLATFORM_SERVICE,team-071,25,4.1.1,Gradle,9,Kotlin,Executable JAR,com.agilearning.retail.dataquality.service0705,Data_quality05Application,applications/backend/services/data_quality/data_quality-05,/api/v1/data_quality/05,INTERNAL_AUTHORIZED,,,Spring MVC,REST + OpenAPI 3.1,Spring Security OAuth2 Resource Server,Spring Data JDBC,PostgreSQL 18.6,data_quality_svc_05,data_quality,Flyway,10,10,0,6,4,6,4,0,Y,Y,Y,Y,Resilience4j + idempotency + retry,Actuator + Micrometer + OpenTelemetry,JUnit 5 + Testcontainers + ArchUnit + Spring Cloud Contract,OCI image + layered Spring Boot JAR,data_quality-05,retail-data_quality,PLANNED
129,906,71,data_quality,svc-0706,data_quality-06,INTERNAL_PLATFORM_SERVICE,team-071,25,4.1.1,Gradle,9,Kotlin,Executable JAR,com.agilearning.retail.dataquality.service0706,Data_quality06Application,applications/backend/services/data_quality/data_quality-06,/api/v1/data_quality/06,INTERNAL_AUTHORIZED,,,Spring MVC,REST + OpenAPI 3.1,Spring Security OAuth2 Resource Server,Spring Data JDBC,PostgreSQL 18.6,data_quality_svc_06,data_quality,Flyway,10,10,0,3,4,3,4,0,Y,Y,Y,Y,Resilience4j + idempotency + retry,Actuator + Micrometer + OpenTelemetry,JUnit 5 + Testcontainers + ArchUnit + Spring Cloud Contract,OCI image + layered Spring Boot JAR,data_quality-06,retail-data_quality,PLANNED
129,907,71,data_quality,svc-0707,data_quality-07,INTERNAL_PLATFORM_SERVICE,team-071,25,4.1.1,Gradle,9,Kotlin,Executable JAR,com.agilearning.retail.dataquality.service0707,Data_quality07Application,applications/backend/services/data_quality/data_quality-07,/api/v1/data_quality/07,INTERNAL_AUTHORIZED,,,Spring MVC,REST + OpenAPI 3.1,Spring Security OAuth2 Resource Server,Spring Data JDBC,PostgreSQL 18.6,data_quality_svc_07,data_quality,Flyway,10,10,0,3,4,3,4,0,Y,Y,Y,Y,Resilience4j + idempotency + retry,Actuator + Micrometer + OpenTelemetry,JUnit 5 + Testcontainers + ArchUnit + Spring Cloud Contract,OCI image + layered Spring Boot JAR,data_quality-07,retail-data_quality,PLANNED
129,908,71,data_quality,svc-0708,data_quality-08,INTERNAL_PLATFORM_SERVICE,team-071,25,4.1.1,Gradle,9,Kotlin,Executable JAR,com.agilearning.retail.dataquality.service0708,Data_quality08Application,applications/backend/services/data_quality/data_quality-08,/api/v1/data_quality/08,INTERNAL_AUTHORIZED,,,Spring MVC,REST + OpenAPI 3.1,Spring Security OAuth2 Resource Server,Spring Data JDBC,PostgreSQL 18.6,data_quality_svc_08,data_quality,Flyway,10,10,0,6,4,6,4,0,Y,Y,Y,Y,Resilience4j + idempotency + retry,Actuator + Micrometer + OpenTelemetry,JUnit 5 + Testcontainers + ArchUnit + Spring Cloud Contract,OCI image + layered Spring Boot JAR,data_quality-08,retail-data_quality,PLANNED
129,909,71,data_quality,svc-0709,data_quality-09,INTERNAL_PLATFORM_SERVICE,team-071,25,4.1.1,Gradle,9,Kotlin,Executable JAR,com.agilearning.retail.dataquality.service0709,Data_quality09Application,applications/backend/services/data_quality/data_quality-09,/api/v1/data_quality/09,INTERNAL_AUTHORIZED,,,Spring MVC,REST + OpenAPI 3.1,Spring Security OAuth2 Resource Server,Spring Data JDBC,PostgreSQL 18.6,data_quality_svc_09,data_quality,Flyway,10,10,0,3,4,3,4,0,Y,Y,Y,Y,Resilience4j + idempotency + retry,Actuator + Micrometer + OpenTelemetry,JUnit 5 + Testcontainers + ArchUnit + Spring Cloud Contract,OCI image + layered Spring Boot JAR,data_quality-09,retail-data_quality,PLANNED
129,910,71,data_quality,svc-0710,data_quality-10,INTERNAL_PLATFORM_SERVICE,team-071,25,4.1.1,Gradle,9,Kotlin,Executable JAR,com.agilearning.retail.dataquality.service0710,Data_quality10Application,applications/backend/services/data_quality/data_quality-10,/api/v1/data_quality/10,INTERNAL_AUTHORIZED,,,Spring MVC,REST + OpenAPI 3.1,Spring Security OAuth2 Resource Server,Spring Data JDBC,PostgreSQL 18.6,data_quality_svc_10,data_quality,Flyway,10,10,0,6,4,6,4,0,Y,Y,Y,Y,Resilience4j + idempotency + retry,Actuator + Micrometer + OpenTelemetry,JUnit 5 + Testcontainers + ArchUnit + Spring Cloud Contract,OCI image + layered Spring Boot JAR,data_quality-10,retail-data_quality,PLANNED
129,911,72,master_data,svc-0711,master_data-01,INTERNAL_PLATFORM_SERVICE,team-072,25,4.1.1,Gradle,9,Kotlin,Executable JAR,com.agilearning.retail.masterdata.service0711,Master_data01Application,applications/backend/services/master_data/master_data-01,/api/v1/master_data/01,INTERNAL_AUTHORIZED,,,Spring MVC,REST + OpenAPI 3.1,Spring Security OAuth2 Resource Server,Spring Data JDBC,PostgreSQL 18.6,master_data_svc_01,master_data,Flyway,10,10,0,9,0,9,0,0,Y,N,Y,N,Resilience4j + idempotency + retry,Actuator + Micrometer + OpenTelemetry,JUnit 5 + Testcontainers + ArchUnit + Spring Cloud Contract,OCI image + layered Spring Boot JAR,master_data-01,retail-master_data,PLANNED
129,912,72,master_data,svc-0712,master_data-02,INTERNAL_PLATFORM_SERVICE,team-072,25,4.1.1,Gradle,9,Kotlin,Executable JAR,com.agilearning.retail.masterdata.service0712,Master_data02Application,applications/backend/services/master_data/master_data-02,/api/v1/master_data/02,INTERNAL_AUTHORIZED,,,Spring MVC,REST + OpenAPI 3.1,Spring Security OAuth2 Resource Server,Spring Data JDBC,PostgreSQL 18.6,master_data_svc_02,master_data,Flyway,10,10,0,9,0,9,0,0,Y,N,Y,N,Resilience4j + idempotency + retry,Actuator + Micrometer + OpenTelemetry,JUnit 5 + Testcontainers + ArchUnit + Spring Cloud Contract,OCI image + layered Spring Boot JAR,master_data-02,retail-master_data,PLANNED
129,913,72,master_data,svc-0713,master_data-03,INTERNAL_PLATFORM_SERVICE,team-072,25,4.1.1,Gradle,9,Kotlin,Executable JAR,com.agilearning.retail.masterdata.service0713,Master_data03Application,applications/backend/services/master_data/master_data-03,/api/v1/master_data/03,INTERNAL_AUTHORIZED,,,Spring MVC,REST + OpenAPI 3.1,Spring Security OAuth2 Resource Server,Spring Data JDBC,PostgreSQL 18.6,master_data_svc_03,master_data,Flyway,10,10,0,9,0,9,0,0,Y,N,Y,N,Resilience4j + idempotency + retry,Actuator + Micrometer + OpenTelemetry,JUnit 5 + Testcontainers + ArchUnit + Spring Cloud Contract,OCI image + layered Spring Boot JAR,master_data-03,retail-master_data,PLANNED
129,914,72,master_data,svc-0714,master_data-04,INTERNAL_PLATFORM_SERVICE,team-072,25,4.1.1,Gradle,9,Kotlin,Executable JAR,com.agilearning.retail.masterdata.service0714,Master_data04Application,applications/backend/services/master_data/master_data-04,/api/v1/master_data/04,INTERNAL_AUTHORIZED,,,Spring MVC,REST + OpenAPI 3.1,Spring Security OAuth2 Resource Server,Spring Data JDBC,PostgreSQL 18.6,master_data_svc_04,master_data,Flyway,10,10,0,6,0,6,0,0,Y,N,Y,N,Resilience4j + idempotency + retry,Actuator + Micrometer + OpenTelemetry,JUnit 5 + Testcontainers + ArchUnit + Spring Cloud Contract,OCI image + layered Spring Boot JAR,master_data-04,retail-master_data,PLANNED
129,915,72,master_data,svc-0715,master_data-05,INTERNAL_PLATFORM_SERVICE,team-072,25,4.1.1,Gradle,9,Kotlin,Executable JAR,com.agilearning.retail.masterdata.service0715,Master_data05Application,applications/backend/services/master_data/master_data-05,/api/v1/master_data/05,INTERNAL_AUTHORIZED,,,Spring MVC,REST + OpenAPI 3.1,Spring Security OAuth2 Resource Server,Spring Data JDBC,PostgreSQL 18.6,master_data_svc_05,master_data,Flyway,10,10,0,6,0,6,0,0,Y,N,Y,N,Resilience4j + idempotency + retry,Actuator + Micrometer + OpenTelemetry,JUnit 5 + Testcontainers + ArchUnit + Spring Cloud Contract,OCI image + layered Spring Boot JAR,master_data-05,retail-master_data,PLANNED
129,916,72,master_data,svc-0716,master_data-06,INTERNAL_PLATFORM_SERVICE,team-072,25,4.1.1,Gradle,9,Kotlin,Executable JAR,com.agilearning.retail.masterdata.service0716,Master_data06Application,applications/backend/services/master_data/master_data-06,/api/v1/master_data/06,INTERNAL_AUTHORIZED,,,Spring MVC,REST + OpenAPI 3.1,Spring Security OAuth2 Resource Server,Spring Data JDBC,PostgreSQL 18.6,master_data_svc_06,master_data,Flyway,10,10,0,3,0,3,0,0,Y,N,Y,N,Resilience4j + idempotency + retry,Actuator + Micrometer + OpenTelemetry,JUnit 5 + Testcontainers + ArchUnit + Spring Cloud Contract,OCI image + layered Spring Boot JAR,master_data-06,retail-master_data,PLANNED
129,917,72,master_data,svc-0717,master_data-07,INTERNAL_PLATFORM_SERVICE,team-072,25,4.1.1,Gradle,9,Kotlin,Executable JAR,com.agilearning.retail.masterdata.service0717,Master_data07Application,applications/backend/services/master_data/master_data-07,/api/v1/master_data/07,INTERNAL_AUTHORIZED,,,Spring MVC,REST + OpenAPI 3.1,Spring Security OAuth2 Resource Server,Spring Data JDBC,PostgreSQL 18.6,master_data_svc_07,master_data,Flyway,10,10,0,3,0,3,0,0,Y,N,Y,N,Resilience4j + idempotency + retry,Actuator + Micrometer + OpenTelemetry,JUnit 5 + Testcontainers + ArchUnit + Spring Cloud Contract,OCI image + layered Spring Boot JAR,master_data-07,retail-master_data,PLANNED
129,918,72,master_data,svc-0718,master_data-08,INTERNAL_PLATFORM_SERVICE,team-072,25,4.1.1,Gradle,9,Kotlin,Executable JAR,com.agilearning.retail.masterdata.service0718,Master_data08Application,applications/backend/services/master_data/master_data-08,/api/v1/master_data/08,INTERNAL_AUTHORIZED,,,Spring MVC,REST + OpenAPI 3.1,Spring Security OAuth2 Resource Server,Spring Data JDBC,PostgreSQL 18.6,master_data_svc_08,master_data,Flyway,10,10,0,6,0,6,0,0,Y,N,Y,N,Resilience4j + idempotency + retry,Actuator + Micrometer + OpenTelemetry,JUnit 5 + Testcontainers + ArchUnit + Spring Cloud Contract,OCI image + layered Spring Boot JAR,master_data-08,retail-master_data,PLANNED
129,919,72,master_data,svc-0719,master_data-09,INTERNAL_PLATFORM_SERVICE,team-072,25,4.1.1,Gradle,9,Kotlin,Executable JAR,com.agilearning.retail.masterdata.service0719,Master_data09Application,applications/backend/services/master_data/master_data-09,/api/v1/master_data/09,INTERNAL_AUTHORIZED,,,Spring MVC,REST + OpenAPI 3.1,Spring Security OAuth2 Resource Server,Spring Data JDBC,PostgreSQL 18.6,master_data_svc_09,master_data,Flyway,10,10,0,3,0,3,0,0,Y,N,Y,N,Resilience4j + idempotency + retry,Actuator + Micrometer + OpenTelemetry,JUnit 5 + Testcontainers + ArchUnit + Spring Cloud Contract,OCI image + layered Spring Boot JAR,master_data-09,retail-master_data,PLANNED
129,920,72,master_data,svc-0720,master_data-10,INTERNAL_PLATFORM_SERVICE,team-072,25,4.1.1,Gradle,9,Kotlin,Executable JAR,com.agilearning.retail.masterdata.service0720,Master_data10Application,applications/backend/services/master_data/master_data-10,/api/v1/master_data/10,INTERNAL_AUTHORIZED,,,Spring MVC,REST + OpenAPI 3.1,Spring Security OAuth2 Resource Server,Spring Data JDBC,PostgreSQL 18.6,master_data_svc_10,master_data,Flyway,10,10,0,6,0,6,0,0,Y,N,Y,N,Resilience4j + idempotency + retry,Actuator + Micrometer + OpenTelemetry,JUnit 5 + Testcontainers + ArchUnit + Spring Cloud Contract,OCI image + layered Spring Boot JAR,master_data-10,retail-master_data,PLANNED
129,921,73,metadata,svc-0721,metadata-01,INTERNAL_PLATFORM_SERVICE,team-073,25,4.1.1,Gradle,9,Kotlin,Executable JAR,com.agilearning.retail.metadata.service0721,Metadata01Application,applications/backend/services/metadata/metadata-01,/api/v1/metadata/01,INTERNAL_AUTHORIZED,,,Spring MVC,REST + OpenAPI 3.1,Spring Security OAuth2 Resource Server,Spring Data JDBC,PostgreSQL 18.6,metadata_svc_01,metadata,Flyway,10,10,0,9,4,9,4,0,Y,Y,Y,Y,Resilience4j + idempotency + retry,Actuator + Micrometer + OpenTelemetry,JUnit 5 + Testcontainers + ArchUnit + Spring Cloud Contract,OCI image + layered Spring Boot JAR,metadata-01,retail-metadata,PLANNED
129,922,73,metadata,svc-0722,metadata-02,INTERNAL_PLATFORM_SERVICE,team-073,25,4.1.1,Gradle,9,Kotlin,Executable JAR,com.agilearning.retail.metadata.service0722,Metadata02Application,applications/backend/services/metadata/metadata-02,/api/v1/metadata/02,INTERNAL_AUTHORIZED,,,Spring MVC,REST + OpenAPI 3.1,Spring Security OAuth2 Resource Server,Spring Data JDBC,PostgreSQL 18.6,metadata_svc_02,metadata,Flyway,10,10,0,9,4,9,4,0,Y,Y,Y,Y,Resilience4j + idempotency + retry,Actuator + Micrometer + OpenTelemetry,JUnit 5 + Testcontainers + ArchUnit + Spring Cloud Contract,OCI image + layered Spring Boot JAR,metadata-02,retail-metadata,PLANNED
129,923,73,metadata,svc-0723,metadata-03,INTERNAL_PLATFORM_SERVICE,team-073,25,4.1.1,Gradle,9,Kotlin,Executable JAR,com.agilearning.retail.metadata.service0723,Metadata03Application,applications/backend/services/metadata/metadata-03,/api/v1/metadata/03,INTERNAL_AUTHORIZED,,,Spring MVC,REST + OpenAPI 3.1,Spring Security OAuth2 Resource Server,Spring Data JDBC,PostgreSQL 18.6,metadata_svc_03,metadata,Flyway,10,10,0,9,4,9,4,0,Y,Y,Y,Y,Resilience4j + idempotency + retry,Actuator + Micrometer + OpenTelemetry,JUnit 5 + Testcontainers + ArchUnit + Spring Cloud Contract,OCI image + layered Spring Boot JAR,metadata-03,retail-metadata,PLANNED
129,924,73,metadata,svc-0724,metadata-04,INTERNAL_PLATFORM_SERVICE,team-073,25,4.1.1,Gradle,9,Kotlin,Executable JAR,com.agilearning.retail.metadata.service0724,Metadata04Application,applications/backend/services/metadata/metadata-04,/api/v1/metadata/04,INTERNAL_AUTHORIZED,,,Spring MVC,REST + OpenAPI 3.1,Spring Security OAuth2 Resource Server,Spring Data JDBC,PostgreSQL 18.6,metadata_svc_04,metadata,Flyway,10,10,0,6,4,6,4,0,Y,Y,Y,Y,Resilience4j + idempotency + retry,Actuator + Micrometer + OpenTelemetry,JUnit 5 + Testcontainers + ArchUnit + Spring Cloud Contract,OCI image + layered Spring Boot JAR,metadata-04,retail-metadata,PLANNED
129,925,73,metadata,svc-0725,metadata-05,INTERNAL_PLATFORM_SERVICE,team-073,25,4.1.1,Gradle,9,Kotlin,Executable JAR,com.agilearning.retail.metadata.service0725,Metadata05Application,applications/backend/services/metadata/metadata-05,/api/v1/metadata/05,INTERNAL_AUTHORIZED,,,Spring MVC,REST + OpenAPI 3.1,Spring Security OAuth2 Resource Server,Spring Data JDBC,PostgreSQL 18.6,metadata_svc_05,metadata,Flyway,10,10,0,6,4,6,4,0,Y,Y,Y,Y,Resilience4j + idempotency + retry,Actuator + Micrometer + OpenTelemetry,JUnit 5 + Testcontainers + ArchUnit + Spring Cloud Contract,OCI image + layered Spring Boot JAR,metadata-05,retail-metadata,PLANNED
129,926,73,metadata,svc-0726,metadata-06,INTERNAL_PLATFORM_SERVICE,team-073,25,4.1.1,Gradle,9,Kotlin,Executable JAR,com.agilearning.retail.metadata.service0726,Metadata06Application,applications/backend/services/metadata/metadata-06,/api/v1/metadata/06,INTERNAL_AUTHORIZED,,,Spring MVC,REST + OpenAPI 3.1,Spring Security OAuth2 Resource Server,Spring Data JDBC,PostgreSQL 18.6,metadata_svc_06,metadata,Flyway,10,10,0,3,4,3,4,0,Y,Y,Y,Y,Resilience4j + idempotency + retry,Actuator + Micrometer + OpenTelemetry,JUnit 5 + Testcontainers + ArchUnit + Spring Cloud Contract,OCI image + layered Spring Boot JAR,metadata-06,retail-metadata,PLANNED
129,927,73,metadata,svc-0727,metadata-07,INTERNAL_PLATFORM_SERVICE,team-073,25,4.1.1,Gradle,9,Kotlin,Executable JAR,com.agilearning.retail.metadata.service0727,Metadata07Application,applications/backend/services/metadata/metadata-07,/api/v1/metadata/07,INTERNAL_AUTHORIZED,,,Spring MVC,REST + OpenAPI 3.1,Spring Security OAuth2 Resource Server,Spring Data JDBC,PostgreSQL 18.6,metadata_svc_07,metadata,Flyway,10,10,0,3,4,3,4,0,Y,Y,Y,Y,Resilience4j + idempotency + retry,Actuator + Micrometer + OpenTelemetry,JUnit 5 + Testcontainers + ArchUnit + Spring Cloud Contract,OCI image + layered Spring Boot JAR,metadata-07,retail-metadata,PLANNED
129,928,73,metadata,svc-0728,metadata-08,INTERNAL_PLATFORM_SERVICE,team-073,25,4.1.1,Gradle,9,Kotlin,Executable JAR,com.agilearning.retail.metadata.service0728,Metadata08Application,applications/backend/services/metadata/metadata-08,/api/v1/metadata/08,INTERNAL_AUTHORIZED,,,Spring MVC,REST + OpenAPI 3.1,Spring Security OAuth2 Resource Server,Spring Data JDBC,PostgreSQL 18.6,metadata_svc_08,metadata,Flyway,10,10,0,6,4,6,4,0,Y,Y,Y,Y,Resilience4j + idempotency + retry,Actuator + Micrometer + OpenTelemetry,JUnit 5 + Testcontainers + ArchUnit + Spring Cloud Contract,OCI image + layered Spring Boot JAR,metadata-08,retail-metadata,PLANNED
129,929,73,metadata,svc-0729,metadata-09,INTERNAL_PLATFORM_SERVICE,team-073,25,4.1.1,Gradle,9,Kotlin,Executable JAR,com.agilearning.retail.metadata.service0729,Metadata09Application,applications/backend/services/metadata/metadata-09,/api/v1/metadata/09,INTERNAL_AUTHORIZED,,,Spring MVC,REST + OpenAPI 3.1,Spring Security OAuth2 Resource Server,Spring Data JDBC,PostgreSQL 18.6,metadata_svc_09,metadata,Flyway,10,10,0,3,4,3,4,0,Y,Y,Y,Y,Resilience4j + idempotency + retry,Actuator + Micrometer + OpenTelemetry,JUnit 5 + Testcontainers + ArchUnit + Spring Cloud Contract,OCI image + layered Spring Boot JAR,metadata-09,retail-metadata,PLANNED
129,930,73,metadata,svc-0730,metadata-10,INTERNAL_PLATFORM_SERVICE,team-073,25,4.1.1,Gradle,9,Kotlin,Executable JAR,com.agilearning.retail.metadata.service0730,Metadata10Application,applications/backend/services/metadata/metadata-10,/api/v1/metadata/10,INTERNAL_AUTHORIZED,,,Spring MVC,REST + OpenAPI 3.1,Spring Security OAuth2 Resource Server,Spring Data JDBC,PostgreSQL 18.6,metadata_svc_10,metadata,Flyway,10,10,0,6,4,6,4,0,Y,Y,Y,Y,Resilience4j + idempotency + retry,Actuator + Micrometer + OpenTelemetry,JUnit 5 + Testcontainers + ArchUnit + Spring Cloud Contract,OCI image + layered Spring Boot JAR,metadata-10,retail-metadata,PLANNED
129,931,74,governance,svc-0731,governance-01,INTERNAL_PLATFORM_SERVICE,team-074,25,4.1.1,Gradle,9,Kotlin,Executable JAR,com.agilearning.retail.governance.service0731,Governance01Application,applications/backend/services/governance/governance-01,/api/v1/governance/01,INTERNAL_AUTHORIZED,,,Spring MVC,REST + OpenAPI 3.1,Spring Security OAuth2 Resource Server,Spring Data JDBC,PostgreSQL 18.6,governance_svc_01,governance,Flyway,10,10,0,9,4,9,4,0,Y,Y,Y,Y,Resilience4j + idempotency + retry,Actuator + Micrometer + OpenTelemetry,JUnit 5 + Testcontainers + ArchUnit + Spring Cloud Contract,OCI image + layered Spring Boot JAR,governance-01,retail-governance,PLANNED
129,932,74,governance,svc-0732,governance-02,INTERNAL_PLATFORM_SERVICE,team-074,25,4.1.1,Gradle,9,Kotlin,Executable JAR,com.agilearning.retail.governance.service0732,Governance02Application,applications/backend/services/governance/governance-02,/api/v1/governance/02,INTERNAL_AUTHORIZED,,,Spring MVC,REST + OpenAPI 3.1,Spring Security OAuth2 Resource Server,Spring Data JDBC,PostgreSQL 18.6,governance_svc_02,governance,Flyway,10,10,0,9,4,9,4,0,Y,Y,Y,Y,Resilience4j + idempotency + retry,Actuator + Micrometer + OpenTelemetry,JUnit 5 + Testcontainers + ArchUnit + Spring Cloud Contract,OCI image + layered Spring Boot JAR,governance-02,retail-governance,PLANNED
129,933,74,governance,svc-0733,governance-03,INTERNAL_PLATFORM_SERVICE,team-074,25,4.1.1,Gradle,9,Kotlin,Executable JAR,com.agilearning.retail.governance.service0733,Governance03Application,applications/backend/services/governance/governance-03,/api/v1/governance/03,INTERNAL_AUTHORIZED,,,Spring MVC,REST + OpenAPI 3.1,Spring Security OAuth2 Resource Server,Spring Data JDBC,PostgreSQL 18.6,governance_svc_03,governance,Flyway,10,10,0,9,4,9,4,0,Y,Y,Y,Y,Resilience4j + idempotency + retry,Actuator + Micrometer + OpenTelemetry,JUnit 5 + Testcontainers + ArchUnit + Spring Cloud Contract,OCI image + layered Spring Boot JAR,governance-03,retail-governance,PLANNED
129,934,74,governance,svc-0734,governance-04,INTERNAL_PLATFORM_SERVICE,team-074,25,4.1.1,Gradle,9,Kotlin,Executable JAR,com.agilearning.retail.governance.service0734,Governance04Application,applications/backend/services/governance/governance-04,/api/v1/governance/04,INTERNAL_AUTHORIZED,,,Spring MVC,REST + OpenAPI 3.1,Spring Security OAuth2 Resource Server,Spring Data JDBC,PostgreSQL 18.6,governance_svc_04,governance,Flyway,10,10,0,6,4,6,4,0,Y,Y,Y,Y,Resilience4j + idempotency + retry,Actuator + Micrometer + OpenTelemetry,JUnit 5 + Testcontainers + ArchUnit + Spring Cloud Contract,OCI image + layered Spring Boot JAR,governance-04,retail-governance,PLANNED
129,935,74,governance,svc-0735,governance-05,INTERNAL_PLATFORM_SERVICE,team-074,25,4.1.1,Gradle,9,Kotlin,Executable JAR,com.agilearning.retail.governance.service0735,Governance05Application,applications/backend/services/governance/governance-05,/api/v1/governance/05,INTERNAL_AUTHORIZED,,,Spring MVC,REST + OpenAPI 3.1,Spring Security OAuth2 Resource Server,Spring Data JDBC,PostgreSQL 18.6,governance_svc_05,governance,Flyway,10,10,0,6,4,6,4,0,Y,Y,Y,Y,Resilience4j + idempotency + retry,Actuator + Micrometer + OpenTelemetry,JUnit 5 + Testcontainers + ArchUnit + Spring Cloud Contract,OCI image + layered Spring Boot JAR,governance-05,retail-governance,PLANNED
129,936,74,governance,svc-0736,governance-06,INTERNAL_PLATFORM_SERVICE,team-074,25,4.1.1,Gradle,9,Kotlin,Executable JAR,com.agilearning.retail.governance.service0736,Governance06Application,applications/backend/services/governance/governance-06,/api/v1/governance/06,INTERNAL_AUTHORIZED,,,Spring MVC,REST + OpenAPI 3.1,Spring Security OAuth2 Resource Server,Spring Data JDBC,PostgreSQL 18.6,governance_svc_06,governance,Flyway,10,10,0,3,4,3,4,0,Y,Y,Y,Y,Resilience4j + idempotency + retry,Actuator + Micrometer + OpenTelemetry,JUnit 5 + Testcontainers + ArchUnit + Spring Cloud Contract,OCI image + layered Spring Boot JAR,governance-06,retail-governance,PLANNED
129,937,74,governance,svc-0737,governance-07,INTERNAL_PLATFORM_SERVICE,team-074,25,4.1.1,Gradle,9,Kotlin,Executable JAR,com.agilearning.retail.governance.service0737,Governance07Application,applications/backend/services/governance/governance-07,/api/v1/governance/07,INTERNAL_AUTHORIZED,,,Spring MVC,REST + OpenAPI 3.1,Spring Security OAuth2 Resource Server,Spring Data JDBC,PostgreSQL 18.6,governance_svc_07,governance,Flyway,10,10,0,3,4,3,4,0,Y,Y,Y,Y,Resilience4j + idempotency + retry,Actuator + Micrometer + OpenTelemetry,JUnit 5 + Testcontainers + ArchUnit + Spring Cloud Contract,OCI image + layered Spring Boot JAR,governance-07,retail-governance,PLANNED
129,938,74,governance,svc-0738,governance-08,INTERNAL_PLATFORM_SERVICE,team-074,25,4.1.1,Gradle,9,Kotlin,Executable JAR,com.agilearning.retail.governance.service0738,Governance08Application,applications/backend/services/governance/governance-08,/api/v1/governance/08,INTERNAL_AUTHORIZED,,,Spring MVC,REST + OpenAPI 3.1,Spring Security OAuth2 Resource Server,Spring Data JDBC,PostgreSQL 18.6,governance_svc_08,governance,Flyway,10,10,0,6,4,6,4,0,Y,Y,Y,Y,Resilience4j + idempotency + retry,Actuator + Micrometer + OpenTelemetry,JUnit 5 + Testcontainers + ArchUnit + Spring Cloud Contract,OCI image + layered Spring Boot JAR,governance-08,retail-governance,PLANNED
129,939,74,governance,svc-0739,governance-09,INTERNAL_PLATFORM_SERVICE,team-074,25,4.1.1,Gradle,9,Kotlin,Executable JAR,com.agilearning.retail.governance.service0739,Governance09Application,applications/backend/services/governance/governance-09,/api/v1/governance/09,INTERNAL_AUTHORIZED,,,Spring MVC,REST + OpenAPI 3.1,Spring Security OAuth2 Resource Server,Spring Data JDBC,PostgreSQL 18.6,governance_svc_09,governance,Flyway,10,10,0,3,4,3,4,0,Y,Y,Y,Y,Resilience4j + idempotency + retry,Actuator + Micrometer + OpenTelemetry,JUnit 5 + Testcontainers + ArchUnit + Spring Cloud Contract,OCI image + layered Spring Boot JAR,governance-09,retail-governance,PLANNED
129,940,74,governance,svc-0740,governance-10,INTERNAL_PLATFORM_SERVICE,team-074,25,4.1.1,Gradle,9,Kotlin,Executable JAR,com.agilearning.retail.governance.service0740,Governance10Application,applications/backend/services/governance/governance-10,/api/v1/governance/10,INTERNAL_AUTHORIZED,,,Spring MVC,REST + OpenAPI 3.1,Spring Security OAuth2 Resource Server,Spring Data JDBC,PostgreSQL 18.6,governance_svc_10,governance,Flyway,10,10,0,6,4,6,4,0,Y,Y,Y,Y,Resilience4j + idempotency + retry,Actuator + Micrometer + OpenTelemetry,JUnit 5 + Testcontainers + ArchUnit + Spring Cloud Contract,OCI image + layered Spring Boot JAR,governance-10,retail-governance,PLANNED
129,941,75,analytics,svc-0741,analytics-01,ADMIN_API_SERVICE,team-075,25,4.1.1,Gradle,9,Kotlin,Executable JAR,com.agilearning.retail.analytics.service0741,Analytics01Application,applications/backend/services/analytics/analytics-01,/api/v1/analytics/01,INTERNAL_AUTHORIZED,,retail-admin-web,Spring MVC,REST + OpenAPI 3.1,Spring Security OAuth2 Resource Server,Spring Data JDBC,PostgreSQL 18.6,analytics_svc_01,analytics,Flyway,10,10,0,9,18,9,17,0,Y,Y,Y,Y,Resilience4j + idempotency + retry,Actuator + Micrometer + OpenTelemetry,JUnit 5 + Testcontainers + ArchUnit + Spring Cloud Contract,OCI image + layered Spring Boot JAR,analytics-01,retail-analytics,PLANNED
129,942,75,analytics,svc-0742,analytics-02,ADMIN_API_SERVICE,team-075,25,4.1.1,Gradle,9,Kotlin,Executable JAR,com.agilearning.retail.analytics.service0742,Analytics02Application,applications/backend/services/analytics/analytics-02,/api/v1/analytics/02,INTERNAL_AUTHORIZED,,retail-admin-web,Spring MVC,REST + OpenAPI 3.1,Spring Security OAuth2 Resource Server,Spring Data JDBC,PostgreSQL 18.6,analytics_svc_02,analytics,Flyway,10,10,0,9,18,9,18,0,Y,Y,Y,Y,Resilience4j + idempotency + retry,Actuator + Micrometer + OpenTelemetry,JUnit 5 + Testcontainers + ArchUnit + Spring Cloud Contract,OCI image + layered Spring Boot JAR,analytics-02,retail-analytics,PLANNED
129,943,75,analytics,svc-0743,analytics-03,ADMIN_API_SERVICE,team-075,25,4.1.1,Gradle,9,Kotlin,Executable JAR,com.agilearning.retail.analytics.service0743,Analytics03Application,applications/backend/services/analytics/analytics-03,/api/v1/analytics/03,INTERNAL_AUTHORIZED,,retail-admin-web,Spring MVC,REST + OpenAPI 3.1,Spring Security OAuth2 Resource Server,Spring Data JDBC,PostgreSQL 18.6,analytics_svc_03,analytics,Flyway,10,10,0,9,18,9,18,0,Y,Y,Y,Y,Resilience4j + idempotency + retry,Actuator + Micrometer + OpenTelemetry,JUnit 5 + Testcontainers + ArchUnit + Spring Cloud Contract,OCI image + layered Spring Boot JAR,analytics-03,retail-analytics,PLANNED
129,944,75,analytics,svc-0744,analytics-04,ADMIN_API_SERVICE,team-075,25,4.1.1,Gradle,9,Kotlin,Executable JAR,com.agilearning.retail.analytics.service0744,Analytics04Application,applications/backend/services/analytics/analytics-04,/api/v1/analytics/04,INTERNAL_AUTHORIZED,,retail-admin-web,Spring MVC,REST + OpenAPI 3.1,Spring Security OAuth2 Resource Server,Spring Data JDBC,PostgreSQL 18.6,analytics_svc_04,analytics,Flyway,10,10,0,6,18,6,18,0,Y,Y,Y,Y,Resilience4j + idempotency + retry,Actuator + Micrometer + OpenTelemetry,JUnit 5 + Testcontainers + ArchUnit + Spring Cloud Contract,OCI image + layered Spring Boot JAR,analytics-04,retail-analytics,PLANNED
129,945,75,analytics,svc-0745,analytics-05,ADMIN_API_SERVICE,team-075,25,4.1.1,Gradle,9,Kotlin,Executable JAR,com.agilearning.retail.analytics.service0745,Analytics05Application,applications/backend/services/analytics/analytics-05,/api/v1/analytics/05,INTERNAL_AUTHORIZED,,retail-admin-web,Spring MVC,REST + OpenAPI 3.1,Spring Security OAuth2 Resource Server,Spring Data JDBC,PostgreSQL 18.6,analytics_svc_05,analytics,Flyway,10,10,0,6,18,6,18,0,Y,Y,Y,Y,Resilience4j + idempotency + retry,Actuator + Micrometer + OpenTelemetry,JUnit 5 + Testcontainers + ArchUnit + Spring Cloud Contract,OCI image + layered Spring Boot JAR,analytics-05,retail-analytics,PLANNED
129,946,75,analytics,svc-0746,analytics-06,ADMIN_API_SERVICE,team-075,25,4.1.1,Gradle,9,Kotlin,Executable JAR,com.agilearning.retail.analytics.service0746,Analytics06Application,applications/backend/services/analytics/analytics-06,/api/v1/analytics/06,INTERNAL_AUTHORIZED,,retail-admin-web,Spring MVC,REST + OpenAPI 3.1,Spring Security OAuth2 Resource Server,Spring Data JDBC,PostgreSQL 18.6,analytics_svc_06,analytics,Flyway,10,10,0,3,18,3,18,0,Y,Y,Y,Y,Resilience4j + idempotency + retry,Actuator + Micrometer + OpenTelemetry,JUnit 5 + Testcontainers + ArchUnit + Spring Cloud Contract,OCI image + layered Spring Boot JAR,analytics-06,retail-analytics,PLANNED
129,947,75,analytics,svc-0747,analytics-07,ADMIN_API_SERVICE,team-075,25,4.1.1,Gradle,9,Kotlin,Executable JAR,com.agilearning.retail.analytics.service0747,Analytics07Application,applications/backend/services/analytics/analytics-07,/api/v1/analytics/07,INTERNAL_AUTHORIZED,,retail-admin-web,Spring MVC,REST + OpenAPI 3.1,Spring Security OAuth2 Resource Server,Spring Data JDBC,PostgreSQL 18.6,analytics_svc_07,analytics,Flyway,10,10,0,3,18,3,18,0,Y,Y,Y,Y,Resilience4j + idempotency + retry,Actuator + Micrometer + OpenTelemetry,JUnit 5 + Testcontainers + ArchUnit + Spring Cloud Contract,OCI image + layered Spring Boot JAR,analytics-07,retail-analytics,PLANNED
129,948,75,analytics,svc-0748,analytics-08,ADMIN_API_SERVICE,team-075,25,4.1.1,Gradle,9,Kotlin,Executable JAR,com.agilearning.retail.analytics.service0748,Analytics08Application,applications/backend/services/analytics/analytics-08,/api/v1/analytics/08,INTERNAL_AUTHORIZED,,retail-admin-web,Spring MVC,REST + OpenAPI 3.1,Spring Security OAuth2 Resource Server,Spring Data JDBC,PostgreSQL 18.6,analytics_svc_08,analytics,Flyway,10,10,0,6,18,6,18,0,Y,Y,Y,Y,Resilience4j + idempotency + retry,Actuator + Micrometer + OpenTelemetry,JUnit 5 + Testcontainers + ArchUnit + Spring Cloud Contract,OCI image + layered Spring Boot JAR,analytics-08,retail-analytics,PLANNED
129,949,75,analytics,svc-0749,analytics-09,ADMIN_API_SERVICE,team-075,25,4.1.1,Gradle,9,Kotlin,Executable JAR,com.agilearning.retail.analytics.service0749,Analytics09Application,applications/backend/services/analytics/analytics-09,/api/v1/analytics/09,INTERNAL_AUTHORIZED,,retail-admin-web,Spring MVC,REST + OpenAPI 3.1,Spring Security OAuth2 Resource Server,Spring Data JDBC,PostgreSQL 18.6,analytics_svc_09,analytics,Flyway,10,10,0,3,18,3,18,0,Y,Y,Y,Y,Resilience4j + idempotency + retry,Actuator + Micrometer + OpenTelemetry,JUnit 5 + Testcontainers + ArchUnit + Spring Cloud Contract,OCI image + layered Spring Boot JAR,analytics-09,retail-analytics,PLANNED
129,950,75,analytics,svc-0750,analytics-10,ADMIN_API_SERVICE,team-075,25,4.1.1,Gradle,9,Kotlin,Executable JAR,com.agilearning.retail.analytics.service0750,Analytics10Application,applications/backend/services/analytics/analytics-10,/api/v1/analytics/10,INTERNAL_AUTHORIZED,,retail-admin-web,Spring MVC,REST + OpenAPI 3.1,Spring Security OAuth2 Resource Server,Spring Data JDBC,PostgreSQL 18.6,analytics_svc_10,analytics,Flyway,10,10,0,6,18,6,18,0,Y,Y,Y,Y,Resilience4j + idempotency + retry,Actuator + Micrometer + OpenTelemetry,JUnit 5 + Testcontainers + ArchUnit + Spring Cloud Contract,OCI image + layered Spring Boot JAR,analytics-10,retail-analytics,PLANNED
129,951,76,experimentation,svc-0751,experimentation-01,ADMIN_API_SERVICE,team-076,25,4.1.1,Gradle,9,Kotlin,Executable JAR,com.agilearning.retail.experimentation.service0751,Experimentation01Application,applications/backend/services/experimentation/experimentation-01,/api/v1/experimentation/01,INTERNAL_AUTHORIZED,,retail-admin-web,Spring MVC,REST + OpenAPI 3.1,Spring Security OAuth2 Resource Server,Spring Data JDBC,PostgreSQL 18.6,experimentation_svc_01,experimentation,Flyway,10,10,0,9,0,9,0,0,Y,N,Y,N,Resilience4j + idempotency + retry,Actuator + Micrometer + OpenTelemetry,JUnit 5 + Testcontainers + ArchUnit + Spring Cloud Contract,OCI image + layered Spring Boot JAR,experimentation-01,retail-experimentation,PLANNED
129,952,76,experimentation,svc-0752,experimentation-02,ADMIN_API_SERVICE,team-076,25,4.1.1,Gradle,9,Kotlin,Executable JAR,com.agilearning.retail.experimentation.service0752,Experimentation02Application,applications/backend/services/experimentation/experimentation-02,/api/v1/experimentation/02,INTERNAL_AUTHORIZED,,retail-admin-web,Spring MVC,REST + OpenAPI 3.1,Spring Security OAuth2 Resource Server,Spring Data JDBC,PostgreSQL 18.6,experimentation_svc_02,experimentation,Flyway,10,10,0,9,0,9,0,0,Y,N,Y,N,Resilience4j + idempotency + retry,Actuator + Micrometer + OpenTelemetry,JUnit 5 + Testcontainers + ArchUnit + Spring Cloud Contract,OCI image + layered Spring Boot JAR,experimentation-02,retail-experimentation,PLANNED
129,953,76,experimentation,svc-0753,experimentation-03,ADMIN_API_SERVICE,team-076,25,4.1.1,Gradle,9,Kotlin,Executable JAR,com.agilearning.retail.experimentation.service0753,Experimentation03Application,applications/backend/services/experimentation/experimentation-03,/api/v1/experimentation/03,INTERNAL_AUTHORIZED,,retail-admin-web,Spring MVC,REST + OpenAPI 3.1,Spring Security OAuth2 Resource Server,Spring Data JDBC,PostgreSQL 18.6,experimentation_svc_03,experimentation,Flyway,10,10,0,9,0,9,0,0,Y,N,Y,N,Resilience4j + idempotency + retry,Actuator + Micrometer + OpenTelemetry,JUnit 5 + Testcontainers + ArchUnit + Spring Cloud Contract,OCI image + layered Spring Boot JAR,experimentation-03,retail-experimentation,PLANNED
129,954,76,experimentation,svc-0754,experimentation-04,ADMIN_API_SERVICE,team-076,25,4.1.1,Gradle,9,Kotlin,Executable JAR,com.agilearning.retail.experimentation.service0754,Experimentation04Application,applications/backend/services/experimentation/experimentation-04,/api/v1/experimentation/04,INTERNAL_AUTHORIZED,,retail-admin-web,Spring MVC,REST + OpenAPI 3.1,Spring Security OAuth2 Resource Server,Spring Data JDBC,PostgreSQL 18.6,experimentation_svc_04,experimentation,Flyway,10,10,0,6,0,6,0,0,Y,N,Y,N,Resilience4j + idempotency + retry,Actuator + Micrometer + OpenTelemetry,JUnit 5 + Testcontainers + ArchUnit + Spring Cloud Contract,OCI image + layered Spring Boot JAR,experimentation-04,retail-experimentation,PLANNED
129,955,76,experimentation,svc-0755,experimentation-05,ADMIN_API_SERVICE,team-076,25,4.1.1,Gradle,9,Kotlin,Executable JAR,com.agilearning.retail.experimentation.service0755,Experimentation05Application,applications/backend/services/experimentation/experimentation-05,/api/v1/experimentation/05,INTERNAL_AUTHORIZED,,retail-admin-web,Spring MVC,REST + OpenAPI 3.1,Spring Security OAuth2 Resource Server,Spring Data JDBC,PostgreSQL 18.6,experimentation_svc_05,experimentation,Flyway,10,10,0,6,0,6,0,0,Y,N,Y,N,Resilience4j + idempotency + retry,Actuator + Micrometer + OpenTelemetry,JUnit 5 + Testcontainers + ArchUnit + Spring Cloud Contract,OCI image + layered Spring Boot JAR,experimentation-05,retail-experimentation,PLANNED
129,956,76,experimentation,svc-0756,experimentation-06,ADMIN_API_SERVICE,team-076,25,4.1.1,Gradle,9,Kotlin,Executable JAR,com.agilearning.retail.experimentation.service0756,Experimentation06Application,applications/backend/services/experimentation/experimentation-06,/api/v1/experimentation/06,INTERNAL_AUTHORIZED,,retail-admin-web,Spring MVC,REST + OpenAPI 3.1,Spring Security OAuth2 Resource Server,Spring Data JDBC,PostgreSQL 18.6,experimentation_svc_06,experimentation,Flyway,10,10,0,3,0,3,0,0,Y,N,Y,N,Resilience4j + idempotency + retry,Actuator + Micrometer + OpenTelemetry,JUnit 5 + Testcontainers + ArchUnit + Spring Cloud Contract,OCI image + layered Spring Boot JAR,experimentation-06,retail-experimentation,PLANNED
129,957,76,experimentation,svc-0757,experimentation-07,ADMIN_API_SERVICE,team-076,25,4.1.1,Gradle,9,Kotlin,Executable JAR,com.agilearning.retail.experimentation.service0757,Experimentation07Application,applications/backend/services/experimentation/experimentation-07,/api/v1/experimentation/07,INTERNAL_AUTHORIZED,,retail-admin-web,Spring MVC,REST + OpenAPI 3.1,Spring Security OAuth2 Resource Server,Spring Data JDBC,PostgreSQL 18.6,experimentation_svc_07,experimentation,Flyway,10,10,0,3,0,3,0,0,Y,N,Y,N,Resilience4j + idempotency + retry,Actuator + Micrometer + OpenTelemetry,JUnit 5 + Testcontainers + ArchUnit + Spring Cloud Contract,OCI image + layered Spring Boot JAR,experimentation-07,retail-experimentation,PLANNED
129,958,76,experimentation,svc-0758,experimentation-08,ADMIN_API_SERVICE,team-076,25,4.1.1,Gradle,9,Kotlin,Executable JAR,com.agilearning.retail.experimentation.service0758,Experimentation08Application,applications/backend/services/experimentation/experimentation-08,/api/v1/experimentation/08,INTERNAL_AUTHORIZED,,retail-admin-web,Spring MVC,REST + OpenAPI 3.1,Spring Security OAuth2 Resource Server,Spring Data JDBC,PostgreSQL 18.6,experimentation_svc_08,experimentation,Flyway,10,10,0,6,0,6,0,0,Y,N,Y,N,Resilience4j + idempotency + retry,Actuator + Micrometer + OpenTelemetry,JUnit 5 + Testcontainers + ArchUnit + Spring Cloud Contract,OCI image + layered Spring Boot JAR,experimentation-08,retail-experimentation,PLANNED
129,959,76,experimentation,svc-0759,experimentation-09,ADMIN_API_SERVICE,team-076,25,4.1.1,Gradle,9,Kotlin,Executable JAR,com.agilearning.retail.experimentation.service0759,Experimentation09Application,applications/backend/services/experimentation/experimentation-09,/api/v1/experimentation/09,INTERNAL_AUTHORIZED,,retail-admin-web,Spring MVC,REST + OpenAPI 3.1,Spring Security OAuth2 Resource Server,Spring Data JDBC,PostgreSQL 18.6,experimentation_svc_09,experimentation,Flyway,10,10,0,3,0,3,0,0,Y,N,Y,N,Resilience4j + idempotency + retry,Actuator + Micrometer + OpenTelemetry,JUnit 5 + Testcontainers + ArchUnit + Spring Cloud Contract,OCI image + layered Spring Boot JAR,experimentation-09,retail-experimentation,PLANNED
129,960,76,experimentation,svc-0760,experimentation-10,ADMIN_API_SERVICE,team-076,25,4.1.1,Gradle,9,Kotlin,Executable JAR,com.agilearning.retail.experimentation.service0760,Experimentation10Application,applications/backend/services/experimentation/experimentation-10,/api/v1/experimentation/10,INTERNAL_AUTHORIZED,,retail-admin-web,Spring MVC,REST + OpenAPI 3.1,Spring Security OAuth2 Resource Server,Spring Data JDBC,PostgreSQL 18.6,experimentation_svc_10,experimentation,Flyway,10,10,0,6,0,6,0,0,Y,N,Y,N,Resilience4j + idempotency + retry,Actuator + Micrometer + OpenTelemetry,JUnit 5 + Testcontainers + ArchUnit + Spring Cloud Contract,OCI image + layered Spring Boot JAR,experimentation-10,retail-experimentation,PLANNED
129,961,77,feature_store,svc-0761,feature_store-01,INTERNAL_PLATFORM_SERVICE,team-077,25,4.1.1,Gradle,9,Kotlin,Executable JAR,com.agilearning.retail.featurestore.service0761,Feature_store01Application,applications/backend/services/feature_store/feature_store-01,/api/v1/feature_store/01,INTERNAL_AUTHORIZED,,,Spring MVC,REST + OpenAPI 3.1,Spring Security OAuth2 Resource Server,Spring Data JDBC,PostgreSQL 18.6,feature_store_svc_01,feature_store,Flyway,10,10,0,9,2,9,2,0,Y,Y,Y,Y,Resilience4j + idempotency + retry,Actuator + Micrometer + OpenTelemetry,JUnit 5 + Testcontainers + ArchUnit + Spring Cloud Contract,OCI image + layered Spring Boot JAR,feature_store-01,retail-feature_store,PLANNED
129,962,77,feature_store,svc-0762,feature_store-02,INTERNAL_PLATFORM_SERVICE,team-077,25,4.1.1,Gradle,9,Kotlin,Executable JAR,com.agilearning.retail.featurestore.service0762,Feature_store02Application,applications/backend/services/feature_store/feature_store-02,/api/v1/feature_store/02,INTERNAL_AUTHORIZED,,,Spring MVC,REST + OpenAPI 3.1,Spring Security OAuth2 Resource Server,Spring Data JDBC,PostgreSQL 18.6,feature_store_svc_02,feature_store,Flyway,10,10,0,9,2,9,2,0,Y,Y,Y,Y,Resilience4j + idempotency + retry,Actuator + Micrometer + OpenTelemetry,JUnit 5 + Testcontainers + ArchUnit + Spring Cloud Contract,OCI image + layered Spring Boot JAR,feature_store-02,retail-feature_store,PLANNED
129,963,77,feature_store,svc-0763,feature_store-03,INTERNAL_PLATFORM_SERVICE,team-077,25,4.1.1,Gradle,9,Kotlin,Executable JAR,com.agilearning.retail.featurestore.service0763,Feature_store03Application,applications/backend/services/feature_store/feature_store-03,/api/v1/feature_store/03,INTERNAL_AUTHORIZED,,,Spring MVC,REST + OpenAPI 3.1,Spring Security OAuth2 Resource Server,Spring Data JDBC,PostgreSQL 18.6,feature_store_svc_03,feature_store,Flyway,10,10,0,9,2,9,2,0,Y,Y,Y,Y,Resilience4j + idempotency + retry,Actuator + Micrometer + OpenTelemetry,JUnit 5 + Testcontainers + ArchUnit + Spring Cloud Contract,OCI image + layered Spring Boot JAR,feature_store-03,retail-feature_store,PLANNED
129,964,77,feature_store,svc-0764,feature_store-04,INTERNAL_PLATFORM_SERVICE,team-077,25,4.1.1,Gradle,9,Kotlin,Executable JAR,com.agilearning.retail.featurestore.service0764,Feature_store04Application,applications/backend/services/feature_store/feature_store-04,/api/v1/feature_store/04,INTERNAL_AUTHORIZED,,,Spring MVC,REST + OpenAPI 3.1,Spring Security OAuth2 Resource Server,Spring Data JDBC,PostgreSQL 18.6,feature_store_svc_04,feature_store,Flyway,10,10,0,6,2,6,2,0,Y,Y,Y,Y,Resilience4j + idempotency + retry,Actuator + Micrometer + OpenTelemetry,JUnit 5 + Testcontainers + ArchUnit + Spring Cloud Contract,OCI image + layered Spring Boot JAR,feature_store-04,retail-feature_store,PLANNED
129,965,77,feature_store,svc-0765,feature_store-05,INTERNAL_PLATFORM_SERVICE,team-077,25,4.1.1,Gradle,9,Kotlin,Executable JAR,com.agilearning.retail.featurestore.service0765,Feature_store05Application,applications/backend/services/feature_store/feature_store-05,/api/v1/feature_store/05,INTERNAL_AUTHORIZED,,,Spring MVC,REST + OpenAPI 3.1,Spring Security OAuth2 Resource Server,Spring Data JDBC,PostgreSQL 18.6,feature_store_svc_05,feature_store,Flyway,10,10,0,6,2,6,2,0,Y,Y,Y,Y,Resilience4j + idempotency + retry,Actuator + Micrometer + OpenTelemetry,JUnit 5 + Testcontainers + ArchUnit + Spring Cloud Contract,OCI image + layered Spring Boot JAR,feature_store-05,retail-feature_store,PLANNED
129,966,77,feature_store,svc-0766,feature_store-06,INTERNAL_PLATFORM_SERVICE,team-077,25,4.1.1,Gradle,9,Kotlin,Executable JAR,com.agilearning.retail.featurestore.service0766,Feature_store06Application,applications/backend/services/feature_store/feature_store-06,/api/v1/feature_store/06,INTERNAL_AUTHORIZED,,,Spring MVC,REST + OpenAPI 3.1,Spring Security OAuth2 Resource Server,Spring Data JDBC,PostgreSQL 18.6,feature_store_svc_06,feature_store,Flyway,10,10,0,3,2,3,2,0,Y,Y,Y,Y,Resilience4j + idempotency + retry,Actuator + Micrometer + OpenTelemetry,JUnit 5 + Testcontainers + ArchUnit + Spring Cloud Contract,OCI image + layered Spring Boot JAR,feature_store-06,retail-feature_store,PLANNED
129,967,77,feature_store,svc-0767,feature_store-07,INTERNAL_PLATFORM_SERVICE,team-077,25,4.1.1,Gradle,9,Kotlin,Executable JAR,com.agilearning.retail.featurestore.service0767,Feature_store07Application,applications/backend/services/feature_store/feature_store-07,/api/v1/feature_store/07,INTERNAL_AUTHORIZED,,,Spring MVC,REST + OpenAPI 3.1,Spring Security OAuth2 Resource Server,Spring Data JDBC,PostgreSQL 18.6,feature_store_svc_07,feature_store,Flyway,10,10,0,3,2,3,2,0,Y,Y,Y,Y,Resilience4j + idempotency + retry,Actuator + Micrometer + OpenTelemetry,JUnit 5 + Testcontainers + ArchUnit + Spring Cloud Contract,OCI image + layered Spring Boot JAR,feature_store-07,retail-feature_store,PLANNED
129,968,77,feature_store,svc-0768,feature_store-08,INTERNAL_PLATFORM_SERVICE,team-077,25,4.1.1,Gradle,9,Kotlin,Executable JAR,com.agilearning.retail.featurestore.service0768,Feature_store08Application,applications/backend/services/feature_store/feature_store-08,/api/v1/feature_store/08,INTERNAL_AUTHORIZED,,,Spring MVC,REST + OpenAPI 3.1,Spring Security OAuth2 Resource Server,Spring Data JDBC,PostgreSQL 18.6,feature_store_svc_08,feature_store,Flyway,10,10,0,6,2,6,2,0,Y,Y,Y,Y,Resilience4j + idempotency + retry,Actuator + Micrometer + OpenTelemetry,JUnit 5 + Testcontainers + ArchUnit + Spring Cloud Contract,OCI image + layered Spring Boot JAR,feature_store-08,retail-feature_store,PLANNED
129,969,77,feature_store,svc-0769,feature_store-09,INTERNAL_PLATFORM_SERVICE,team-077,25,4.1.1,Gradle,9,Kotlin,Executable JAR,com.agilearning.retail.featurestore.service0769,Feature_store09Application,applications/backend/services/feature_store/feature_store-09,/api/v1/feature_store/09,INTERNAL_AUTHORIZED,,,Spring MVC,REST + OpenAPI 3.1,Spring Security OAuth2 Resource Server,Spring Data JDBC,PostgreSQL 18.6,feature_store_svc_09,feature_store,Flyway,10,10,0,3,2,3,2,0,Y,Y,Y,Y,Resilience4j + idempotency + retry,Actuator + Micrometer + OpenTelemetry,JUnit 5 + Testcontainers + ArchUnit + Spring Cloud Contract,OCI image + layered Spring Boot JAR,feature_store-09,retail-feature_store,PLANNED
129,970,77,feature_store,svc-0770,feature_store-10,INTERNAL_PLATFORM_SERVICE,team-077,25,4.1.1,Gradle,9,Kotlin,Executable JAR,com.agilearning.retail.featurestore.service0770,Feature_store10Application,applications/backend/services/feature_store/feature_store-10,/api/v1/feature_store/10,INTERNAL_AUTHORIZED,,,Spring MVC,REST + OpenAPI 3.1,Spring Security OAuth2 Resource Server,Spring Data JDBC,PostgreSQL 18.6,feature_store_svc_10,feature_store,Flyway,10,10,0,6,2,6,2,0,Y,Y,Y,Y,Resilience4j + idempotency + retry,Actuator + Micrometer + OpenTelemetry,JUnit 5 + Testcontainers + ArchUnit + Spring Cloud Contract,OCI image + layered Spring Boot JAR,feature_store-10,retail-feature_store,PLANNED
129,971,78,ml,svc-0771,ml-01,INTERNAL_PLATFORM_SERVICE,team-078,25,4.1.1,Gradle,9,Kotlin,Executable JAR,com.agilearning.retail.ml.service0771,Ml01Application,applications/backend/services/ml/ml-01,/api/v1/ml/01,INTERNAL_AUTHORIZED,,,Spring MVC,REST + OpenAPI 3.1,Spring Security OAuth2 Resource Server,Spring Data JDBC,PostgreSQL 18.6,ml_svc_01,ml,Flyway,10,10,0,9,4,9,4,0,Y,Y,Y,Y,Resilience4j + idempotency + retry,Actuator + Micrometer + OpenTelemetry,JUnit 5 + Testcontainers + ArchUnit + Spring Cloud Contract,OCI image + layered Spring Boot JAR,ml-01,retail-ml,PLANNED
129,972,78,ml,svc-0772,ml-02,INTERNAL_PLATFORM_SERVICE,team-078,25,4.1.1,Gradle,9,Kotlin,Executable JAR,com.agilearning.retail.ml.service0772,Ml02Application,applications/backend/services/ml/ml-02,/api/v1/ml/02,INTERNAL_AUTHORIZED,,,Spring MVC,REST + OpenAPI 3.1,Spring Security OAuth2 Resource Server,Spring Data JDBC,PostgreSQL 18.6,ml_svc_02,ml,Flyway,10,10,0,9,4,9,4,0,Y,Y,Y,Y,Resilience4j + idempotency + retry,Actuator + Micrometer + OpenTelemetry,JUnit 5 + Testcontainers + ArchUnit + Spring Cloud Contract,OCI image + layered Spring Boot JAR,ml-02,retail-ml,PLANNED
129,973,78,ml,svc-0773,ml-03,INTERNAL_PLATFORM_SERVICE,team-078,25,4.1.1,Gradle,9,Kotlin,Executable JAR,com.agilearning.retail.ml.service0773,Ml03Application,applications/backend/services/ml/ml-03,/api/v1/ml/03,INTERNAL_AUTHORIZED,,,Spring MVC,REST + OpenAPI 3.1,Spring Security OAuth2 Resource Server,Spring Data JDBC,PostgreSQL 18.6,ml_svc_03,ml,Flyway,10,10,0,9,4,9,4,0,Y,Y,Y,Y,Resilience4j + idempotency + retry,Actuator + Micrometer + OpenTelemetry,JUnit 5 + Testcontainers + ArchUnit + Spring Cloud Contract,OCI image + layered Spring Boot JAR,ml-03,retail-ml,PLANNED
129,974,78,ml,svc-0774,ml-04,INTERNAL_PLATFORM_SERVICE,team-078,25,4.1.1,Gradle,9,Kotlin,Executable JAR,com.agilearning.retail.ml.service0774,Ml04Application,applications/backend/services/ml/ml-04,/api/v1/ml/04,INTERNAL_AUTHORIZED,,,Spring MVC,REST + OpenAPI 3.1,Spring Security OAuth2 Resource Server,Spring Data JDBC,PostgreSQL 18.6,ml_svc_04,ml,Flyway,10,10,0,6,4,6,4,0,Y,Y,Y,Y,Resilience4j + idempotency + retry,Actuator + Micrometer + OpenTelemetry,JUnit 5 + Testcontainers + ArchUnit + Spring Cloud Contract,OCI image + layered Spring Boot JAR,ml-04,retail-ml,PLANNED
129,975,78,ml,svc-0775,ml-05,INTERNAL_PLATFORM_SERVICE,team-078,25,4.1.1,Gradle,9,Kotlin,Executable JAR,com.agilearning.retail.ml.service0775,Ml05Application,applications/backend/services/ml/ml-05,/api/v1/ml/05,INTERNAL_AUTHORIZED,,,Spring MVC,REST + OpenAPI 3.1,Spring Security OAuth2 Resource Server,Spring Data JDBC,PostgreSQL 18.6,ml_svc_05,ml,Flyway,10,10,0,6,4,6,4,0,Y,Y,Y,Y,Resilience4j + idempotency + retry,Actuator + Micrometer + OpenTelemetry,JUnit 5 + Testcontainers + ArchUnit + Spring Cloud Contract,OCI image + layered Spring Boot JAR,ml-05,retail-ml,PLANNED
129,976,78,ml,svc-0776,ml-06,INTERNAL_PLATFORM_SERVICE,team-078,25,4.1.1,Gradle,9,Kotlin,Executable JAR,com.agilearning.retail.ml.service0776,Ml06Application,applications/backend/services/ml/ml-06,/api/v1/ml/06,INTERNAL_AUTHORIZED,,,Spring MVC,REST + OpenAPI 3.1,Spring Security OAuth2 Resource Server,Spring Data JDBC,PostgreSQL 18.6,ml_svc_06,ml,Flyway,10,10,0,3,4,3,4,0,Y,Y,Y,Y,Resilience4j + idempotency + retry,Actuator + Micrometer + OpenTelemetry,JUnit 5 + Testcontainers + ArchUnit + Spring Cloud Contract,OCI image + layered Spring Boot JAR,ml-06,retail-ml,PLANNED
129,977,78,ml,svc-0777,ml-07,INTERNAL_PLATFORM_SERVICE,team-078,25,4.1.1,Gradle,9,Kotlin,Executable JAR,com.agilearning.retail.ml.service0777,Ml07Application,applications/backend/services/ml/ml-07,/api/v1/ml/07,INTERNAL_AUTHORIZED,,,Spring MVC,REST + OpenAPI 3.1,Spring Security OAuth2 Resource Server,Spring Data JDBC,PostgreSQL 18.6,ml_svc_07,ml,Flyway,10,10,0,3,4,3,4,0,Y,Y,Y,Y,Resilience4j + idempotency + retry,Actuator + Micrometer + OpenTelemetry,JUnit 5 + Testcontainers + ArchUnit + Spring Cloud Contract,OCI image + layered Spring Boot JAR,ml-07,retail-ml,PLANNED
129,978,78,ml,svc-0778,ml-08,INTERNAL_PLATFORM_SERVICE,team-078,25,4.1.1,Gradle,9,Kotlin,Executable JAR,com.agilearning.retail.ml.service0778,Ml08Application,applications/backend/services/ml/ml-08,/api/v1/ml/08,INTERNAL_AUTHORIZED,,,Spring MVC,REST + OpenAPI 3.1,Spring Security OAuth2 Resource Server,Spring Data JDBC,PostgreSQL 18.6,ml_svc_08,ml,Flyway,10,10,0,6,4,6,4,0,Y,Y,Y,Y,Resilience4j + idempotency + retry,Actuator + Micrometer + OpenTelemetry,JUnit 5 + Testcontainers + ArchUnit + Spring Cloud Contract,OCI image + layered Spring Boot JAR,ml-08,retail-ml,PLANNED
129,979,78,ml,svc-0779,ml-09,INTERNAL_PLATFORM_SERVICE,team-078,25,4.1.1,Gradle,9,Kotlin,Executable JAR,com.agilearning.retail.ml.service0779,Ml09Application,applications/backend/services/ml/ml-09,/api/v1/ml/09,INTERNAL_AUTHORIZED,,,Spring MVC,REST + OpenAPI 3.1,Spring Security OAuth2 Resource Server,Spring Data JDBC,PostgreSQL 18.6,ml_svc_09,ml,Flyway,10,10,0,3,4,3,4,0,Y,Y,Y,Y,Resilience4j + idempotency + retry,Actuator + Micrometer + OpenTelemetry,JUnit 5 + Testcontainers + ArchUnit + Spring Cloud Contract,OCI image + layered Spring Boot JAR,ml-09,retail-ml,PLANNED
129,980,78,ml,svc-0780,ml-10,INTERNAL_PLATFORM_SERVICE,team-078,25,4.1.1,Gradle,9,Kotlin,Executable JAR,com.agilearning.retail.ml.service0780,Ml10Application,applications/backend/services/ml/ml-10,/api/v1/ml/10,INTERNAL_AUTHORIZED,,,Spring MVC,REST + OpenAPI 3.1,Spring Security OAuth2 Resource Server,Spring Data JDBC,PostgreSQL 18.6,ml_svc_10,ml,Flyway,10,10,0,6,4,6,4,0,Y,Y,Y,Y,Resilience4j + idempotency + retry,Actuator + Micrometer + OpenTelemetry,JUnit 5 + Testcontainers + ArchUnit + Spring Cloud Contract,OCI image + layered Spring Boot JAR,ml-10,retail-ml,PLANNED
129,981,79,personalization,svc-0781,personalization-01,CUSTOMER_API_SERVICE,team-079,25,4.1.1,Gradle,9,Kotlin,Executable JAR,com.agilearning.retail.personalization.service0781,Personalization01Application,applications/backend/services/personalization/personalization-01,/api/v1/personalization/01,PUBLIC_AUTHENTICATED,retail-customer-web,,Spring MVC,REST + OpenAPI 3.1,Spring Security OAuth2 Resource Server,Spring Data JDBC,PostgreSQL 18.6,personalization_svc_01,personalization,Flyway,10,10,0,9,2,9,2,0,Y,Y,Y,Y,Resilience4j + idempotency + retry,Actuator + Micrometer + OpenTelemetry,JUnit 5 + Testcontainers + ArchUnit + Spring Cloud Contract,OCI image + layered Spring Boot JAR,personalization-01,retail-personalization,PLANNED
129,982,79,personalization,svc-0782,personalization-02,CUSTOMER_API_SERVICE,team-079,25,4.1.1,Gradle,9,Kotlin,Executable JAR,com.agilearning.retail.personalization.service0782,Personalization02Application,applications/backend/services/personalization/personalization-02,/api/v1/personalization/02,PUBLIC_AUTHENTICATED,retail-customer-web,,Spring MVC,REST + OpenAPI 3.1,Spring Security OAuth2 Resource Server,Spring Data JDBC,PostgreSQL 18.6,personalization_svc_02,personalization,Flyway,10,10,0,9,2,9,2,0,Y,Y,Y,Y,Resilience4j + idempotency + retry,Actuator + Micrometer + OpenTelemetry,JUnit 5 + Testcontainers + ArchUnit + Spring Cloud Contract,OCI image + layered Spring Boot JAR,personalization-02,retail-personalization,PLANNED
129,983,79,personalization,svc-0783,personalization-03,CUSTOMER_API_SERVICE,team-079,25,4.1.1,Gradle,9,Kotlin,Executable JAR,com.agilearning.retail.personalization.service0783,Personalization03Application,applications/backend/services/personalization/personalization-03,/api/v1/personalization/03,PUBLIC_AUTHENTICATED,retail-customer-web,,Spring MVC,REST + OpenAPI 3.1,Spring Security OAuth2 Resource Server,Spring Data JDBC,PostgreSQL 18.6,personalization_svc_03,personalization,Flyway,10,10,0,9,2,9,2,0,Y,Y,Y,Y,Resilience4j + idempotency + retry,Actuator + Micrometer + OpenTelemetry,JUnit 5 + Testcontainers + ArchUnit + Spring Cloud Contract,OCI image + layered Spring Boot JAR,personalization-03,retail-personalization,PLANNED
129,984,79,personalization,svc-0784,personalization-04,CUSTOMER_API_SERVICE,team-079,25,4.1.1,Gradle,9,Kotlin,Executable JAR,com.agilearning.retail.personalization.service0784,Personalization04Application,applications/backend/services/personalization/personalization-04,/api/v1/personalization/04,PUBLIC_AUTHENTICATED,retail-customer-web,,Spring MVC,REST + OpenAPI 3.1,Spring Security OAuth2 Resource Server,Spring Data JDBC,PostgreSQL 18.6,personalization_svc_04,personalization,Flyway,10,10,0,6,2,6,2,0,Y,Y,Y,Y,Resilience4j + idempotency + retry,Actuator + Micrometer + OpenTelemetry,JUnit 5 + Testcontainers + ArchUnit + Spring Cloud Contract,OCI image + layered Spring Boot JAR,personalization-04,retail-personalization,PLANNED
129,985,79,personalization,svc-0785,personalization-05,CUSTOMER_API_SERVICE,team-079,25,4.1.1,Gradle,9,Kotlin,Executable JAR,com.agilearning.retail.personalization.service0785,Personalization05Application,applications/backend/services/personalization/personalization-05,/api/v1/personalization/05,PUBLIC_AUTHENTICATED,retail-customer-web,,Spring MVC,REST + OpenAPI 3.1,Spring Security OAuth2 Resource Server,Spring Data JDBC,PostgreSQL 18.6,personalization_svc_05,personalization,Flyway,10,10,0,6,2,6,2,0,Y,Y,Y,Y,Resilience4j + idempotency + retry,Actuator + Micrometer + OpenTelemetry,JUnit 5 + Testcontainers + ArchUnit + Spring Cloud Contract,OCI image + layered Spring Boot JAR,personalization-05,retail-personalization,PLANNED
129,986,79,personalization,svc-0786,personalization-06,CUSTOMER_API_SERVICE,team-079,25,4.1.1,Gradle,9,Kotlin,Executable JAR,com.agilearning.retail.personalization.service0786,Personalization06Application,applications/backend/services/personalization/personalization-06,/api/v1/personalization/06,PUBLIC_AUTHENTICATED,retail-customer-web,,Spring MVC,REST + OpenAPI 3.1,Spring Security OAuth2 Resource Server,Spring Data JDBC,PostgreSQL 18.6,personalization_svc_06,personalization,Flyway,10,10,0,3,2,3,2,0,Y,Y,Y,Y,Resilience4j + idempotency + retry,Actuator + Micrometer + OpenTelemetry,JUnit 5 + Testcontainers + ArchUnit + Spring Cloud Contract,OCI image + layered Spring Boot JAR,personalization-06,retail-personalization,PLANNED
129,987,79,personalization,svc-0787,personalization-07,CUSTOMER_API_SERVICE,team-079,25,4.1.1,Gradle,9,Kotlin,Executable JAR,com.agilearning.retail.personalization.service0787,Personalization07Application,applications/backend/services/personalization/personalization-07,/api/v1/personalization/07,PUBLIC_AUTHENTICATED,retail-customer-web,,Spring MVC,REST + OpenAPI 3.1,Spring Security OAuth2 Resource Server,Spring Data JDBC,PostgreSQL 18.6,personalization_svc_07,personalization,Flyway,10,10,0,3,2,3,2,0,Y,Y,Y,Y,Resilience4j + idempotency + retry,Actuator + Micrometer + OpenTelemetry,JUnit 5 + Testcontainers + ArchUnit + Spring Cloud Contract,OCI image + layered Spring Boot JAR,personalization-07,retail-personalization,PLANNED
129,988,79,personalization,svc-0788,personalization-08,CUSTOMER_API_SERVICE,team-079,25,4.1.1,Gradle,9,Kotlin,Executable JAR,com.agilearning.retail.personalization.service0788,Personalization08Application,applications/backend/services/personalization/personalization-08,/api/v1/personalization/08,PUBLIC_AUTHENTICATED,retail-customer-web,,Spring MVC,REST + OpenAPI 3.1,Spring Security OAuth2 Resource Server,Spring Data JDBC,PostgreSQL 18.6,personalization_svc_08,personalization,Flyway,10,10,0,6,2,6,2,0,Y,Y,Y,Y,Resilience4j + idempotency + retry,Actuator + Micrometer + OpenTelemetry,JUnit 5 + Testcontainers + ArchUnit + Spring Cloud Contract,OCI image + layered Spring Boot JAR,personalization-08,retail-personalization,PLANNED
129,989,79,personalization,svc-0789,personalization-09,CUSTOMER_API_SERVICE,team-079,25,4.1.1,Gradle,9,Kotlin,Executable JAR,com.agilearning.retail.personalization.service0789,Personalization09Application,applications/backend/services/personalization/personalization-09,/api/v1/personalization/09,PUBLIC_AUTHENTICATED,retail-customer-web,,Spring MVC,REST + OpenAPI 3.1,Spring Security OAuth2 Resource Server,Spring Data JDBC,PostgreSQL 18.6,personalization_svc_09,personalization,Flyway,10,10,0,3,2,3,2,0,Y,Y,Y,Y,Resilience4j + idempotency + retry,Actuator + Micrometer + OpenTelemetry,JUnit 5 + Testcontainers + ArchUnit + Spring Cloud Contract,OCI image + layered Spring Boot JAR,personalization-09,retail-personalization,PLANNED
129,990,79,personalization,svc-0790,personalization-10,CUSTOMER_API_SERVICE,team-079,25,4.1.1,Gradle,9,Kotlin,Executable JAR,com.agilearning.retail.personalization.service0790,Personalization10Application,applications/backend/services/personalization/personalization-10,/api/v1/personalization/10,PUBLIC_AUTHENTICATED,retail-customer-web,,Spring MVC,REST + OpenAPI 3.1,Spring Security OAuth2 Resource Server,Spring Data JDBC,PostgreSQL 18.6,personalization_svc_10,personalization,Flyway,10,10,0,6,2,6,2,0,Y,Y,Y,Y,Resilience4j + idempotency + retry,Actuator + Micrometer + OpenTelemetry,JUnit 5 + Testcontainers + ArchUnit + Spring Cloud Contract,OCI image + layered Spring Boot JAR,personalization-10,retail-personalization,PLANNED
129,991,80,forecasting,svc-0791,forecasting-01,ADMIN_API_SERVICE,team-080,25,4.1.1,Gradle,9,Kotlin,Executable JAR,com.agilearning.retail.forecasting.service0791,Forecasting01Application,applications/backend/services/forecasting/forecasting-01,/api/v1/forecasting/01,INTERNAL_AUTHORIZED,,retail-admin-web,Spring MVC,REST + OpenAPI 3.1,Spring Security OAuth2 Resource Server,Spring Data JDBC,PostgreSQL 18.6,forecasting_svc_01,forecasting,Flyway,10,10,0,9,4,9,4,0,Y,Y,Y,Y,Resilience4j + idempotency + retry,Actuator + Micrometer + OpenTelemetry,JUnit 5 + Testcontainers + ArchUnit + Spring Cloud Contract,OCI image + layered Spring Boot JAR,forecasting-01,retail-forecasting,PLANNED
129,992,80,forecasting,svc-0792,forecasting-02,ADMIN_API_SERVICE,team-080,25,4.1.1,Gradle,9,Kotlin,Executable JAR,com.agilearning.retail.forecasting.service0792,Forecasting02Application,applications/backend/services/forecasting/forecasting-02,/api/v1/forecasting/02,INTERNAL_AUTHORIZED,,retail-admin-web,Spring MVC,REST + OpenAPI 3.1,Spring Security OAuth2 Resource Server,Spring Data JDBC,PostgreSQL 18.6,forecasting_svc_02,forecasting,Flyway,10,10,0,9,4,9,4,0,Y,Y,Y,Y,Resilience4j + idempotency + retry,Actuator + Micrometer + OpenTelemetry,JUnit 5 + Testcontainers + ArchUnit + Spring Cloud Contract,OCI image + layered Spring Boot JAR,forecasting-02,retail-forecasting,PLANNED
129,993,80,forecasting,svc-0793,forecasting-03,ADMIN_API_SERVICE,team-080,25,4.1.1,Gradle,9,Kotlin,Executable JAR,com.agilearning.retail.forecasting.service0793,Forecasting03Application,applications/backend/services/forecasting/forecasting-03,/api/v1/forecasting/03,INTERNAL_AUTHORIZED,,retail-admin-web,Spring MVC,REST + OpenAPI 3.1,Spring Security OAuth2 Resource Server,Spring Data JDBC,PostgreSQL 18.6,forecasting_svc_03,forecasting,Flyway,10,10,0,9,4,9,4,0,Y,Y,Y,Y,Resilience4j + idempotency + retry,Actuator + Micrometer + OpenTelemetry,JUnit 5 + Testcontainers + ArchUnit + Spring Cloud Contract,OCI image + layered Spring Boot JAR,forecasting-03,retail-forecasting,PLANNED
129,994,80,forecasting,svc-0794,forecasting-04,ADMIN_API_SERVICE,team-080,25,4.1.1,Gradle,9,Kotlin,Executable JAR,com.agilearning.retail.forecasting.service0794,Forecasting04Application,applications/backend/services/forecasting/forecasting-04,/api/v1/forecasting/04,INTERNAL_AUTHORIZED,,retail-admin-web,Spring MVC,REST + OpenAPI 3.1,Spring Security OAuth2 Resource Server,Spring Data JDBC,PostgreSQL 18.6,forecasting_svc_04,forecasting,Flyway,10,10,0,6,4,6,4,0,Y,Y,Y,Y,Resilience4j + idempotency + retry,Actuator + Micrometer + OpenTelemetry,JUnit 5 + Testcontainers + ArchUnit + Spring Cloud Contract,OCI image + layered Spring Boot JAR,forecasting-04,retail-forecasting,PLANNED
129,995,80,forecasting,svc-0795,forecasting-05,ADMIN_API_SERVICE,team-080,25,4.1.1,Gradle,9,Kotlin,Executable JAR,com.agilearning.retail.forecasting.service0795,Forecasting05Application,applications/backend/services/forecasting/forecasting-05,/api/v1/forecasting/05,INTERNAL_AUTHORIZED,,retail-admin-web,Spring MVC,REST + OpenAPI 3.1,Spring Security OAuth2 Resource Server,Spring Data JDBC,PostgreSQL 18.6,forecasting_svc_05,forecasting,Flyway,10,10,0,6,4,6,4,0,Y,Y,Y,Y,Resilience4j + idempotency + retry,Actuator + Micrometer + OpenTelemetry,JUnit 5 + Testcontainers + ArchUnit + Spring Cloud Contract,OCI image + layered Spring Boot JAR,forecasting-05,retail-forecasting,PLANNED
129,996,80,forecasting,svc-0796,forecasting-06,ADMIN_API_SERVICE,team-080,25,4.1.1,Gradle,9,Kotlin,Executable JAR,com.agilearning.retail.forecasting.service0796,Forecasting06Application,applications/backend/services/forecasting/forecasting-06,/api/v1/forecasting/06,INTERNAL_AUTHORIZED,,retail-admin-web,Spring MVC,REST + OpenAPI 3.1,Spring Security OAuth2 Resource Server,Spring Data JDBC,PostgreSQL 18.6,forecasting_svc_06,forecasting,Flyway,10,10,0,3,4,3,4,0,Y,Y,Y,Y,Resilience4j + idempotency + retry,Actuator + Micrometer + OpenTelemetry,JUnit 5 + Testcontainers + ArchUnit + Spring Cloud Contract,OCI image + layered Spring Boot JAR,forecasting-06,retail-forecasting,PLANNED
129,997,80,forecasting,svc-0797,forecasting-07,ADMIN_API_SERVICE,team-080,25,4.1.1,Gradle,9,Kotlin,Executable JAR,com.agilearning.retail.forecasting.service0797,Forecasting07Application,applications/backend/services/forecasting/forecasting-07,/api/v1/forecasting/07,INTERNAL_AUTHORIZED,,retail-admin-web,Spring MVC,REST + OpenAPI 3.1,Spring Security OAuth2 Resource Server,Spring Data JDBC,PostgreSQL 18.6,forecasting_svc_07,forecasting,Flyway,10,10,0,3,4,3,4,0,Y,Y,Y,Y,Resilience4j + idempotency + retry,Actuator + Micrometer + OpenTelemetry,JUnit 5 + Testcontainers + ArchUnit + Spring Cloud Contract,OCI image + layered Spring Boot JAR,forecasting-07,retail-forecasting,PLANNED
129,998,80,forecasting,svc-0798,forecasting-08,ADMIN_API_SERVICE,team-080,25,4.1.1,Gradle,9,Kotlin,Executable JAR,com.agilearning.retail.forecasting.service0798,Forecasting08Application,applications/backend/services/forecasting/forecasting-08,/api/v1/forecasting/08,INTERNAL_AUTHORIZED,,retail-admin-web,Spring MVC,REST + OpenAPI 3.1,Spring Security OAuth2 Resource Server,Spring Data JDBC,PostgreSQL 18.6,forecasting_svc_08,forecasting,Flyway,10,10,0,6,4,6,4,0,Y,Y,Y,Y,Resilience4j + idempotency + retry,Actuator + Micrometer + OpenTelemetry,JUnit 5 + Testcontainers + ArchUnit + Spring Cloud Contract,OCI image + layered Spring Boot JAR,forecasting-08,retail-forecasting,PLANNED
129,999,80,forecasting,svc-0799,forecasting-09,ADMIN_API_SERVICE,team-080,25,4.1.1,Gradle,9,Kotlin,Executable JAR,com.agilearning.retail.forecasting.service0799,Forecasting09Application,applications/backend/services/forecasting/forecasting-09,/api/v1/forecasting/09,INTERNAL_AUTHORIZED,,retail-admin-web,Spring MVC,REST + OpenAPI 3.1,Spring Security OAuth2 Resource Server,Spring Data JDBC,PostgreSQL 18.6,forecasting_svc_09,forecasting,Flyway,10,10,0,3,4,3,4,0,Y,Y,Y,Y,Resilience4j + idempotency + retry,Actuator + Micrometer + OpenTelemetry,JUnit 5 + Testcontainers + ArchUnit + Spring Cloud Contract,OCI image + layered Spring Boot JAR,forecasting-09,retail-forecasting,PLANNED
129,1000,80,forecasting,svc-0800,forecasting-10,ADMIN_API_SERVICE,team-080,25,4.1.1,Gradle,9,Kotlin,Executable JAR,com.agilearning.retail.forecasting.service0800,Forecasting10Application,applications/backend/services/forecasting/forecasting-10,/api/v1/forecasting/10,INTERNAL_AUTHORIZED,,retail-admin-web,Spring MVC,REST + OpenAPI 3.1,Spring Security OAuth2 Resource Server,Spring Data JDBC,PostgreSQL 18.6,forecasting_svc_10,forecasting,Flyway,10,10,0,6,4,6,4,0,Y,Y,Y,Y,Resilience4j + idempotency + retry,Actuator + Micrometer + OpenTelemetry,JUnit 5 + Testcontainers + ArchUnit + Spring Cloud Contract,OCI image + layered Spring Boot JAR,forecasting-10,retail-forecasting,PLANNED
129,1001,81,planning,svc-0801,planning-01,ADMIN_API_SERVICE,team-081,25,4.1.1,Gradle,9,Kotlin,Executable JAR,com.agilearning.retail.planning.service0801,Planning01Application,applications/backend/services/planning/planning-01,/api/v1/planning/01,INTERNAL_AUTHORIZED,,retail-admin-web,Spring MVC,REST + OpenAPI 3.1,Spring Security OAuth2 Resource Server,Spring Data JDBC,PostgreSQL 18.6,planning_svc_01,planning,Flyway,10,10,0,9,4,9,4,0,Y,Y,Y,Y,Resilience4j + idempotency + retry,Actuator + Micrometer + OpenTelemetry,JUnit 5 + Testcontainers + ArchUnit + Spring Cloud Contract,OCI image + layered Spring Boot JAR,planning-01,retail-planning,PLANNED
129,1002,81,planning,svc-0802,planning-02,ADMIN_API_SERVICE,team-081,25,4.1.1,Gradle,9,Kotlin,Executable JAR,com.agilearning.retail.planning.service0802,Planning02Application,applications/backend/services/planning/planning-02,/api/v1/planning/02,INTERNAL_AUTHORIZED,,retail-admin-web,Spring MVC,REST + OpenAPI 3.1,Spring Security OAuth2 Resource Server,Spring Data JDBC,PostgreSQL 18.6,planning_svc_02,planning,Flyway,10,10,0,9,4,9,4,0,Y,Y,Y,Y,Resilience4j + idempotency + retry,Actuator + Micrometer + OpenTelemetry,JUnit 5 + Testcontainers + ArchUnit + Spring Cloud Contract,OCI image + layered Spring Boot JAR,planning-02,retail-planning,PLANNED
129,1003,81,planning,svc-0803,planning-03,ADMIN_API_SERVICE,team-081,25,4.1.1,Gradle,9,Kotlin,Executable JAR,com.agilearning.retail.planning.service0803,Planning03Application,applications/backend/services/planning/planning-03,/api/v1/planning/03,INTERNAL_AUTHORIZED,,retail-admin-web,Spring MVC,REST + OpenAPI 3.1,Spring Security OAuth2 Resource Server,Spring Data JDBC,PostgreSQL 18.6,planning_svc_03,planning,Flyway,10,10,0,9,4,9,4,0,Y,Y,Y,Y,Resilience4j + idempotency + retry,Actuator + Micrometer + OpenTelemetry,JUnit 5 + Testcontainers + ArchUnit + Spring Cloud Contract,OCI image + layered Spring Boot JAR,planning-03,retail-planning,PLANNED
129,1004,81,planning,svc-0804,planning-04,ADMIN_API_SERVICE,team-081,25,4.1.1,Gradle,9,Kotlin,Executable JAR,com.agilearning.retail.planning.service0804,Planning04Application,applications/backend/services/planning/planning-04,/api/v1/planning/04,INTERNAL_AUTHORIZED,,retail-admin-web,Spring MVC,REST + OpenAPI 3.1,Spring Security OAuth2 Resource Server,Spring Data JDBC,PostgreSQL 18.6,planning_svc_04,planning,Flyway,10,10,0,6,4,6,4,0,Y,Y,Y,Y,Resilience4j + idempotency + retry,Actuator + Micrometer + OpenTelemetry,JUnit 5 + Testcontainers + ArchUnit + Spring Cloud Contract,OCI image + layered Spring Boot JAR,planning-04,retail-planning,PLANNED
129,1005,81,planning,svc-0805,planning-05,ADMIN_API_SERVICE,team-081,25,4.1.1,Gradle,9,Kotlin,Executable JAR,com.agilearning.retail.planning.service0805,Planning05Application,applications/backend/services/planning/planning-05,/api/v1/planning/05,INTERNAL_AUTHORIZED,,retail-admin-web,Spring MVC,REST + OpenAPI 3.1,Spring Security OAuth2 Resource Server,Spring Data JDBC,PostgreSQL 18.6,planning_svc_05,planning,Flyway,10,10,0,6,4,6,4,0,Y,Y,Y,Y,Resilience4j + idempotency + retry,Actuator + Micrometer + OpenTelemetry,JUnit 5 + Testcontainers + ArchUnit + Spring Cloud Contract,OCI image + layered Spring Boot JAR,planning-05,retail-planning,PLANNED
129,1006,81,planning,svc-0806,planning-06,ADMIN_API_SERVICE,team-081,25,4.1.1,Gradle,9,Kotlin,Executable JAR,com.agilearning.retail.planning.service0806,Planning06Application,applications/backend/services/planning/planning-06,/api/v1/planning/06,INTERNAL_AUTHORIZED,,retail-admin-web,Spring MVC,REST + OpenAPI 3.1,Spring Security OAuth2 Resource Server,Spring Data JDBC,PostgreSQL 18.6,planning_svc_06,planning,Flyway,10,10,0,3,4,3,4,0,Y,Y,Y,Y,Resilience4j + idempotency + retry,Actuator + Micrometer + OpenTelemetry,JUnit 5 + Testcontainers + ArchUnit + Spring Cloud Contract,OCI image + layered Spring Boot JAR,planning-06,retail-planning,PLANNED
129,1007,81,planning,svc-0807,planning-07,ADMIN_API_SERVICE,team-081,25,4.1.1,Gradle,9,Kotlin,Executable JAR,com.agilearning.retail.planning.service0807,Planning07Application,applications/backend/services/planning/planning-07,/api/v1/planning/07,INTERNAL_AUTHORIZED,,retail-admin-web,Spring MVC,REST + OpenAPI 3.1,Spring Security OAuth2 Resource Server,Spring Data JDBC,PostgreSQL 18.6,planning_svc_07,planning,Flyway,10,10,0,3,4,3,4,0,Y,Y,Y,Y,Resilience4j + idempotency + retry,Actuator + Micrometer + OpenTelemetry,JUnit 5 + Testcontainers + ArchUnit + Spring Cloud Contract,OCI image + layered Spring Boot JAR,planning-07,retail-planning,PLANNED
129,1008,81,planning,svc-0808,planning-08,ADMIN_API_SERVICE,team-081,25,4.1.1,Gradle,9,Kotlin,Executable JAR,com.agilearning.retail.planning.service0808,Planning08Application,applications/backend/services/planning/planning-08,/api/v1/planning/08,INTERNAL_AUTHORIZED,,retail-admin-web,Spring MVC,REST + OpenAPI 3.1,Spring Security OAuth2 Resource Server,Spring Data JDBC,PostgreSQL 18.6,planning_svc_08,planning,Flyway,10,10,0,6,4,6,4,0,Y,Y,Y,Y,Resilience4j + idempotency + retry,Actuator + Micrometer + OpenTelemetry,JUnit 5 + Testcontainers + ArchUnit + Spring Cloud Contract,OCI image + layered Spring Boot JAR,planning-08,retail-planning,PLANNED
129,1009,81,planning,svc-0809,planning-09,ADMIN_API_SERVICE,team-081,25,4.1.1,Gradle,9,Kotlin,Executable JAR,com.agilearning.retail.planning.service0809,Planning09Application,applications/backend/services/planning/planning-09,/api/v1/planning/09,INTERNAL_AUTHORIZED,,retail-admin-web,Spring MVC,REST + OpenAPI 3.1,Spring Security OAuth2 Resource Server,Spring Data JDBC,PostgreSQL 18.6,planning_svc_09,planning,Flyway,10,10,0,3,4,3,4,0,Y,Y,Y,Y,Resilience4j + idempotency + retry,Actuator + Micrometer + OpenTelemetry,JUnit 5 + Testcontainers + ArchUnit + Spring Cloud Contract,OCI image + layered Spring Boot JAR,planning-09,retail-planning,PLANNED
129,1010,81,planning,svc-0810,planning-10,ADMIN_API_SERVICE,team-081,25,4.1.1,Gradle,9,Kotlin,Executable JAR,com.agilearning.retail.planning.service0810,Planning10Application,applications/backend/services/planning/planning-10,/api/v1/planning/10,INTERNAL_AUTHORIZED,,retail-admin-web,Spring MVC,REST + OpenAPI 3.1,Spring Security OAuth2 Resource Server,Spring Data JDBC,PostgreSQL 18.6,planning_svc_10,planning,Flyway,10,10,0,6,4,6,4,0,Y,Y,Y,Y,Resilience4j + idempotency + retry,Actuator + Micrometer + OpenTelemetry,JUnit 5 + Testcontainers + ArchUnit + Spring Cloud Contract,OCI image + layered Spring Boot JAR,planning-10,retail-planning,PLANNED
129,1011,82,demand,svc-0811,demand-01,ADMIN_API_SERVICE,team-082,25,4.1.1,Gradle,9,Kotlin,Executable JAR,com.agilearning.retail.demand.service0811,Demand01Application,applications/backend/services/demand/demand-01,/api/v1/demand/01,INTERNAL_AUTHORIZED,,retail-admin-web,Spring MVC,REST + OpenAPI 3.1,Spring Security OAuth2 Resource Server,Spring Data JDBC,PostgreSQL 18.6,demand_svc_01,demand,Flyway,10,10,0,9,2,9,2,0,Y,Y,Y,Y,Resilience4j + idempotency + retry,Actuator + Micrometer + OpenTelemetry,JUnit 5 + Testcontainers + ArchUnit + Spring Cloud Contract,OCI image + layered Spring Boot JAR,demand-01,retail-demand,PLANNED
129,1012,82,demand,svc-0812,demand-02,ADMIN_API_SERVICE,team-082,25,4.1.1,Gradle,9,Kotlin,Executable JAR,com.agilearning.retail.demand.service0812,Demand02Application,applications/backend/services/demand/demand-02,/api/v1/demand/02,INTERNAL_AUTHORIZED,,retail-admin-web,Spring MVC,REST + OpenAPI 3.1,Spring Security OAuth2 Resource Server,Spring Data JDBC,PostgreSQL 18.6,demand_svc_02,demand,Flyway,10,10,0,9,2,9,2,0,Y,Y,Y,Y,Resilience4j + idempotency + retry,Actuator + Micrometer + OpenTelemetry,JUnit 5 + Testcontainers + ArchUnit + Spring Cloud Contract,OCI image + layered Spring Boot JAR,demand-02,retail-demand,PLANNED
129,1013,82,demand,svc-0813,demand-03,ADMIN_API_SERVICE,team-082,25,4.1.1,Gradle,9,Kotlin,Executable JAR,com.agilearning.retail.demand.service0813,Demand03Application,applications/backend/services/demand/demand-03,/api/v1/demand/03,INTERNAL_AUTHORIZED,,retail-admin-web,Spring MVC,REST + OpenAPI 3.1,Spring Security OAuth2 Resource Server,Spring Data JDBC,PostgreSQL 18.6,demand_svc_03,demand,Flyway,10,10,0,9,2,9,2,0,Y,Y,Y,Y,Resilience4j + idempotency + retry,Actuator + Micrometer + OpenTelemetry,JUnit 5 + Testcontainers + ArchUnit + Spring Cloud Contract,OCI image + layered Spring Boot JAR,demand-03,retail-demand,PLANNED
129,1014,82,demand,svc-0814,demand-04,ADMIN_API_SERVICE,team-082,25,4.1.1,Gradle,9,Kotlin,Executable JAR,com.agilearning.retail.demand.service0814,Demand04Application,applications/backend/services/demand/demand-04,/api/v1/demand/04,INTERNAL_AUTHORIZED,,retail-admin-web,Spring MVC,REST + OpenAPI 3.1,Spring Security OAuth2 Resource Server,Spring Data JDBC,PostgreSQL 18.6,demand_svc_04,demand,Flyway,10,10,0,6,2,6,2,0,Y,Y,Y,Y,Resilience4j + idempotency + retry,Actuator + Micrometer + OpenTelemetry,JUnit 5 + Testcontainers + ArchUnit + Spring Cloud Contract,OCI image + layered Spring Boot JAR,demand-04,retail-demand,PLANNED
129,1015,82,demand,svc-0815,demand-05,ADMIN_API_SERVICE,team-082,25,4.1.1,Gradle,9,Kotlin,Executable JAR,com.agilearning.retail.demand.service0815,Demand05Application,applications/backend/services/demand/demand-05,/api/v1/demand/05,INTERNAL_AUTHORIZED,,retail-admin-web,Spring MVC,REST + OpenAPI 3.1,Spring Security OAuth2 Resource Server,Spring Data JDBC,PostgreSQL 18.6,demand_svc_05,demand,Flyway,10,10,0,6,2,6,2,0,Y,Y,Y,Y,Resilience4j + idempotency + retry,Actuator + Micrometer + OpenTelemetry,JUnit 5 + Testcontainers + ArchUnit + Spring Cloud Contract,OCI image + layered Spring Boot JAR,demand-05,retail-demand,PLANNED
129,1016,82,demand,svc-0816,demand-06,ADMIN_API_SERVICE,team-082,25,4.1.1,Gradle,9,Kotlin,Executable JAR,com.agilearning.retail.demand.service0816,Demand06Application,applications/backend/services/demand/demand-06,/api/v1/demand/06,INTERNAL_AUTHORIZED,,retail-admin-web,Spring MVC,REST + OpenAPI 3.1,Spring Security OAuth2 Resource Server,Spring Data JDBC,PostgreSQL 18.6,demand_svc_06,demand,Flyway,10,10,0,3,2,3,2,0,Y,Y,Y,Y,Resilience4j + idempotency + retry,Actuator + Micrometer + OpenTelemetry,JUnit 5 + Testcontainers + ArchUnit + Spring Cloud Contract,OCI image + layered Spring Boot JAR,demand-06,retail-demand,PLANNED
129,1017,82,demand,svc-0817,demand-07,ADMIN_API_SERVICE,team-082,25,4.1.1,Gradle,9,Kotlin,Executable JAR,com.agilearning.retail.demand.service0817,Demand07Application,applications/backend/services/demand/demand-07,/api/v1/demand/07,INTERNAL_AUTHORIZED,,retail-admin-web,Spring MVC,REST + OpenAPI 3.1,Spring Security OAuth2 Resource Server,Spring Data JDBC,PostgreSQL 18.6,demand_svc_07,demand,Flyway,10,10,0,3,2,3,2,0,Y,Y,Y,Y,Resilience4j + idempotency + retry,Actuator + Micrometer + OpenTelemetry,JUnit 5 + Testcontainers + ArchUnit + Spring Cloud Contract,OCI image + layered Spring Boot JAR,demand-07,retail-demand,PLANNED
129,1018,82,demand,svc-0818,demand-08,ADMIN_API_SERVICE,team-082,25,4.1.1,Gradle,9,Kotlin,Executable JAR,com.agilearning.retail.demand.service0818,Demand08Application,applications/backend/services/demand/demand-08,/api/v1/demand/08,INTERNAL_AUTHORIZED,,retail-admin-web,Spring MVC,REST + OpenAPI 3.1,Spring Security OAuth2 Resource Server,Spring Data JDBC,PostgreSQL 18.6,demand_svc_08,demand,Flyway,10,10,0,6,2,6,2,0,Y,Y,Y,Y,Resilience4j + idempotency + retry,Actuator + Micrometer + OpenTelemetry,JUnit 5 + Testcontainers + ArchUnit + Spring Cloud Contract,OCI image + layered Spring Boot JAR,demand-08,retail-demand,PLANNED
129,1019,82,demand,svc-0819,demand-09,ADMIN_API_SERVICE,team-082,25,4.1.1,Gradle,9,Kotlin,Executable JAR,com.agilearning.retail.demand.service0819,Demand09Application,applications/backend/services/demand/demand-09,/api/v1/demand/09,INTERNAL_AUTHORIZED,,retail-admin-web,Spring MVC,REST + OpenAPI 3.1,Spring Security OAuth2 Resource Server,Spring Data JDBC,PostgreSQL 18.6,demand_svc_09,demand,Flyway,10,10,0,3,2,3,2,0,Y,Y,Y,Y,Resilience4j + idempotency + retry,Actuator + Micrometer + OpenTelemetry,JUnit 5 + Testcontainers + ArchUnit + Spring Cloud Contract,OCI image + layered Spring Boot JAR,demand-09,retail-demand,PLANNED
129,1020,82,demand,svc-0820,demand-10,ADMIN_API_SERVICE,team-082,25,4.1.1,Gradle,9,Kotlin,Executable JAR,com.agilearning.retail.demand.service0820,Demand10Application,applications/backend/services/demand/demand-10,/api/v1/demand/10,INTERNAL_AUTHORIZED,,retail-admin-web,Spring MVC,REST + OpenAPI 3.1,Spring Security OAuth2 Resource Server,Spring Data JDBC,PostgreSQL 18.6,demand_svc_10,demand,Flyway,10,10,0,6,2,6,2,0,Y,Y,Y,Y,Resilience4j + idempotency + retry,Actuator + Micrometer + OpenTelemetry,JUnit 5 + Testcontainers + ArchUnit + Spring Cloud Contract,OCI image + layered Spring Boot JAR,demand-10,retail-demand,PLANNED
129,1021,83,supply_chain,svc-0821,supply_chain-01,ADMIN_API_SERVICE,team-083,25,4.1.1,Gradle,9,Kotlin,Executable JAR,com.agilearning.retail.supplychain.service0821,Supply_chain01Application,applications/backend/services/supply_chain/supply_chain-01,/api/v1/supply_chain/01,INTERNAL_AUTHORIZED,,retail-admin-web,Spring MVC,REST + OpenAPI 3.1,Spring Security OAuth2 Resource Server,Spring Data JDBC,PostgreSQL 18.6,supply_chain_svc_01,supply_chain,Flyway,10,10,0,9,4,8,4,1,Y,Y,Y,Y,Resilience4j + idempotency + retry,Actuator + Micrometer + OpenTelemetry,JUnit 5 + Testcontainers + ArchUnit + Spring Cloud Contract,OCI image + layered Spring Boot JAR,supply_chain-01,retail-supply_chain,PLANNED
129,1022,83,supply_chain,svc-0822,supply_chain-02,ADMIN_API_SERVICE,team-083,25,4.1.1,Gradle,9,Kotlin,Executable JAR,com.agilearning.retail.supplychain.service0822,Supply_chain02Application,applications/backend/services/supply_chain/supply_chain-02,/api/v1/supply_chain/02,INTERNAL_AUTHORIZED,,retail-admin-web,Spring MVC,REST + OpenAPI 3.1,Spring Security OAuth2 Resource Server,Spring Data JDBC,PostgreSQL 18.6,supply_chain_svc_02,supply_chain,Flyway,10,10,0,9,4,9,4,0,Y,Y,Y,Y,Resilience4j + idempotency + retry,Actuator + Micrometer + OpenTelemetry,JUnit 5 + Testcontainers + ArchUnit + Spring Cloud Contract,OCI image + layered Spring Boot JAR,supply_chain-02,retail-supply_chain,PLANNED
129,1023,83,supply_chain,svc-0823,supply_chain-03,ADMIN_API_SERVICE,team-083,25,4.1.1,Gradle,9,Kotlin,Executable JAR,com.agilearning.retail.supplychain.service0823,Supply_chain03Application,applications/backend/services/supply_chain/supply_chain-03,/api/v1/supply_chain/03,INTERNAL_AUTHORIZED,,retail-admin-web,Spring MVC,REST + OpenAPI 3.1,Spring Security OAuth2 Resource Server,Spring Data JDBC,PostgreSQL 18.6,supply_chain_svc_03,supply_chain,Flyway,10,10,0,9,4,9,4,0,Y,Y,Y,Y,Resilience4j + idempotency + retry,Actuator + Micrometer + OpenTelemetry,JUnit 5 + Testcontainers + ArchUnit + Spring Cloud Contract,OCI image + layered Spring Boot JAR,supply_chain-03,retail-supply_chain,PLANNED
129,1024,83,supply_chain,svc-0824,supply_chain-04,ADMIN_API_SERVICE,team-083,25,4.1.1,Gradle,9,Kotlin,Executable JAR,com.agilearning.retail.supplychain.service0824,Supply_chain04Application,applications/backend/services/supply_chain/supply_chain-04,/api/v1/supply_chain/04,INTERNAL_AUTHORIZED,,retail-admin-web,Spring MVC,REST + OpenAPI 3.1,Spring Security OAuth2 Resource Server,Spring Data JDBC,PostgreSQL 18.6,supply_chain_svc_04,supply_chain,Flyway,10,10,0,6,4,6,4,0,Y,Y,Y,Y,Resilience4j + idempotency + retry,Actuator + Micrometer + OpenTelemetry,JUnit 5 + Testcontainers + ArchUnit + Spring Cloud Contract,OCI image + layered Spring Boot JAR,supply_chain-04,retail-supply_chain,PLANNED
129,1025,83,supply_chain,svc-0825,supply_chain-05,ADMIN_API_SERVICE,team-083,25,4.1.1,Gradle,9,Kotlin,Executable JAR,com.agilearning.retail.supplychain.service0825,Supply_chain05Application,applications/backend/services/supply_chain/supply_chain-05,/api/v1/supply_chain/05,INTERNAL_AUTHORIZED,,retail-admin-web,Spring MVC,REST + OpenAPI 3.1,Spring Security OAuth2 Resource Server,Spring Data JDBC,PostgreSQL 18.6,supply_chain_svc_05,supply_chain,Flyway,10,10,0,6,4,6,4,0,Y,Y,Y,Y,Resilience4j + idempotency + retry,Actuator + Micrometer + OpenTelemetry,JUnit 5 + Testcontainers + ArchUnit + Spring Cloud Contract,OCI image + layered Spring Boot JAR,supply_chain-05,retail-supply_chain,PLANNED
129,1026,83,supply_chain,svc-0826,supply_chain-06,ADMIN_API_SERVICE,team-083,25,4.1.1,Gradle,9,Kotlin,Executable JAR,com.agilearning.retail.supplychain.service0826,Supply_chain06Application,applications/backend/services/supply_chain/supply_chain-06,/api/v1/supply_chain/06,INTERNAL_AUTHORIZED,,retail-admin-web,Spring MVC,REST + OpenAPI 3.1,Spring Security OAuth2 Resource Server,Spring Data JDBC,PostgreSQL 18.6,supply_chain_svc_06,supply_chain,Flyway,10,10,0,3,4,3,4,0,Y,Y,Y,Y,Resilience4j + idempotency + retry,Actuator + Micrometer + OpenTelemetry,JUnit 5 + Testcontainers + ArchUnit + Spring Cloud Contract,OCI image + layered Spring Boot JAR,supply_chain-06,retail-supply_chain,PLANNED
129,1027,83,supply_chain,svc-0827,supply_chain-07,ADMIN_API_SERVICE,team-083,25,4.1.1,Gradle,9,Kotlin,Executable JAR,com.agilearning.retail.supplychain.service0827,Supply_chain07Application,applications/backend/services/supply_chain/supply_chain-07,/api/v1/supply_chain/07,INTERNAL_AUTHORIZED,,retail-admin-web,Spring MVC,REST + OpenAPI 3.1,Spring Security OAuth2 Resource Server,Spring Data JDBC,PostgreSQL 18.6,supply_chain_svc_07,supply_chain,Flyway,10,10,0,3,4,3,4,0,Y,Y,Y,Y,Resilience4j + idempotency + retry,Actuator + Micrometer + OpenTelemetry,JUnit 5 + Testcontainers + ArchUnit + Spring Cloud Contract,OCI image + layered Spring Boot JAR,supply_chain-07,retail-supply_chain,PLANNED
129,1028,83,supply_chain,svc-0828,supply_chain-08,ADMIN_API_SERVICE,team-083,25,4.1.1,Gradle,9,Kotlin,Executable JAR,com.agilearning.retail.supplychain.service0828,Supply_chain08Application,applications/backend/services/supply_chain/supply_chain-08,/api/v1/supply_chain/08,INTERNAL_AUTHORIZED,,retail-admin-web,Spring MVC,REST + OpenAPI 3.1,Spring Security OAuth2 Resource Server,Spring Data JDBC,PostgreSQL 18.6,supply_chain_svc_08,supply_chain,Flyway,10,10,0,6,4,6,4,0,Y,Y,Y,Y,Resilience4j + idempotency + retry,Actuator + Micrometer + OpenTelemetry,JUnit 5 + Testcontainers + ArchUnit + Spring Cloud Contract,OCI image + layered Spring Boot JAR,supply_chain-08,retail-supply_chain,PLANNED
129,1029,83,supply_chain,svc-0829,supply_chain-09,ADMIN_API_SERVICE,team-083,25,4.1.1,Gradle,9,Kotlin,Executable JAR,com.agilearning.retail.supplychain.service0829,Supply_chain09Application,applications/backend/services/supply_chain/supply_chain-09,/api/v1/supply_chain/09,INTERNAL_AUTHORIZED,,retail-admin-web,Spring MVC,REST + OpenAPI 3.1,Spring Security OAuth2 Resource Server,Spring Data JDBC,PostgreSQL 18.6,supply_chain_svc_09,supply_chain,Flyway,10,10,0,3,4,3,4,0,Y,Y,Y,Y,Resilience4j + idempotency + retry,Actuator + Micrometer + OpenTelemetry,JUnit 5 + Testcontainers + ArchUnit + Spring Cloud Contract,OCI image + layered Spring Boot JAR,supply_chain-09,retail-supply_chain,PLANNED
129,1030,83,supply_chain,svc-0830,supply_chain-10,ADMIN_API_SERVICE,team-083,25,4.1.1,Gradle,9,Kotlin,Executable JAR,com.agilearning.retail.supplychain.service0830,Supply_chain10Application,applications/backend/services/supply_chain/supply_chain-10,/api/v1/supply_chain/10,INTERNAL_AUTHORIZED,,retail-admin-web,Spring MVC,REST + OpenAPI 3.1,Spring Security OAuth2 Resource Server,Spring Data JDBC,PostgreSQL 18.6,supply_chain_svc_10,supply_chain,Flyway,10,10,0,6,4,6,4,0,Y,Y,Y,Y,Resilience4j + idempotency + retry,Actuator + Micrometer + OpenTelemetry,JUnit 5 + Testcontainers + ArchUnit + Spring Cloud Contract,OCI image + layered Spring Boot JAR,supply_chain-10,retail-supply_chain,PLANNED
129,1031,84,transport,svc-0831,transport-01,ADMIN_API_SERVICE,team-084,25,4.1.1,Gradle,9,Kotlin,Executable JAR,com.agilearning.retail.transport.service0831,Transport01Application,applications/backend/services/transport/transport-01,/api/v1/transport/01,INTERNAL_AUTHORIZED,,retail-admin-web,Spring MVC,REST + OpenAPI 3.1,Spring Security OAuth2 Resource Server,Spring Data JDBC,PostgreSQL 18.6,transport_svc_01,transport,Flyway,10,10,0,9,4,7,3,2,Y,Y,Y,Y,Resilience4j + idempotency + retry,Actuator + Micrometer + OpenTelemetry,JUnit 5 + Testcontainers + ArchUnit + Spring Cloud Contract,OCI image + layered Spring Boot JAR,transport-01,retail-transport,PLANNED
129,1032,84,transport,svc-0832,transport-02,ADMIN_API_SERVICE,team-084,25,4.1.1,Gradle,9,Kotlin,Executable JAR,com.agilearning.retail.transport.service0832,Transport02Application,applications/backend/services/transport/transport-02,/api/v1/transport/02,INTERNAL_AUTHORIZED,,retail-admin-web,Spring MVC,REST + OpenAPI 3.1,Spring Security OAuth2 Resource Server,Spring Data JDBC,PostgreSQL 18.6,transport_svc_02,transport,Flyway,10,10,0,9,4,9,4,0,Y,Y,Y,Y,Resilience4j + idempotency + retry,Actuator + Micrometer + OpenTelemetry,JUnit 5 + Testcontainers + ArchUnit + Spring Cloud Contract,OCI image + layered Spring Boot JAR,transport-02,retail-transport,PLANNED
129,1033,84,transport,svc-0833,transport-03,ADMIN_API_SERVICE,team-084,25,4.1.1,Gradle,9,Kotlin,Executable JAR,com.agilearning.retail.transport.service0833,Transport03Application,applications/backend/services/transport/transport-03,/api/v1/transport/03,INTERNAL_AUTHORIZED,,retail-admin-web,Spring MVC,REST + OpenAPI 3.1,Spring Security OAuth2 Resource Server,Spring Data JDBC,PostgreSQL 18.6,transport_svc_03,transport,Flyway,10,10,0,9,4,9,4,0,Y,Y,Y,Y,Resilience4j + idempotency + retry,Actuator + Micrometer + OpenTelemetry,JUnit 5 + Testcontainers + ArchUnit + Spring Cloud Contract,OCI image + layered Spring Boot JAR,transport-03,retail-transport,PLANNED
129,1034,84,transport,svc-0834,transport-04,ADMIN_API_SERVICE,team-084,25,4.1.1,Gradle,9,Kotlin,Executable JAR,com.agilearning.retail.transport.service0834,Transport04Application,applications/backend/services/transport/transport-04,/api/v1/transport/04,INTERNAL_AUTHORIZED,,retail-admin-web,Spring MVC,REST + OpenAPI 3.1,Spring Security OAuth2 Resource Server,Spring Data JDBC,PostgreSQL 18.6,transport_svc_04,transport,Flyway,10,10,0,6,4,6,4,0,Y,Y,Y,Y,Resilience4j + idempotency + retry,Actuator + Micrometer + OpenTelemetry,JUnit 5 + Testcontainers + ArchUnit + Spring Cloud Contract,OCI image + layered Spring Boot JAR,transport-04,retail-transport,PLANNED
129,1035,84,transport,svc-0835,transport-05,ADMIN_API_SERVICE,team-084,25,4.1.1,Gradle,9,Kotlin,Executable JAR,com.agilearning.retail.transport.service0835,Transport05Application,applications/backend/services/transport/transport-05,/api/v1/transport/05,INTERNAL_AUTHORIZED,,retail-admin-web,Spring MVC,REST + OpenAPI 3.1,Spring Security OAuth2 Resource Server,Spring Data JDBC,PostgreSQL 18.6,transport_svc_05,transport,Flyway,10,10,0,6,4,6,4,0,Y,Y,Y,Y,Resilience4j + idempotency + retry,Actuator + Micrometer + OpenTelemetry,JUnit 5 + Testcontainers + ArchUnit + Spring Cloud Contract,OCI image + layered Spring Boot JAR,transport-05,retail-transport,PLANNED
129,1036,84,transport,svc-0836,transport-06,ADMIN_API_SERVICE,team-084,25,4.1.1,Gradle,9,Kotlin,Executable JAR,com.agilearning.retail.transport.service0836,Transport06Application,applications/backend/services/transport/transport-06,/api/v1/transport/06,INTERNAL_AUTHORIZED,,retail-admin-web,Spring MVC,REST + OpenAPI 3.1,Spring Security OAuth2 Resource Server,Spring Data JDBC,PostgreSQL 18.6,transport_svc_06,transport,Flyway,10,10,0,3,4,3,4,0,Y,Y,Y,Y,Resilience4j + idempotency + retry,Actuator + Micrometer + OpenTelemetry,JUnit 5 + Testcontainers + ArchUnit + Spring Cloud Contract,OCI image + layered Spring Boot JAR,transport-06,retail-transport,PLANNED
129,1037,84,transport,svc-0837,transport-07,ADMIN_API_SERVICE,team-084,25,4.1.1,Gradle,9,Kotlin,Executable JAR,com.agilearning.retail.transport.service0837,Transport07Application,applications/backend/services/transport/transport-07,/api/v1/transport/07,INTERNAL_AUTHORIZED,,retail-admin-web,Spring MVC,REST + OpenAPI 3.1,Spring Security OAuth2 Resource Server,Spring Data JDBC,PostgreSQL 18.6,transport_svc_07,transport,Flyway,10,10,0,3,4,3,4,0,Y,Y,Y,Y,Resilience4j + idempotency + retry,Actuator + Micrometer + OpenTelemetry,JUnit 5 + Testcontainers + ArchUnit + Spring Cloud Contract,OCI image + layered Spring Boot JAR,transport-07,retail-transport,PLANNED
129,1038,84,transport,svc-0838,transport-08,ADMIN_API_SERVICE,team-084,25,4.1.1,Gradle,9,Kotlin,Executable JAR,com.agilearning.retail.transport.service0838,Transport08Application,applications/backend/services/transport/transport-08,/api/v1/transport/08,INTERNAL_AUTHORIZED,,retail-admin-web,Spring MVC,REST + OpenAPI 3.1,Spring Security OAuth2 Resource Server,Spring Data JDBC,PostgreSQL 18.6,transport_svc_08,transport,Flyway,10,10,0,6,4,6,4,0,Y,Y,Y,Y,Resilience4j + idempotency + retry,Actuator + Micrometer + OpenTelemetry,JUnit 5 + Testcontainers + ArchUnit + Spring Cloud Contract,OCI image + layered Spring Boot JAR,transport-08,retail-transport,PLANNED
129,1039,84,transport,svc-0839,transport-09,ADMIN_API_SERVICE,team-084,25,4.1.1,Gradle,9,Kotlin,Executable JAR,com.agilearning.retail.transport.service0839,Transport09Application,applications/backend/services/transport/transport-09,/api/v1/transport/09,INTERNAL_AUTHORIZED,,retail-admin-web,Spring MVC,REST + OpenAPI 3.1,Spring Security OAuth2 Resource Server,Spring Data JDBC,PostgreSQL 18.6,transport_svc_09,transport,Flyway,10,10,0,3,4,3,4,0,Y,Y,Y,Y,Resilience4j + idempotency + retry,Actuator + Micrometer + OpenTelemetry,JUnit 5 + Testcontainers + ArchUnit + Spring Cloud Contract,OCI image + layered Spring Boot JAR,transport-09,retail-transport,PLANNED
129,1040,84,transport,svc-0840,transport-10,ADMIN_API_SERVICE,team-084,25,4.1.1,Gradle,9,Kotlin,Executable JAR,com.agilearning.retail.transport.service0840,Transport10Application,applications/backend/services/transport/transport-10,/api/v1/transport/10,INTERNAL_AUTHORIZED,,retail-admin-web,Spring MVC,REST + OpenAPI 3.1,Spring Security OAuth2 Resource Server,Spring Data JDBC,PostgreSQL 18.6,transport_svc_10,transport,Flyway,10,10,0,6,4,6,4,0,Y,Y,Y,Y,Resilience4j + idempotency + retry,Actuator + Micrometer + OpenTelemetry,JUnit 5 + Testcontainers + ArchUnit + Spring Cloud Contract,OCI image + layered Spring Boot JAR,transport-10,retail-transport,PLANNED
129,1041,85,last_mile,svc-0841,last_mile-01,ADMIN_API_SERVICE,team-085,25,4.1.1,Gradle,9,Kotlin,Executable JAR,com.agilearning.retail.lastmile.service0841,Last_mile01Application,applications/backend/services/last_mile/last_mile-01,/api/v1/last_mile/01,INTERNAL_AUTHORIZED,,retail-admin-web,Spring MVC,REST + OpenAPI 3.1,Spring Security OAuth2 Resource Server,Spring Data JDBC,PostgreSQL 18.6,last_mile_svc_01,last_mile,Flyway,10,10,0,9,2,8,2,1,Y,Y,Y,Y,Resilience4j + idempotency + retry,Actuator + Micrometer + OpenTelemetry,JUnit 5 + Testcontainers + ArchUnit + Spring Cloud Contract,OCI image + layered Spring Boot JAR,last_mile-01,retail-last_mile,PLANNED
129,1042,85,last_mile,svc-0842,last_mile-02,ADMIN_API_SERVICE,team-085,25,4.1.1,Gradle,9,Kotlin,Executable JAR,com.agilearning.retail.lastmile.service0842,Last_mile02Application,applications/backend/services/last_mile/last_mile-02,/api/v1/last_mile/02,INTERNAL_AUTHORIZED,,retail-admin-web,Spring MVC,REST + OpenAPI 3.1,Spring Security OAuth2 Resource Server,Spring Data JDBC,PostgreSQL 18.6,last_mile_svc_02,last_mile,Flyway,10,10,0,9,2,9,2,0,Y,Y,Y,Y,Resilience4j + idempotency + retry,Actuator + Micrometer + OpenTelemetry,JUnit 5 + Testcontainers + ArchUnit + Spring Cloud Contract,OCI image + layered Spring Boot JAR,last_mile-02,retail-last_mile,PLANNED
129,1043,85,last_mile,svc-0843,last_mile-03,ADMIN_API_SERVICE,team-085,25,4.1.1,Gradle,9,Kotlin,Executable JAR,com.agilearning.retail.lastmile.service0843,Last_mile03Application,applications/backend/services/last_mile/last_mile-03,/api/v1/last_mile/03,INTERNAL_AUTHORIZED,,retail-admin-web,Spring MVC,REST + OpenAPI 3.1,Spring Security OAuth2 Resource Server,Spring Data JDBC,PostgreSQL 18.6,last_mile_svc_03,last_mile,Flyway,10,10,0,9,2,9,2,0,Y,Y,Y,Y,Resilience4j + idempotency + retry,Actuator + Micrometer + OpenTelemetry,JUnit 5 + Testcontainers + ArchUnit + Spring Cloud Contract,OCI image + layered Spring Boot JAR,last_mile-03,retail-last_mile,PLANNED
129,1044,85,last_mile,svc-0844,last_mile-04,ADMIN_API_SERVICE,team-085,25,4.1.1,Gradle,9,Kotlin,Executable JAR,com.agilearning.retail.lastmile.service0844,Last_mile04Application,applications/backend/services/last_mile/last_mile-04,/api/v1/last_mile/04,INTERNAL_AUTHORIZED,,retail-admin-web,Spring MVC,REST + OpenAPI 3.1,Spring Security OAuth2 Resource Server,Spring Data JDBC,PostgreSQL 18.6,last_mile_svc_04,last_mile,Flyway,10,10,0,6,2,6,2,0,Y,Y,Y,Y,Resilience4j + idempotency + retry,Actuator + Micrometer + OpenTelemetry,JUnit 5 + Testcontainers + ArchUnit + Spring Cloud Contract,OCI image + layered Spring Boot JAR,last_mile-04,retail-last_mile,PLANNED
129,1045,85,last_mile,svc-0845,last_mile-05,ADMIN_API_SERVICE,team-085,25,4.1.1,Gradle,9,Kotlin,Executable JAR,com.agilearning.retail.lastmile.service0845,Last_mile05Application,applications/backend/services/last_mile/last_mile-05,/api/v1/last_mile/05,INTERNAL_AUTHORIZED,,retail-admin-web,Spring MVC,REST + OpenAPI 3.1,Spring Security OAuth2 Resource Server,Spring Data JDBC,PostgreSQL 18.6,last_mile_svc_05,last_mile,Flyway,10,10,0,6,2,6,2,0,Y,Y,Y,Y,Resilience4j + idempotency + retry,Actuator + Micrometer + OpenTelemetry,JUnit 5 + Testcontainers + ArchUnit + Spring Cloud Contract,OCI image + layered Spring Boot JAR,last_mile-05,retail-last_mile,PLANNED
129,1046,85,last_mile,svc-0846,last_mile-06,ADMIN_API_SERVICE,team-085,25,4.1.1,Gradle,9,Kotlin,Executable JAR,com.agilearning.retail.lastmile.service0846,Last_mile06Application,applications/backend/services/last_mile/last_mile-06,/api/v1/last_mile/06,INTERNAL_AUTHORIZED,,retail-admin-web,Spring MVC,REST + OpenAPI 3.1,Spring Security OAuth2 Resource Server,Spring Data JDBC,PostgreSQL 18.6,last_mile_svc_06,last_mile,Flyway,10,10,0,3,2,3,2,0,Y,Y,Y,Y,Resilience4j + idempotency + retry,Actuator + Micrometer + OpenTelemetry,JUnit 5 + Testcontainers + ArchUnit + Spring Cloud Contract,OCI image + layered Spring Boot JAR,last_mile-06,retail-last_mile,PLANNED
129,1047,85,last_mile,svc-0847,last_mile-07,ADMIN_API_SERVICE,team-085,25,4.1.1,Gradle,9,Kotlin,Executable JAR,com.agilearning.retail.lastmile.service0847,Last_mile07Application,applications/backend/services/last_mile/last_mile-07,/api/v1/last_mile/07,INTERNAL_AUTHORIZED,,retail-admin-web,Spring MVC,REST + OpenAPI 3.1,Spring Security OAuth2 Resource Server,Spring Data JDBC,PostgreSQL 18.6,last_mile_svc_07,last_mile,Flyway,10,10,0,3,2,3,2,0,Y,Y,Y,Y,Resilience4j + idempotency + retry,Actuator + Micrometer + OpenTelemetry,JUnit 5 + Testcontainers + ArchUnit + Spring Cloud Contract,OCI image + layered Spring Boot JAR,last_mile-07,retail-last_mile,PLANNED
129,1048,85,last_mile,svc-0848,last_mile-08,ADMIN_API_SERVICE,team-085,25,4.1.1,Gradle,9,Kotlin,Executable JAR,com.agilearning.retail.lastmile.service0848,Last_mile08Application,applications/backend/services/last_mile/last_mile-08,/api/v1/last_mile/08,INTERNAL_AUTHORIZED,,retail-admin-web,Spring MVC,REST + OpenAPI 3.1,Spring Security OAuth2 Resource Server,Spring Data JDBC,PostgreSQL 18.6,last_mile_svc_08,last_mile,Flyway,10,10,0,6,2,6,2,0,Y,Y,Y,Y,Resilience4j + idempotency + retry,Actuator + Micrometer + OpenTelemetry,JUnit 5 + Testcontainers + ArchUnit + Spring Cloud Contract,OCI image + layered Spring Boot JAR,last_mile-08,retail-last_mile,PLANNED
129,1049,85,last_mile,svc-0849,last_mile-09,ADMIN_API_SERVICE,team-085,25,4.1.1,Gradle,9,Kotlin,Executable JAR,com.agilearning.retail.lastmile.service0849,Last_mile09Application,applications/backend/services/last_mile/last_mile-09,/api/v1/last_mile/09,INTERNAL_AUTHORIZED,,retail-admin-web,Spring MVC,REST + OpenAPI 3.1,Spring Security OAuth2 Resource Server,Spring Data JDBC,PostgreSQL 18.6,last_mile_svc_09,last_mile,Flyway,10,10,0,3,2,3,2,0,Y,Y,Y,Y,Resilience4j + idempotency + retry,Actuator + Micrometer + OpenTelemetry,JUnit 5 + Testcontainers + ArchUnit + Spring Cloud Contract,OCI image + layered Spring Boot JAR,last_mile-09,retail-last_mile,PLANNED
129,1050,85,last_mile,svc-0850,last_mile-10,ADMIN_API_SERVICE,team-085,25,4.1.1,Gradle,9,Kotlin,Executable JAR,com.agilearning.retail.lastmile.service0850,Last_mile10Application,applications/backend/services/last_mile/last_mile-10,/api/v1/last_mile/10,INTERNAL_AUTHORIZED,,retail-admin-web,Spring MVC,REST + OpenAPI 3.1,Spring Security OAuth2 Resource Server,Spring Data JDBC,PostgreSQL 18.6,last_mile_svc_10,last_mile,Flyway,10,10,0,6,2,6,2,0,Y,Y,Y,Y,Resilience4j + idempotency + retry,Actuator + Micrometer + OpenTelemetry,JUnit 5 + Testcontainers + ArchUnit + Spring Cloud Contract,OCI image + layered Spring Boot JAR,last_mile-10,retail-last_mile,PLANNED
129,1051,86,reverse_logistics,svc-0851,reverse_logistics-01,ADMIN_API_SERVICE,team-086,25,4.1.1,Gradle,9,Kotlin,Executable JAR,com.agilearning.retail.reverselogistics.service0851,Reverse_logistics01Application,applications/backend/services/reverse_logistics/reverse_logistics-01,/api/v1/reverse_logistics/01,INTERNAL_AUTHORIZED,,retail-admin-web,Spring MVC,REST + OpenAPI 3.1,Spring Security OAuth2 Resource Server,Spring Data JDBC,PostgreSQL 18.6,reverse_logistics_svc_01,reverse_logistics,Flyway,10,10,0,9,0,9,0,0,Y,N,Y,N,Resilience4j + idempotency + retry,Actuator + Micrometer + OpenTelemetry,JUnit 5 + Testcontainers + ArchUnit + Spring Cloud Contract,OCI image + layered Spring Boot JAR,reverse_logistics-01,retail-reverse_logistics,PLANNED
129,1052,86,reverse_logistics,svc-0852,reverse_logistics-02,ADMIN_API_SERVICE,team-086,25,4.1.1,Gradle,9,Kotlin,Executable JAR,com.agilearning.retail.reverselogistics.service0852,Reverse_logistics02Application,applications/backend/services/reverse_logistics/reverse_logistics-02,/api/v1/reverse_logistics/02,INTERNAL_AUTHORIZED,,retail-admin-web,Spring MVC,REST + OpenAPI 3.1,Spring Security OAuth2 Resource Server,Spring Data JDBC,PostgreSQL 18.6,reverse_logistics_svc_02,reverse_logistics,Flyway,10,10,0,9,0,9,0,0,Y,N,Y,N,Resilience4j + idempotency + retry,Actuator + Micrometer + OpenTelemetry,JUnit 5 + Testcontainers + ArchUnit + Spring Cloud Contract,OCI image + layered Spring Boot JAR,reverse_logistics-02,retail-reverse_logistics,PLANNED
129,1053,86,reverse_logistics,svc-0853,reverse_logistics-03,ADMIN_API_SERVICE,team-086,25,4.1.1,Gradle,9,Kotlin,Executable JAR,com.agilearning.retail.reverselogistics.service0853,Reverse_logistics03Application,applications/backend/services/reverse_logistics/reverse_logistics-03,/api/v1/reverse_logistics/03,INTERNAL_AUTHORIZED,,retail-admin-web,Spring MVC,REST + OpenAPI 3.1,Spring Security OAuth2 Resource Server,Spring Data JDBC,PostgreSQL 18.6,reverse_logistics_svc_03,reverse_logistics,Flyway,10,10,0,9,0,9,0,0,Y,N,Y,N,Resilience4j + idempotency + retry,Actuator + Micrometer + OpenTelemetry,JUnit 5 + Testcontainers + ArchUnit + Spring Cloud Contract,OCI image + layered Spring Boot JAR,reverse_logistics-03,retail-reverse_logistics,PLANNED
129,1054,86,reverse_logistics,svc-0854,reverse_logistics-04,ADMIN_API_SERVICE,team-086,25,4.1.1,Gradle,9,Kotlin,Executable JAR,com.agilearning.retail.reverselogistics.service0854,Reverse_logistics04Application,applications/backend/services/reverse_logistics/reverse_logistics-04,/api/v1/reverse_logistics/04,INTERNAL_AUTHORIZED,,retail-admin-web,Spring MVC,REST + OpenAPI 3.1,Spring Security OAuth2 Resource Server,Spring Data JDBC,PostgreSQL 18.6,reverse_logistics_svc_04,reverse_logistics,Flyway,10,10,0,6,0,6,0,0,Y,N,Y,N,Resilience4j + idempotency + retry,Actuator + Micrometer + OpenTelemetry,JUnit 5 + Testcontainers + ArchUnit + Spring Cloud Contract,OCI image + layered Spring Boot JAR,reverse_logistics-04,retail-reverse_logistics,PLANNED
129,1055,86,reverse_logistics,svc-0855,reverse_logistics-05,ADMIN_API_SERVICE,team-086,25,4.1.1,Gradle,9,Kotlin,Executable JAR,com.agilearning.retail.reverselogistics.service0855,Reverse_logistics05Application,applications/backend/services/reverse_logistics/reverse_logistics-05,/api/v1/reverse_logistics/05,INTERNAL_AUTHORIZED,,retail-admin-web,Spring MVC,REST + OpenAPI 3.1,Spring Security OAuth2 Resource Server,Spring Data JDBC,PostgreSQL 18.6,reverse_logistics_svc_05,reverse_logistics,Flyway,10,10,0,6,0,6,0,0,Y,N,Y,N,Resilience4j + idempotency + retry,Actuator + Micrometer + OpenTelemetry,JUnit 5 + Testcontainers + ArchUnit + Spring Cloud Contract,OCI image + layered Spring Boot JAR,reverse_logistics-05,retail-reverse_logistics,PLANNED
129,1056,86,reverse_logistics,svc-0856,reverse_logistics-06,ADMIN_API_SERVICE,team-086,25,4.1.1,Gradle,9,Kotlin,Executable JAR,com.agilearning.retail.reverselogistics.service0856,Reverse_logistics06Application,applications/backend/services/reverse_logistics/reverse_logistics-06,/api/v1/reverse_logistics/06,INTERNAL_AUTHORIZED,,retail-admin-web,Spring MVC,REST + OpenAPI 3.1,Spring Security OAuth2 Resource Server,Spring Data JDBC,PostgreSQL 18.6,reverse_logistics_svc_06,reverse_logistics,Flyway,10,10,0,3,0,3,0,0,Y,N,Y,N,Resilience4j + idempotency + retry,Actuator + Micrometer + OpenTelemetry,JUnit 5 + Testcontainers + ArchUnit + Spring Cloud Contract,OCI image + layered Spring Boot JAR,reverse_logistics-06,retail-reverse_logistics,PLANNED
129,1057,86,reverse_logistics,svc-0857,reverse_logistics-07,ADMIN_API_SERVICE,team-086,25,4.1.1,Gradle,9,Kotlin,Executable JAR,com.agilearning.retail.reverselogistics.service0857,Reverse_logistics07Application,applications/backend/services/reverse_logistics/reverse_logistics-07,/api/v1/reverse_logistics/07,INTERNAL_AUTHORIZED,,retail-admin-web,Spring MVC,REST + OpenAPI 3.1,Spring Security OAuth2 Resource Server,Spring Data JDBC,PostgreSQL 18.6,reverse_logistics_svc_07,reverse_logistics,Flyway,10,10,0,3,0,3,0,0,Y,N,Y,N,Resilience4j + idempotency + retry,Actuator + Micrometer + OpenTelemetry,JUnit 5 + Testcontainers + ArchUnit + Spring Cloud Contract,OCI image + layered Spring Boot JAR,reverse_logistics-07,retail-reverse_logistics,PLANNED
129,1058,86,reverse_logistics,svc-0858,reverse_logistics-08,ADMIN_API_SERVICE,team-086,25,4.1.1,Gradle,9,Kotlin,Executable JAR,com.agilearning.retail.reverselogistics.service0858,Reverse_logistics08Application,applications/backend/services/reverse_logistics/reverse_logistics-08,/api/v1/reverse_logistics/08,INTERNAL_AUTHORIZED,,retail-admin-web,Spring MVC,REST + OpenAPI 3.1,Spring Security OAuth2 Resource Server,Spring Data JDBC,PostgreSQL 18.6,reverse_logistics_svc_08,reverse_logistics,Flyway,10,10,0,6,0,6,0,0,Y,N,Y,N,Resilience4j + idempotency + retry,Actuator + Micrometer + OpenTelemetry,JUnit 5 + Testcontainers + ArchUnit + Spring Cloud Contract,OCI image + layered Spring Boot JAR,reverse_logistics-08,retail-reverse_logistics,PLANNED
129,1059,86,reverse_logistics,svc-0859,reverse_logistics-09,ADMIN_API_SERVICE,team-086,25,4.1.1,Gradle,9,Kotlin,Executable JAR,com.agilearning.retail.reverselogistics.service0859,Reverse_logistics09Application,applications/backend/services/reverse_logistics/reverse_logistics-09,/api/v1/reverse_logistics/09,INTERNAL_AUTHORIZED,,retail-admin-web,Spring MVC,REST + OpenAPI 3.1,Spring Security OAuth2 Resource Server,Spring Data JDBC,PostgreSQL 18.6,reverse_logistics_svc_09,reverse_logistics,Flyway,10,10,0,3,0,3,0,0,Y,N,Y,N,Resilience4j + idempotency + retry,Actuator + Micrometer + OpenTelemetry,JUnit 5 + Testcontainers + ArchUnit + Spring Cloud Contract,OCI image + layered Spring Boot JAR,reverse_logistics-09,retail-reverse_logistics,PLANNED
129,1060,86,reverse_logistics,svc-0860,reverse_logistics-10,ADMIN_API_SERVICE,team-086,25,4.1.1,Gradle,9,Kotlin,Executable JAR,com.agilearning.retail.reverselogistics.service0860,Reverse_logistics10Application,applications/backend/services/reverse_logistics/reverse_logistics-10,/api/v1/reverse_logistics/10,INTERNAL_AUTHORIZED,,retail-admin-web,Spring MVC,REST + OpenAPI 3.1,Spring Security OAuth2 Resource Server,Spring Data JDBC,PostgreSQL 18.6,reverse_logistics_svc_10,reverse_logistics,Flyway,10,10,0,6,0,6,0,0,Y,N,Y,N,Resilience4j + idempotency + retry,Actuator + Micrometer + OpenTelemetry,JUnit 5 + Testcontainers + ArchUnit + Spring Cloud Contract,OCI image + layered Spring Boot JAR,reverse_logistics-10,retail-reverse_logistics,PLANNED
129,1061,87,dropship,svc-0861,dropship-01,ADMIN_API_SERVICE,team-087,25,4.1.1,Gradle,9,Kotlin,Executable JAR,com.agilearning.retail.dropship.service0861,Dropship01Application,applications/backend/services/dropship/dropship-01,/api/v1/dropship/01,INTERNAL_AUTHORIZED,,retail-admin-web,Spring MVC,REST + OpenAPI 3.1,Spring Security OAuth2 Resource Server,Spring Data JDBC,PostgreSQL 18.6,dropship_svc_01,dropship,Flyway,10,10,0,9,0,9,0,0,Y,N,Y,N,Resilience4j + idempotency + retry,Actuator + Micrometer + OpenTelemetry,JUnit 5 + Testcontainers + ArchUnit + Spring Cloud Contract,OCI image + layered Spring Boot JAR,dropship-01,retail-dropship,PLANNED
129,1062,87,dropship,svc-0862,dropship-02,ADMIN_API_SERVICE,team-087,25,4.1.1,Gradle,9,Kotlin,Executable JAR,com.agilearning.retail.dropship.service0862,Dropship02Application,applications/backend/services/dropship/dropship-02,/api/v1/dropship/02,INTERNAL_AUTHORIZED,,retail-admin-web,Spring MVC,REST + OpenAPI 3.1,Spring Security OAuth2 Resource Server,Spring Data JDBC,PostgreSQL 18.6,dropship_svc_02,dropship,Flyway,10,10,0,9,0,9,0,0,Y,N,Y,N,Resilience4j + idempotency + retry,Actuator + Micrometer + OpenTelemetry,JUnit 5 + Testcontainers + ArchUnit + Spring Cloud Contract,OCI image + layered Spring Boot JAR,dropship-02,retail-dropship,PLANNED
129,1063,87,dropship,svc-0863,dropship-03,ADMIN_API_SERVICE,team-087,25,4.1.1,Gradle,9,Kotlin,Executable JAR,com.agilearning.retail.dropship.service0863,Dropship03Application,applications/backend/services/dropship/dropship-03,/api/v1/dropship/03,INTERNAL_AUTHORIZED,,retail-admin-web,Spring MVC,REST + OpenAPI 3.1,Spring Security OAuth2 Resource Server,Spring Data JDBC,PostgreSQL 18.6,dropship_svc_03,dropship,Flyway,10,10,0,9,0,9,0,0,Y,N,Y,N,Resilience4j + idempotency + retry,Actuator + Micrometer + OpenTelemetry,JUnit 5 + Testcontainers + ArchUnit + Spring Cloud Contract,OCI image + layered Spring Boot JAR,dropship-03,retail-dropship,PLANNED
129,1064,87,dropship,svc-0864,dropship-04,ADMIN_API_SERVICE,team-087,25,4.1.1,Gradle,9,Kotlin,Executable JAR,com.agilearning.retail.dropship.service0864,Dropship04Application,applications/backend/services/dropship/dropship-04,/api/v1/dropship/04,INTERNAL_AUTHORIZED,,retail-admin-web,Spring MVC,REST + OpenAPI 3.1,Spring Security OAuth2 Resource Server,Spring Data JDBC,PostgreSQL 18.6,dropship_svc_04,dropship,Flyway,10,10,0,6,0,6,0,0,Y,N,Y,N,Resilience4j + idempotency + retry,Actuator + Micrometer + OpenTelemetry,JUnit 5 + Testcontainers + ArchUnit + Spring Cloud Contract,OCI image + layered Spring Boot JAR,dropship-04,retail-dropship,PLANNED
129,1065,87,dropship,svc-0865,dropship-05,ADMIN_API_SERVICE,team-087,25,4.1.1,Gradle,9,Kotlin,Executable JAR,com.agilearning.retail.dropship.service0865,Dropship05Application,applications/backend/services/dropship/dropship-05,/api/v1/dropship/05,INTERNAL_AUTHORIZED,,retail-admin-web,Spring MVC,REST + OpenAPI 3.1,Spring Security OAuth2 Resource Server,Spring Data JDBC,PostgreSQL 18.6,dropship_svc_05,dropship,Flyway,10,10,0,6,0,6,0,0,Y,N,Y,N,Resilience4j + idempotency + retry,Actuator + Micrometer + OpenTelemetry,JUnit 5 + Testcontainers + ArchUnit + Spring Cloud Contract,OCI image + layered Spring Boot JAR,dropship-05,retail-dropship,PLANNED
129,1066,87,dropship,svc-0866,dropship-06,ADMIN_API_SERVICE,team-087,25,4.1.1,Gradle,9,Kotlin,Executable JAR,com.agilearning.retail.dropship.service0866,Dropship06Application,applications/backend/services/dropship/dropship-06,/api/v1/dropship/06,INTERNAL_AUTHORIZED,,retail-admin-web,Spring MVC,REST + OpenAPI 3.1,Spring Security OAuth2 Resource Server,Spring Data JDBC,PostgreSQL 18.6,dropship_svc_06,dropship,Flyway,10,10,0,3,0,3,0,0,Y,N,Y,N,Resilience4j + idempotency + retry,Actuator + Micrometer + OpenTelemetry,JUnit 5 + Testcontainers + ArchUnit + Spring Cloud Contract,OCI image + layered Spring Boot JAR,dropship-06,retail-dropship,PLANNED
129,1067,87,dropship,svc-0867,dropship-07,ADMIN_API_SERVICE,team-087,25,4.1.1,Gradle,9,Kotlin,Executable JAR,com.agilearning.retail.dropship.service0867,Dropship07Application,applications/backend/services/dropship/dropship-07,/api/v1/dropship/07,INTERNAL_AUTHORIZED,,retail-admin-web,Spring MVC,REST + OpenAPI 3.1,Spring Security OAuth2 Resource Server,Spring Data JDBC,PostgreSQL 18.6,dropship_svc_07,dropship,Flyway,10,10,0,3,0,3,0,0,Y,N,Y,N,Resilience4j + idempotency + retry,Actuator + Micrometer + OpenTelemetry,JUnit 5 + Testcontainers + ArchUnit + Spring Cloud Contract,OCI image + layered Spring Boot JAR,dropship-07,retail-dropship,PLANNED
129,1068,87,dropship,svc-0868,dropship-08,ADMIN_API_SERVICE,team-087,25,4.1.1,Gradle,9,Kotlin,Executable JAR,com.agilearning.retail.dropship.service0868,Dropship08Application,applications/backend/services/dropship/dropship-08,/api/v1/dropship/08,INTERNAL_AUTHORIZED,,retail-admin-web,Spring MVC,REST + OpenAPI 3.1,Spring Security OAuth2 Resource Server,Spring Data JDBC,PostgreSQL 18.6,dropship_svc_08,dropship,Flyway,10,10,0,6,0,6,0,0,Y,N,Y,N,Resilience4j + idempotency + retry,Actuator + Micrometer + OpenTelemetry,JUnit 5 + Testcontainers + ArchUnit + Spring Cloud Contract,OCI image + layered Spring Boot JAR,dropship-08,retail-dropship,PLANNED
129,1069,87,dropship,svc-0869,dropship-09,ADMIN_API_SERVICE,team-087,25,4.1.1,Gradle,9,Kotlin,Executable JAR,com.agilearning.retail.dropship.service0869,Dropship09Application,applications/backend/services/dropship/dropship-09,/api/v1/dropship/09,INTERNAL_AUTHORIZED,,retail-admin-web,Spring MVC,REST + OpenAPI 3.1,Spring Security OAuth2 Resource Server,Spring Data JDBC,PostgreSQL 18.6,dropship_svc_09,dropship,Flyway,10,10,0,3,0,3,0,0,Y,N,Y,N,Resilience4j + idempotency + retry,Actuator + Micrometer + OpenTelemetry,JUnit 5 + Testcontainers + ArchUnit + Spring Cloud Contract,OCI image + layered Spring Boot JAR,dropship-09,retail-dropship,PLANNED
129,1070,87,dropship,svc-0870,dropship-10,ADMIN_API_SERVICE,team-087,25,4.1.1,Gradle,9,Kotlin,Executable JAR,com.agilearning.retail.dropship.service0870,Dropship10Application,applications/backend/services/dropship/dropship-10,/api/v1/dropship/10,INTERNAL_AUTHORIZED,,retail-admin-web,Spring MVC,REST + OpenAPI 3.1,Spring Security OAuth2 Resource Server,Spring Data JDBC,PostgreSQL 18.6,dropship_svc_10,dropship,Flyway,10,10,0,6,0,6,0,0,Y,N,Y,N,Resilience4j + idempotency + retry,Actuator + Micrometer + OpenTelemetry,JUnit 5 + Testcontainers + ArchUnit + Spring Cloud Contract,OCI image + layered Spring Boot JAR,dropship-10,retail-dropship,PLANNED
129,1071,88,wholesale,svc-0871,wholesale-01,ADMIN_API_SERVICE,team-088,25,4.1.1,Gradle,9,Kotlin,Executable JAR,com.agilearning.retail.wholesale.service0871,Wholesale01Application,applications/backend/services/wholesale/wholesale-01,/api/v1/wholesale/01,INTERNAL_AUTHORIZED,,retail-admin-web,Spring MVC,REST + OpenAPI 3.1,Spring Security OAuth2 Resource Server,Spring Data JDBC,PostgreSQL 18.6,wholesale_svc_01,wholesale,Flyway,10,10,0,9,0,9,0,0,Y,N,Y,N,Resilience4j + idempotency + retry,Actuator + Micrometer + OpenTelemetry,JUnit 5 + Testcontainers + ArchUnit + Spring Cloud Contract,OCI image + layered Spring Boot JAR,wholesale-01,retail-wholesale,PLANNED
129,1072,88,wholesale,svc-0872,wholesale-02,ADMIN_API_SERVICE,team-088,25,4.1.1,Gradle,9,Kotlin,Executable JAR,com.agilearning.retail.wholesale.service0872,Wholesale02Application,applications/backend/services/wholesale/wholesale-02,/api/v1/wholesale/02,INTERNAL_AUTHORIZED,,retail-admin-web,Spring MVC,REST + OpenAPI 3.1,Spring Security OAuth2 Resource Server,Spring Data JDBC,PostgreSQL 18.6,wholesale_svc_02,wholesale,Flyway,10,10,0,9,0,9,0,0,Y,N,Y,N,Resilience4j + idempotency + retry,Actuator + Micrometer + OpenTelemetry,JUnit 5 + Testcontainers + ArchUnit + Spring Cloud Contract,OCI image + layered Spring Boot JAR,wholesale-02,retail-wholesale,PLANNED
129,1073,88,wholesale,svc-0873,wholesale-03,ADMIN_API_SERVICE,team-088,25,4.1.1,Gradle,9,Kotlin,Executable JAR,com.agilearning.retail.wholesale.service0873,Wholesale03Application,applications/backend/services/wholesale/wholesale-03,/api/v1/wholesale/03,INTERNAL_AUTHORIZED,,retail-admin-web,Spring MVC,REST + OpenAPI 3.1,Spring Security OAuth2 Resource Server,Spring Data JDBC,PostgreSQL 18.6,wholesale_svc_03,wholesale,Flyway,10,10,0,9,0,9,0,0,Y,N,Y,N,Resilience4j + idempotency + retry,Actuator + Micrometer + OpenTelemetry,JUnit 5 + Testcontainers + ArchUnit + Spring Cloud Contract,OCI image + layered Spring Boot JAR,wholesale-03,retail-wholesale,PLANNED
129,1074,88,wholesale,svc-0874,wholesale-04,ADMIN_API_SERVICE,team-088,25,4.1.1,Gradle,9,Kotlin,Executable JAR,com.agilearning.retail.wholesale.service0874,Wholesale04Application,applications/backend/services/wholesale/wholesale-04,/api/v1/wholesale/04,INTERNAL_AUTHORIZED,,retail-admin-web,Spring MVC,REST + OpenAPI 3.1,Spring Security OAuth2 Resource Server,Spring Data JDBC,PostgreSQL 18.6,wholesale_svc_04,wholesale,Flyway,10,10,0,6,0,6,0,0,Y,N,Y,N,Resilience4j + idempotency + retry,Actuator + Micrometer + OpenTelemetry,JUnit 5 + Testcontainers + ArchUnit + Spring Cloud Contract,OCI image + layered Spring Boot JAR,wholesale-04,retail-wholesale,PLANNED
129,1075,88,wholesale,svc-0875,wholesale-05,ADMIN_API_SERVICE,team-088,25,4.1.1,Gradle,9,Kotlin,Executable JAR,com.agilearning.retail.wholesale.service0875,Wholesale05Application,applications/backend/services/wholesale/wholesale-05,/api/v1/wholesale/05,INTERNAL_AUTHORIZED,,retail-admin-web,Spring MVC,REST + OpenAPI 3.1,Spring Security OAuth2 Resource Server,Spring Data JDBC,PostgreSQL 18.6,wholesale_svc_05,wholesale,Flyway,10,10,0,6,0,6,0,0,Y,N,Y,N,Resilience4j + idempotency + retry,Actuator + Micrometer + OpenTelemetry,JUnit 5 + Testcontainers + ArchUnit + Spring Cloud Contract,OCI image + layered Spring Boot JAR,wholesale-05,retail-wholesale,PLANNED
129,1076,88,wholesale,svc-0876,wholesale-06,ADMIN_API_SERVICE,team-088,25,4.1.1,Gradle,9,Kotlin,Executable JAR,com.agilearning.retail.wholesale.service0876,Wholesale06Application,applications/backend/services/wholesale/wholesale-06,/api/v1/wholesale/06,INTERNAL_AUTHORIZED,,retail-admin-web,Spring MVC,REST + OpenAPI 3.1,Spring Security OAuth2 Resource Server,Spring Data JDBC,PostgreSQL 18.6,wholesale_svc_06,wholesale,Flyway,10,10,0,3,0,3,0,0,Y,N,Y,N,Resilience4j + idempotency + retry,Actuator + Micrometer + OpenTelemetry,JUnit 5 + Testcontainers + ArchUnit + Spring Cloud Contract,OCI image + layered Spring Boot JAR,wholesale-06,retail-wholesale,PLANNED
129,1077,88,wholesale,svc-0877,wholesale-07,ADMIN_API_SERVICE,team-088,25,4.1.1,Gradle,9,Kotlin,Executable JAR,com.agilearning.retail.wholesale.service0877,Wholesale07Application,applications/backend/services/wholesale/wholesale-07,/api/v1/wholesale/07,INTERNAL_AUTHORIZED,,retail-admin-web,Spring MVC,REST + OpenAPI 3.1,Spring Security OAuth2 Resource Server,Spring Data JDBC,PostgreSQL 18.6,wholesale_svc_07,wholesale,Flyway,10,10,0,3,0,3,0,0,Y,N,Y,N,Resilience4j + idempotency + retry,Actuator + Micrometer + OpenTelemetry,JUnit 5 + Testcontainers + ArchUnit + Spring Cloud Contract,OCI image + layered Spring Boot JAR,wholesale-07,retail-wholesale,PLANNED
129,1078,88,wholesale,svc-0878,wholesale-08,ADMIN_API_SERVICE,team-088,25,4.1.1,Gradle,9,Kotlin,Executable JAR,com.agilearning.retail.wholesale.service0878,Wholesale08Application,applications/backend/services/wholesale/wholesale-08,/api/v1/wholesale/08,INTERNAL_AUTHORIZED,,retail-admin-web,Spring MVC,REST + OpenAPI 3.1,Spring Security OAuth2 Resource Server,Spring Data JDBC,PostgreSQL 18.6,wholesale_svc_08,wholesale,Flyway,10,10,0,6,0,6,0,0,Y,N,Y,N,Resilience4j + idempotency + retry,Actuator + Micrometer + OpenTelemetry,JUnit 5 + Testcontainers + ArchUnit + Spring Cloud Contract,OCI image + layered Spring Boot JAR,wholesale-08,retail-wholesale,PLANNED
129,1079,88,wholesale,svc-0879,wholesale-09,ADMIN_API_SERVICE,team-088,25,4.1.1,Gradle,9,Kotlin,Executable JAR,com.agilearning.retail.wholesale.service0879,Wholesale09Application,applications/backend/services/wholesale/wholesale-09,/api/v1/wholesale/09,INTERNAL_AUTHORIZED,,retail-admin-web,Spring MVC,REST + OpenAPI 3.1,Spring Security OAuth2 Resource Server,Spring Data JDBC,PostgreSQL 18.6,wholesale_svc_09,wholesale,Flyway,10,10,0,3,0,3,0,0,Y,N,Y,N,Resilience4j + idempotency + retry,Actuator + Micrometer + OpenTelemetry,JUnit 5 + Testcontainers + ArchUnit + Spring Cloud Contract,OCI image + layered Spring Boot JAR,wholesale-09,retail-wholesale,PLANNED
129,1080,88,wholesale,svc-0880,wholesale-10,ADMIN_API_SERVICE,team-088,25,4.1.1,Gradle,9,Kotlin,Executable JAR,com.agilearning.retail.wholesale.service0880,Wholesale10Application,applications/backend/services/wholesale/wholesale-10,/api/v1/wholesale/10,INTERNAL_AUTHORIZED,,retail-admin-web,Spring MVC,REST + OpenAPI 3.1,Spring Security OAuth2 Resource Server,Spring Data JDBC,PostgreSQL 18.6,wholesale_svc_10,wholesale,Flyway,10,10,0,6,0,6,0,0,Y,N,Y,N,Resilience4j + idempotency + retry,Actuator + Micrometer + OpenTelemetry,JUnit 5 + Testcontainers + ArchUnit + Spring Cloud Contract,OCI image + layered Spring Boot JAR,wholesale-10,retail-wholesale,PLANNED
129,1081,89,subscription,svc-0881,subscription-01,SHARED_API_SERVICE,team-089,25,4.1.1,Gradle,9,Kotlin,Executable JAR,com.agilearning.retail.subscription.service0881,Subscription01Application,applications/backend/services/subscription/subscription-01,/api/v1/subscription/01,PUBLIC_AUTHENTICATED,retail-customer-web,retail-admin-web,Spring MVC,REST + OpenAPI 3.1,Spring Security OAuth2 Resource Server,Spring Data JDBC,PostgreSQL 18.6,subscription_svc_01,subscription,Flyway,10,10,0,9,0,9,0,0,Y,N,Y,N,Resilience4j + idempotency + retry,Actuator + Micrometer + OpenTelemetry,JUnit 5 + Testcontainers + ArchUnit + Spring Cloud Contract,OCI image + layered Spring Boot JAR,subscription-01,retail-subscription,PLANNED
129,1082,89,subscription,svc-0882,subscription-02,SHARED_API_SERVICE,team-089,25,4.1.1,Gradle,9,Kotlin,Executable JAR,com.agilearning.retail.subscription.service0882,Subscription02Application,applications/backend/services/subscription/subscription-02,/api/v1/subscription/02,PUBLIC_AUTHENTICATED,retail-customer-web,retail-admin-web,Spring MVC,REST + OpenAPI 3.1,Spring Security OAuth2 Resource Server,Spring Data JDBC,PostgreSQL 18.6,subscription_svc_02,subscription,Flyway,10,10,0,9,0,9,0,0,Y,N,Y,N,Resilience4j + idempotency + retry,Actuator + Micrometer + OpenTelemetry,JUnit 5 + Testcontainers + ArchUnit + Spring Cloud Contract,OCI image + layered Spring Boot JAR,subscription-02,retail-subscription,PLANNED
129,1083,89,subscription,svc-0883,subscription-03,SHARED_API_SERVICE,team-089,25,4.1.1,Gradle,9,Kotlin,Executable JAR,com.agilearning.retail.subscription.service0883,Subscription03Application,applications/backend/services/subscription/subscription-03,/api/v1/subscription/03,PUBLIC_AUTHENTICATED,retail-customer-web,retail-admin-web,Spring MVC,REST + OpenAPI 3.1,Spring Security OAuth2 Resource Server,Spring Data JDBC,PostgreSQL 18.6,subscription_svc_03,subscription,Flyway,10,10,0,9,0,9,0,0,Y,N,Y,N,Resilience4j + idempotency + retry,Actuator + Micrometer + OpenTelemetry,JUnit 5 + Testcontainers + ArchUnit + Spring Cloud Contract,OCI image + layered Spring Boot JAR,subscription-03,retail-subscription,PLANNED
129,1084,89,subscription,svc-0884,subscription-04,SHARED_API_SERVICE,team-089,25,4.1.1,Gradle,9,Kotlin,Executable JAR,com.agilearning.retail.subscription.service0884,Subscription04Application,applications/backend/services/subscription/subscription-04,/api/v1/subscription/04,PUBLIC_AUTHENTICATED,retail-customer-web,retail-admin-web,Spring MVC,REST + OpenAPI 3.1,Spring Security OAuth2 Resource Server,Spring Data JDBC,PostgreSQL 18.6,subscription_svc_04,subscription,Flyway,10,10,0,6,0,6,0,0,Y,N,Y,N,Resilience4j + idempotency + retry,Actuator + Micrometer + OpenTelemetry,JUnit 5 + Testcontainers + ArchUnit + Spring Cloud Contract,OCI image + layered Spring Boot JAR,subscription-04,retail-subscription,PLANNED
129,1085,89,subscription,svc-0885,subscription-05,SHARED_API_SERVICE,team-089,25,4.1.1,Gradle,9,Kotlin,Executable JAR,com.agilearning.retail.subscription.service0885,Subscription05Application,applications/backend/services/subscription/subscription-05,/api/v1/subscription/05,PUBLIC_AUTHENTICATED,retail-customer-web,retail-admin-web,Spring MVC,REST + OpenAPI 3.1,Spring Security OAuth2 Resource Server,Spring Data JDBC,PostgreSQL 18.6,subscription_svc_05,subscription,Flyway,10,10,0,6,0,6,0,0,Y,N,Y,N,Resilience4j + idempotency + retry,Actuator + Micrometer + OpenTelemetry,JUnit 5 + Testcontainers + ArchUnit + Spring Cloud Contract,OCI image + layered Spring Boot JAR,subscription-05,retail-subscription,PLANNED
129,1086,89,subscription,svc-0886,subscription-06,SHARED_API_SERVICE,team-089,25,4.1.1,Gradle,9,Kotlin,Executable JAR,com.agilearning.retail.subscription.service0886,Subscription06Application,applications/backend/services/subscription/subscription-06,/api/v1/subscription/06,PUBLIC_AUTHENTICATED,retail-customer-web,retail-admin-web,Spring MVC,REST + OpenAPI 3.1,Spring Security OAuth2 Resource Server,Spring Data JDBC,PostgreSQL 18.6,subscription_svc_06,subscription,Flyway,10,10,0,3,0,3,0,0,Y,N,Y,N,Resilience4j + idempotency + retry,Actuator + Micrometer + OpenTelemetry,JUnit 5 + Testcontainers + ArchUnit + Spring Cloud Contract,OCI image + layered Spring Boot JAR,subscription-06,retail-subscription,PLANNED
129,1087,89,subscription,svc-0887,subscription-07,SHARED_API_SERVICE,team-089,25,4.1.1,Gradle,9,Kotlin,Executable JAR,com.agilearning.retail.subscription.service0887,Subscription07Application,applications/backend/services/subscription/subscription-07,/api/v1/subscription/07,PUBLIC_AUTHENTICATED,retail-customer-web,retail-admin-web,Spring MVC,REST + OpenAPI 3.1,Spring Security OAuth2 Resource Server,Spring Data JDBC,PostgreSQL 18.6,subscription_svc_07,subscription,Flyway,10,10,0,3,0,3,0,0,Y,N,Y,N,Resilience4j + idempotency + retry,Actuator + Micrometer + OpenTelemetry,JUnit 5 + Testcontainers + ArchUnit + Spring Cloud Contract,OCI image + layered Spring Boot JAR,subscription-07,retail-subscription,PLANNED
129,1088,89,subscription,svc-0888,subscription-08,SHARED_API_SERVICE,team-089,25,4.1.1,Gradle,9,Kotlin,Executable JAR,com.agilearning.retail.subscription.service0888,Subscription08Application,applications/backend/services/subscription/subscription-08,/api/v1/subscription/08,PUBLIC_AUTHENTICATED,retail-customer-web,retail-admin-web,Spring MVC,REST + OpenAPI 3.1,Spring Security OAuth2 Resource Server,Spring Data JDBC,PostgreSQL 18.6,subscription_svc_08,subscription,Flyway,10,10,0,6,0,6,0,0,Y,N,Y,N,Resilience4j + idempotency + retry,Actuator + Micrometer + OpenTelemetry,JUnit 5 + Testcontainers + ArchUnit + Spring Cloud Contract,OCI image + layered Spring Boot JAR,subscription-08,retail-subscription,PLANNED
129,1089,89,subscription,svc-0889,subscription-09,SHARED_API_SERVICE,team-089,25,4.1.1,Gradle,9,Kotlin,Executable JAR,com.agilearning.retail.subscription.service0889,Subscription09Application,applications/backend/services/subscription/subscription-09,/api/v1/subscription/09,PUBLIC_AUTHENTICATED,retail-customer-web,retail-admin-web,Spring MVC,REST + OpenAPI 3.1,Spring Security OAuth2 Resource Server,Spring Data JDBC,PostgreSQL 18.6,subscription_svc_09,subscription,Flyway,10,10,0,3,0,3,0,0,Y,N,Y,N,Resilience4j + idempotency + retry,Actuator + Micrometer + OpenTelemetry,JUnit 5 + Testcontainers + ArchUnit + Spring Cloud Contract,OCI image + layered Spring Boot JAR,subscription-09,retail-subscription,PLANNED
129,1090,89,subscription,svc-0890,subscription-10,SHARED_API_SERVICE,team-089,25,4.1.1,Gradle,9,Kotlin,Executable JAR,com.agilearning.retail.subscription.service0890,Subscription10Application,applications/backend/services/subscription/subscription-10,/api/v1/subscription/10,PUBLIC_AUTHENTICATED,retail-customer-web,retail-admin-web,Spring MVC,REST + OpenAPI 3.1,Spring Security OAuth2 Resource Server,Spring Data JDBC,PostgreSQL 18.6,subscription_svc_10,subscription,Flyway,10,10,0,6,0,6,0,0,Y,N,Y,N,Resilience4j + idempotency + retry,Actuator + Micrometer + OpenTelemetry,JUnit 5 + Testcontainers + ArchUnit + Spring Cloud Contract,OCI image + layered Spring Boot JAR,subscription-10,retail-subscription,PLANNED
129,1091,90,digital_goods,svc-0891,digital_goods-01,SHARED_API_SERVICE,team-090,25,4.1.1,Gradle,9,Kotlin,Executable JAR,com.agilearning.retail.digitalgoods.service0891,Digital_goods01Application,applications/backend/services/digital_goods/digital_goods-01,/api/v1/digital_goods/01,PUBLIC_AUTHENTICATED,retail-customer-web,retail-admin-web,Spring MVC,REST + OpenAPI 3.1,Spring Security OAuth2 Resource Server,Spring Data JDBC,PostgreSQL 18.6,digital_goods_svc_01,digital_goods,Flyway,10,10,0,9,0,9,0,0,Y,N,Y,N,Resilience4j + idempotency + retry,Actuator + Micrometer + OpenTelemetry,JUnit 5 + Testcontainers + ArchUnit + Spring Cloud Contract,OCI image + layered Spring Boot JAR,digital_goods-01,retail-digital_goods,PLANNED
129,1092,90,digital_goods,svc-0892,digital_goods-02,SHARED_API_SERVICE,team-090,25,4.1.1,Gradle,9,Kotlin,Executable JAR,com.agilearning.retail.digitalgoods.service0892,Digital_goods02Application,applications/backend/services/digital_goods/digital_goods-02,/api/v1/digital_goods/02,PUBLIC_AUTHENTICATED,retail-customer-web,retail-admin-web,Spring MVC,REST + OpenAPI 3.1,Spring Security OAuth2 Resource Server,Spring Data JDBC,PostgreSQL 18.6,digital_goods_svc_02,digital_goods,Flyway,10,10,0,9,0,9,0,0,Y,N,Y,N,Resilience4j + idempotency + retry,Actuator + Micrometer + OpenTelemetry,JUnit 5 + Testcontainers + ArchUnit + Spring Cloud Contract,OCI image + layered Spring Boot JAR,digital_goods-02,retail-digital_goods,PLANNED
129,1093,90,digital_goods,svc-0893,digital_goods-03,SHARED_API_SERVICE,team-090,25,4.1.1,Gradle,9,Kotlin,Executable JAR,com.agilearning.retail.digitalgoods.service0893,Digital_goods03Application,applications/backend/services/digital_goods/digital_goods-03,/api/v1/digital_goods/03,PUBLIC_AUTHENTICATED,retail-customer-web,retail-admin-web,Spring MVC,REST + OpenAPI 3.1,Spring Security OAuth2 Resource Server,Spring Data JDBC,PostgreSQL 18.6,digital_goods_svc_03,digital_goods,Flyway,10,10,0,9,0,9,0,0,Y,N,Y,N,Resilience4j + idempotency + retry,Actuator + Micrometer + OpenTelemetry,JUnit 5 + Testcontainers + ArchUnit + Spring Cloud Contract,OCI image + layered Spring Boot JAR,digital_goods-03,retail-digital_goods,PLANNED
129,1094,90,digital_goods,svc-0894,digital_goods-04,SHARED_API_SERVICE,team-090,25,4.1.1,Gradle,9,Kotlin,Executable JAR,com.agilearning.retail.digitalgoods.service0894,Digital_goods04Application,applications/backend/services/digital_goods/digital_goods-04,/api/v1/digital_goods/04,PUBLIC_AUTHENTICATED,retail-customer-web,retail-admin-web,Spring MVC,REST + OpenAPI 3.1,Spring Security OAuth2 Resource Server,Spring Data JDBC,PostgreSQL 18.6,digital_goods_svc_04,digital_goods,Flyway,10,10,0,6,0,6,0,0,Y,N,Y,N,Resilience4j + idempotency + retry,Actuator + Micrometer + OpenTelemetry,JUnit 5 + Testcontainers + ArchUnit + Spring Cloud Contract,OCI image + layered Spring Boot JAR,digital_goods-04,retail-digital_goods,PLANNED
129,1095,90,digital_goods,svc-0895,digital_goods-05,SHARED_API_SERVICE,team-090,25,4.1.1,Gradle,9,Kotlin,Executable JAR,com.agilearning.retail.digitalgoods.service0895,Digital_goods05Application,applications/backend/services/digital_goods/digital_goods-05,/api/v1/digital_goods/05,PUBLIC_AUTHENTICATED,retail-customer-web,retail-admin-web,Spring MVC,REST + OpenAPI 3.1,Spring Security OAuth2 Resource Server,Spring Data JDBC,PostgreSQL 18.6,digital_goods_svc_05,digital_goods,Flyway,10,10,0,6,0,6,0,0,Y,N,Y,N,Resilience4j + idempotency + retry,Actuator + Micrometer + OpenTelemetry,JUnit 5 + Testcontainers + ArchUnit + Spring Cloud Contract,OCI image + layered Spring Boot JAR,digital_goods-05,retail-digital_goods,PLANNED
129,1096,90,digital_goods,svc-0896,digital_goods-06,SHARED_API_SERVICE,team-090,25,4.1.1,Gradle,9,Kotlin,Executable JAR,com.agilearning.retail.digitalgoods.service0896,Digital_goods06Application,applications/backend/services/digital_goods/digital_goods-06,/api/v1/digital_goods/06,PUBLIC_AUTHENTICATED,retail-customer-web,retail-admin-web,Spring MVC,REST + OpenAPI 3.1,Spring Security OAuth2 Resource Server,Spring Data JDBC,PostgreSQL 18.6,digital_goods_svc_06,digital_goods,Flyway,10,10,0,3,0,3,0,0,Y,N,Y,N,Resilience4j + idempotency + retry,Actuator + Micrometer + OpenTelemetry,JUnit 5 + Testcontainers + ArchUnit + Spring Cloud Contract,OCI image + layered Spring Boot JAR,digital_goods-06,retail-digital_goods,PLANNED
129,1097,90,digital_goods,svc-0897,digital_goods-07,SHARED_API_SERVICE,team-090,25,4.1.1,Gradle,9,Kotlin,Executable JAR,com.agilearning.retail.digitalgoods.service0897,Digital_goods07Application,applications/backend/services/digital_goods/digital_goods-07,/api/v1/digital_goods/07,PUBLIC_AUTHENTICATED,retail-customer-web,retail-admin-web,Spring MVC,REST + OpenAPI 3.1,Spring Security OAuth2 Resource Server,Spring Data JDBC,PostgreSQL 18.6,digital_goods_svc_07,digital_goods,Flyway,10,10,0,3,0,3,0,0,Y,N,Y,N,Resilience4j + idempotency + retry,Actuator + Micrometer + OpenTelemetry,JUnit 5 + Testcontainers + ArchUnit + Spring Cloud Contract,OCI image + layered Spring Boot JAR,digital_goods-07,retail-digital_goods,PLANNED
129,1098,90,digital_goods,svc-0898,digital_goods-08,SHARED_API_SERVICE,team-090,25,4.1.1,Gradle,9,Kotlin,Executable JAR,com.agilearning.retail.digitalgoods.service0898,Digital_goods08Application,applications/backend/services/digital_goods/digital_goods-08,/api/v1/digital_goods/08,PUBLIC_AUTHENTICATED,retail-customer-web,retail-admin-web,Spring MVC,REST + OpenAPI 3.1,Spring Security OAuth2 Resource Server,Spring Data JDBC,PostgreSQL 18.6,digital_goods_svc_08,digital_goods,Flyway,10,10,0,6,0,6,0,0,Y,N,Y,N,Resilience4j + idempotency + retry,Actuator + Micrometer + OpenTelemetry,JUnit 5 + Testcontainers + ArchUnit + Spring Cloud Contract,OCI image + layered Spring Boot JAR,digital_goods-08,retail-digital_goods,PLANNED
129,1099,90,digital_goods,svc-0899,digital_goods-09,SHARED_API_SERVICE,team-090,25,4.1.1,Gradle,9,Kotlin,Executable JAR,com.agilearning.retail.digitalgoods.service0899,Digital_goods09Application,applications/backend/services/digital_goods/digital_goods-09,/api/v1/digital_goods/09,PUBLIC_AUTHENTICATED,retail-customer-web,retail-admin-web,Spring MVC,REST + OpenAPI 3.1,Spring Security OAuth2 Resource Server,Spring Data JDBC,PostgreSQL 18.6,digital_goods_svc_09,digital_goods,Flyway,10,10,0,3,0,3,0,0,Y,N,Y,N,Resilience4j + idempotency + retry,Actuator + Micrometer + OpenTelemetry,JUnit 5 + Testcontainers + ArchUnit + Spring Cloud Contract,OCI image + layered Spring Boot JAR,digital_goods-09,retail-digital_goods,PLANNED
129,1100,90,digital_goods,svc-0900,digital_goods-10,SHARED_API_SERVICE,team-090,25,4.1.1,Gradle,9,Kotlin,Executable JAR,com.agilearning.retail.digitalgoods.service0900,Digital_goods10Application,applications/backend/services/digital_goods/digital_goods-10,/api/v1/digital_goods/10,PUBLIC_AUTHENTICATED,retail-customer-web,retail-admin-web,Spring MVC,REST + OpenAPI 3.1,Spring Security OAuth2 Resource Server,Spring Data JDBC,PostgreSQL 18.6,digital_goods_svc_10,digital_goods,Flyway,10,10,0,6,0,6,0,0,Y,N,Y,N,Resilience4j + idempotency + retry,Actuator + Micrometer + OpenTelemetry,JUnit 5 + Testcontainers + ArchUnit + Spring Cloud Contract,OCI image + layered Spring Boot JAR,digital_goods-10,retail-digital_goods,PLANNED
129,1101,91,membership,svc-0901,membership-01,SHARED_API_SERVICE,team-091,25,4.1.1,Gradle,9,Kotlin,Executable JAR,com.agilearning.retail.membership.service0901,Membership01Application,applications/backend/services/membership/membership-01,/api/v1/membership/01,PUBLIC_AUTHENTICATED,retail-customer-web,retail-admin-web,Spring MVC,REST + OpenAPI 3.1,Spring Security OAuth2 Resource Server,Spring Data JDBC,PostgreSQL 18.6,membership_svc_01,membership,Flyway,10,10,0,9,0,9,0,0,Y,N,Y,N,Resilience4j + idempotency + retry,Actuator + Micrometer + OpenTelemetry,JUnit 5 + Testcontainers + ArchUnit + Spring Cloud Contract,OCI image + layered Spring Boot JAR,membership-01,retail-membership,PLANNED
129,1102,91,membership,svc-0902,membership-02,SHARED_API_SERVICE,team-091,25,4.1.1,Gradle,9,Kotlin,Executable JAR,com.agilearning.retail.membership.service0902,Membership02Application,applications/backend/services/membership/membership-02,/api/v1/membership/02,PUBLIC_AUTHENTICATED,retail-customer-web,retail-admin-web,Spring MVC,REST + OpenAPI 3.1,Spring Security OAuth2 Resource Server,Spring Data JDBC,PostgreSQL 18.6,membership_svc_02,membership,Flyway,10,10,0,9,0,9,0,0,Y,N,Y,N,Resilience4j + idempotency + retry,Actuator + Micrometer + OpenTelemetry,JUnit 5 + Testcontainers + ArchUnit + Spring Cloud Contract,OCI image + layered Spring Boot JAR,membership-02,retail-membership,PLANNED
129,1103,91,membership,svc-0903,membership-03,SHARED_API_SERVICE,team-091,25,4.1.1,Gradle,9,Kotlin,Executable JAR,com.agilearning.retail.membership.service0903,Membership03Application,applications/backend/services/membership/membership-03,/api/v1/membership/03,PUBLIC_AUTHENTICATED,retail-customer-web,retail-admin-web,Spring MVC,REST + OpenAPI 3.1,Spring Security OAuth2 Resource Server,Spring Data JDBC,PostgreSQL 18.6,membership_svc_03,membership,Flyway,10,10,0,9,0,9,0,0,Y,N,Y,N,Resilience4j + idempotency + retry,Actuator + Micrometer + OpenTelemetry,JUnit 5 + Testcontainers + ArchUnit + Spring Cloud Contract,OCI image + layered Spring Boot JAR,membership-03,retail-membership,PLANNED
129,1104,91,membership,svc-0904,membership-04,SHARED_API_SERVICE,team-091,25,4.1.1,Gradle,9,Kotlin,Executable JAR,com.agilearning.retail.membership.service0904,Membership04Application,applications/backend/services/membership/membership-04,/api/v1/membership/04,PUBLIC_AUTHENTICATED,retail-customer-web,retail-admin-web,Spring MVC,REST + OpenAPI 3.1,Spring Security OAuth2 Resource Server,Spring Data JDBC,PostgreSQL 18.6,membership_svc_04,membership,Flyway,10,10,0,6,0,6,0,0,Y,N,Y,N,Resilience4j + idempotency + retry,Actuator + Micrometer + OpenTelemetry,JUnit 5 + Testcontainers + ArchUnit + Spring Cloud Contract,OCI image + layered Spring Boot JAR,membership-04,retail-membership,PLANNED
129,1105,91,membership,svc-0905,membership-05,SHARED_API_SERVICE,team-091,25,4.1.1,Gradle,9,Kotlin,Executable JAR,com.agilearning.retail.membership.service0905,Membership05Application,applications/backend/services/membership/membership-05,/api/v1/membership/05,PUBLIC_AUTHENTICATED,retail-customer-web,retail-admin-web,Spring MVC,REST + OpenAPI 3.1,Spring Security OAuth2 Resource Server,Spring Data JDBC,PostgreSQL 18.6,membership_svc_05,membership,Flyway,10,10,0,6,0,6,0,0,Y,N,Y,N,Resilience4j + idempotency + retry,Actuator + Micrometer + OpenTelemetry,JUnit 5 + Testcontainers + ArchUnit + Spring Cloud Contract,OCI image + layered Spring Boot JAR,membership-05,retail-membership,PLANNED
129,1106,91,membership,svc-0906,membership-06,SHARED_API_SERVICE,team-091,25,4.1.1,Gradle,9,Kotlin,Executable JAR,com.agilearning.retail.membership.service0906,Membership06Application,applications/backend/services/membership/membership-06,/api/v1/membership/06,PUBLIC_AUTHENTICATED,retail-customer-web,retail-admin-web,Spring MVC,REST + OpenAPI 3.1,Spring Security OAuth2 Resource Server,Spring Data JDBC,PostgreSQL 18.6,membership_svc_06,membership,Flyway,10,10,0,3,0,3,0,0,Y,N,Y,N,Resilience4j + idempotency + retry,Actuator + Micrometer + OpenTelemetry,JUnit 5 + Testcontainers + ArchUnit + Spring Cloud Contract,OCI image + layered Spring Boot JAR,membership-06,retail-membership,PLANNED
129,1107,91,membership,svc-0907,membership-07,SHARED_API_SERVICE,team-091,25,4.1.1,Gradle,9,Kotlin,Executable JAR,com.agilearning.retail.membership.service0907,Membership07Application,applications/backend/services/membership/membership-07,/api/v1/membership/07,PUBLIC_AUTHENTICATED,retail-customer-web,retail-admin-web,Spring MVC,REST + OpenAPI 3.1,Spring Security OAuth2 Resource Server,Spring Data JDBC,PostgreSQL 18.6,membership_svc_07,membership,Flyway,10,10,0,3,0,3,0,0,Y,N,Y,N,Resilience4j + idempotency + retry,Actuator + Micrometer + OpenTelemetry,JUnit 5 + Testcontainers + ArchUnit + Spring Cloud Contract,OCI image + layered Spring Boot JAR,membership-07,retail-membership,PLANNED
129,1108,91,membership,svc-0908,membership-08,SHARED_API_SERVICE,team-091,25,4.1.1,Gradle,9,Kotlin,Executable JAR,com.agilearning.retail.membership.service0908,Membership08Application,applications/backend/services/membership/membership-08,/api/v1/membership/08,PUBLIC_AUTHENTICATED,retail-customer-web,retail-admin-web,Spring MVC,REST + OpenAPI 3.1,Spring Security OAuth2 Resource Server,Spring Data JDBC,PostgreSQL 18.6,membership_svc_08,membership,Flyway,10,10,0,6,0,6,0,0,Y,N,Y,N,Resilience4j + idempotency + retry,Actuator + Micrometer + OpenTelemetry,JUnit 5 + Testcontainers + ArchUnit + Spring Cloud Contract,OCI image + layered Spring Boot JAR,membership-08,retail-membership,PLANNED
129,1109,91,membership,svc-0909,membership-09,SHARED_API_SERVICE,team-091,25,4.1.1,Gradle,9,Kotlin,Executable JAR,com.agilearning.retail.membership.service0909,Membership09Application,applications/backend/services/membership/membership-09,/api/v1/membership/09,PUBLIC_AUTHENTICATED,retail-customer-web,retail-admin-web,Spring MVC,REST + OpenAPI 3.1,Spring Security OAuth2 Resource Server,Spring Data JDBC,PostgreSQL 18.6,membership_svc_09,membership,Flyway,10,10,0,3,0,3,0,0,Y,N,Y,N,Resilience4j + idempotency + retry,Actuator + Micrometer + OpenTelemetry,JUnit 5 + Testcontainers + ArchUnit + Spring Cloud Contract,OCI image + layered Spring Boot JAR,membership-09,retail-membership,PLANNED
129,1110,91,membership,svc-0910,membership-10,SHARED_API_SERVICE,team-091,25,4.1.1,Gradle,9,Kotlin,Executable JAR,com.agilearning.retail.membership.service0910,Membership10Application,applications/backend/services/membership/membership-10,/api/v1/membership/10,PUBLIC_AUTHENTICATED,retail-customer-web,retail-admin-web,Spring MVC,REST + OpenAPI 3.1,Spring Security OAuth2 Resource Server,Spring Data JDBC,PostgreSQL 18.6,membership_svc_10,membership,Flyway,10,10,0,6,0,6,0,0,Y,N,Y,N,Resilience4j + idempotency + retry,Actuator + Micrometer + OpenTelemetry,JUnit 5 + Testcontainers + ArchUnit + Spring Cloud Contract,OCI image + layered Spring Boot JAR,membership-10,retail-membership,PLANNED
129,1111,92,affiliate,svc-0911,affiliate-01,ADMIN_API_SERVICE,team-092,25,4.1.1,Gradle,9,Kotlin,Executable JAR,com.agilearning.retail.affiliate.service0911,Affiliate01Application,applications/backend/services/affiliate/affiliate-01,/api/v1/affiliate/01,INTERNAL_AUTHORIZED,,retail-admin-web,Spring MVC,REST + OpenAPI 3.1,Spring Security OAuth2 Resource Server,Spring Data JDBC,PostgreSQL 18.6,affiliate_svc_01,affiliate,Flyway,10,10,0,9,0,9,0,0,Y,N,Y,N,Resilience4j + idempotency + retry,Actuator + Micrometer + OpenTelemetry,JUnit 5 + Testcontainers + ArchUnit + Spring Cloud Contract,OCI image + layered Spring Boot JAR,affiliate-01,retail-affiliate,PLANNED
129,1112,92,affiliate,svc-0912,affiliate-02,ADMIN_API_SERVICE,team-092,25,4.1.1,Gradle,9,Kotlin,Executable JAR,com.agilearning.retail.affiliate.service0912,Affiliate02Application,applications/backend/services/affiliate/affiliate-02,/api/v1/affiliate/02,INTERNAL_AUTHORIZED,,retail-admin-web,Spring MVC,REST + OpenAPI 3.1,Spring Security OAuth2 Resource Server,Spring Data JDBC,PostgreSQL 18.6,affiliate_svc_02,affiliate,Flyway,10,10,0,9,0,9,0,0,Y,N,Y,N,Resilience4j + idempotency + retry,Actuator + Micrometer + OpenTelemetry,JUnit 5 + Testcontainers + ArchUnit + Spring Cloud Contract,OCI image + layered Spring Boot JAR,affiliate-02,retail-affiliate,PLANNED
129,1113,92,affiliate,svc-0913,affiliate-03,ADMIN_API_SERVICE,team-092,25,4.1.1,Gradle,9,Kotlin,Executable JAR,com.agilearning.retail.affiliate.service0913,Affiliate03Application,applications/backend/services/affiliate/affiliate-03,/api/v1/affiliate/03,INTERNAL_AUTHORIZED,,retail-admin-web,Spring MVC,REST + OpenAPI 3.1,Spring Security OAuth2 Resource Server,Spring Data JDBC,PostgreSQL 18.6,affiliate_svc_03,affiliate,Flyway,10,10,0,9,0,9,0,0,Y,N,Y,N,Resilience4j + idempotency + retry,Actuator + Micrometer + OpenTelemetry,JUnit 5 + Testcontainers + ArchUnit + Spring Cloud Contract,OCI image + layered Spring Boot JAR,affiliate-03,retail-affiliate,PLANNED
129,1114,92,affiliate,svc-0914,affiliate-04,ADMIN_API_SERVICE,team-092,25,4.1.1,Gradle,9,Kotlin,Executable JAR,com.agilearning.retail.affiliate.service0914,Affiliate04Application,applications/backend/services/affiliate/affiliate-04,/api/v1/affiliate/04,INTERNAL_AUTHORIZED,,retail-admin-web,Spring MVC,REST + OpenAPI 3.1,Spring Security OAuth2 Resource Server,Spring Data JDBC,PostgreSQL 18.6,affiliate_svc_04,affiliate,Flyway,10,10,0,6,0,6,0,0,Y,N,Y,N,Resilience4j + idempotency + retry,Actuator + Micrometer + OpenTelemetry,JUnit 5 + Testcontainers + ArchUnit + Spring Cloud Contract,OCI image + layered Spring Boot JAR,affiliate-04,retail-affiliate,PLANNED
129,1115,92,affiliate,svc-0915,affiliate-05,ADMIN_API_SERVICE,team-092,25,4.1.1,Gradle,9,Kotlin,Executable JAR,com.agilearning.retail.affiliate.service0915,Affiliate05Application,applications/backend/services/affiliate/affiliate-05,/api/v1/affiliate/05,INTERNAL_AUTHORIZED,,retail-admin-web,Spring MVC,REST + OpenAPI 3.1,Spring Security OAuth2 Resource Server,Spring Data JDBC,PostgreSQL 18.6,affiliate_svc_05,affiliate,Flyway,10,10,0,6,0,6,0,0,Y,N,Y,N,Resilience4j + idempotency + retry,Actuator + Micrometer + OpenTelemetry,JUnit 5 + Testcontainers + ArchUnit + Spring Cloud Contract,OCI image + layered Spring Boot JAR,affiliate-05,retail-affiliate,PLANNED
129,1116,92,affiliate,svc-0916,affiliate-06,ADMIN_API_SERVICE,team-092,25,4.1.1,Gradle,9,Kotlin,Executable JAR,com.agilearning.retail.affiliate.service0916,Affiliate06Application,applications/backend/services/affiliate/affiliate-06,/api/v1/affiliate/06,INTERNAL_AUTHORIZED,,retail-admin-web,Spring MVC,REST + OpenAPI 3.1,Spring Security OAuth2 Resource Server,Spring Data JDBC,PostgreSQL 18.6,affiliate_svc_06,affiliate,Flyway,10,10,0,3,0,3,0,0,Y,N,Y,N,Resilience4j + idempotency + retry,Actuator + Micrometer + OpenTelemetry,JUnit 5 + Testcontainers + ArchUnit + Spring Cloud Contract,OCI image + layered Spring Boot JAR,affiliate-06,retail-affiliate,PLANNED
129,1117,92,affiliate,svc-0917,affiliate-07,ADMIN_API_SERVICE,team-092,25,4.1.1,Gradle,9,Kotlin,Executable JAR,com.agilearning.retail.affiliate.service0917,Affiliate07Application,applications/backend/services/affiliate/affiliate-07,/api/v1/affiliate/07,INTERNAL_AUTHORIZED,,retail-admin-web,Spring MVC,REST + OpenAPI 3.1,Spring Security OAuth2 Resource Server,Spring Data JDBC,PostgreSQL 18.6,affiliate_svc_07,affiliate,Flyway,10,10,0,3,0,3,0,0,Y,N,Y,N,Resilience4j + idempotency + retry,Actuator + Micrometer + OpenTelemetry,JUnit 5 + Testcontainers + ArchUnit + Spring Cloud Contract,OCI image + layered Spring Boot JAR,affiliate-07,retail-affiliate,PLANNED
129,1118,92,affiliate,svc-0918,affiliate-08,ADMIN_API_SERVICE,team-092,25,4.1.1,Gradle,9,Kotlin,Executable JAR,com.agilearning.retail.affiliate.service0918,Affiliate08Application,applications/backend/services/affiliate/affiliate-08,/api/v1/affiliate/08,INTERNAL_AUTHORIZED,,retail-admin-web,Spring MVC,REST + OpenAPI 3.1,Spring Security OAuth2 Resource Server,Spring Data JDBC,PostgreSQL 18.6,affiliate_svc_08,affiliate,Flyway,10,10,0,6,0,6,0,0,Y,N,Y,N,Resilience4j + idempotency + retry,Actuator + Micrometer + OpenTelemetry,JUnit 5 + Testcontainers + ArchUnit + Spring Cloud Contract,OCI image + layered Spring Boot JAR,affiliate-08,retail-affiliate,PLANNED
129,1119,92,affiliate,svc-0919,affiliate-09,ADMIN_API_SERVICE,team-092,25,4.1.1,Gradle,9,Kotlin,Executable JAR,com.agilearning.retail.affiliate.service0919,Affiliate09Application,applications/backend/services/affiliate/affiliate-09,/api/v1/affiliate/09,INTERNAL_AUTHORIZED,,retail-admin-web,Spring MVC,REST + OpenAPI 3.1,Spring Security OAuth2 Resource Server,Spring Data JDBC,PostgreSQL 18.6,affiliate_svc_09,affiliate,Flyway,10,10,0,3,0,3,0,0,Y,N,Y,N,Resilience4j + idempotency + retry,Actuator + Micrometer + OpenTelemetry,JUnit 5 + Testcontainers + ArchUnit + Spring Cloud Contract,OCI image + layered Spring Boot JAR,affiliate-09,retail-affiliate,PLANNED
129,1120,92,affiliate,svc-0920,affiliate-10,ADMIN_API_SERVICE,team-092,25,4.1.1,Gradle,9,Kotlin,Executable JAR,com.agilearning.retail.affiliate.service0920,Affiliate10Application,applications/backend/services/affiliate/affiliate-10,/api/v1/affiliate/10,INTERNAL_AUTHORIZED,,retail-admin-web,Spring MVC,REST + OpenAPI 3.1,Spring Security OAuth2 Resource Server,Spring Data JDBC,PostgreSQL 18.6,affiliate_svc_10,affiliate,Flyway,10,10,0,6,0,6,0,0,Y,N,Y,N,Resilience4j + idempotency + retry,Actuator + Micrometer + OpenTelemetry,JUnit 5 + Testcontainers + ArchUnit + Spring Cloud Contract,OCI image + layered Spring Boot JAR,affiliate-10,retail-affiliate,PLANNED
129,1121,93,social,svc-0921,social-01,CUSTOMER_API_SERVICE,team-093,25,4.1.1,Gradle,9,Kotlin,Executable JAR,com.agilearning.retail.social.service0921,Social01Application,applications/backend/services/social/social-01,/api/v1/social/01,PUBLIC_AUTHENTICATED,retail-customer-web,,Spring MVC,REST + OpenAPI 3.1,Spring Security OAuth2 Resource Server,Spring Data JDBC,PostgreSQL 18.6,social_svc_01,social,Flyway,10,10,0,9,0,8,0,1,Y,N,Y,N,Resilience4j + idempotency + retry,Actuator + Micrometer + OpenTelemetry,JUnit 5 + Testcontainers + ArchUnit + Spring Cloud Contract,OCI image + layered Spring Boot JAR,social-01,retail-social,PLANNED
129,1122,93,social,svc-0922,social-02,CUSTOMER_API_SERVICE,team-093,25,4.1.1,Gradle,9,Kotlin,Executable JAR,com.agilearning.retail.social.service0922,Social02Application,applications/backend/services/social/social-02,/api/v1/social/02,PUBLIC_AUTHENTICATED,retail-customer-web,,Spring MVC,REST + OpenAPI 3.1,Spring Security OAuth2 Resource Server,Spring Data JDBC,PostgreSQL 18.6,social_svc_02,social,Flyway,10,10,0,9,0,9,0,0,Y,N,Y,N,Resilience4j + idempotency + retry,Actuator + Micrometer + OpenTelemetry,JUnit 5 + Testcontainers + ArchUnit + Spring Cloud Contract,OCI image + layered Spring Boot JAR,social-02,retail-social,PLANNED
129,1123,93,social,svc-0923,social-03,CUSTOMER_API_SERVICE,team-093,25,4.1.1,Gradle,9,Kotlin,Executable JAR,com.agilearning.retail.social.service0923,Social03Application,applications/backend/services/social/social-03,/api/v1/social/03,PUBLIC_AUTHENTICATED,retail-customer-web,,Spring MVC,REST + OpenAPI 3.1,Spring Security OAuth2 Resource Server,Spring Data JDBC,PostgreSQL 18.6,social_svc_03,social,Flyway,10,10,0,9,0,9,0,0,Y,N,Y,N,Resilience4j + idempotency + retry,Actuator + Micrometer + OpenTelemetry,JUnit 5 + Testcontainers + ArchUnit + Spring Cloud Contract,OCI image + layered Spring Boot JAR,social-03,retail-social,PLANNED
129,1124,93,social,svc-0924,social-04,CUSTOMER_API_SERVICE,team-093,25,4.1.1,Gradle,9,Kotlin,Executable JAR,com.agilearning.retail.social.service0924,Social04Application,applications/backend/services/social/social-04,/api/v1/social/04,PUBLIC_AUTHENTICATED,retail-customer-web,,Spring MVC,REST + OpenAPI 3.1,Spring Security OAuth2 Resource Server,Spring Data JDBC,PostgreSQL 18.6,social_svc_04,social,Flyway,10,10,0,6,0,6,0,0,Y,N,Y,N,Resilience4j + idempotency + retry,Actuator + Micrometer + OpenTelemetry,JUnit 5 + Testcontainers + ArchUnit + Spring Cloud Contract,OCI image + layered Spring Boot JAR,social-04,retail-social,PLANNED
129,1125,93,social,svc-0925,social-05,CUSTOMER_API_SERVICE,team-093,25,4.1.1,Gradle,9,Kotlin,Executable JAR,com.agilearning.retail.social.service0925,Social05Application,applications/backend/services/social/social-05,/api/v1/social/05,PUBLIC_AUTHENTICATED,retail-customer-web,,Spring MVC,REST + OpenAPI 3.1,Spring Security OAuth2 Resource Server,Spring Data JDBC,PostgreSQL 18.6,social_svc_05,social,Flyway,10,10,0,6,0,6,0,0,Y,N,Y,N,Resilience4j + idempotency + retry,Actuator + Micrometer + OpenTelemetry,JUnit 5 + Testcontainers + ArchUnit + Spring Cloud Contract,OCI image + layered Spring Boot JAR,social-05,retail-social,PLANNED
129,1126,93,social,svc-0926,social-06,CUSTOMER_API_SERVICE,team-093,25,4.1.1,Gradle,9,Kotlin,Executable JAR,com.agilearning.retail.social.service0926,Social06Application,applications/backend/services/social/social-06,/api/v1/social/06,PUBLIC_AUTHENTICATED,retail-customer-web,,Spring MVC,REST + OpenAPI 3.1,Spring Security OAuth2 Resource Server,Spring Data JDBC,PostgreSQL 18.6,social_svc_06,social,Flyway,10,10,0,3,0,3,0,0,Y,N,Y,N,Resilience4j + idempotency + retry,Actuator + Micrometer + OpenTelemetry,JUnit 5 + Testcontainers + ArchUnit + Spring Cloud Contract,OCI image + layered Spring Boot JAR,social-06,retail-social,PLANNED
129,1127,93,social,svc-0927,social-07,CUSTOMER_API_SERVICE,team-093,25,4.1.1,Gradle,9,Kotlin,Executable JAR,com.agilearning.retail.social.service0927,Social07Application,applications/backend/services/social/social-07,/api/v1/social/07,PUBLIC_AUTHENTICATED,retail-customer-web,,Spring MVC,REST + OpenAPI 3.1,Spring Security OAuth2 Resource Server,Spring Data JDBC,PostgreSQL 18.6,social_svc_07,social,Flyway,10,10,0,3,0,3,0,0,Y,N,Y,N,Resilience4j + idempotency + retry,Actuator + Micrometer + OpenTelemetry,JUnit 5 + Testcontainers + ArchUnit + Spring Cloud Contract,OCI image + layered Spring Boot JAR,social-07,retail-social,PLANNED
129,1128,93,social,svc-0928,social-08,CUSTOMER_API_SERVICE,team-093,25,4.1.1,Gradle,9,Kotlin,Executable JAR,com.agilearning.retail.social.service0928,Social08Application,applications/backend/services/social/social-08,/api/v1/social/08,PUBLIC_AUTHENTICATED,retail-customer-web,,Spring MVC,REST + OpenAPI 3.1,Spring Security OAuth2 Resource Server,Spring Data JDBC,PostgreSQL 18.6,social_svc_08,social,Flyway,10,10,0,6,0,6,0,0,Y,N,Y,N,Resilience4j + idempotency + retry,Actuator + Micrometer + OpenTelemetry,JUnit 5 + Testcontainers + ArchUnit + Spring Cloud Contract,OCI image + layered Spring Boot JAR,social-08,retail-social,PLANNED
129,1129,93,social,svc-0929,social-09,CUSTOMER_API_SERVICE,team-093,25,4.1.1,Gradle,9,Kotlin,Executable JAR,com.agilearning.retail.social.service0929,Social09Application,applications/backend/services/social/social-09,/api/v1/social/09,PUBLIC_AUTHENTICATED,retail-customer-web,,Spring MVC,REST + OpenAPI 3.1,Spring Security OAuth2 Resource Server,Spring Data JDBC,PostgreSQL 18.6,social_svc_09,social,Flyway,10,10,0,3,0,3,0,0,Y,N,Y,N,Resilience4j + idempotency + retry,Actuator + Micrometer + OpenTelemetry,JUnit 5 + Testcontainers + ArchUnit + Spring Cloud Contract,OCI image + layered Spring Boot JAR,social-09,retail-social,PLANNED
129,1130,93,social,svc-0930,social-10,CUSTOMER_API_SERVICE,team-093,25,4.1.1,Gradle,9,Kotlin,Executable JAR,com.agilearning.retail.social.service0930,Social10Application,applications/backend/services/social/social-10,/api/v1/social/10,PUBLIC_AUTHENTICATED,retail-customer-web,,Spring MVC,REST + OpenAPI 3.1,Spring Security OAuth2 Resource Server,Spring Data JDBC,PostgreSQL 18.6,social_svc_10,social,Flyway,10,10,0,6,0,6,0,0,Y,N,Y,N,Resilience4j + idempotency + retry,Actuator + Micrometer + OpenTelemetry,JUnit 5 + Testcontainers + ArchUnit + Spring Cloud Contract,OCI image + layered Spring Boot JAR,social-10,retail-social,PLANNED
129,1131,94,messaging,svc-0931,messaging-01,INTERNAL_PLATFORM_SERVICE,team-094,25,4.1.1,Gradle,9,Kotlin,Executable JAR,com.agilearning.retail.messaging.service0931,Messaging01Application,applications/backend/services/messaging/messaging-01,/api/v1/messaging/01,INTERNAL_AUTHORIZED,,,Spring MVC,REST + OpenAPI 3.1,Spring Security OAuth2 Resource Server,Spring Data JDBC,PostgreSQL 18.6,messaging_svc_01,messaging,Flyway,10,10,0,9,6,9,6,0,Y,Y,Y,Y,Resilience4j + idempotency + retry,Actuator + Micrometer + OpenTelemetry,JUnit 5 + Testcontainers + ArchUnit + Spring Cloud Contract,OCI image + layered Spring Boot JAR,messaging-01,retail-messaging,PLANNED
129,1132,94,messaging,svc-0932,messaging-02,INTERNAL_PLATFORM_SERVICE,team-094,25,4.1.1,Gradle,9,Kotlin,Executable JAR,com.agilearning.retail.messaging.service0932,Messaging02Application,applications/backend/services/messaging/messaging-02,/api/v1/messaging/02,INTERNAL_AUTHORIZED,,,Spring MVC,REST + OpenAPI 3.1,Spring Security OAuth2 Resource Server,Spring Data JDBC,PostgreSQL 18.6,messaging_svc_02,messaging,Flyway,10,10,0,9,6,9,6,0,Y,Y,Y,Y,Resilience4j + idempotency + retry,Actuator + Micrometer + OpenTelemetry,JUnit 5 + Testcontainers + ArchUnit + Spring Cloud Contract,OCI image + layered Spring Boot JAR,messaging-02,retail-messaging,PLANNED
129,1133,94,messaging,svc-0933,messaging-03,INTERNAL_PLATFORM_SERVICE,team-094,25,4.1.1,Gradle,9,Kotlin,Executable JAR,com.agilearning.retail.messaging.service0933,Messaging03Application,applications/backend/services/messaging/messaging-03,/api/v1/messaging/03,INTERNAL_AUTHORIZED,,,Spring MVC,REST + OpenAPI 3.1,Spring Security OAuth2 Resource Server,Spring Data JDBC,PostgreSQL 18.6,messaging_svc_03,messaging,Flyway,10,10,0,9,6,9,6,0,Y,Y,Y,Y,Resilience4j + idempotency + retry,Actuator + Micrometer + OpenTelemetry,JUnit 5 + Testcontainers + ArchUnit + Spring Cloud Contract,OCI image + layered Spring Boot JAR,messaging-03,retail-messaging,PLANNED
129,1134,94,messaging,svc-0934,messaging-04,INTERNAL_PLATFORM_SERVICE,team-094,25,4.1.1,Gradle,9,Kotlin,Executable JAR,com.agilearning.retail.messaging.service0934,Messaging04Application,applications/backend/services/messaging/messaging-04,/api/v1/messaging/04,INTERNAL_AUTHORIZED,,,Spring MVC,REST + OpenAPI 3.1,Spring Security OAuth2 Resource Server,Spring Data JDBC,PostgreSQL 18.6,messaging_svc_04,messaging,Flyway,10,10,0,6,6,6,6,0,Y,Y,Y,Y,Resilience4j + idempotency + retry,Actuator + Micrometer + OpenTelemetry,JUnit 5 + Testcontainers + ArchUnit + Spring Cloud Contract,OCI image + layered Spring Boot JAR,messaging-04,retail-messaging,PLANNED
129,1135,94,messaging,svc-0935,messaging-05,INTERNAL_PLATFORM_SERVICE,team-094,25,4.1.1,Gradle,9,Kotlin,Executable JAR,com.agilearning.retail.messaging.service0935,Messaging05Application,applications/backend/services/messaging/messaging-05,/api/v1/messaging/05,INTERNAL_AUTHORIZED,,,Spring MVC,REST + OpenAPI 3.1,Spring Security OAuth2 Resource Server,Spring Data JDBC,PostgreSQL 18.6,messaging_svc_05,messaging,Flyway,10,10,0,6,6,6,6,0,Y,Y,Y,Y,Resilience4j + idempotency + retry,Actuator + Micrometer + OpenTelemetry,JUnit 5 + Testcontainers + ArchUnit + Spring Cloud Contract,OCI image + layered Spring Boot JAR,messaging-05,retail-messaging,PLANNED
129,1136,94,messaging,svc-0936,messaging-06,INTERNAL_PLATFORM_SERVICE,team-094,25,4.1.1,Gradle,9,Kotlin,Executable JAR,com.agilearning.retail.messaging.service0936,Messaging06Application,applications/backend/services/messaging/messaging-06,/api/v1/messaging/06,INTERNAL_AUTHORIZED,,,Spring MVC,REST + OpenAPI 3.1,Spring Security OAuth2 Resource Server,Spring Data JDBC,PostgreSQL 18.6,messaging_svc_06,messaging,Flyway,10,10,0,3,6,3,6,0,Y,Y,Y,Y,Resilience4j + idempotency + retry,Actuator + Micrometer + OpenTelemetry,JUnit 5 + Testcontainers + ArchUnit + Spring Cloud Contract,OCI image + layered Spring Boot JAR,messaging-06,retail-messaging,PLANNED
129,1137,94,messaging,svc-0937,messaging-07,INTERNAL_PLATFORM_SERVICE,team-094,25,4.1.1,Gradle,9,Kotlin,Executable JAR,com.agilearning.retail.messaging.service0937,Messaging07Application,applications/backend/services/messaging/messaging-07,/api/v1/messaging/07,INTERNAL_AUTHORIZED,,,Spring MVC,REST + OpenAPI 3.1,Spring Security OAuth2 Resource Server,Spring Data JDBC,PostgreSQL 18.6,messaging_svc_07,messaging,Flyway,10,10,0,3,6,3,6,0,Y,Y,Y,Y,Resilience4j + idempotency + retry,Actuator + Micrometer + OpenTelemetry,JUnit 5 + Testcontainers + ArchUnit + Spring Cloud Contract,OCI image + layered Spring Boot JAR,messaging-07,retail-messaging,PLANNED
129,1138,94,messaging,svc-0938,messaging-08,INTERNAL_PLATFORM_SERVICE,team-094,25,4.1.1,Gradle,9,Kotlin,Executable JAR,com.agilearning.retail.messaging.service0938,Messaging08Application,applications/backend/services/messaging/messaging-08,/api/v1/messaging/08,INTERNAL_AUTHORIZED,,,Spring MVC,REST + OpenAPI 3.1,Spring Security OAuth2 Resource Server,Spring Data JDBC,PostgreSQL 18.6,messaging_svc_08,messaging,Flyway,10,10,0,6,6,6,6,0,Y,Y,Y,Y,Resilience4j + idempotency + retry,Actuator + Micrometer + OpenTelemetry,JUnit 5 + Testcontainers + ArchUnit + Spring Cloud Contract,OCI image + layered Spring Boot JAR,messaging-08,retail-messaging,PLANNED
129,1139,94,messaging,svc-0939,messaging-09,INTERNAL_PLATFORM_SERVICE,team-094,25,4.1.1,Gradle,9,Kotlin,Executable JAR,com.agilearning.retail.messaging.service0939,Messaging09Application,applications/backend/services/messaging/messaging-09,/api/v1/messaging/09,INTERNAL_AUTHORIZED,,,Spring MVC,REST + OpenAPI 3.1,Spring Security OAuth2 Resource Server,Spring Data JDBC,PostgreSQL 18.6,messaging_svc_09,messaging,Flyway,10,10,0,3,6,3,6,0,Y,Y,Y,Y,Resilience4j + idempotency + retry,Actuator + Micrometer + OpenTelemetry,JUnit 5 + Testcontainers + ArchUnit + Spring Cloud Contract,OCI image + layered Spring Boot JAR,messaging-09,retail-messaging,PLANNED
129,1140,94,messaging,svc-0940,messaging-10,INTERNAL_PLATFORM_SERVICE,team-094,25,4.1.1,Gradle,9,Kotlin,Executable JAR,com.agilearning.retail.messaging.service0940,Messaging10Application,applications/backend/services/messaging/messaging-10,/api/v1/messaging/10,INTERNAL_AUTHORIZED,,,Spring MVC,REST + OpenAPI 3.1,Spring Security OAuth2 Resource Server,Spring Data JDBC,PostgreSQL 18.6,messaging_svc_10,messaging,Flyway,10,10,0,6,6,6,6,0,Y,Y,Y,Y,Resilience4j + idempotency + retry,Actuator + Micrometer + OpenTelemetry,JUnit 5 + Testcontainers + ArchUnit + Spring Cloud Contract,OCI image + layered Spring Boot JAR,messaging-10,retail-messaging,PLANNED
129,1141,95,email,svc-0941,email-01,INTERNAL_PLATFORM_SERVICE,team-095,25,4.1.1,Gradle,9,Kotlin,Executable JAR,com.agilearning.retail.email.service0941,Email01Application,applications/backend/services/email/email-01,/api/v1/email/01,INTERNAL_AUTHORIZED,,,Spring MVC,REST + OpenAPI 3.1,Spring Security OAuth2 Resource Server,Spring Data JDBC,PostgreSQL 18.6,email_svc_01,email,Flyway,10,10,0,9,0,9,0,0,Y,N,Y,N,Resilience4j + idempotency + retry,Actuator + Micrometer + OpenTelemetry,JUnit 5 + Testcontainers + ArchUnit + Spring Cloud Contract,OCI image + layered Spring Boot JAR,email-01,retail-email,PLANNED
129,1142,95,email,svc-0942,email-02,INTERNAL_PLATFORM_SERVICE,team-095,25,4.1.1,Gradle,9,Kotlin,Executable JAR,com.agilearning.retail.email.service0942,Email02Application,applications/backend/services/email/email-02,/api/v1/email/02,INTERNAL_AUTHORIZED,,,Spring MVC,REST + OpenAPI 3.1,Spring Security OAuth2 Resource Server,Spring Data JDBC,PostgreSQL 18.6,email_svc_02,email,Flyway,10,10,0,9,0,9,0,0,Y,N,Y,N,Resilience4j + idempotency + retry,Actuator + Micrometer + OpenTelemetry,JUnit 5 + Testcontainers + ArchUnit + Spring Cloud Contract,OCI image + layered Spring Boot JAR,email-02,retail-email,PLANNED
129,1143,95,email,svc-0943,email-03,INTERNAL_PLATFORM_SERVICE,team-095,25,4.1.1,Gradle,9,Kotlin,Executable JAR,com.agilearning.retail.email.service0943,Email03Application,applications/backend/services/email/email-03,/api/v1/email/03,INTERNAL_AUTHORIZED,,,Spring MVC,REST + OpenAPI 3.1,Spring Security OAuth2 Resource Server,Spring Data JDBC,PostgreSQL 18.6,email_svc_03,email,Flyway,10,10,0,9,0,9,0,0,Y,N,Y,N,Resilience4j + idempotency + retry,Actuator + Micrometer + OpenTelemetry,JUnit 5 + Testcontainers + ArchUnit + Spring Cloud Contract,OCI image + layered Spring Boot JAR,email-03,retail-email,PLANNED
129,1144,95,email,svc-0944,email-04,INTERNAL_PLATFORM_SERVICE,team-095,25,4.1.1,Gradle,9,Kotlin,Executable JAR,com.agilearning.retail.email.service0944,Email04Application,applications/backend/services/email/email-04,/api/v1/email/04,INTERNAL_AUTHORIZED,,,Spring MVC,REST + OpenAPI 3.1,Spring Security OAuth2 Resource Server,Spring Data JDBC,PostgreSQL 18.6,email_svc_04,email,Flyway,10,10,0,6,0,6,0,0,Y,N,Y,N,Resilience4j + idempotency + retry,Actuator + Micrometer + OpenTelemetry,JUnit 5 + Testcontainers + ArchUnit + Spring Cloud Contract,OCI image + layered Spring Boot JAR,email-04,retail-email,PLANNED
129,1145,95,email,svc-0945,email-05,INTERNAL_PLATFORM_SERVICE,team-095,25,4.1.1,Gradle,9,Kotlin,Executable JAR,com.agilearning.retail.email.service0945,Email05Application,applications/backend/services/email/email-05,/api/v1/email/05,INTERNAL_AUTHORIZED,,,Spring MVC,REST + OpenAPI 3.1,Spring Security OAuth2 Resource Server,Spring Data JDBC,PostgreSQL 18.6,email_svc_05,email,Flyway,10,10,0,6,0,6,0,0,Y,N,Y,N,Resilience4j + idempotency + retry,Actuator + Micrometer + OpenTelemetry,JUnit 5 + Testcontainers + ArchUnit + Spring Cloud Contract,OCI image + layered Spring Boot JAR,email-05,retail-email,PLANNED
129,1146,95,email,svc-0946,email-06,INTERNAL_PLATFORM_SERVICE,team-095,25,4.1.1,Gradle,9,Kotlin,Executable JAR,com.agilearning.retail.email.service0946,Email06Application,applications/backend/services/email/email-06,/api/v1/email/06,INTERNAL_AUTHORIZED,,,Spring MVC,REST + OpenAPI 3.1,Spring Security OAuth2 Resource Server,Spring Data JDBC,PostgreSQL 18.6,email_svc_06,email,Flyway,10,10,0,3,0,3,0,0,Y,N,Y,N,Resilience4j + idempotency + retry,Actuator + Micrometer + OpenTelemetry,JUnit 5 + Testcontainers + ArchUnit + Spring Cloud Contract,OCI image + layered Spring Boot JAR,email-06,retail-email,PLANNED
129,1147,95,email,svc-0947,email-07,INTERNAL_PLATFORM_SERVICE,team-095,25,4.1.1,Gradle,9,Kotlin,Executable JAR,com.agilearning.retail.email.service0947,Email07Application,applications/backend/services/email/email-07,/api/v1/email/07,INTERNAL_AUTHORIZED,,,Spring MVC,REST + OpenAPI 3.1,Spring Security OAuth2 Resource Server,Spring Data JDBC,PostgreSQL 18.6,email_svc_07,email,Flyway,10,10,0,3,0,3,0,0,Y,N,Y,N,Resilience4j + idempotency + retry,Actuator + Micrometer + OpenTelemetry,JUnit 5 + Testcontainers + ArchUnit + Spring Cloud Contract,OCI image + layered Spring Boot JAR,email-07,retail-email,PLANNED
129,1148,95,email,svc-0948,email-08,INTERNAL_PLATFORM_SERVICE,team-095,25,4.1.1,Gradle,9,Kotlin,Executable JAR,com.agilearning.retail.email.service0948,Email08Application,applications/backend/services/email/email-08,/api/v1/email/08,INTERNAL_AUTHORIZED,,,Spring MVC,REST + OpenAPI 3.1,Spring Security OAuth2 Resource Server,Spring Data JDBC,PostgreSQL 18.6,email_svc_08,email,Flyway,10,10,0,6,0,6,0,0,Y,N,Y,N,Resilience4j + idempotency + retry,Actuator + Micrometer + OpenTelemetry,JUnit 5 + Testcontainers + ArchUnit + Spring Cloud Contract,OCI image + layered Spring Boot JAR,email-08,retail-email,PLANNED
129,1149,95,email,svc-0949,email-09,INTERNAL_PLATFORM_SERVICE,team-095,25,4.1.1,Gradle,9,Kotlin,Executable JAR,com.agilearning.retail.email.service0949,Email09Application,applications/backend/services/email/email-09,/api/v1/email/09,INTERNAL_AUTHORIZED,,,Spring MVC,REST + OpenAPI 3.1,Spring Security OAuth2 Resource Server,Spring Data JDBC,PostgreSQL 18.6,email_svc_09,email,Flyway,10,10,0,3,0,3,0,0,Y,N,Y,N,Resilience4j + idempotency + retry,Actuator + Micrometer + OpenTelemetry,JUnit 5 + Testcontainers + ArchUnit + Spring Cloud Contract,OCI image + layered Spring Boot JAR,email-09,retail-email,PLANNED
129,1150,95,email,svc-0950,email-10,INTERNAL_PLATFORM_SERVICE,team-095,25,4.1.1,Gradle,9,Kotlin,Executable JAR,com.agilearning.retail.email.service0950,Email10Application,applications/backend/services/email/email-10,/api/v1/email/10,INTERNAL_AUTHORIZED,,,Spring MVC,REST + OpenAPI 3.1,Spring Security OAuth2 Resource Server,Spring Data JDBC,PostgreSQL 18.6,email_svc_10,email,Flyway,10,10,0,6,0,6,0,0,Y,N,Y,N,Resilience4j + idempotency + retry,Actuator + Micrometer + OpenTelemetry,JUnit 5 + Testcontainers + ArchUnit + Spring Cloud Contract,OCI image + layered Spring Boot JAR,email-10,retail-email,PLANNED
129,1151,96,sms,svc-0951,sms-01,INTERNAL_PLATFORM_SERVICE,team-096,25,4.1.1,Gradle,9,Kotlin,Executable JAR,com.agilearning.retail.sms.service0951,Sms01Application,applications/backend/services/sms/sms-01,/api/v1/sms/01,INTERNAL_AUTHORIZED,,,Spring MVC,REST + OpenAPI 3.1,Spring Security OAuth2 Resource Server,Spring Data JDBC,PostgreSQL 18.6,sms_svc_01,sms,Flyway,10,10,0,9,0,9,0,0,Y,N,Y,N,Resilience4j + idempotency + retry,Actuator + Micrometer + OpenTelemetry,JUnit 5 + Testcontainers + ArchUnit + Spring Cloud Contract,OCI image + layered Spring Boot JAR,sms-01,retail-sms,PLANNED
129,1152,96,sms,svc-0952,sms-02,INTERNAL_PLATFORM_SERVICE,team-096,25,4.1.1,Gradle,9,Kotlin,Executable JAR,com.agilearning.retail.sms.service0952,Sms02Application,applications/backend/services/sms/sms-02,/api/v1/sms/02,INTERNAL_AUTHORIZED,,,Spring MVC,REST + OpenAPI 3.1,Spring Security OAuth2 Resource Server,Spring Data JDBC,PostgreSQL 18.6,sms_svc_02,sms,Flyway,10,10,0,9,0,9,0,0,Y,N,Y,N,Resilience4j + idempotency + retry,Actuator + Micrometer + OpenTelemetry,JUnit 5 + Testcontainers + ArchUnit + Spring Cloud Contract,OCI image + layered Spring Boot JAR,sms-02,retail-sms,PLANNED
129,1153,96,sms,svc-0953,sms-03,INTERNAL_PLATFORM_SERVICE,team-096,25,4.1.1,Gradle,9,Kotlin,Executable JAR,com.agilearning.retail.sms.service0953,Sms03Application,applications/backend/services/sms/sms-03,/api/v1/sms/03,INTERNAL_AUTHORIZED,,,Spring MVC,REST + OpenAPI 3.1,Spring Security OAuth2 Resource Server,Spring Data JDBC,PostgreSQL 18.6,sms_svc_03,sms,Flyway,10,10,0,9,0,9,0,0,Y,N,Y,N,Resilience4j + idempotency + retry,Actuator + Micrometer + OpenTelemetry,JUnit 5 + Testcontainers + ArchUnit + Spring Cloud Contract,OCI image + layered Spring Boot JAR,sms-03,retail-sms,PLANNED
129,1154,96,sms,svc-0954,sms-04,INTERNAL_PLATFORM_SERVICE,team-096,25,4.1.1,Gradle,9,Kotlin,Executable JAR,com.agilearning.retail.sms.service0954,Sms04Application,applications/backend/services/sms/sms-04,/api/v1/sms/04,INTERNAL_AUTHORIZED,,,Spring MVC,REST + OpenAPI 3.1,Spring Security OAuth2 Resource Server,Spring Data JDBC,PostgreSQL 18.6,sms_svc_04,sms,Flyway,10,10,0,6,0,6,0,0,Y,N,Y,N,Resilience4j + idempotency + retry,Actuator + Micrometer + OpenTelemetry,JUnit 5 + Testcontainers + ArchUnit + Spring Cloud Contract,OCI image + layered Spring Boot JAR,sms-04,retail-sms,PLANNED
129,1155,96,sms,svc-0955,sms-05,INTERNAL_PLATFORM_SERVICE,team-096,25,4.1.1,Gradle,9,Kotlin,Executable JAR,com.agilearning.retail.sms.service0955,Sms05Application,applications/backend/services/sms/sms-05,/api/v1/sms/05,INTERNAL_AUTHORIZED,,,Spring MVC,REST + OpenAPI 3.1,Spring Security OAuth2 Resource Server,Spring Data JDBC,PostgreSQL 18.6,sms_svc_05,sms,Flyway,10,10,0,6,0,6,0,0,Y,N,Y,N,Resilience4j + idempotency + retry,Actuator + Micrometer + OpenTelemetry,JUnit 5 + Testcontainers + ArchUnit + Spring Cloud Contract,OCI image + layered Spring Boot JAR,sms-05,retail-sms,PLANNED
129,1156,96,sms,svc-0956,sms-06,INTERNAL_PLATFORM_SERVICE,team-096,25,4.1.1,Gradle,9,Kotlin,Executable JAR,com.agilearning.retail.sms.service0956,Sms06Application,applications/backend/services/sms/sms-06,/api/v1/sms/06,INTERNAL_AUTHORIZED,,,Spring MVC,REST + OpenAPI 3.1,Spring Security OAuth2 Resource Server,Spring Data JDBC,PostgreSQL 18.6,sms_svc_06,sms,Flyway,10,10,0,3,0,3,0,0,Y,N,Y,N,Resilience4j + idempotency + retry,Actuator + Micrometer + OpenTelemetry,JUnit 5 + Testcontainers + ArchUnit + Spring Cloud Contract,OCI image + layered Spring Boot JAR,sms-06,retail-sms,PLANNED
129,1157,96,sms,svc-0957,sms-07,INTERNAL_PLATFORM_SERVICE,team-096,25,4.1.1,Gradle,9,Kotlin,Executable JAR,com.agilearning.retail.sms.service0957,Sms07Application,applications/backend/services/sms/sms-07,/api/v1/sms/07,INTERNAL_AUTHORIZED,,,Spring MVC,REST + OpenAPI 3.1,Spring Security OAuth2 Resource Server,Spring Data JDBC,PostgreSQL 18.6,sms_svc_07,sms,Flyway,10,10,0,3,0,3,0,0,Y,N,Y,N,Resilience4j + idempotency + retry,Actuator + Micrometer + OpenTelemetry,JUnit 5 + Testcontainers + ArchUnit + Spring Cloud Contract,OCI image + layered Spring Boot JAR,sms-07,retail-sms,PLANNED
129,1158,96,sms,svc-0958,sms-08,INTERNAL_PLATFORM_SERVICE,team-096,25,4.1.1,Gradle,9,Kotlin,Executable JAR,com.agilearning.retail.sms.service0958,Sms08Application,applications/backend/services/sms/sms-08,/api/v1/sms/08,INTERNAL_AUTHORIZED,,,Spring MVC,REST + OpenAPI 3.1,Spring Security OAuth2 Resource Server,Spring Data JDBC,PostgreSQL 18.6,sms_svc_08,sms,Flyway,10,10,0,6,0,6,0,0,Y,N,Y,N,Resilience4j + idempotency + retry,Actuator + Micrometer + OpenTelemetry,JUnit 5 + Testcontainers + ArchUnit + Spring Cloud Contract,OCI image + layered Spring Boot JAR,sms-08,retail-sms,PLANNED
129,1159,96,sms,svc-0959,sms-09,INTERNAL_PLATFORM_SERVICE,team-096,25,4.1.1,Gradle,9,Kotlin,Executable JAR,com.agilearning.retail.sms.service0959,Sms09Application,applications/backend/services/sms/sms-09,/api/v1/sms/09,INTERNAL_AUTHORIZED,,,Spring MVC,REST + OpenAPI 3.1,Spring Security OAuth2 Resource Server,Spring Data JDBC,PostgreSQL 18.6,sms_svc_09,sms,Flyway,10,10,0,3,0,3,0,0,Y,N,Y,N,Resilience4j + idempotency + retry,Actuator + Micrometer + OpenTelemetry,JUnit 5 + Testcontainers + ArchUnit + Spring Cloud Contract,OCI image + layered Spring Boot JAR,sms-09,retail-sms,PLANNED
129,1160,96,sms,svc-0960,sms-10,INTERNAL_PLATFORM_SERVICE,team-096,25,4.1.1,Gradle,9,Kotlin,Executable JAR,com.agilearning.retail.sms.service0960,Sms10Application,applications/backend/services/sms/sms-10,/api/v1/sms/10,INTERNAL_AUTHORIZED,,,Spring MVC,REST + OpenAPI 3.1,Spring Security OAuth2 Resource Server,Spring Data JDBC,PostgreSQL 18.6,sms_svc_10,sms,Flyway,10,10,0,6,0,6,0,0,Y,N,Y,N,Resilience4j + idempotency + retry,Actuator + Micrometer + OpenTelemetry,JUnit 5 + Testcontainers + ArchUnit + Spring Cloud Contract,OCI image + layered Spring Boot JAR,sms-10,retail-sms,PLANNED
129,1161,97,push,svc-0961,push-01,INTERNAL_PLATFORM_SERVICE,team-097,25,4.1.1,Gradle,9,Kotlin,Executable JAR,com.agilearning.retail.push.service0961,Push01Application,applications/backend/services/push/push-01,/api/v1/push/01,INTERNAL_AUTHORIZED,,,Spring MVC,REST + OpenAPI 3.1,Spring Security OAuth2 Resource Server,Spring Data JDBC,PostgreSQL 18.6,push_svc_01,push,Flyway,10,10,0,9,0,8,0,1,Y,N,Y,N,Resilience4j + idempotency + retry,Actuator + Micrometer + OpenTelemetry,JUnit 5 + Testcontainers + ArchUnit + Spring Cloud Contract,OCI image + layered Spring Boot JAR,push-01,retail-push,PLANNED
129,1162,97,push,svc-0962,push-02,INTERNAL_PLATFORM_SERVICE,team-097,25,4.1.1,Gradle,9,Kotlin,Executable JAR,com.agilearning.retail.push.service0962,Push02Application,applications/backend/services/push/push-02,/api/v1/push/02,INTERNAL_AUTHORIZED,,,Spring MVC,REST + OpenAPI 3.1,Spring Security OAuth2 Resource Server,Spring Data JDBC,PostgreSQL 18.6,push_svc_02,push,Flyway,10,10,0,9,0,9,0,0,Y,N,Y,N,Resilience4j + idempotency + retry,Actuator + Micrometer + OpenTelemetry,JUnit 5 + Testcontainers + ArchUnit + Spring Cloud Contract,OCI image + layered Spring Boot JAR,push-02,retail-push,PLANNED
129,1163,97,push,svc-0963,push-03,INTERNAL_PLATFORM_SERVICE,team-097,25,4.1.1,Gradle,9,Kotlin,Executable JAR,com.agilearning.retail.push.service0963,Push03Application,applications/backend/services/push/push-03,/api/v1/push/03,INTERNAL_AUTHORIZED,,,Spring MVC,REST + OpenAPI 3.1,Spring Security OAuth2 Resource Server,Spring Data JDBC,PostgreSQL 18.6,push_svc_03,push,Flyway,10,10,0,9,0,9,0,0,Y,N,Y,N,Resilience4j + idempotency + retry,Actuator + Micrometer + OpenTelemetry,JUnit 5 + Testcontainers + ArchUnit + Spring Cloud Contract,OCI image + layered Spring Boot JAR,push-03,retail-push,PLANNED
129,1164,97,push,svc-0964,push-04,INTERNAL_PLATFORM_SERVICE,team-097,25,4.1.1,Gradle,9,Kotlin,Executable JAR,com.agilearning.retail.push.service0964,Push04Application,applications/backend/services/push/push-04,/api/v1/push/04,INTERNAL_AUTHORIZED,,,Spring MVC,REST + OpenAPI 3.1,Spring Security OAuth2 Resource Server,Spring Data JDBC,PostgreSQL 18.6,push_svc_04,push,Flyway,10,10,0,6,0,6,0,0,Y,N,Y,N,Resilience4j + idempotency + retry,Actuator + Micrometer + OpenTelemetry,JUnit 5 + Testcontainers + ArchUnit + Spring Cloud Contract,OCI image + layered Spring Boot JAR,push-04,retail-push,PLANNED
129,1165,97,push,svc-0965,push-05,INTERNAL_PLATFORM_SERVICE,team-097,25,4.1.1,Gradle,9,Kotlin,Executable JAR,com.agilearning.retail.push.service0965,Push05Application,applications/backend/services/push/push-05,/api/v1/push/05,INTERNAL_AUTHORIZED,,,Spring MVC,REST + OpenAPI 3.1,Spring Security OAuth2 Resource Server,Spring Data JDBC,PostgreSQL 18.6,push_svc_05,push,Flyway,10,10,0,6,0,6,0,0,Y,N,Y,N,Resilience4j + idempotency + retry,Actuator + Micrometer + OpenTelemetry,JUnit 5 + Testcontainers + ArchUnit + Spring Cloud Contract,OCI image + layered Spring Boot JAR,push-05,retail-push,PLANNED
129,1166,97,push,svc-0966,push-06,INTERNAL_PLATFORM_SERVICE,team-097,25,4.1.1,Gradle,9,Kotlin,Executable JAR,com.agilearning.retail.push.service0966,Push06Application,applications/backend/services/push/push-06,/api/v1/push/06,INTERNAL_AUTHORIZED,,,Spring MVC,REST + OpenAPI 3.1,Spring Security OAuth2 Resource Server,Spring Data JDBC,PostgreSQL 18.6,push_svc_06,push,Flyway,10,10,0,3,0,3,0,0,Y,N,Y,N,Resilience4j + idempotency + retry,Actuator + Micrometer + OpenTelemetry,JUnit 5 + Testcontainers + ArchUnit + Spring Cloud Contract,OCI image + layered Spring Boot JAR,push-06,retail-push,PLANNED
129,1167,97,push,svc-0967,push-07,INTERNAL_PLATFORM_SERVICE,team-097,25,4.1.1,Gradle,9,Kotlin,Executable JAR,com.agilearning.retail.push.service0967,Push07Application,applications/backend/services/push/push-07,/api/v1/push/07,INTERNAL_AUTHORIZED,,,Spring MVC,REST + OpenAPI 3.1,Spring Security OAuth2 Resource Server,Spring Data JDBC,PostgreSQL 18.6,push_svc_07,push,Flyway,10,10,0,3,0,3,0,0,Y,N,Y,N,Resilience4j + idempotency + retry,Actuator + Micrometer + OpenTelemetry,JUnit 5 + Testcontainers + ArchUnit + Spring Cloud Contract,OCI image + layered Spring Boot JAR,push-07,retail-push,PLANNED
129,1168,97,push,svc-0968,push-08,INTERNAL_PLATFORM_SERVICE,team-097,25,4.1.1,Gradle,9,Kotlin,Executable JAR,com.agilearning.retail.push.service0968,Push08Application,applications/backend/services/push/push-08,/api/v1/push/08,INTERNAL_AUTHORIZED,,,Spring MVC,REST + OpenAPI 3.1,Spring Security OAuth2 Resource Server,Spring Data JDBC,PostgreSQL 18.6,push_svc_08,push,Flyway,10,10,0,6,0,6,0,0,Y,N,Y,N,Resilience4j + idempotency + retry,Actuator + Micrometer + OpenTelemetry,JUnit 5 + Testcontainers + ArchUnit + Spring Cloud Contract,OCI image + layered Spring Boot JAR,push-08,retail-push,PLANNED
129,1169,97,push,svc-0969,push-09,INTERNAL_PLATFORM_SERVICE,team-097,25,4.1.1,Gradle,9,Kotlin,Executable JAR,com.agilearning.retail.push.service0969,Push09Application,applications/backend/services/push/push-09,/api/v1/push/09,INTERNAL_AUTHORIZED,,,Spring MVC,REST + OpenAPI 3.1,Spring Security OAuth2 Resource Server,Spring Data JDBC,PostgreSQL 18.6,push_svc_09,push,Flyway,10,10,0,3,0,3,0,0,Y,N,Y,N,Resilience4j + idempotency + retry,Actuator + Micrometer + OpenTelemetry,JUnit 5 + Testcontainers + ArchUnit + Spring Cloud Contract,OCI image + layered Spring Boot JAR,push-09,retail-push,PLANNED
129,1170,97,push,svc-0970,push-10,INTERNAL_PLATFORM_SERVICE,team-097,25,4.1.1,Gradle,9,Kotlin,Executable JAR,com.agilearning.retail.push.service0970,Push10Application,applications/backend/services/push/push-10,/api/v1/push/10,INTERNAL_AUTHORIZED,,,Spring MVC,REST + OpenAPI 3.1,Spring Security OAuth2 Resource Server,Spring Data JDBC,PostgreSQL 18.6,push_svc_10,push,Flyway,10,10,0,6,0,6,0,0,Y,N,Y,N,Resilience4j + idempotency + retry,Actuator + Micrometer + OpenTelemetry,JUnit 5 + Testcontainers + ArchUnit + Spring Cloud Contract,OCI image + layered Spring Boot JAR,push-10,retail-push,PLANNED
129,1171,98,legal,svc-0971,legal-01,ADMIN_API_SERVICE,team-098,25,4.1.1,Gradle,9,Kotlin,Executable JAR,com.agilearning.retail.legal.service0971,Legal01Application,applications/backend/services/legal/legal-01,/api/v1/legal/01,INTERNAL_AUTHORIZED,,retail-admin-web,Spring MVC,REST + OpenAPI 3.1,Spring Security OAuth2 Resource Server,Spring Data JDBC,PostgreSQL 18.6,legal_svc_01,legal,Flyway,10,10,0,9,2,9,2,0,Y,Y,Y,Y,Resilience4j + idempotency + retry,Actuator + Micrometer + OpenTelemetry,JUnit 5 + Testcontainers + ArchUnit + Spring Cloud Contract,OCI image + layered Spring Boot JAR,legal-01,retail-legal,PLANNED
129,1172,98,legal,svc-0972,legal-02,ADMIN_API_SERVICE,team-098,25,4.1.1,Gradle,9,Kotlin,Executable JAR,com.agilearning.retail.legal.service0972,Legal02Application,applications/backend/services/legal/legal-02,/api/v1/legal/02,INTERNAL_AUTHORIZED,,retail-admin-web,Spring MVC,REST + OpenAPI 3.1,Spring Security OAuth2 Resource Server,Spring Data JDBC,PostgreSQL 18.6,legal_svc_02,legal,Flyway,10,10,0,9,2,9,2,0,Y,Y,Y,Y,Resilience4j + idempotency + retry,Actuator + Micrometer + OpenTelemetry,JUnit 5 + Testcontainers + ArchUnit + Spring Cloud Contract,OCI image + layered Spring Boot JAR,legal-02,retail-legal,PLANNED
129,1173,98,legal,svc-0973,legal-03,ADMIN_API_SERVICE,team-098,25,4.1.1,Gradle,9,Kotlin,Executable JAR,com.agilearning.retail.legal.service0973,Legal03Application,applications/backend/services/legal/legal-03,/api/v1/legal/03,INTERNAL_AUTHORIZED,,retail-admin-web,Spring MVC,REST + OpenAPI 3.1,Spring Security OAuth2 Resource Server,Spring Data JDBC,PostgreSQL 18.6,legal_svc_03,legal,Flyway,10,10,0,9,2,9,2,0,Y,Y,Y,Y,Resilience4j + idempotency + retry,Actuator + Micrometer + OpenTelemetry,JUnit 5 + Testcontainers + ArchUnit + Spring Cloud Contract,OCI image + layered Spring Boot JAR,legal-03,retail-legal,PLANNED
129,1174,98,legal,svc-0974,legal-04,ADMIN_API_SERVICE,team-098,25,4.1.1,Gradle,9,Kotlin,Executable JAR,com.agilearning.retail.legal.service0974,Legal04Application,applications/backend/services/legal/legal-04,/api/v1/legal/04,INTERNAL_AUTHORIZED,,retail-admin-web,Spring MVC,REST + OpenAPI 3.1,Spring Security OAuth2 Resource Server,Spring Data JDBC,PostgreSQL 18.6,legal_svc_04,legal,Flyway,10,10,0,6,2,6,2,0,Y,Y,Y,Y,Resilience4j + idempotency + retry,Actuator + Micrometer + OpenTelemetry,JUnit 5 + Testcontainers + ArchUnit + Spring Cloud Contract,OCI image + layered Spring Boot JAR,legal-04,retail-legal,PLANNED
129,1175,98,legal,svc-0975,legal-05,ADMIN_API_SERVICE,team-098,25,4.1.1,Gradle,9,Kotlin,Executable JAR,com.agilearning.retail.legal.service0975,Legal05Application,applications/backend/services/legal/legal-05,/api/v1/legal/05,INTERNAL_AUTHORIZED,,retail-admin-web,Spring MVC,REST + OpenAPI 3.1,Spring Security OAuth2 Resource Server,Spring Data JDBC,PostgreSQL 18.6,legal_svc_05,legal,Flyway,10,10,0,6,2,6,2,0,Y,Y,Y,Y,Resilience4j + idempotency + retry,Actuator + Micrometer + OpenTelemetry,JUnit 5 + Testcontainers + ArchUnit + Spring Cloud Contract,OCI image + layered Spring Boot JAR,legal-05,retail-legal,PLANNED
129,1176,98,legal,svc-0976,legal-06,ADMIN_API_SERVICE,team-098,25,4.1.1,Gradle,9,Kotlin,Executable JAR,com.agilearning.retail.legal.service0976,Legal06Application,applications/backend/services/legal/legal-06,/api/v1/legal/06,INTERNAL_AUTHORIZED,,retail-admin-web,Spring MVC,REST + OpenAPI 3.1,Spring Security OAuth2 Resource Server,Spring Data JDBC,PostgreSQL 18.6,legal_svc_06,legal,Flyway,10,10,0,3,2,3,2,0,Y,Y,Y,Y,Resilience4j + idempotency + retry,Actuator + Micrometer + OpenTelemetry,JUnit 5 + Testcontainers + ArchUnit + Spring Cloud Contract,OCI image + layered Spring Boot JAR,legal-06,retail-legal,PLANNED
129,1177,98,legal,svc-0977,legal-07,ADMIN_API_SERVICE,team-098,25,4.1.1,Gradle,9,Kotlin,Executable JAR,com.agilearning.retail.legal.service0977,Legal07Application,applications/backend/services/legal/legal-07,/api/v1/legal/07,INTERNAL_AUTHORIZED,,retail-admin-web,Spring MVC,REST + OpenAPI 3.1,Spring Security OAuth2 Resource Server,Spring Data JDBC,PostgreSQL 18.6,legal_svc_07,legal,Flyway,10,10,0,3,2,3,2,0,Y,Y,Y,Y,Resilience4j + idempotency + retry,Actuator + Micrometer + OpenTelemetry,JUnit 5 + Testcontainers + ArchUnit + Spring Cloud Contract,OCI image + layered Spring Boot JAR,legal-07,retail-legal,PLANNED
129,1178,98,legal,svc-0978,legal-08,ADMIN_API_SERVICE,team-098,25,4.1.1,Gradle,9,Kotlin,Executable JAR,com.agilearning.retail.legal.service0978,Legal08Application,applications/backend/services/legal/legal-08,/api/v1/legal/08,INTERNAL_AUTHORIZED,,retail-admin-web,Spring MVC,REST + OpenAPI 3.1,Spring Security OAuth2 Resource Server,Spring Data JDBC,PostgreSQL 18.6,legal_svc_08,legal,Flyway,10,10,0,6,2,6,2,0,Y,Y,Y,Y,Resilience4j + idempotency + retry,Actuator + Micrometer + OpenTelemetry,JUnit 5 + Testcontainers + ArchUnit + Spring Cloud Contract,OCI image + layered Spring Boot JAR,legal-08,retail-legal,PLANNED
129,1179,98,legal,svc-0979,legal-09,ADMIN_API_SERVICE,team-098,25,4.1.1,Gradle,9,Kotlin,Executable JAR,com.agilearning.retail.legal.service0979,Legal09Application,applications/backend/services/legal/legal-09,/api/v1/legal/09,INTERNAL_AUTHORIZED,,retail-admin-web,Spring MVC,REST + OpenAPI 3.1,Spring Security OAuth2 Resource Server,Spring Data JDBC,PostgreSQL 18.6,legal_svc_09,legal,Flyway,10,10,0,3,2,3,2,0,Y,Y,Y,Y,Resilience4j + idempotency + retry,Actuator + Micrometer + OpenTelemetry,JUnit 5 + Testcontainers + ArchUnit + Spring Cloud Contract,OCI image + layered Spring Boot JAR,legal-09,retail-legal,PLANNED
129,1180,98,legal,svc-0980,legal-10,ADMIN_API_SERVICE,team-098,25,4.1.1,Gradle,9,Kotlin,Executable JAR,com.agilearning.retail.legal.service0980,Legal10Application,applications/backend/services/legal/legal-10,/api/v1/legal/10,INTERNAL_AUTHORIZED,,retail-admin-web,Spring MVC,REST + OpenAPI 3.1,Spring Security OAuth2 Resource Server,Spring Data JDBC,PostgreSQL 18.6,legal_svc_10,legal,Flyway,10,10,0,6,2,6,2,0,Y,Y,Y,Y,Resilience4j + idempotency + retry,Actuator + Micrometer + OpenTelemetry,JUnit 5 + Testcontainers + ArchUnit + Spring Cloud Contract,OCI image + layered Spring Boot JAR,legal-10,retail-legal,PLANNED
129,1181,99,vendor_management,svc-0981,vendor_management-01,ADMIN_API_SERVICE,team-099,25,4.1.1,Gradle,9,Kotlin,Executable JAR,com.agilearning.retail.vendormanagement.service0981,Vendor_management01Application,applications/backend/services/vendor_management/vendor_management-01,/api/v1/vendor_management/01,INTERNAL_AUTHORIZED,,retail-admin-web,Spring MVC,REST + OpenAPI 3.1,Spring Security OAuth2 Resource Server,Spring Data JDBC,PostgreSQL 18.6,vendor_management_svc_01,vendor_management,Flyway,10,10,0,9,0,8,0,1,Y,N,Y,N,Resilience4j + idempotency + retry,Actuator + Micrometer + OpenTelemetry,JUnit 5 + Testcontainers + ArchUnit + Spring Cloud Contract,OCI image + layered Spring Boot JAR,vendor_management-01,retail-vendor_management,PLANNED
129,1182,99,vendor_management,svc-0982,vendor_management-02,ADMIN_API_SERVICE,team-099,25,4.1.1,Gradle,9,Kotlin,Executable JAR,com.agilearning.retail.vendormanagement.service0982,Vendor_management02Application,applications/backend/services/vendor_management/vendor_management-02,/api/v1/vendor_management/02,INTERNAL_AUTHORIZED,,retail-admin-web,Spring MVC,REST + OpenAPI 3.1,Spring Security OAuth2 Resource Server,Spring Data JDBC,PostgreSQL 18.6,vendor_management_svc_02,vendor_management,Flyway,10,10,0,9,0,9,0,0,Y,N,Y,N,Resilience4j + idempotency + retry,Actuator + Micrometer + OpenTelemetry,JUnit 5 + Testcontainers + ArchUnit + Spring Cloud Contract,OCI image + layered Spring Boot JAR,vendor_management-02,retail-vendor_management,PLANNED
129,1183,99,vendor_management,svc-0983,vendor_management-03,ADMIN_API_SERVICE,team-099,25,4.1.1,Gradle,9,Kotlin,Executable JAR,com.agilearning.retail.vendormanagement.service0983,Vendor_management03Application,applications/backend/services/vendor_management/vendor_management-03,/api/v1/vendor_management/03,INTERNAL_AUTHORIZED,,retail-admin-web,Spring MVC,REST + OpenAPI 3.1,Spring Security OAuth2 Resource Server,Spring Data JDBC,PostgreSQL 18.6,vendor_management_svc_03,vendor_management,Flyway,10,10,0,9,0,9,0,0,Y,N,Y,N,Resilience4j + idempotency + retry,Actuator + Micrometer + OpenTelemetry,JUnit 5 + Testcontainers + ArchUnit + Spring Cloud Contract,OCI image + layered Spring Boot JAR,vendor_management-03,retail-vendor_management,PLANNED
129,1184,99,vendor_management,svc-0984,vendor_management-04,ADMIN_API_SERVICE,team-099,25,4.1.1,Gradle,9,Kotlin,Executable JAR,com.agilearning.retail.vendormanagement.service0984,Vendor_management04Application,applications/backend/services/vendor_management/vendor_management-04,/api/v1/vendor_management/04,INTERNAL_AUTHORIZED,,retail-admin-web,Spring MVC,REST + OpenAPI 3.1,Spring Security OAuth2 Resource Server,Spring Data JDBC,PostgreSQL 18.6,vendor_management_svc_04,vendor_management,Flyway,10,10,0,6,0,6,0,0,Y,N,Y,N,Resilience4j + idempotency + retry,Actuator + Micrometer + OpenTelemetry,JUnit 5 + Testcontainers + ArchUnit + Spring Cloud Contract,OCI image + layered Spring Boot JAR,vendor_management-04,retail-vendor_management,PLANNED
129,1185,99,vendor_management,svc-0985,vendor_management-05,ADMIN_API_SERVICE,team-099,25,4.1.1,Gradle,9,Kotlin,Executable JAR,com.agilearning.retail.vendormanagement.service0985,Vendor_management05Application,applications/backend/services/vendor_management/vendor_management-05,/api/v1/vendor_management/05,INTERNAL_AUTHORIZED,,retail-admin-web,Spring MVC,REST + OpenAPI 3.1,Spring Security OAuth2 Resource Server,Spring Data JDBC,PostgreSQL 18.6,vendor_management_svc_05,vendor_management,Flyway,10,10,0,6,0,6,0,0,Y,N,Y,N,Resilience4j + idempotency + retry,Actuator + Micrometer + OpenTelemetry,JUnit 5 + Testcontainers + ArchUnit + Spring Cloud Contract,OCI image + layered Spring Boot JAR,vendor_management-05,retail-vendor_management,PLANNED
129,1186,99,vendor_management,svc-0986,vendor_management-06,ADMIN_API_SERVICE,team-099,25,4.1.1,Gradle,9,Kotlin,Executable JAR,com.agilearning.retail.vendormanagement.service0986,Vendor_management06Application,applications/backend/services/vendor_management/vendor_management-06,/api/v1/vendor_management/06,INTERNAL_AUTHORIZED,,retail-admin-web,Spring MVC,REST + OpenAPI 3.1,Spring Security OAuth2 Resource Server,Spring Data JDBC,PostgreSQL 18.6,vendor_management_svc_06,vendor_management,Flyway,10,10,0,3,0,3,0,0,Y,N,Y,N,Resilience4j + idempotency + retry,Actuator + Micrometer + OpenTelemetry,JUnit 5 + Testcontainers + ArchUnit + Spring Cloud Contract,OCI image + layered Spring Boot JAR,vendor_management-06,retail-vendor_management,PLANNED
129,1187,99,vendor_management,svc-0987,vendor_management-07,ADMIN_API_SERVICE,team-099,25,4.1.1,Gradle,9,Kotlin,Executable JAR,com.agilearning.retail.vendormanagement.service0987,Vendor_management07Application,applications/backend/services/vendor_management/vendor_management-07,/api/v1/vendor_management/07,INTERNAL_AUTHORIZED,,retail-admin-web,Spring MVC,REST + OpenAPI 3.1,Spring Security OAuth2 Resource Server,Spring Data JDBC,PostgreSQL 18.6,vendor_management_svc_07,vendor_management,Flyway,10,10,0,3,0,3,0,0,Y,N,Y,N,Resilience4j + idempotency + retry,Actuator + Micrometer + OpenTelemetry,JUnit 5 + Testcontainers + ArchUnit + Spring Cloud Contract,OCI image + layered Spring Boot JAR,vendor_management-07,retail-vendor_management,PLANNED
129,1188,99,vendor_management,svc-0988,vendor_management-08,ADMIN_API_SERVICE,team-099,25,4.1.1,Gradle,9,Kotlin,Executable JAR,com.agilearning.retail.vendormanagement.service0988,Vendor_management08Application,applications/backend/services/vendor_management/vendor_management-08,/api/v1/vendor_management/08,INTERNAL_AUTHORIZED,,retail-admin-web,Spring MVC,REST + OpenAPI 3.1,Spring Security OAuth2 Resource Server,Spring Data JDBC,PostgreSQL 18.6,vendor_management_svc_08,vendor_management,Flyway,10,10,0,6,0,6,0,0,Y,N,Y,N,Resilience4j + idempotency + retry,Actuator + Micrometer + OpenTelemetry,JUnit 5 + Testcontainers + ArchUnit + Spring Cloud Contract,OCI image + layered Spring Boot JAR,vendor_management-08,retail-vendor_management,PLANNED
129,1189,99,vendor_management,svc-0989,vendor_management-09,ADMIN_API_SERVICE,team-099,25,4.1.1,Gradle,9,Kotlin,Executable JAR,com.agilearning.retail.vendormanagement.service0989,Vendor_management09Application,applications/backend/services/vendor_management/vendor_management-09,/api/v1/vendor_management/09,INTERNAL_AUTHORIZED,,retail-admin-web,Spring MVC,REST + OpenAPI 3.1,Spring Security OAuth2 Resource Server,Spring Data JDBC,PostgreSQL 18.6,vendor_management_svc_09,vendor_management,Flyway,10,10,0,3,0,3,0,0,Y,N,Y,N,Resilience4j + idempotency + retry,Actuator + Micrometer + OpenTelemetry,JUnit 5 + Testcontainers + ArchUnit + Spring Cloud Contract,OCI image + layered Spring Boot JAR,vendor_management-09,retail-vendor_management,PLANNED
129,1190,99,vendor_management,svc-0990,vendor_management-10,ADMIN_API_SERVICE,team-099,25,4.1.1,Gradle,9,Kotlin,Executable JAR,com.agilearning.retail.vendormanagement.service0990,Vendor_management10Application,applications/backend/services/vendor_management/vendor_management-10,/api/v1/vendor_management/10,INTERNAL_AUTHORIZED,,retail-admin-web,Spring MVC,REST + OpenAPI 3.1,Spring Security OAuth2 Resource Server,Spring Data JDBC,PostgreSQL 18.6,vendor_management_svc_10,vendor_management,Flyway,10,10,0,6,0,6,0,0,Y,N,Y,N,Resilience4j + idempotency + retry,Actuator + Micrometer + OpenTelemetry,JUnit 5 + Testcontainers + ArchUnit + Spring Cloud Contract,OCI image + layered Spring Boot JAR,vendor_management-10,retail-vendor_management,PLANNED
129,1191,100,sustainability,svc-0991,sustainability-01,ADMIN_API_SERVICE,team-100,25,4.1.1,Gradle,9,Kotlin,Executable JAR,com.agilearning.retail.sustainability.service0991,Sustainability01Application,applications/backend/services/sustainability/sustainability-01,/api/v1/sustainability/01,INTERNAL_AUTHORIZED,,retail-admin-web,Spring MVC,REST + OpenAPI 3.1,Spring Security OAuth2 Resource Server,Spring Data JDBC,PostgreSQL 18.6,sustainability_svc_01,sustainability,Flyway,10,10,0,9,0,7,0,2,Y,N,Y,N,Resilience4j + idempotency + retry,Actuator + Micrometer + OpenTelemetry,JUnit 5 + Testcontainers + ArchUnit + Spring Cloud Contract,OCI image + layered Spring Boot JAR,sustainability-01,retail-sustainability,PLANNED
129,1192,100,sustainability,svc-0992,sustainability-02,ADMIN_API_SERVICE,team-100,25,4.1.1,Gradle,9,Kotlin,Executable JAR,com.agilearning.retail.sustainability.service0992,Sustainability02Application,applications/backend/services/sustainability/sustainability-02,/api/v1/sustainability/02,INTERNAL_AUTHORIZED,,retail-admin-web,Spring MVC,REST + OpenAPI 3.1,Spring Security OAuth2 Resource Server,Spring Data JDBC,PostgreSQL 18.6,sustainability_svc_02,sustainability,Flyway,10,10,0,9,0,9,0,0,Y,N,Y,N,Resilience4j + idempotency + retry,Actuator + Micrometer + OpenTelemetry,JUnit 5 + Testcontainers + ArchUnit + Spring Cloud Contract,OCI image + layered Spring Boot JAR,sustainability-02,retail-sustainability,PLANNED
129,1193,100,sustainability,svc-0993,sustainability-03,ADMIN_API_SERVICE,team-100,25,4.1.1,Gradle,9,Kotlin,Executable JAR,com.agilearning.retail.sustainability.service0993,Sustainability03Application,applications/backend/services/sustainability/sustainability-03,/api/v1/sustainability/03,INTERNAL_AUTHORIZED,,retail-admin-web,Spring MVC,REST + OpenAPI 3.1,Spring Security OAuth2 Resource Server,Spring Data JDBC,PostgreSQL 18.6,sustainability_svc_03,sustainability,Flyway,10,10,0,9,0,9,0,0,Y,N,Y,N,Resilience4j + idempotency + retry,Actuator + Micrometer + OpenTelemetry,JUnit 5 + Testcontainers + ArchUnit + Spring Cloud Contract,OCI image + layered Spring Boot JAR,sustainability-03,retail-sustainability,PLANNED
129,1194,100,sustainability,svc-0994,sustainability-04,ADMIN_API_SERVICE,team-100,25,4.1.1,Gradle,9,Kotlin,Executable JAR,com.agilearning.retail.sustainability.service0994,Sustainability04Application,applications/backend/services/sustainability/sustainability-04,/api/v1/sustainability/04,INTERNAL_AUTHORIZED,,retail-admin-web,Spring MVC,REST + OpenAPI 3.1,Spring Security OAuth2 Resource Server,Spring Data JDBC,PostgreSQL 18.6,sustainability_svc_04,sustainability,Flyway,10,10,0,6,0,6,0,0,Y,N,Y,N,Resilience4j + idempotency + retry,Actuator + Micrometer + OpenTelemetry,JUnit 5 + Testcontainers + ArchUnit + Spring Cloud Contract,OCI image + layered Spring Boot JAR,sustainability-04,retail-sustainability,PLANNED
129,1195,100,sustainability,svc-0995,sustainability-05,ADMIN_API_SERVICE,team-100,25,4.1.1,Gradle,9,Kotlin,Executable JAR,com.agilearning.retail.sustainability.service0995,Sustainability05Application,applications/backend/services/sustainability/sustainability-05,/api/v1/sustainability/05,INTERNAL_AUTHORIZED,,retail-admin-web,Spring MVC,REST + OpenAPI 3.1,Spring Security OAuth2 Resource Server,Spring Data JDBC,PostgreSQL 18.6,sustainability_svc_05,sustainability,Flyway,10,10,0,6,0,6,0,0,Y,N,Y,N,Resilience4j + idempotency + retry,Actuator + Micrometer + OpenTelemetry,JUnit 5 + Testcontainers + ArchUnit + Spring Cloud Contract,OCI image + layered Spring Boot JAR,sustainability-05,retail-sustainability,PLANNED
129,1196,100,sustainability,svc-0996,sustainability-06,ADMIN_API_SERVICE,team-100,25,4.1.1,Gradle,9,Kotlin,Executable JAR,com.agilearning.retail.sustainability.service0996,Sustainability06Application,applications/backend/services/sustainability/sustainability-06,/api/v1/sustainability/06,INTERNAL_AUTHORIZED,,retail-admin-web,Spring MVC,REST + OpenAPI 3.1,Spring Security OAuth2 Resource Server,Spring Data JDBC,PostgreSQL 18.6,sustainability_svc_06,sustainability,Flyway,10,10,0,3,0,3,0,0,Y,N,Y,N,Resilience4j + idempotency + retry,Actuator + Micrometer + OpenTelemetry,JUnit 5 + Testcontainers + ArchUnit + Spring Cloud Contract,OCI image + layered Spring Boot JAR,sustainability-06,retail-sustainability,PLANNED
129,1197,100,sustainability,svc-0997,sustainability-07,ADMIN_API_SERVICE,team-100,25,4.1.1,Gradle,9,Kotlin,Executable JAR,com.agilearning.retail.sustainability.service0997,Sustainability07Application,applications/backend/services/sustainability/sustainability-07,/api/v1/sustainability/07,INTERNAL_AUTHORIZED,,retail-admin-web,Spring MVC,REST + OpenAPI 3.1,Spring Security OAuth2 Resource Server,Spring Data JDBC,PostgreSQL 18.6,sustainability_svc_07,sustainability,Flyway,10,10,0,3,0,3,0,0,Y,N,Y,N,Resilience4j + idempotency + retry,Actuator + Micrometer + OpenTelemetry,JUnit 5 + Testcontainers + ArchUnit + Spring Cloud Contract,OCI image + layered Spring Boot JAR,sustainability-07,retail-sustainability,PLANNED
129,1198,100,sustainability,svc-0998,sustainability-08,ADMIN_API_SERVICE,team-100,25,4.1.1,Gradle,9,Kotlin,Executable JAR,com.agilearning.retail.sustainability.service0998,Sustainability08Application,applications/backend/services/sustainability/sustainability-08,/api/v1/sustainability/08,INTERNAL_AUTHORIZED,,retail-admin-web,Spring MVC,REST + OpenAPI 3.1,Spring Security OAuth2 Resource Server,Spring Data JDBC,PostgreSQL 18.6,sustainability_svc_08,sustainability,Flyway,10,10,0,6,0,6,0,0,Y,N,Y,N,Resilience4j + idempotency + retry,Actuator + Micrometer + OpenTelemetry,JUnit 5 + Testcontainers + ArchUnit + Spring Cloud Contract,OCI image + layered Spring Boot JAR,sustainability-08,retail-sustainability,PLANNED
129,1199,100,sustainability,svc-0999,sustainability-09,ADMIN_API_SERVICE,team-100,25,4.1.1,Gradle,9,Kotlin,Executable JAR,com.agilearning.retail.sustainability.service0999,Sustainability09Application,applications/backend/services/sustainability/sustainability-09,/api/v1/sustainability/09,INTERNAL_AUTHORIZED,,retail-admin-web,Spring MVC,REST + OpenAPI 3.1,Spring Security OAuth2 Resource Server,Spring Data JDBC,PostgreSQL 18.6,sustainability_svc_09,sustainability,Flyway,10,10,0,3,0,3,0,0,Y,N,Y,N,Resilience4j + idempotency + retry,Actuator + Micrometer + OpenTelemetry,JUnit 5 + Testcontainers + ArchUnit + Spring Cloud Contract,OCI image + layered Spring Boot JAR,sustainability-09,retail-sustainability,PLANNED
129,1200,100,sustainability,svc-1000,sustainability-10,ADMIN_API_SERVICE,team-100,25,4.1.1,Gradle,9,Kotlin,Executable JAR,com.agilearning.retail.sustainability.service1000,Sustainability10Application,applications/backend/services/sustainability/sustainability-10,/api/v1/sustainability/10,INTERNAL_AUTHORIZED,,retail-admin-web,Spring MVC,REST + OpenAPI 3.1,Spring Security OAuth2 Resource Server,Spring Data JDBC,PostgreSQL 18.6,sustainability_svc_10,sustainability,Flyway,10,10,0,6,0,6,0,0,Y,N,Y,N,Resilience4j + idempotency + retry,Actuator + Micrometer + OpenTelemetry,JUnit 5 + Testcontainers + ArchUnit + Spring Cloud Contract,OCI image + layered Spring Boot JAR,sustainability-10,retail-sustainability,PLANNED
