lesson_number,domain_id,domain,service_group,service_count,microservice_ids,microservice_names,team_count,team_ids,database_count,database_names,cluster_count,db_clusters,table_count,full_cdc_table_count,excluded_cdc_table_count,outgoing_relationship_count,incoming_relationship_count,colocated_logical_reference_count,event_driven_reference_count,event_topic_count,dlq_topic_count,backend_domain_path,api_gateway_base_path,customer_frontend_path,admin_frontend_path,frontend_exposure_policy,docker_profile,deployment_namespace,implementation_status
127,39,accounting,accounting-platform,10,svc-0381|svc-0382|svc-0383|svc-0384|svc-0385|svc-0386|svc-0387|svc-0388|svc-0389|svc-0390,accounting-01|accounting-02|accounting-03|accounting-04|accounting-05|accounting-06|accounting-07|accounting-08|accounting-09|accounting-10,1,team-039,10,accounting_svc_01|accounting_svc_02|accounting_svc_03|accounting_svc_04|accounting_svc_05|accounting_svc_06|accounting_svc_07|accounting_svc_08|accounting_svc_09|accounting_svc_10,100,pg-cluster-601|pg-cluster-602|pg-cluster-603|pg-cluster-604|pg-cluster-605|pg-cluster-606|pg-cluster-607|pg-cluster-608|pg-cluster-609|pg-cluster-610|pg-cluster-611|pg-cluster-612|pg-cluster-613|pg-cluster-614|pg-cluster-615|pg-cluster-616|pg-cluster-617|pg-cluster-618|pg-cluster-619|pg-cluster-620|pg-cluster-621|pg-cluster-622|pg-cluster-623|pg-cluster-624|pg-cluster-625|pg-cluster-626|pg-cluster-627|pg-cluster-628|pg-cluster-629|pg-cluster-630|pg-cluster-631|pg-cluster-632|pg-cluster-633|pg-cluster-634|pg-cluster-635|pg-cluster-636|pg-cluster-637|pg-cluster-638|pg-cluster-639|pg-cluster-640|pg-cluster-641|pg-cluster-642|pg-cluster-643|pg-cluster-644|pg-cluster-645|pg-cluster-646|pg-cluster-647|pg-cluster-648|pg-cluster-649|pg-cluster-650|pg-cluster-651|pg-cluster-652|pg-cluster-653|pg-cluster-654|pg-cluster-655|pg-cluster-656|pg-cluster-657|pg-cluster-658|pg-cluster-659|pg-cluster-660|pg-cluster-661|pg-cluster-662|pg-cluster-663|pg-cluster-664|pg-cluster-665|pg-cluster-666|pg-cluster-667|pg-cluster-668|pg-cluster-669|pg-cluster-670|pg-cluster-671|pg-cluster-672|pg-cluster-673|pg-cluster-674|pg-cluster-675|pg-cluster-676|pg-cluster-677|pg-cluster-678|pg-cluster-679|pg-cluster-680|pg-cluster-681|pg-cluster-682|pg-cluster-683|pg-cluster-684|pg-cluster-685|pg-cluster-686|pg-cluster-687|pg-cluster-688|pg-cluster-689|pg-cluster-690|pg-cluster-691|pg-cluster-692|pg-cluster-693|pg-cluster-694|pg-cluster-695|pg-cluster-696|pg-cluster-697|pg-cluster-698|pg-cluster-699|pg-cluster-700,100,100,0,60,20,0,60,60,60,applications/backend/services/accounting,/api/v1/accounting,applications/frontend/customer-web/src/domains/accounting,applications/frontend/admin-web/src/domains/accounting,POLICY_PENDING,domain-accounting,retail-accounting,PLANNED
127,28,advertising,advertising-platform,10,svc-0271|svc-0272|svc-0273|svc-0274|svc-0275|svc-0276|svc-0277|svc-0278|svc-0279|svc-0280,advertising-01|advertising-02|advertising-03|advertising-04|advertising-05|advertising-06|advertising-07|advertising-08|advertising-09|advertising-10,1,team-028,10,advertising_svc_01|advertising_svc_02|advertising_svc_03|advertising_svc_04|advertising_svc_05|advertising_svc_06|advertising_svc_07|advertising_svc_08|advertising_svc_09|advertising_svc_10,100,pg-cluster-301|pg-cluster-302|pg-cluster-303|pg-cluster-304|pg-cluster-305|pg-cluster-306|pg-cluster-307|pg-cluster-308|pg-cluster-309|pg-cluster-310|pg-cluster-311|pg-cluster-312|pg-cluster-313|pg-cluster-314|pg-cluster-315|pg-cluster-316|pg-cluster-317|pg-cluster-318|pg-cluster-319|pg-cluster-320|pg-cluster-321|pg-cluster-322|pg-cluster-323|pg-cluster-324|pg-cluster-325|pg-cluster-326|pg-cluster-327|pg-cluster-328|pg-cluster-329|pg-cluster-330|pg-cluster-331|pg-cluster-332|pg-cluster-333|pg-cluster-334|pg-cluster-335|pg-cluster-336|pg-cluster-337|pg-cluster-338|pg-cluster-339|pg-cluster-340|pg-cluster-341|pg-cluster-342|pg-cluster-343|pg-cluster-344|pg-cluster-345|pg-cluster-346|pg-cluster-347|pg-cluster-348|pg-cluster-349|pg-cluster-350|pg-cluster-351|pg-cluster-352|pg-cluster-353|pg-cluster-354|pg-cluster-355|pg-cluster-356|pg-cluster-357|pg-cluster-358|pg-cluster-359|pg-cluster-360|pg-cluster-361|pg-cluster-362|pg-cluster-363|pg-cluster-364|pg-cluster-365|pg-cluster-366|pg-cluster-367|pg-cluster-368|pg-cluster-369|pg-cluster-370|pg-cluster-371|pg-cluster-372|pg-cluster-373|pg-cluster-374|pg-cluster-375|pg-cluster-376|pg-cluster-377|pg-cluster-378|pg-cluster-379|pg-cluster-380|pg-cluster-381|pg-cluster-382|pg-cluster-383|pg-cluster-384|pg-cluster-385|pg-cluster-386|pg-cluster-387|pg-cluster-388|pg-cluster-389|pg-cluster-390|pg-cluster-391|pg-cluster-392|pg-cluster-393|pg-cluster-394|pg-cluster-395|pg-cluster-396|pg-cluster-397|pg-cluster-398|pg-cluster-399|pg-cluster-400,100,100,0,60,0,0,60,60,60,applications/backend/services/advertising,/api/v1/advertising,applications/frontend/customer-web/src/domains/advertising,applications/frontend/admin-web/src/domains/advertising,POLICY_PENDING,domain-advertising,retail-advertising,PLANNED
127,92,affiliate,affiliate-platform,10,svc-0911|svc-0912|svc-0913|svc-0914|svc-0915|svc-0916|svc-0917|svc-0918|svc-0919|svc-0920,affiliate-01|affiliate-02|affiliate-03|affiliate-04|affiliate-05|affiliate-06|affiliate-07|affiliate-08|affiliate-09|affiliate-10,1,team-092,10,affiliate_svc_01|affiliate_svc_02|affiliate_svc_03|affiliate_svc_04|affiliate_svc_05|affiliate_svc_06|affiliate_svc_07|affiliate_svc_08|affiliate_svc_09|affiliate_svc_10,100,pg-cluster-301|pg-cluster-302|pg-cluster-303|pg-cluster-304|pg-cluster-305|pg-cluster-306|pg-cluster-307|pg-cluster-308|pg-cluster-309|pg-cluster-310|pg-cluster-311|pg-cluster-312|pg-cluster-313|pg-cluster-314|pg-cluster-315|pg-cluster-316|pg-cluster-317|pg-cluster-318|pg-cluster-319|pg-cluster-320|pg-cluster-321|pg-cluster-322|pg-cluster-323|pg-cluster-324|pg-cluster-325|pg-cluster-326|pg-cluster-327|pg-cluster-328|pg-cluster-329|pg-cluster-330|pg-cluster-331|pg-cluster-332|pg-cluster-333|pg-cluster-334|pg-cluster-335|pg-cluster-336|pg-cluster-337|pg-cluster-338|pg-cluster-339|pg-cluster-340|pg-cluster-341|pg-cluster-342|pg-cluster-343|pg-cluster-344|pg-cluster-345|pg-cluster-346|pg-cluster-347|pg-cluster-348|pg-cluster-349|pg-cluster-350|pg-cluster-351|pg-cluster-352|pg-cluster-353|pg-cluster-354|pg-cluster-355|pg-cluster-356|pg-cluster-357|pg-cluster-358|pg-cluster-359|pg-cluster-360|pg-cluster-361|pg-cluster-362|pg-cluster-363|pg-cluster-364|pg-cluster-365|pg-cluster-366|pg-cluster-367|pg-cluster-368|pg-cluster-369|pg-cluster-370|pg-cluster-371|pg-cluster-372|pg-cluster-373|pg-cluster-374|pg-cluster-375|pg-cluster-376|pg-cluster-377|pg-cluster-378|pg-cluster-379|pg-cluster-380|pg-cluster-381|pg-cluster-382|pg-cluster-383|pg-cluster-384|pg-cluster-385|pg-cluster-386|pg-cluster-387|pg-cluster-388|pg-cluster-389|pg-cluster-390|pg-cluster-391|pg-cluster-392|pg-cluster-393|pg-cluster-394|pg-cluster-395|pg-cluster-396|pg-cluster-397|pg-cluster-398|pg-cluster-399|pg-cluster-400,100,100,0,60,0,0,60,60,60,applications/backend/services/affiliate,/api/v1/affiliate,applications/frontend/customer-web/src/domains/affiliate,applications/frontend/admin-web/src/domains/affiliate,POLICY_PENDING,domain-affiliate,retail-affiliate,PLANNED
127,75,analytics,analytics-platform,10,svc-0741|svc-0742|svc-0743|svc-0744|svc-0745|svc-0746|svc-0747|svc-0748|svc-0749|svc-0750,analytics-01|analytics-02|analytics-03|analytics-04|analytics-05|analytics-06|analytics-07|analytics-08|analytics-09|analytics-10,1,team-075,10,analytics_svc_01|analytics_svc_02|analytics_svc_03|analytics_svc_04|analytics_svc_05|analytics_svc_06|analytics_svc_07|analytics_svc_08|analytics_svc_09|analytics_svc_10,100,pg-cluster-201|pg-cluster-202|pg-cluster-203|pg-cluster-204|pg-cluster-205|pg-cluster-206|pg-cluster-207|pg-cluster-208|pg-cluster-209|pg-cluster-210|pg-cluster-211|pg-cluster-212|pg-cluster-213|pg-cluster-214|pg-cluster-215|pg-cluster-216|pg-cluster-217|pg-cluster-218|pg-cluster-219|pg-cluster-220|pg-cluster-221|pg-cluster-222|pg-cluster-223|pg-cluster-224|pg-cluster-225|pg-cluster-226|pg-cluster-227|pg-cluster-228|pg-cluster-229|pg-cluster-230|pg-cluster-231|pg-cluster-232|pg-cluster-233|pg-cluster-234|pg-cluster-235|pg-cluster-236|pg-cluster-237|pg-cluster-238|pg-cluster-239|pg-cluster-240|pg-cluster-241|pg-cluster-242|pg-cluster-243|pg-cluster-244|pg-cluster-245|pg-cluster-246|pg-cluster-247|pg-cluster-248|pg-cluster-249|pg-cluster-250|pg-cluster-251|pg-cluster-252|pg-cluster-253|pg-cluster-254|pg-cluster-255|pg-cluster-256|pg-cluster-257|pg-cluster-258|pg-cluster-259|pg-cluster-260|pg-cluster-261|pg-cluster-262|pg-cluster-263|pg-cluster-264|pg-cluster-265|pg-cluster-266|pg-cluster-267|pg-cluster-268|pg-cluster-269|pg-cluster-270|pg-cluster-271|pg-cluster-272|pg-cluster-273|pg-cluster-274|pg-cluster-275|pg-cluster-276|pg-cluster-277|pg-cluster-278|pg-cluster-279|pg-cluster-280|pg-cluster-281|pg-cluster-282|pg-cluster-283|pg-cluster-284|pg-cluster-285|pg-cluster-286|pg-cluster-287|pg-cluster-288|pg-cluster-289|pg-cluster-290|pg-cluster-291|pg-cluster-292|pg-cluster-293|pg-cluster-294|pg-cluster-295|pg-cluster-296|pg-cluster-297|pg-cluster-298|pg-cluster-299|pg-cluster-300,100,100,0,60,180,0,60,60,60,applications/backend/services/analytics,/api/v1/analytics,applications/frontend/customer-web/src/domains/analytics,applications/frontend/admin-web/src/domains/analytics,POLICY_PENDING,domain-analytics,retail-analytics,PLANNED
127,48,audit,audit-platform,10,svc-0471|svc-0472|svc-0473|svc-0474|svc-0475|svc-0476|svc-0477|svc-0478|svc-0479|svc-0480,audit-01|audit-02|audit-03|audit-04|audit-05|audit-06|audit-07|audit-08|audit-09|audit-10,1,team-048,10,audit_svc_01|audit_svc_02|audit_svc_03|audit_svc_04|audit_svc_05|audit_svc_06|audit_svc_07|audit_svc_08|audit_svc_09|audit_svc_10,100,pg-cluster-701|pg-cluster-702|pg-cluster-703|pg-cluster-704|pg-cluster-705|pg-cluster-706|pg-cluster-707|pg-cluster-708|pg-cluster-709|pg-cluster-710|pg-cluster-711|pg-cluster-712|pg-cluster-713|pg-cluster-714|pg-cluster-715|pg-cluster-716|pg-cluster-717|pg-cluster-718|pg-cluster-719|pg-cluster-720|pg-cluster-721|pg-cluster-722|pg-cluster-723|pg-cluster-724|pg-cluster-725|pg-cluster-726|pg-cluster-727|pg-cluster-728|pg-cluster-729|pg-cluster-730|pg-cluster-731|pg-cluster-732|pg-cluster-733|pg-cluster-734|pg-cluster-735|pg-cluster-736|pg-cluster-737|pg-cluster-738|pg-cluster-739|pg-cluster-740|pg-cluster-741|pg-cluster-742|pg-cluster-743|pg-cluster-744|pg-cluster-745|pg-cluster-746|pg-cluster-747|pg-cluster-748|pg-cluster-749|pg-cluster-750|pg-cluster-751|pg-cluster-752|pg-cluster-753|pg-cluster-754|pg-cluster-755|pg-cluster-756|pg-cluster-757|pg-cluster-758|pg-cluster-759|pg-cluster-760|pg-cluster-761|pg-cluster-762|pg-cluster-763|pg-cluster-764|pg-cluster-765|pg-cluster-766|pg-cluster-767|pg-cluster-768|pg-cluster-769|pg-cluster-770|pg-cluster-771|pg-cluster-772|pg-cluster-773|pg-cluster-774|pg-cluster-775|pg-cluster-776|pg-cluster-777|pg-cluster-778|pg-cluster-779|pg-cluster-780|pg-cluster-781|pg-cluster-782|pg-cluster-783|pg-cluster-784|pg-cluster-785|pg-cluster-786|pg-cluster-787|pg-cluster-788|pg-cluster-789|pg-cluster-790|pg-cluster-791|pg-cluster-792|pg-cluster-793|pg-cluster-794|pg-cluster-795|pg-cluster-796|pg-cluster-797|pg-cluster-798|pg-cluster-799|pg-cluster-800,100,100,0,60,40,0,60,60,60,applications/backend/services/audit,/api/v1/audit,applications/frontend/customer-web/src/domains/audit,applications/frontend/admin-web/src/domains/audit,POLICY_PENDING,domain-audit,retail-audit,PLANNED
127,37,b2b,b2b-platform,10,svc-0361|svc-0362|svc-0363|svc-0364|svc-0365|svc-0366|svc-0367|svc-0368|svc-0369|svc-0370,b2b-01|b2b-02|b2b-03|b2b-04|b2b-05|b2b-06|b2b-07|b2b-08|b2b-09|b2b-10,1,team-037,10,b2b_svc_01|b2b_svc_02|b2b_svc_03|b2b_svc_04|b2b_svc_05|b2b_svc_06|b2b_svc_07|b2b_svc_08|b2b_svc_09|b2b_svc_10,100,pg-cluster-401|pg-cluster-402|pg-cluster-403|pg-cluster-404|pg-cluster-405|pg-cluster-406|pg-cluster-407|pg-cluster-408|pg-cluster-409|pg-cluster-410|pg-cluster-411|pg-cluster-412|pg-cluster-413|pg-cluster-414|pg-cluster-415|pg-cluster-416|pg-cluster-417|pg-cluster-418|pg-cluster-419|pg-cluster-420|pg-cluster-421|pg-cluster-422|pg-cluster-423|pg-cluster-424|pg-cluster-425|pg-cluster-426|pg-cluster-427|pg-cluster-428|pg-cluster-429|pg-cluster-430|pg-cluster-431|pg-cluster-432|pg-cluster-433|pg-cluster-434|pg-cluster-435|pg-cluster-436|pg-cluster-437|pg-cluster-438|pg-cluster-439|pg-cluster-440|pg-cluster-441|pg-cluster-442|pg-cluster-443|pg-cluster-444|pg-cluster-445|pg-cluster-446|pg-cluster-447|pg-cluster-448|pg-cluster-449|pg-cluster-450|pg-cluster-451|pg-cluster-452|pg-cluster-453|pg-cluster-454|pg-cluster-455|pg-cluster-456|pg-cluster-457|pg-cluster-458|pg-cluster-459|pg-cluster-460|pg-cluster-461|pg-cluster-462|pg-cluster-463|pg-cluster-464|pg-cluster-465|pg-cluster-466|pg-cluster-467|pg-cluster-468|pg-cluster-469|pg-cluster-470|pg-cluster-471|pg-cluster-472|pg-cluster-473|pg-cluster-474|pg-cluster-475|pg-cluster-476|pg-cluster-477|pg-cluster-478|pg-cluster-479|pg-cluster-480|pg-cluster-481|pg-cluster-482|pg-cluster-483|pg-cluster-484|pg-cluster-485|pg-cluster-486|pg-cluster-487|pg-cluster-488|pg-cluster-489|pg-cluster-490|pg-cluster-491|pg-cluster-492|pg-cluster-493|pg-cluster-494|pg-cluster-495|pg-cluster-496|pg-cluster-497|pg-cluster-498|pg-cluster-499|pg-cluster-500,100,100,0,60,20,0,60,60,60,applications/backend/services/b2b,/api/v1/b2b,applications/frontend/customer-web/src/domains/b2b,applications/frontend/admin-web/src/domains/b2b,POLICY_PENDING,domain-b2b,retail-b2b,PLANNED
127,12,cart,cart-platform,10,svc-0111|svc-0112|svc-0113|svc-0114|svc-0115|svc-0116|svc-0117|svc-0118|svc-0119|svc-0120,cart-01|cart-02|cart-03|cart-04|cart-05|cart-06|cart-07|cart-08|cart-09|cart-10,1,team-012,10,cart_svc_01|cart_svc_02|cart_svc_03|cart_svc_04|cart_svc_05|cart_svc_06|cart_svc_07|cart_svc_08|cart_svc_09|cart_svc_10,100,pg-cluster-301|pg-cluster-302|pg-cluster-303|pg-cluster-304|pg-cluster-305|pg-cluster-306|pg-cluster-307|pg-cluster-308|pg-cluster-309|pg-cluster-310|pg-cluster-311|pg-cluster-312|pg-cluster-313|pg-cluster-314|pg-cluster-315|pg-cluster-316|pg-cluster-317|pg-cluster-318|pg-cluster-319|pg-cluster-320|pg-cluster-321|pg-cluster-322|pg-cluster-323|pg-cluster-324|pg-cluster-325|pg-cluster-326|pg-cluster-327|pg-cluster-328|pg-cluster-329|pg-cluster-330|pg-cluster-331|pg-cluster-332|pg-cluster-333|pg-cluster-334|pg-cluster-335|pg-cluster-336|pg-cluster-337|pg-cluster-338|pg-cluster-339|pg-cluster-340|pg-cluster-341|pg-cluster-342|pg-cluster-343|pg-cluster-344|pg-cluster-345|pg-cluster-346|pg-cluster-347|pg-cluster-348|pg-cluster-349|pg-cluster-350|pg-cluster-351|pg-cluster-352|pg-cluster-353|pg-cluster-354|pg-cluster-355|pg-cluster-356|pg-cluster-357|pg-cluster-358|pg-cluster-359|pg-cluster-360|pg-cluster-361|pg-cluster-362|pg-cluster-363|pg-cluster-364|pg-cluster-365|pg-cluster-366|pg-cluster-367|pg-cluster-368|pg-cluster-369|pg-cluster-370|pg-cluster-371|pg-cluster-372|pg-cluster-373|pg-cluster-374|pg-cluster-375|pg-cluster-376|pg-cluster-377|pg-cluster-378|pg-cluster-379|pg-cluster-380|pg-cluster-381|pg-cluster-382|pg-cluster-383|pg-cluster-384|pg-cluster-385|pg-cluster-386|pg-cluster-387|pg-cluster-388|pg-cluster-389|pg-cluster-390|pg-cluster-391|pg-cluster-392|pg-cluster-393|pg-cluster-394|pg-cluster-395|pg-cluster-396|pg-cluster-397|pg-cluster-398|pg-cluster-399|pg-cluster-400,100,100,0,80,20,0,80,80,80,applications/backend/services/cart,/api/v1/cart,applications/frontend/customer-web/src/domains/cart,applications/frontend/admin-web/src/domains/cart,POLICY_PENDING,domain-cart,retail-cart,PLANNED
127,3,catalog,catalog-platform,10,svc-0021|svc-0022|svc-0023|svc-0024|svc-0025|svc-0026|svc-0027|svc-0028|svc-0029|svc-0030,catalog-01|catalog-02|catalog-03|catalog-04|catalog-05|catalog-06|catalog-07|catalog-08|catalog-09|catalog-10,1,team-003,10,catalog_svc_01|catalog_svc_02|catalog_svc_03|catalog_svc_04|catalog_svc_05|catalog_svc_06|catalog_svc_07|catalog_svc_08|catalog_svc_09|catalog_svc_10,100,pg-cluster-201|pg-cluster-202|pg-cluster-203|pg-cluster-204|pg-cluster-205|pg-cluster-206|pg-cluster-207|pg-cluster-208|pg-cluster-209|pg-cluster-210|pg-cluster-211|pg-cluster-212|pg-cluster-213|pg-cluster-214|pg-cluster-215|pg-cluster-216|pg-cluster-217|pg-cluster-218|pg-cluster-219|pg-cluster-220|pg-cluster-221|pg-cluster-222|pg-cluster-223|pg-cluster-224|pg-cluster-225|pg-cluster-226|pg-cluster-227|pg-cluster-228|pg-cluster-229|pg-cluster-230|pg-cluster-231|pg-cluster-232|pg-cluster-233|pg-cluster-234|pg-cluster-235|pg-cluster-236|pg-cluster-237|pg-cluster-238|pg-cluster-239|pg-cluster-240|pg-cluster-241|pg-cluster-242|pg-cluster-243|pg-cluster-244|pg-cluster-245|pg-cluster-246|pg-cluster-247|pg-cluster-248|pg-cluster-249|pg-cluster-250|pg-cluster-251|pg-cluster-252|pg-cluster-253|pg-cluster-254|pg-cluster-255|pg-cluster-256|pg-cluster-257|pg-cluster-258|pg-cluster-259|pg-cluster-260|pg-cluster-261|pg-cluster-262|pg-cluster-263|pg-cluster-264|pg-cluster-265|pg-cluster-266|pg-cluster-267|pg-cluster-268|pg-cluster-269|pg-cluster-270|pg-cluster-271|pg-cluster-272|pg-cluster-273|pg-cluster-274|pg-cluster-275|pg-cluster-276|pg-cluster-277|pg-cluster-278|pg-cluster-279|pg-cluster-280|pg-cluster-281|pg-cluster-282|pg-cluster-283|pg-cluster-284|pg-cluster-285|pg-cluster-286|pg-cluster-287|pg-cluster-288|pg-cluster-289|pg-cluster-290|pg-cluster-291|pg-cluster-292|pg-cluster-293|pg-cluster-294|pg-cluster-295|pg-cluster-296|pg-cluster-297|pg-cluster-298|pg-cluster-299|pg-cluster-300,100,100,0,60,140,1,59,59,59,applications/backend/services/catalog,/api/v1/catalog,applications/frontend/customer-web/src/domains/catalog,applications/frontend/admin-web/src/domains/catalog,POLICY_PENDING,domain-catalog,retail-catalog,PLANNED
127,67,cdc,cdc-platform,10,svc-0661|svc-0662|svc-0663|svc-0664|svc-0665|svc-0666|svc-0667|svc-0668|svc-0669|svc-0670,cdc-01|cdc-02|cdc-03|cdc-04|cdc-05|cdc-06|cdc-07|cdc-08|cdc-09|cdc-10,1,team-067,10,cdc_svc_01|cdc_svc_02|cdc_svc_03|cdc_svc_04|cdc_svc_05|cdc_svc_06|cdc_svc_07|cdc_svc_08|cdc_svc_09|cdc_svc_10,100,pg-cluster-201|pg-cluster-202|pg-cluster-203|pg-cluster-204|pg-cluster-205|pg-cluster-206|pg-cluster-207|pg-cluster-208|pg-cluster-209|pg-cluster-210|pg-cluster-211|pg-cluster-212|pg-cluster-213|pg-cluster-214|pg-cluster-215|pg-cluster-216|pg-cluster-217|pg-cluster-218|pg-cluster-219|pg-cluster-220|pg-cluster-221|pg-cluster-222|pg-cluster-223|pg-cluster-224|pg-cluster-225|pg-cluster-226|pg-cluster-227|pg-cluster-228|pg-cluster-229|pg-cluster-230|pg-cluster-231|pg-cluster-232|pg-cluster-233|pg-cluster-234|pg-cluster-235|pg-cluster-236|pg-cluster-237|pg-cluster-238|pg-cluster-239|pg-cluster-240|pg-cluster-241|pg-cluster-242|pg-cluster-243|pg-cluster-244|pg-cluster-245|pg-cluster-246|pg-cluster-247|pg-cluster-248|pg-cluster-249|pg-cluster-250|pg-cluster-251|pg-cluster-252|pg-cluster-253|pg-cluster-254|pg-cluster-255|pg-cluster-256|pg-cluster-257|pg-cluster-258|pg-cluster-259|pg-cluster-260|pg-cluster-261|pg-cluster-262|pg-cluster-263|pg-cluster-264|pg-cluster-265|pg-cluster-266|pg-cluster-267|pg-cluster-268|pg-cluster-269|pg-cluster-270|pg-cluster-271|pg-cluster-272|pg-cluster-273|pg-cluster-274|pg-cluster-275|pg-cluster-276|pg-cluster-277|pg-cluster-278|pg-cluster-279|pg-cluster-280|pg-cluster-281|pg-cluster-282|pg-cluster-283|pg-cluster-284|pg-cluster-285|pg-cluster-286|pg-cluster-287|pg-cluster-288|pg-cluster-289|pg-cluster-290|pg-cluster-291|pg-cluster-292|pg-cluster-293|pg-cluster-294|pg-cluster-295|pg-cluster-296|pg-cluster-297|pg-cluster-298|pg-cluster-299|pg-cluster-300,100,100,0,60,60,0,60,60,60,applications/backend/services/cdc,/api/v1/cdc,applications/frontend/customer-web/src/domains/cdc,applications/frontend/admin-web/src/domains/cdc,POLICY_PENDING,domain-cdc,retail-cdc,PLANNED
127,13,checkout,checkout-platform,10,svc-0121|svc-0122|svc-0123|svc-0124|svc-0125|svc-0126|svc-0127|svc-0128|svc-0129|svc-0130,checkout-01|checkout-02|checkout-03|checkout-04|checkout-05|checkout-06|checkout-07|checkout-08|checkout-09|checkout-10,1,team-013,10,checkout_svc_01|checkout_svc_02|checkout_svc_03|checkout_svc_04|checkout_svc_05|checkout_svc_06|checkout_svc_07|checkout_svc_08|checkout_svc_09|checkout_svc_10,100,pg-cluster-401|pg-cluster-402|pg-cluster-403|pg-cluster-404|pg-cluster-405|pg-cluster-406|pg-cluster-407|pg-cluster-408|pg-cluster-409|pg-cluster-410|pg-cluster-411|pg-cluster-412|pg-cluster-413|pg-cluster-414|pg-cluster-415|pg-cluster-416|pg-cluster-417|pg-cluster-418|pg-cluster-419|pg-cluster-420|pg-cluster-421|pg-cluster-422|pg-cluster-423|pg-cluster-424|pg-cluster-425|pg-cluster-426|pg-cluster-427|pg-cluster-428|pg-cluster-429|pg-cluster-430|pg-cluster-431|pg-cluster-432|pg-cluster-433|pg-cluster-434|pg-cluster-435|pg-cluster-436|pg-cluster-437|pg-cluster-438|pg-cluster-439|pg-cluster-440|pg-cluster-441|pg-cluster-442|pg-cluster-443|pg-cluster-444|pg-cluster-445|pg-cluster-446|pg-cluster-447|pg-cluster-448|pg-cluster-449|pg-cluster-450|pg-cluster-451|pg-cluster-452|pg-cluster-453|pg-cluster-454|pg-cluster-455|pg-cluster-456|pg-cluster-457|pg-cluster-458|pg-cluster-459|pg-cluster-460|pg-cluster-461|pg-cluster-462|pg-cluster-463|pg-cluster-464|pg-cluster-465|pg-cluster-466|pg-cluster-467|pg-cluster-468|pg-cluster-469|pg-cluster-470|pg-cluster-471|pg-cluster-472|pg-cluster-473|pg-cluster-474|pg-cluster-475|pg-cluster-476|pg-cluster-477|pg-cluster-478|pg-cluster-479|pg-cluster-480|pg-cluster-481|pg-cluster-482|pg-cluster-483|pg-cluster-484|pg-cluster-485|pg-cluster-486|pg-cluster-487|pg-cluster-488|pg-cluster-489|pg-cluster-490|pg-cluster-491|pg-cluster-492|pg-cluster-493|pg-cluster-494|pg-cluster-495|pg-cluster-496|pg-cluster-497|pg-cluster-498|pg-cluster-499|pg-cluster-500,100,100,0,80,20,0,80,80,80,applications/backend/services/checkout,/api/v1/checkout,applications/frontend/customer-web/src/domains/checkout,applications/frontend/admin-web/src/domains/checkout,POLICY_PENDING,domain-checkout,retail-checkout,PLANNED
127,41,commission,commission-platform,10,svc-0401|svc-0402|svc-0403|svc-0404|svc-0405|svc-0406|svc-0407|svc-0408|svc-0409|svc-0410,commission-01|commission-02|commission-03|commission-04|commission-05|commission-06|commission-07|commission-08|commission-09|commission-10,1,team-041,10,commission_svc_01|commission_svc_02|commission_svc_03|commission_svc_04|commission_svc_05|commission_svc_06|commission_svc_07|commission_svc_08|commission_svc_09|commission_svc_10,100,pg-cluster-001|pg-cluster-002|pg-cluster-003|pg-cluster-004|pg-cluster-005|pg-cluster-006|pg-cluster-007|pg-cluster-008|pg-cluster-009|pg-cluster-010|pg-cluster-011|pg-cluster-012|pg-cluster-013|pg-cluster-014|pg-cluster-015|pg-cluster-016|pg-cluster-017|pg-cluster-018|pg-cluster-019|pg-cluster-020|pg-cluster-021|pg-cluster-022|pg-cluster-023|pg-cluster-024|pg-cluster-025|pg-cluster-026|pg-cluster-027|pg-cluster-028|pg-cluster-029|pg-cluster-030|pg-cluster-031|pg-cluster-032|pg-cluster-033|pg-cluster-034|pg-cluster-035|pg-cluster-036|pg-cluster-037|pg-cluster-038|pg-cluster-039|pg-cluster-040|pg-cluster-041|pg-cluster-042|pg-cluster-043|pg-cluster-044|pg-cluster-045|pg-cluster-046|pg-cluster-047|pg-cluster-048|pg-cluster-049|pg-cluster-050|pg-cluster-051|pg-cluster-052|pg-cluster-053|pg-cluster-054|pg-cluster-055|pg-cluster-056|pg-cluster-057|pg-cluster-058|pg-cluster-059|pg-cluster-060|pg-cluster-061|pg-cluster-062|pg-cluster-063|pg-cluster-064|pg-cluster-065|pg-cluster-066|pg-cluster-067|pg-cluster-068|pg-cluster-069|pg-cluster-070|pg-cluster-071|pg-cluster-072|pg-cluster-073|pg-cluster-074|pg-cluster-075|pg-cluster-076|pg-cluster-077|pg-cluster-078|pg-cluster-079|pg-cluster-080|pg-cluster-081|pg-cluster-082|pg-cluster-083|pg-cluster-084|pg-cluster-085|pg-cluster-086|pg-cluster-087|pg-cluster-088|pg-cluster-089|pg-cluster-090|pg-cluster-091|pg-cluster-092|pg-cluster-093|pg-cluster-094|pg-cluster-095|pg-cluster-096|pg-cluster-097|pg-cluster-098|pg-cluster-099|pg-cluster-100,100,100,0,60,20,0,60,60,60,applications/backend/services/commission,/api/v1/commission,applications/frontend/customer-web/src/domains/commission,applications/frontend/admin-web/src/domains/commission,POLICY_PENDING,domain-commission,retail-commission,PLANNED
127,44,compliance,compliance-platform,10,svc-0431|svc-0432|svc-0433|svc-0434|svc-0435|svc-0436|svc-0437|svc-0438|svc-0439|svc-0440,compliance-01|compliance-02|compliance-03|compliance-04|compliance-05|compliance-06|compliance-07|compliance-08|compliance-09|compliance-10,1,team-044,10,compliance_svc_01|compliance_svc_02|compliance_svc_03|compliance_svc_04|compliance_svc_05|compliance_svc_06|compliance_svc_07|compliance_svc_08|compliance_svc_09|compliance_svc_10,100,pg-cluster-301|pg-cluster-302|pg-cluster-303|pg-cluster-304|pg-cluster-305|pg-cluster-306|pg-cluster-307|pg-cluster-308|pg-cluster-309|pg-cluster-310|pg-cluster-311|pg-cluster-312|pg-cluster-313|pg-cluster-314|pg-cluster-315|pg-cluster-316|pg-cluster-317|pg-cluster-318|pg-cluster-319|pg-cluster-320|pg-cluster-321|pg-cluster-322|pg-cluster-323|pg-cluster-324|pg-cluster-325|pg-cluster-326|pg-cluster-327|pg-cluster-328|pg-cluster-329|pg-cluster-330|pg-cluster-331|pg-cluster-332|pg-cluster-333|pg-cluster-334|pg-cluster-335|pg-cluster-336|pg-cluster-337|pg-cluster-338|pg-cluster-339|pg-cluster-340|pg-cluster-341|pg-cluster-342|pg-cluster-343|pg-cluster-344|pg-cluster-345|pg-cluster-346|pg-cluster-347|pg-cluster-348|pg-cluster-349|pg-cluster-350|pg-cluster-351|pg-cluster-352|pg-cluster-353|pg-cluster-354|pg-cluster-355|pg-cluster-356|pg-cluster-357|pg-cluster-358|pg-cluster-359|pg-cluster-360|pg-cluster-361|pg-cluster-362|pg-cluster-363|pg-cluster-364|pg-cluster-365|pg-cluster-366|pg-cluster-367|pg-cluster-368|pg-cluster-369|pg-cluster-370|pg-cluster-371|pg-cluster-372|pg-cluster-373|pg-cluster-374|pg-cluster-375|pg-cluster-376|pg-cluster-377|pg-cluster-378|pg-cluster-379|pg-cluster-380|pg-cluster-381|pg-cluster-382|pg-cluster-383|pg-cluster-384|pg-cluster-385|pg-cluster-386|pg-cluster-387|pg-cluster-388|pg-cluster-389|pg-cluster-390|pg-cluster-391|pg-cluster-392|pg-cluster-393|pg-cluster-394|pg-cluster-395|pg-cluster-396|pg-cluster-397|pg-cluster-398|pg-cluster-399|pg-cluster-400,100,100,0,60,60,0,60,60,60,applications/backend/services/compliance,/api/v1/compliance,applications/frontend/customer-web/src/domains/compliance,applications/frontend/admin-web/src/domains/compliance,POLICY_PENDING,domain-compliance,retail-compliance,PLANNED
127,32,content,content-platform,10,svc-0311|svc-0312|svc-0313|svc-0314|svc-0315|svc-0316|svc-0317|svc-0318|svc-0319|svc-0320,content-01|content-02|content-03|content-04|content-05|content-06|content-07|content-08|content-09|content-10,1,team-032,10,content_svc_01|content_svc_02|content_svc_03|content_svc_04|content_svc_05|content_svc_06|content_svc_07|content_svc_08|content_svc_09|content_svc_10,100,pg-cluster-701|pg-cluster-702|pg-cluster-703|pg-cluster-704|pg-cluster-705|pg-cluster-706|pg-cluster-707|pg-cluster-708|pg-cluster-709|pg-cluster-710|pg-cluster-711|pg-cluster-712|pg-cluster-713|pg-cluster-714|pg-cluster-715|pg-cluster-716|pg-cluster-717|pg-cluster-718|pg-cluster-719|pg-cluster-720|pg-cluster-721|pg-cluster-722|pg-cluster-723|pg-cluster-724|pg-cluster-725|pg-cluster-726|pg-cluster-727|pg-cluster-728|pg-cluster-729|pg-cluster-730|pg-cluster-731|pg-cluster-732|pg-cluster-733|pg-cluster-734|pg-cluster-735|pg-cluster-736|pg-cluster-737|pg-cluster-738|pg-cluster-739|pg-cluster-740|pg-cluster-741|pg-cluster-742|pg-cluster-743|pg-cluster-744|pg-cluster-745|pg-cluster-746|pg-cluster-747|pg-cluster-748|pg-cluster-749|pg-cluster-750|pg-cluster-751|pg-cluster-752|pg-cluster-753|pg-cluster-754|pg-cluster-755|pg-cluster-756|pg-cluster-757|pg-cluster-758|pg-cluster-759|pg-cluster-760|pg-cluster-761|pg-cluster-762|pg-cluster-763|pg-cluster-764|pg-cluster-765|pg-cluster-766|pg-cluster-767|pg-cluster-768|pg-cluster-769|pg-cluster-770|pg-cluster-771|pg-cluster-772|pg-cluster-773|pg-cluster-774|pg-cluster-775|pg-cluster-776|pg-cluster-777|pg-cluster-778|pg-cluster-779|pg-cluster-780|pg-cluster-781|pg-cluster-782|pg-cluster-783|pg-cluster-784|pg-cluster-785|pg-cluster-786|pg-cluster-787|pg-cluster-788|pg-cluster-789|pg-cluster-790|pg-cluster-791|pg-cluster-792|pg-cluster-793|pg-cluster-794|pg-cluster-795|pg-cluster-796|pg-cluster-797|pg-cluster-798|pg-cluster-799|pg-cluster-800,100,100,0,60,40,0,60,60,60,applications/backend/services/content,/api/v1/content,applications/frontend/customer-web/src/domains/content,applications/frontend/admin-web/src/domains/content,POLICY_PENDING,domain-content,retail-content,PLANNED
127,35,crm,crm-platform,10,svc-0341|svc-0342|svc-0343|svc-0344|svc-0345|svc-0346|svc-0347|svc-0348|svc-0349|svc-0350,crm-01|crm-02|crm-03|crm-04|crm-05|crm-06|crm-07|crm-08|crm-09|crm-10,1,team-035,10,crm_svc_01|crm_svc_02|crm_svc_03|crm_svc_04|crm_svc_05|crm_svc_06|crm_svc_07|crm_svc_08|crm_svc_09|crm_svc_10,100,pg-cluster-201|pg-cluster-202|pg-cluster-203|pg-cluster-204|pg-cluster-205|pg-cluster-206|pg-cluster-207|pg-cluster-208|pg-cluster-209|pg-cluster-210|pg-cluster-211|pg-cluster-212|pg-cluster-213|pg-cluster-214|pg-cluster-215|pg-cluster-216|pg-cluster-217|pg-cluster-218|pg-cluster-219|pg-cluster-220|pg-cluster-221|pg-cluster-222|pg-cluster-223|pg-cluster-224|pg-cluster-225|pg-cluster-226|pg-cluster-227|pg-cluster-228|pg-cluster-229|pg-cluster-230|pg-cluster-231|pg-cluster-232|pg-cluster-233|pg-cluster-234|pg-cluster-235|pg-cluster-236|pg-cluster-237|pg-cluster-238|pg-cluster-239|pg-cluster-240|pg-cluster-241|pg-cluster-242|pg-cluster-243|pg-cluster-244|pg-cluster-245|pg-cluster-246|pg-cluster-247|pg-cluster-248|pg-cluster-249|pg-cluster-250|pg-cluster-251|pg-cluster-252|pg-cluster-253|pg-cluster-254|pg-cluster-255|pg-cluster-256|pg-cluster-257|pg-cluster-258|pg-cluster-259|pg-cluster-260|pg-cluster-261|pg-cluster-262|pg-cluster-263|pg-cluster-264|pg-cluster-265|pg-cluster-266|pg-cluster-267|pg-cluster-268|pg-cluster-269|pg-cluster-270|pg-cluster-271|pg-cluster-272|pg-cluster-273|pg-cluster-274|pg-cluster-275|pg-cluster-276|pg-cluster-277|pg-cluster-278|pg-cluster-279|pg-cluster-280|pg-cluster-281|pg-cluster-282|pg-cluster-283|pg-cluster-284|pg-cluster-285|pg-cluster-286|pg-cluster-287|pg-cluster-288|pg-cluster-289|pg-cluster-290|pg-cluster-291|pg-cluster-292|pg-cluster-293|pg-cluster-294|pg-cluster-295|pg-cluster-296|pg-cluster-297|pg-cluster-298|pg-cluster-299|pg-cluster-300,100,100,0,60,0,0,60,60,60,applications/backend/services/crm,/api/v1/crm,applications/frontend/customer-web/src/domains/crm,applications/frontend/admin-web/src/domains/crm,POLICY_PENDING,domain-crm,retail-crm,PLANNED
127,54,currency,currency-platform,10,svc-0531|svc-0532|svc-0533|svc-0534|svc-0535|svc-0536|svc-0537|svc-0538|svc-0539|svc-0540,currency-01|currency-02|currency-03|currency-04|currency-05|currency-06|currency-07|currency-08|currency-09|currency-10,1,team-054,10,currency_svc_01|currency_svc_02|currency_svc_03|currency_svc_04|currency_svc_05|currency_svc_06|currency_svc_07|currency_svc_08|currency_svc_09|currency_svc_10,100,pg-cluster-501|pg-cluster-502|pg-cluster-503|pg-cluster-504|pg-cluster-505|pg-cluster-506|pg-cluster-507|pg-cluster-508|pg-cluster-509|pg-cluster-510|pg-cluster-511|pg-cluster-512|pg-cluster-513|pg-cluster-514|pg-cluster-515|pg-cluster-516|pg-cluster-517|pg-cluster-518|pg-cluster-519|pg-cluster-520|pg-cluster-521|pg-cluster-522|pg-cluster-523|pg-cluster-524|pg-cluster-525|pg-cluster-526|pg-cluster-527|pg-cluster-528|pg-cluster-529|pg-cluster-530|pg-cluster-531|pg-cluster-532|pg-cluster-533|pg-cluster-534|pg-cluster-535|pg-cluster-536|pg-cluster-537|pg-cluster-538|pg-cluster-539|pg-cluster-540|pg-cluster-541|pg-cluster-542|pg-cluster-543|pg-cluster-544|pg-cluster-545|pg-cluster-546|pg-cluster-547|pg-cluster-548|pg-cluster-549|pg-cluster-550|pg-cluster-551|pg-cluster-552|pg-cluster-553|pg-cluster-554|pg-cluster-555|pg-cluster-556|pg-cluster-557|pg-cluster-558|pg-cluster-559|pg-cluster-560|pg-cluster-561|pg-cluster-562|pg-cluster-563|pg-cluster-564|pg-cluster-565|pg-cluster-566|pg-cluster-567|pg-cluster-568|pg-cluster-569|pg-cluster-570|pg-cluster-571|pg-cluster-572|pg-cluster-573|pg-cluster-574|pg-cluster-575|pg-cluster-576|pg-cluster-577|pg-cluster-578|pg-cluster-579|pg-cluster-580|pg-cluster-581|pg-cluster-582|pg-cluster-583|pg-cluster-584|pg-cluster-585|pg-cluster-586|pg-cluster-587|pg-cluster-588|pg-cluster-589|pg-cluster-590|pg-cluster-591|pg-cluster-592|pg-cluster-593|pg-cluster-594|pg-cluster-595|pg-cluster-596|pg-cluster-597|pg-cluster-598|pg-cluster-599|pg-cluster-600,100,100,0,60,60,1,59,59,59,applications/backend/services/currency,/api/v1/currency,applications/frontend/customer-web/src/domains/currency,applications/frontend/admin-web/src/domains/currency,POLICY_PENDING,domain-currency,retail-currency,PLANNED
127,2,customer,customer-platform,10,svc-0011|svc-0012|svc-0013|svc-0014|svc-0015|svc-0016|svc-0017|svc-0018|svc-0019|svc-0020,customer-01|customer-02|customer-03|customer-04|customer-05|customer-06|customer-07|customer-08|customer-09|customer-10,1,team-002,10,customer_svc_01|customer_svc_02|customer_svc_03|customer_svc_04|customer_svc_05|customer_svc_06|customer_svc_07|customer_svc_08|customer_svc_09|customer_svc_10,100,pg-cluster-101|pg-cluster-102|pg-cluster-103|pg-cluster-104|pg-cluster-105|pg-cluster-106|pg-cluster-107|pg-cluster-108|pg-cluster-109|pg-cluster-110|pg-cluster-111|pg-cluster-112|pg-cluster-113|pg-cluster-114|pg-cluster-115|pg-cluster-116|pg-cluster-117|pg-cluster-118|pg-cluster-119|pg-cluster-120|pg-cluster-121|pg-cluster-122|pg-cluster-123|pg-cluster-124|pg-cluster-125|pg-cluster-126|pg-cluster-127|pg-cluster-128|pg-cluster-129|pg-cluster-130|pg-cluster-131|pg-cluster-132|pg-cluster-133|pg-cluster-134|pg-cluster-135|pg-cluster-136|pg-cluster-137|pg-cluster-138|pg-cluster-139|pg-cluster-140|pg-cluster-141|pg-cluster-142|pg-cluster-143|pg-cluster-144|pg-cluster-145|pg-cluster-146|pg-cluster-147|pg-cluster-148|pg-cluster-149|pg-cluster-150|pg-cluster-151|pg-cluster-152|pg-cluster-153|pg-cluster-154|pg-cluster-155|pg-cluster-156|pg-cluster-157|pg-cluster-158|pg-cluster-159|pg-cluster-160|pg-cluster-161|pg-cluster-162|pg-cluster-163|pg-cluster-164|pg-cluster-165|pg-cluster-166|pg-cluster-167|pg-cluster-168|pg-cluster-169|pg-cluster-170|pg-cluster-171|pg-cluster-172|pg-cluster-173|pg-cluster-174|pg-cluster-175|pg-cluster-176|pg-cluster-177|pg-cluster-178|pg-cluster-179|pg-cluster-180|pg-cluster-181|pg-cluster-182|pg-cluster-183|pg-cluster-184|pg-cluster-185|pg-cluster-186|pg-cluster-187|pg-cluster-188|pg-cluster-189|pg-cluster-190|pg-cluster-191|pg-cluster-192|pg-cluster-193|pg-cluster-194|pg-cluster-195|pg-cluster-196|pg-cluster-197|pg-cluster-198|pg-cluster-199|pg-cluster-200,100,67,33,60,640,0,60,60,60,applications/backend/services/customer,/api/v1/customer,applications/frontend/customer-web/src/domains/customer,applications/frontend/admin-web/src/domains/customer,POLICY_PENDING,domain-customer,retail-customer,PLANNED
127,66,data_platform,data_platform-platform,10,svc-0651|svc-0652|svc-0653|svc-0654|svc-0655|svc-0656|svc-0657|svc-0658|svc-0659|svc-0660,data_platform-01|data_platform-02|data_platform-03|data_platform-04|data_platform-05|data_platform-06|data_platform-07|data_platform-08|data_platform-09|data_platform-10,1,team-066,10,data_platform_svc_01|data_platform_svc_02|data_platform_svc_03|data_platform_svc_04|data_platform_svc_05|data_platform_svc_06|data_platform_svc_07|data_platform_svc_08|data_platform_svc_09|data_platform_svc_10,100,pg-cluster-101|pg-cluster-102|pg-cluster-103|pg-cluster-104|pg-cluster-105|pg-cluster-106|pg-cluster-107|pg-cluster-108|pg-cluster-109|pg-cluster-110|pg-cluster-111|pg-cluster-112|pg-cluster-113|pg-cluster-114|pg-cluster-115|pg-cluster-116|pg-cluster-117|pg-cluster-118|pg-cluster-119|pg-cluster-120|pg-cluster-121|pg-cluster-122|pg-cluster-123|pg-cluster-124|pg-cluster-125|pg-cluster-126|pg-cluster-127|pg-cluster-128|pg-cluster-129|pg-cluster-130|pg-cluster-131|pg-cluster-132|pg-cluster-133|pg-cluster-134|pg-cluster-135|pg-cluster-136|pg-cluster-137|pg-cluster-138|pg-cluster-139|pg-cluster-140|pg-cluster-141|pg-cluster-142|pg-cluster-143|pg-cluster-144|pg-cluster-145|pg-cluster-146|pg-cluster-147|pg-cluster-148|pg-cluster-149|pg-cluster-150|pg-cluster-151|pg-cluster-152|pg-cluster-153|pg-cluster-154|pg-cluster-155|pg-cluster-156|pg-cluster-157|pg-cluster-158|pg-cluster-159|pg-cluster-160|pg-cluster-161|pg-cluster-162|pg-cluster-163|pg-cluster-164|pg-cluster-165|pg-cluster-166|pg-cluster-167|pg-cluster-168|pg-cluster-169|pg-cluster-170|pg-cluster-171|pg-cluster-172|pg-cluster-173|pg-cluster-174|pg-cluster-175|pg-cluster-176|pg-cluster-177|pg-cluster-178|pg-cluster-179|pg-cluster-180|pg-cluster-181|pg-cluster-182|pg-cluster-183|pg-cluster-184|pg-cluster-185|pg-cluster-186|pg-cluster-187|pg-cluster-188|pg-cluster-189|pg-cluster-190|pg-cluster-191|pg-cluster-192|pg-cluster-193|pg-cluster-194|pg-cluster-195|pg-cluster-196|pg-cluster-197|pg-cluster-198|pg-cluster-199|pg-cluster-200,100,100,0,60,60,0,60,60,60,applications/backend/services/data_platform,/api/v1/data_platform,applications/frontend/customer-web/src/domains/data_platform,applications/frontend/admin-web/src/domains/data_platform,POLICY_PENDING,domain-data_platform,retail-data_platform,PLANNED
127,71,data_quality,data_quality-platform,10,svc-0701|svc-0702|svc-0703|svc-0704|svc-0705|svc-0706|svc-0707|svc-0708|svc-0709|svc-0710,data_quality-01|data_quality-02|data_quality-03|data_quality-04|data_quality-05|data_quality-06|data_quality-07|data_quality-08|data_quality-09|data_quality-10,1,team-071,10,data_quality_svc_01|data_quality_svc_02|data_quality_svc_03|data_quality_svc_04|data_quality_svc_05|data_quality_svc_06|data_quality_svc_07|data_quality_svc_08|data_quality_svc_09|data_quality_svc_10,100,pg-cluster-601|pg-cluster-602|pg-cluster-603|pg-cluster-604|pg-cluster-605|pg-cluster-606|pg-cluster-607|pg-cluster-608|pg-cluster-609|pg-cluster-610|pg-cluster-611|pg-cluster-612|pg-cluster-613|pg-cluster-614|pg-cluster-615|pg-cluster-616|pg-cluster-617|pg-cluster-618|pg-cluster-619|pg-cluster-620|pg-cluster-621|pg-cluster-622|pg-cluster-623|pg-cluster-624|pg-cluster-625|pg-cluster-626|pg-cluster-627|pg-cluster-628|pg-cluster-629|pg-cluster-630|pg-cluster-631|pg-cluster-632|pg-cluster-633|pg-cluster-634|pg-cluster-635|pg-cluster-636|pg-cluster-637|pg-cluster-638|pg-cluster-639|pg-cluster-640|pg-cluster-641|pg-cluster-642|pg-cluster-643|pg-cluster-644|pg-cluster-645|pg-cluster-646|pg-cluster-647|pg-cluster-648|pg-cluster-649|pg-cluster-650|pg-cluster-651|pg-cluster-652|pg-cluster-653|pg-cluster-654|pg-cluster-655|pg-cluster-656|pg-cluster-657|pg-cluster-658|pg-cluster-659|pg-cluster-660|pg-cluster-661|pg-cluster-662|pg-cluster-663|pg-cluster-664|pg-cluster-665|pg-cluster-666|pg-cluster-667|pg-cluster-668|pg-cluster-669|pg-cluster-670|pg-cluster-671|pg-cluster-672|pg-cluster-673|pg-cluster-674|pg-cluster-675|pg-cluster-676|pg-cluster-677|pg-cluster-678|pg-cluster-679|pg-cluster-680|pg-cluster-681|pg-cluster-682|pg-cluster-683|pg-cluster-684|pg-cluster-685|pg-cluster-686|pg-cluster-687|pg-cluster-688|pg-cluster-689|pg-cluster-690|pg-cluster-691|pg-cluster-692|pg-cluster-693|pg-cluster-694|pg-cluster-695|pg-cluster-696|pg-cluster-697|pg-cluster-698|pg-cluster-699|pg-cluster-700,100,100,0,60,40,0,60,60,60,applications/backend/services/data_quality,/api/v1/data_quality,applications/frontend/customer-web/src/domains/data_quality,applications/frontend/admin-web/src/domains/data_quality,POLICY_PENDING,domain-data_quality,retail-data_quality,PLANNED
127,20,delivery,delivery-platform,10,svc-0191|svc-0192|svc-0193|svc-0194|svc-0195|svc-0196|svc-0197|svc-0198|svc-0199|svc-0200,delivery-01|delivery-02|delivery-03|delivery-04|delivery-05|delivery-06|delivery-07|delivery-08|delivery-09|delivery-10,1,team-020,10,delivery_svc_01|delivery_svc_02|delivery_svc_03|delivery_svc_04|delivery_svc_05|delivery_svc_06|delivery_svc_07|delivery_svc_08|delivery_svc_09|delivery_svc_10,100,pg-cluster-301|pg-cluster-302|pg-cluster-303|pg-cluster-304|pg-cluster-305|pg-cluster-306|pg-cluster-307|pg-cluster-308|pg-cluster-309|pg-cluster-310|pg-cluster-311|pg-cluster-312|pg-cluster-313|pg-cluster-314|pg-cluster-315|pg-cluster-316|pg-cluster-317|pg-cluster-318|pg-cluster-319|pg-cluster-320|pg-cluster-321|pg-cluster-322|pg-cluster-323|pg-cluster-324|pg-cluster-325|pg-cluster-326|pg-cluster-327|pg-cluster-328|pg-cluster-329|pg-cluster-330|pg-cluster-331|pg-cluster-332|pg-cluster-333|pg-cluster-334|pg-cluster-335|pg-cluster-336|pg-cluster-337|pg-cluster-338|pg-cluster-339|pg-cluster-340|pg-cluster-341|pg-cluster-342|pg-cluster-343|pg-cluster-344|pg-cluster-345|pg-cluster-346|pg-cluster-347|pg-cluster-348|pg-cluster-349|pg-cluster-350|pg-cluster-351|pg-cluster-352|pg-cluster-353|pg-cluster-354|pg-cluster-355|pg-cluster-356|pg-cluster-357|pg-cluster-358|pg-cluster-359|pg-cluster-360|pg-cluster-361|pg-cluster-362|pg-cluster-363|pg-cluster-364|pg-cluster-365|pg-cluster-366|pg-cluster-367|pg-cluster-368|pg-cluster-369|pg-cluster-370|pg-cluster-371|pg-cluster-372|pg-cluster-373|pg-cluster-374|pg-cluster-375|pg-cluster-376|pg-cluster-377|pg-cluster-378|pg-cluster-379|pg-cluster-380|pg-cluster-381|pg-cluster-382|pg-cluster-383|pg-cluster-384|pg-cluster-385|pg-cluster-386|pg-cluster-387|pg-cluster-388|pg-cluster-389|pg-cluster-390|pg-cluster-391|pg-cluster-392|pg-cluster-393|pg-cluster-394|pg-cluster-395|pg-cluster-396|pg-cluster-397|pg-cluster-398|pg-cluster-399|pg-cluster-400,100,100,0,60,80,0,60,60,60,applications/backend/services/delivery,/api/v1/delivery,applications/frontend/customer-web/src/domains/delivery,applications/frontend/admin-web/src/domains/delivery,POLICY_PENDING,domain-delivery,retail-delivery,PLANNED
127,82,demand,demand-platform,10,svc-0811|svc-0812|svc-0813|svc-0814|svc-0815|svc-0816|svc-0817|svc-0818|svc-0819|svc-0820,demand-01|demand-02|demand-03|demand-04|demand-05|demand-06|demand-07|demand-08|demand-09|demand-10,1,team-082,10,demand_svc_01|demand_svc_02|demand_svc_03|demand_svc_04|demand_svc_05|demand_svc_06|demand_svc_07|demand_svc_08|demand_svc_09|demand_svc_10,100,pg-cluster-101|pg-cluster-102|pg-cluster-103|pg-cluster-104|pg-cluster-105|pg-cluster-106|pg-cluster-107|pg-cluster-108|pg-cluster-109|pg-cluster-110|pg-cluster-111|pg-cluster-112|pg-cluster-113|pg-cluster-114|pg-cluster-115|pg-cluster-116|pg-cluster-117|pg-cluster-118|pg-cluster-119|pg-cluster-120|pg-cluster-121|pg-cluster-122|pg-cluster-123|pg-cluster-124|pg-cluster-125|pg-cluster-126|pg-cluster-127|pg-cluster-128|pg-cluster-129|pg-cluster-130|pg-cluster-131|pg-cluster-132|pg-cluster-133|pg-cluster-134|pg-cluster-135|pg-cluster-136|pg-cluster-137|pg-cluster-138|pg-cluster-139|pg-cluster-140|pg-cluster-141|pg-cluster-142|pg-cluster-143|pg-cluster-144|pg-cluster-145|pg-cluster-146|pg-cluster-147|pg-cluster-148|pg-cluster-149|pg-cluster-150|pg-cluster-151|pg-cluster-152|pg-cluster-153|pg-cluster-154|pg-cluster-155|pg-cluster-156|pg-cluster-157|pg-cluster-158|pg-cluster-159|pg-cluster-160|pg-cluster-161|pg-cluster-162|pg-cluster-163|pg-cluster-164|pg-cluster-165|pg-cluster-166|pg-cluster-167|pg-cluster-168|pg-cluster-169|pg-cluster-170|pg-cluster-171|pg-cluster-172|pg-cluster-173|pg-cluster-174|pg-cluster-175|pg-cluster-176|pg-cluster-177|pg-cluster-178|pg-cluster-179|pg-cluster-180|pg-cluster-181|pg-cluster-182|pg-cluster-183|pg-cluster-184|pg-cluster-185|pg-cluster-186|pg-cluster-187|pg-cluster-188|pg-cluster-189|pg-cluster-190|pg-cluster-191|pg-cluster-192|pg-cluster-193|pg-cluster-194|pg-cluster-195|pg-cluster-196|pg-cluster-197|pg-cluster-198|pg-cluster-199|pg-cluster-200,100,100,0,60,20,0,60,60,60,applications/backend/services/demand,/api/v1/demand,applications/frontend/customer-web/src/domains/demand,applications/frontend/admin-web/src/domains/demand,POLICY_PENDING,domain-demand,retail-demand,PLANNED
127,90,digital_goods,digital_goods-platform,10,svc-0891|svc-0892|svc-0893|svc-0894|svc-0895|svc-0896|svc-0897|svc-0898|svc-0899|svc-0900,digital_goods-01|digital_goods-02|digital_goods-03|digital_goods-04|digital_goods-05|digital_goods-06|digital_goods-07|digital_goods-08|digital_goods-09|digital_goods-10,1,team-090,10,digital_goods_svc_01|digital_goods_svc_02|digital_goods_svc_03|digital_goods_svc_04|digital_goods_svc_05|digital_goods_svc_06|digital_goods_svc_07|digital_goods_svc_08|digital_goods_svc_09|digital_goods_svc_10,100,pg-cluster-101|pg-cluster-102|pg-cluster-103|pg-cluster-104|pg-cluster-105|pg-cluster-106|pg-cluster-107|pg-cluster-108|pg-cluster-109|pg-cluster-110|pg-cluster-111|pg-cluster-112|pg-cluster-113|pg-cluster-114|pg-cluster-115|pg-cluster-116|pg-cluster-117|pg-cluster-118|pg-cluster-119|pg-cluster-120|pg-cluster-121|pg-cluster-122|pg-cluster-123|pg-cluster-124|pg-cluster-125|pg-cluster-126|pg-cluster-127|pg-cluster-128|pg-cluster-129|pg-cluster-130|pg-cluster-131|pg-cluster-132|pg-cluster-133|pg-cluster-134|pg-cluster-135|pg-cluster-136|pg-cluster-137|pg-cluster-138|pg-cluster-139|pg-cluster-140|pg-cluster-141|pg-cluster-142|pg-cluster-143|pg-cluster-144|pg-cluster-145|pg-cluster-146|pg-cluster-147|pg-cluster-148|pg-cluster-149|pg-cluster-150|pg-cluster-151|pg-cluster-152|pg-cluster-153|pg-cluster-154|pg-cluster-155|pg-cluster-156|pg-cluster-157|pg-cluster-158|pg-cluster-159|pg-cluster-160|pg-cluster-161|pg-cluster-162|pg-cluster-163|pg-cluster-164|pg-cluster-165|pg-cluster-166|pg-cluster-167|pg-cluster-168|pg-cluster-169|pg-cluster-170|pg-cluster-171|pg-cluster-172|pg-cluster-173|pg-cluster-174|pg-cluster-175|pg-cluster-176|pg-cluster-177|pg-cluster-178|pg-cluster-179|pg-cluster-180|pg-cluster-181|pg-cluster-182|pg-cluster-183|pg-cluster-184|pg-cluster-185|pg-cluster-186|pg-cluster-187|pg-cluster-188|pg-cluster-189|pg-cluster-190|pg-cluster-191|pg-cluster-192|pg-cluster-193|pg-cluster-194|pg-cluster-195|pg-cluster-196|pg-cluster-197|pg-cluster-198|pg-cluster-199|pg-cluster-200,100,100,0,60,0,0,60,60,60,applications/backend/services/digital_goods,/api/v1/digital_goods,applications/frontend/customer-web/src/domains/digital_goods,applications/frontend/admin-web/src/domains/digital_goods,POLICY_PENDING,domain-digital_goods,retail-digital_goods,PLANNED
127,87,dropship,dropship-platform,10,svc-0861|svc-0862|svc-0863|svc-0864|svc-0865|svc-0866|svc-0867|svc-0868|svc-0869|svc-0870,dropship-01|dropship-02|dropship-03|dropship-04|dropship-05|dropship-06|dropship-07|dropship-08|dropship-09|dropship-10,1,team-087,10,dropship_svc_01|dropship_svc_02|dropship_svc_03|dropship_svc_04|dropship_svc_05|dropship_svc_06|dropship_svc_07|dropship_svc_08|dropship_svc_09|dropship_svc_10,100,pg-cluster-601|pg-cluster-602|pg-cluster-603|pg-cluster-604|pg-cluster-605|pg-cluster-606|pg-cluster-607|pg-cluster-608|pg-cluster-609|pg-cluster-610|pg-cluster-611|pg-cluster-612|pg-cluster-613|pg-cluster-614|pg-cluster-615|pg-cluster-616|pg-cluster-617|pg-cluster-618|pg-cluster-619|pg-cluster-620|pg-cluster-621|pg-cluster-622|pg-cluster-623|pg-cluster-624|pg-cluster-625|pg-cluster-626|pg-cluster-627|pg-cluster-628|pg-cluster-629|pg-cluster-630|pg-cluster-631|pg-cluster-632|pg-cluster-633|pg-cluster-634|pg-cluster-635|pg-cluster-636|pg-cluster-637|pg-cluster-638|pg-cluster-639|pg-cluster-640|pg-cluster-641|pg-cluster-642|pg-cluster-643|pg-cluster-644|pg-cluster-645|pg-cluster-646|pg-cluster-647|pg-cluster-648|pg-cluster-649|pg-cluster-650|pg-cluster-651|pg-cluster-652|pg-cluster-653|pg-cluster-654|pg-cluster-655|pg-cluster-656|pg-cluster-657|pg-cluster-658|pg-cluster-659|pg-cluster-660|pg-cluster-661|pg-cluster-662|pg-cluster-663|pg-cluster-664|pg-cluster-665|pg-cluster-666|pg-cluster-667|pg-cluster-668|pg-cluster-669|pg-cluster-670|pg-cluster-671|pg-cluster-672|pg-cluster-673|pg-cluster-674|pg-cluster-675|pg-cluster-676|pg-cluster-677|pg-cluster-678|pg-cluster-679|pg-cluster-680|pg-cluster-681|pg-cluster-682|pg-cluster-683|pg-cluster-684|pg-cluster-685|pg-cluster-686|pg-cluster-687|pg-cluster-688|pg-cluster-689|pg-cluster-690|pg-cluster-691|pg-cluster-692|pg-cluster-693|pg-cluster-694|pg-cluster-695|pg-cluster-696|pg-cluster-697|pg-cluster-698|pg-cluster-699|pg-cluster-700,100,100,0,60,0,0,60,60,60,applications/backend/services/dropship,/api/v1/dropship,applications/frontend/customer-web/src/domains/dropship,applications/frontend/admin-web/src/domains/dropship,POLICY_PENDING,domain-dropship,retail-dropship,PLANNED
127,95,email,email-platform,10,svc-0941|svc-0942|svc-0943|svc-0944|svc-0945|svc-0946|svc-0947|svc-0948|svc-0949|svc-0950,email-01|email-02|email-03|email-04|email-05|email-06|email-07|email-08|email-09|email-10,1,team-095,10,email_svc_01|email_svc_02|email_svc_03|email_svc_04|email_svc_05|email_svc_06|email_svc_07|email_svc_08|email_svc_09|email_svc_10,100,pg-cluster-601|pg-cluster-602|pg-cluster-603|pg-cluster-604|pg-cluster-605|pg-cluster-606|pg-cluster-607|pg-cluster-608|pg-cluster-609|pg-cluster-610|pg-cluster-611|pg-cluster-612|pg-cluster-613|pg-cluster-614|pg-cluster-615|pg-cluster-616|pg-cluster-617|pg-cluster-618|pg-cluster-619|pg-cluster-620|pg-cluster-621|pg-cluster-622|pg-cluster-623|pg-cluster-624|pg-cluster-625|pg-cluster-626|pg-cluster-627|pg-cluster-628|pg-cluster-629|pg-cluster-630|pg-cluster-631|pg-cluster-632|pg-cluster-633|pg-cluster-634|pg-cluster-635|pg-cluster-636|pg-cluster-637|pg-cluster-638|pg-cluster-639|pg-cluster-640|pg-cluster-641|pg-cluster-642|pg-cluster-643|pg-cluster-644|pg-cluster-645|pg-cluster-646|pg-cluster-647|pg-cluster-648|pg-cluster-649|pg-cluster-650|pg-cluster-651|pg-cluster-652|pg-cluster-653|pg-cluster-654|pg-cluster-655|pg-cluster-656|pg-cluster-657|pg-cluster-658|pg-cluster-659|pg-cluster-660|pg-cluster-661|pg-cluster-662|pg-cluster-663|pg-cluster-664|pg-cluster-665|pg-cluster-666|pg-cluster-667|pg-cluster-668|pg-cluster-669|pg-cluster-670|pg-cluster-671|pg-cluster-672|pg-cluster-673|pg-cluster-674|pg-cluster-675|pg-cluster-676|pg-cluster-677|pg-cluster-678|pg-cluster-679|pg-cluster-680|pg-cluster-681|pg-cluster-682|pg-cluster-683|pg-cluster-684|pg-cluster-685|pg-cluster-686|pg-cluster-687|pg-cluster-688|pg-cluster-689|pg-cluster-690|pg-cluster-691|pg-cluster-692|pg-cluster-693|pg-cluster-694|pg-cluster-695|pg-cluster-696|pg-cluster-697|pg-cluster-698|pg-cluster-699|pg-cluster-700,100,100,0,60,0,0,60,60,60,applications/backend/services/email,/api/v1/email,applications/frontend/customer-web/src/domains/email,applications/frontend/admin-web/src/domains/email,POLICY_PENDING,domain-email,retail-email,PLANNED
127,30,engagement,engagement-platform,10,svc-0291|svc-0292|svc-0293|svc-0294|svc-0295|svc-0296|svc-0297|svc-0298|svc-0299|svc-0300,engagement-01|engagement-02|engagement-03|engagement-04|engagement-05|engagement-06|engagement-07|engagement-08|engagement-09|engagement-10,1,team-030,10,engagement_svc_01|engagement_svc_02|engagement_svc_03|engagement_svc_04|engagement_svc_05|engagement_svc_06|engagement_svc_07|engagement_svc_08|engagement_svc_09|engagement_svc_10,100,pg-cluster-501|pg-cluster-502|pg-cluster-503|pg-cluster-504|pg-cluster-505|pg-cluster-506|pg-cluster-507|pg-cluster-508|pg-cluster-509|pg-cluster-510|pg-cluster-511|pg-cluster-512|pg-cluster-513|pg-cluster-514|pg-cluster-515|pg-cluster-516|pg-cluster-517|pg-cluster-518|pg-cluster-519|pg-cluster-520|pg-cluster-521|pg-cluster-522|pg-cluster-523|pg-cluster-524|pg-cluster-525|pg-cluster-526|pg-cluster-527|pg-cluster-528|pg-cluster-529|pg-cluster-530|pg-cluster-531|pg-cluster-532|pg-cluster-533|pg-cluster-534|pg-cluster-535|pg-cluster-536|pg-cluster-537|pg-cluster-538|pg-cluster-539|pg-cluster-540|pg-cluster-541|pg-cluster-542|pg-cluster-543|pg-cluster-544|pg-cluster-545|pg-cluster-546|pg-cluster-547|pg-cluster-548|pg-cluster-549|pg-cluster-550|pg-cluster-551|pg-cluster-552|pg-cluster-553|pg-cluster-554|pg-cluster-555|pg-cluster-556|pg-cluster-557|pg-cluster-558|pg-cluster-559|pg-cluster-560|pg-cluster-561|pg-cluster-562|pg-cluster-563|pg-cluster-564|pg-cluster-565|pg-cluster-566|pg-cluster-567|pg-cluster-568|pg-cluster-569|pg-cluster-570|pg-cluster-571|pg-cluster-572|pg-cluster-573|pg-cluster-574|pg-cluster-575|pg-cluster-576|pg-cluster-577|pg-cluster-578|pg-cluster-579|pg-cluster-580|pg-cluster-581|pg-cluster-582|pg-cluster-583|pg-cluster-584|pg-cluster-585|pg-cluster-586|pg-cluster-587|pg-cluster-588|pg-cluster-589|pg-cluster-590|pg-cluster-591|pg-cluster-592|pg-cluster-593|pg-cluster-594|pg-cluster-595|pg-cluster-596|pg-cluster-597|pg-cluster-598|pg-cluster-599|pg-cluster-600,100,100,0,60,40,0,60,60,60,applications/backend/services/engagement,/api/v1/engagement,applications/frontend/customer-web/src/domains/engagement,applications/frontend/admin-web/src/domains/engagement,POLICY_PENDING,domain-engagement,retail-engagement,PLANNED
127,70,etl,etl-platform,10,svc-0691|svc-0692|svc-0693|svc-0694|svc-0695|svc-0696|svc-0697|svc-0698|svc-0699|svc-0700,etl-01|etl-02|etl-03|etl-04|etl-05|etl-06|etl-07|etl-08|etl-09|etl-10,1,team-070,10,etl_svc_01|etl_svc_02|etl_svc_03|etl_svc_04|etl_svc_05|etl_svc_06|etl_svc_07|etl_svc_08|etl_svc_09|etl_svc_10,100,pg-cluster-501|pg-cluster-502|pg-cluster-503|pg-cluster-504|pg-cluster-505|pg-cluster-506|pg-cluster-507|pg-cluster-508|pg-cluster-509|pg-cluster-510|pg-cluster-511|pg-cluster-512|pg-cluster-513|pg-cluster-514|pg-cluster-515|pg-cluster-516|pg-cluster-517|pg-cluster-518|pg-cluster-519|pg-cluster-520|pg-cluster-521|pg-cluster-522|pg-cluster-523|pg-cluster-524|pg-cluster-525|pg-cluster-526|pg-cluster-527|pg-cluster-528|pg-cluster-529|pg-cluster-530|pg-cluster-531|pg-cluster-532|pg-cluster-533|pg-cluster-534|pg-cluster-535|pg-cluster-536|pg-cluster-537|pg-cluster-538|pg-cluster-539|pg-cluster-540|pg-cluster-541|pg-cluster-542|pg-cluster-543|pg-cluster-544|pg-cluster-545|pg-cluster-546|pg-cluster-547|pg-cluster-548|pg-cluster-549|pg-cluster-550|pg-cluster-551|pg-cluster-552|pg-cluster-553|pg-cluster-554|pg-cluster-555|pg-cluster-556|pg-cluster-557|pg-cluster-558|pg-cluster-559|pg-cluster-560|pg-cluster-561|pg-cluster-562|pg-cluster-563|pg-cluster-564|pg-cluster-565|pg-cluster-566|pg-cluster-567|pg-cluster-568|pg-cluster-569|pg-cluster-570|pg-cluster-571|pg-cluster-572|pg-cluster-573|pg-cluster-574|pg-cluster-575|pg-cluster-576|pg-cluster-577|pg-cluster-578|pg-cluster-579|pg-cluster-580|pg-cluster-581|pg-cluster-582|pg-cluster-583|pg-cluster-584|pg-cluster-585|pg-cluster-586|pg-cluster-587|pg-cluster-588|pg-cluster-589|pg-cluster-590|pg-cluster-591|pg-cluster-592|pg-cluster-593|pg-cluster-594|pg-cluster-595|pg-cluster-596|pg-cluster-597|pg-cluster-598|pg-cluster-599|pg-cluster-600,100,100,0,60,40,0,60,60,60,applications/backend/services/etl,/api/v1/etl,applications/frontend/customer-web/src/domains/etl,applications/frontend/admin-web/src/domains/etl,POLICY_PENDING,domain-etl,retail-etl,PLANNED
127,23,exchange,exchange-platform,10,svc-0221|svc-0222|svc-0223|svc-0224|svc-0225|svc-0226|svc-0227|svc-0228|svc-0229|svc-0230,exchange-01|exchange-02|exchange-03|exchange-04|exchange-05|exchange-06|exchange-07|exchange-08|exchange-09|exchange-10,1,team-023,10,exchange_svc_01|exchange_svc_02|exchange_svc_03|exchange_svc_04|exchange_svc_05|exchange_svc_06|exchange_svc_07|exchange_svc_08|exchange_svc_09|exchange_svc_10,100,pg-cluster-601|pg-cluster-602|pg-cluster-603|pg-cluster-604|pg-cluster-605|pg-cluster-606|pg-cluster-607|pg-cluster-608|pg-cluster-609|pg-cluster-610|pg-cluster-611|pg-cluster-612|pg-cluster-613|pg-cluster-614|pg-cluster-615|pg-cluster-616|pg-cluster-617|pg-cluster-618|pg-cluster-619|pg-cluster-620|pg-cluster-621|pg-cluster-622|pg-cluster-623|pg-cluster-624|pg-cluster-625|pg-cluster-626|pg-cluster-627|pg-cluster-628|pg-cluster-629|pg-cluster-630|pg-cluster-631|pg-cluster-632|pg-cluster-633|pg-cluster-634|pg-cluster-635|pg-cluster-636|pg-cluster-637|pg-cluster-638|pg-cluster-639|pg-cluster-640|pg-cluster-641|pg-cluster-642|pg-cluster-643|pg-cluster-644|pg-cluster-645|pg-cluster-646|pg-cluster-647|pg-cluster-648|pg-cluster-649|pg-cluster-650|pg-cluster-651|pg-cluster-652|pg-cluster-653|pg-cluster-654|pg-cluster-655|pg-cluster-656|pg-cluster-657|pg-cluster-658|pg-cluster-659|pg-cluster-660|pg-cluster-661|pg-cluster-662|pg-cluster-663|pg-cluster-664|pg-cluster-665|pg-cluster-666|pg-cluster-667|pg-cluster-668|pg-cluster-669|pg-cluster-670|pg-cluster-671|pg-cluster-672|pg-cluster-673|pg-cluster-674|pg-cluster-675|pg-cluster-676|pg-cluster-677|pg-cluster-678|pg-cluster-679|pg-cluster-680|pg-cluster-681|pg-cluster-682|pg-cluster-683|pg-cluster-684|pg-cluster-685|pg-cluster-686|pg-cluster-687|pg-cluster-688|pg-cluster-689|pg-cluster-690|pg-cluster-691|pg-cluster-692|pg-cluster-693|pg-cluster-694|pg-cluster-695|pg-cluster-696|pg-cluster-697|pg-cluster-698|pg-cluster-699|pg-cluster-700,100,100,0,60,0,0,60,60,60,applications/backend/services/exchange,/api/v1/exchange,applications/frontend/customer-web/src/domains/exchange,applications/frontend/admin-web/src/domains/exchange,POLICY_PENDING,domain-exchange,retail-exchange,PLANNED
127,76,experimentation,experimentation-platform,10,svc-0751|svc-0752|svc-0753|svc-0754|svc-0755|svc-0756|svc-0757|svc-0758|svc-0759|svc-0760,experimentation-01|experimentation-02|experimentation-03|experimentation-04|experimentation-05|experimentation-06|experimentation-07|experimentation-08|experimentation-09|experimentation-10,1,team-076,10,experimentation_svc_01|experimentation_svc_02|experimentation_svc_03|experimentation_svc_04|experimentation_svc_05|experimentation_svc_06|experimentation_svc_07|experimentation_svc_08|experimentation_svc_09|experimentation_svc_10,100,pg-cluster-301|pg-cluster-302|pg-cluster-303|pg-cluster-304|pg-cluster-305|pg-cluster-306|pg-cluster-307|pg-cluster-308|pg-cluster-309|pg-cluster-310|pg-cluster-311|pg-cluster-312|pg-cluster-313|pg-cluster-314|pg-cluster-315|pg-cluster-316|pg-cluster-317|pg-cluster-318|pg-cluster-319|pg-cluster-320|pg-cluster-321|pg-cluster-322|pg-cluster-323|pg-cluster-324|pg-cluster-325|pg-cluster-326|pg-cluster-327|pg-cluster-328|pg-cluster-329|pg-cluster-330|pg-cluster-331|pg-cluster-332|pg-cluster-333|pg-cluster-334|pg-cluster-335|pg-cluster-336|pg-cluster-337|pg-cluster-338|pg-cluster-339|pg-cluster-340|pg-cluster-341|pg-cluster-342|pg-cluster-343|pg-cluster-344|pg-cluster-345|pg-cluster-346|pg-cluster-347|pg-cluster-348|pg-cluster-349|pg-cluster-350|pg-cluster-351|pg-cluster-352|pg-cluster-353|pg-cluster-354|pg-cluster-355|pg-cluster-356|pg-cluster-357|pg-cluster-358|pg-cluster-359|pg-cluster-360|pg-cluster-361|pg-cluster-362|pg-cluster-363|pg-cluster-364|pg-cluster-365|pg-cluster-366|pg-cluster-367|pg-cluster-368|pg-cluster-369|pg-cluster-370|pg-cluster-371|pg-cluster-372|pg-cluster-373|pg-cluster-374|pg-cluster-375|pg-cluster-376|pg-cluster-377|pg-cluster-378|pg-cluster-379|pg-cluster-380|pg-cluster-381|pg-cluster-382|pg-cluster-383|pg-cluster-384|pg-cluster-385|pg-cluster-386|pg-cluster-387|pg-cluster-388|pg-cluster-389|pg-cluster-390|pg-cluster-391|pg-cluster-392|pg-cluster-393|pg-cluster-394|pg-cluster-395|pg-cluster-396|pg-cluster-397|pg-cluster-398|pg-cluster-399|pg-cluster-400,100,100,0,60,0,0,60,60,60,applications/backend/services/experimentation,/api/v1/experimentation,applications/frontend/customer-web/src/domains/experimentation,applications/frontend/admin-web/src/domains/experimentation,POLICY_PENDING,domain-experimentation,retail-experimentation,PLANNED
127,77,feature_store,feature_store-platform,10,svc-0761|svc-0762|svc-0763|svc-0764|svc-0765|svc-0766|svc-0767|svc-0768|svc-0769|svc-0770,feature_store-01|feature_store-02|feature_store-03|feature_store-04|feature_store-05|feature_store-06|feature_store-07|feature_store-08|feature_store-09|feature_store-10,1,team-077,10,feature_store_svc_01|feature_store_svc_02|feature_store_svc_03|feature_store_svc_04|feature_store_svc_05|feature_store_svc_06|feature_store_svc_07|feature_store_svc_08|feature_store_svc_09|feature_store_svc_10,100,pg-cluster-401|pg-cluster-402|pg-cluster-403|pg-cluster-404|pg-cluster-405|pg-cluster-406|pg-cluster-407|pg-cluster-408|pg-cluster-409|pg-cluster-410|pg-cluster-411|pg-cluster-412|pg-cluster-413|pg-cluster-414|pg-cluster-415|pg-cluster-416|pg-cluster-417|pg-cluster-418|pg-cluster-419|pg-cluster-420|pg-cluster-421|pg-cluster-422|pg-cluster-423|pg-cluster-424|pg-cluster-425|pg-cluster-426|pg-cluster-427|pg-cluster-428|pg-cluster-429|pg-cluster-430|pg-cluster-431|pg-cluster-432|pg-cluster-433|pg-cluster-434|pg-cluster-435|pg-cluster-436|pg-cluster-437|pg-cluster-438|pg-cluster-439|pg-cluster-440|pg-cluster-441|pg-cluster-442|pg-cluster-443|pg-cluster-444|pg-cluster-445|pg-cluster-446|pg-cluster-447|pg-cluster-448|pg-cluster-449|pg-cluster-450|pg-cluster-451|pg-cluster-452|pg-cluster-453|pg-cluster-454|pg-cluster-455|pg-cluster-456|pg-cluster-457|pg-cluster-458|pg-cluster-459|pg-cluster-460|pg-cluster-461|pg-cluster-462|pg-cluster-463|pg-cluster-464|pg-cluster-465|pg-cluster-466|pg-cluster-467|pg-cluster-468|pg-cluster-469|pg-cluster-470|pg-cluster-471|pg-cluster-472|pg-cluster-473|pg-cluster-474|pg-cluster-475|pg-cluster-476|pg-cluster-477|pg-cluster-478|pg-cluster-479|pg-cluster-480|pg-cluster-481|pg-cluster-482|pg-cluster-483|pg-cluster-484|pg-cluster-485|pg-cluster-486|pg-cluster-487|pg-cluster-488|pg-cluster-489|pg-cluster-490|pg-cluster-491|pg-cluster-492|pg-cluster-493|pg-cluster-494|pg-cluster-495|pg-cluster-496|pg-cluster-497|pg-cluster-498|pg-cluster-499|pg-cluster-500,100,100,0,60,20,0,60,60,60,applications/backend/services/feature_store,/api/v1/feature_store,applications/frontend/customer-web/src/domains/feature_store,applications/frontend/admin-web/src/domains/feature_store,POLICY_PENDING,domain-feature_store,retail-feature_store,PLANNED
127,38,finance,finance-platform,10,svc-0371|svc-0372|svc-0373|svc-0374|svc-0375|svc-0376|svc-0377|svc-0378|svc-0379|svc-0380,finance-01|finance-02|finance-03|finance-04|finance-05|finance-06|finance-07|finance-08|finance-09|finance-10,1,team-038,10,finance_svc_01|finance_svc_02|finance_svc_03|finance_svc_04|finance_svc_05|finance_svc_06|finance_svc_07|finance_svc_08|finance_svc_09|finance_svc_10,100,pg-cluster-501|pg-cluster-502|pg-cluster-503|pg-cluster-504|pg-cluster-505|pg-cluster-506|pg-cluster-507|pg-cluster-508|pg-cluster-509|pg-cluster-510|pg-cluster-511|pg-cluster-512|pg-cluster-513|pg-cluster-514|pg-cluster-515|pg-cluster-516|pg-cluster-517|pg-cluster-518|pg-cluster-519|pg-cluster-520|pg-cluster-521|pg-cluster-522|pg-cluster-523|pg-cluster-524|pg-cluster-525|pg-cluster-526|pg-cluster-527|pg-cluster-528|pg-cluster-529|pg-cluster-530|pg-cluster-531|pg-cluster-532|pg-cluster-533|pg-cluster-534|pg-cluster-535|pg-cluster-536|pg-cluster-537|pg-cluster-538|pg-cluster-539|pg-cluster-540|pg-cluster-541|pg-cluster-542|pg-cluster-543|pg-cluster-544|pg-cluster-545|pg-cluster-546|pg-cluster-547|pg-cluster-548|pg-cluster-549|pg-cluster-550|pg-cluster-551|pg-cluster-552|pg-cluster-553|pg-cluster-554|pg-cluster-555|pg-cluster-556|pg-cluster-557|pg-cluster-558|pg-cluster-559|pg-cluster-560|pg-cluster-561|pg-cluster-562|pg-cluster-563|pg-cluster-564|pg-cluster-565|pg-cluster-566|pg-cluster-567|pg-cluster-568|pg-cluster-569|pg-cluster-570|pg-cluster-571|pg-cluster-572|pg-cluster-573|pg-cluster-574|pg-cluster-575|pg-cluster-576|pg-cluster-577|pg-cluster-578|pg-cluster-579|pg-cluster-580|pg-cluster-581|pg-cluster-582|pg-cluster-583|pg-cluster-584|pg-cluster-585|pg-cluster-586|pg-cluster-587|pg-cluster-588|pg-cluster-589|pg-cluster-590|pg-cluster-591|pg-cluster-592|pg-cluster-593|pg-cluster-594|pg-cluster-595|pg-cluster-596|pg-cluster-597|pg-cluster-598|pg-cluster-599|pg-cluster-600,100,100,0,60,120,1,59,59,59,applications/backend/services/finance,/api/v1/finance,applications/frontend/customer-web/src/domains/finance,applications/frontend/admin-web/src/domains/finance,POLICY_PENDING,domain-finance,retail-finance,PLANNED
127,80,forecasting,forecasting-platform,10,svc-0791|svc-0792|svc-0793|svc-0794|svc-0795|svc-0796|svc-0797|svc-0798|svc-0799|svc-0800,forecasting-01|forecasting-02|forecasting-03|forecasting-04|forecasting-05|forecasting-06|forecasting-07|forecasting-08|forecasting-09|forecasting-10,1,team-080,10,forecasting_svc_01|forecasting_svc_02|forecasting_svc_03|forecasting_svc_04|forecasting_svc_05|forecasting_svc_06|forecasting_svc_07|forecasting_svc_08|forecasting_svc_09|forecasting_svc_10,100,pg-cluster-701|pg-cluster-702|pg-cluster-703|pg-cluster-704|pg-cluster-705|pg-cluster-706|pg-cluster-707|pg-cluster-708|pg-cluster-709|pg-cluster-710|pg-cluster-711|pg-cluster-712|pg-cluster-713|pg-cluster-714|pg-cluster-715|pg-cluster-716|pg-cluster-717|pg-cluster-718|pg-cluster-719|pg-cluster-720|pg-cluster-721|pg-cluster-722|pg-cluster-723|pg-cluster-724|pg-cluster-725|pg-cluster-726|pg-cluster-727|pg-cluster-728|pg-cluster-729|pg-cluster-730|pg-cluster-731|pg-cluster-732|pg-cluster-733|pg-cluster-734|pg-cluster-735|pg-cluster-736|pg-cluster-737|pg-cluster-738|pg-cluster-739|pg-cluster-740|pg-cluster-741|pg-cluster-742|pg-cluster-743|pg-cluster-744|pg-cluster-745|pg-cluster-746|pg-cluster-747|pg-cluster-748|pg-cluster-749|pg-cluster-750|pg-cluster-751|pg-cluster-752|pg-cluster-753|pg-cluster-754|pg-cluster-755|pg-cluster-756|pg-cluster-757|pg-cluster-758|pg-cluster-759|pg-cluster-760|pg-cluster-761|pg-cluster-762|pg-cluster-763|pg-cluster-764|pg-cluster-765|pg-cluster-766|pg-cluster-767|pg-cluster-768|pg-cluster-769|pg-cluster-770|pg-cluster-771|pg-cluster-772|pg-cluster-773|pg-cluster-774|pg-cluster-775|pg-cluster-776|pg-cluster-777|pg-cluster-778|pg-cluster-779|pg-cluster-780|pg-cluster-781|pg-cluster-782|pg-cluster-783|pg-cluster-784|pg-cluster-785|pg-cluster-786|pg-cluster-787|pg-cluster-788|pg-cluster-789|pg-cluster-790|pg-cluster-791|pg-cluster-792|pg-cluster-793|pg-cluster-794|pg-cluster-795|pg-cluster-796|pg-cluster-797|pg-cluster-798|pg-cluster-799|pg-cluster-800,100,100,0,60,40,0,60,60,60,applications/backend/services/forecasting,/api/v1/forecasting,applications/frontend/customer-web/src/domains/forecasting,applications/frontend/admin-web/src/domains/forecasting,POLICY_PENDING,domain-forecasting,retail-forecasting,PLANNED
127,16,fraud,fraud-platform,10,svc-0151|svc-0152|svc-0153|svc-0154|svc-0155|svc-0156|svc-0157|svc-0158|svc-0159|svc-0160,fraud-01|fraud-02|fraud-03|fraud-04|fraud-05|fraud-06|fraud-07|fraud-08|fraud-09|fraud-10,1,team-016,10,fraud_svc_01|fraud_svc_02|fraud_svc_03|fraud_svc_04|fraud_svc_05|fraud_svc_06|fraud_svc_07|fraud_svc_08|fraud_svc_09|fraud_svc_10,100,pg-cluster-701|pg-cluster-702|pg-cluster-703|pg-cluster-704|pg-cluster-705|pg-cluster-706|pg-cluster-707|pg-cluster-708|pg-cluster-709|pg-cluster-710|pg-cluster-711|pg-cluster-712|pg-cluster-713|pg-cluster-714|pg-cluster-715|pg-cluster-716|pg-cluster-717|pg-cluster-718|pg-cluster-719|pg-cluster-720|pg-cluster-721|pg-cluster-722|pg-cluster-723|pg-cluster-724|pg-cluster-725|pg-cluster-726|pg-cluster-727|pg-cluster-728|pg-cluster-729|pg-cluster-730|pg-cluster-731|pg-cluster-732|pg-cluster-733|pg-cluster-734|pg-cluster-735|pg-cluster-736|pg-cluster-737|pg-cluster-738|pg-cluster-739|pg-cluster-740|pg-cluster-741|pg-cluster-742|pg-cluster-743|pg-cluster-744|pg-cluster-745|pg-cluster-746|pg-cluster-747|pg-cluster-748|pg-cluster-749|pg-cluster-750|pg-cluster-751|pg-cluster-752|pg-cluster-753|pg-cluster-754|pg-cluster-755|pg-cluster-756|pg-cluster-757|pg-cluster-758|pg-cluster-759|pg-cluster-760|pg-cluster-761|pg-cluster-762|pg-cluster-763|pg-cluster-764|pg-cluster-765|pg-cluster-766|pg-cluster-767|pg-cluster-768|pg-cluster-769|pg-cluster-770|pg-cluster-771|pg-cluster-772|pg-cluster-773|pg-cluster-774|pg-cluster-775|pg-cluster-776|pg-cluster-777|pg-cluster-778|pg-cluster-779|pg-cluster-780|pg-cluster-781|pg-cluster-782|pg-cluster-783|pg-cluster-784|pg-cluster-785|pg-cluster-786|pg-cluster-787|pg-cluster-788|pg-cluster-789|pg-cluster-790|pg-cluster-791|pg-cluster-792|pg-cluster-793|pg-cluster-794|pg-cluster-795|pg-cluster-796|pg-cluster-797|pg-cluster-798|pg-cluster-799|pg-cluster-800,100,100,0,60,40,0,60,60,60,applications/backend/services/fraud,/api/v1/fraud,applications/frontend/customer-web/src/domains/fraud,applications/frontend/admin-web/src/domains/fraud,POLICY_PENDING,domain-fraud,retail-fraud,PLANNED
127,19,fulfillment,fulfillment-platform,10,svc-0181|svc-0182|svc-0183|svc-0184|svc-0185|svc-0186|svc-0187|svc-0188|svc-0189|svc-0190,fulfillment-01|fulfillment-02|fulfillment-03|fulfillment-04|fulfillment-05|fulfillment-06|fulfillment-07|fulfillment-08|fulfillment-09|fulfillment-10,1,team-019,10,fulfillment_svc_01|fulfillment_svc_02|fulfillment_svc_03|fulfillment_svc_04|fulfillment_svc_05|fulfillment_svc_06|fulfillment_svc_07|fulfillment_svc_08|fulfillment_svc_09|fulfillment_svc_10,100,pg-cluster-201|pg-cluster-202|pg-cluster-203|pg-cluster-204|pg-cluster-205|pg-cluster-206|pg-cluster-207|pg-cluster-208|pg-cluster-209|pg-cluster-210|pg-cluster-211|pg-cluster-212|pg-cluster-213|pg-cluster-214|pg-cluster-215|pg-cluster-216|pg-cluster-217|pg-cluster-218|pg-cluster-219|pg-cluster-220|pg-cluster-221|pg-cluster-222|pg-cluster-223|pg-cluster-224|pg-cluster-225|pg-cluster-226|pg-cluster-227|pg-cluster-228|pg-cluster-229|pg-cluster-230|pg-cluster-231|pg-cluster-232|pg-cluster-233|pg-cluster-234|pg-cluster-235|pg-cluster-236|pg-cluster-237|pg-cluster-238|pg-cluster-239|pg-cluster-240|pg-cluster-241|pg-cluster-242|pg-cluster-243|pg-cluster-244|pg-cluster-245|pg-cluster-246|pg-cluster-247|pg-cluster-248|pg-cluster-249|pg-cluster-250|pg-cluster-251|pg-cluster-252|pg-cluster-253|pg-cluster-254|pg-cluster-255|pg-cluster-256|pg-cluster-257|pg-cluster-258|pg-cluster-259|pg-cluster-260|pg-cluster-261|pg-cluster-262|pg-cluster-263|pg-cluster-264|pg-cluster-265|pg-cluster-266|pg-cluster-267|pg-cluster-268|pg-cluster-269|pg-cluster-270|pg-cluster-271|pg-cluster-272|pg-cluster-273|pg-cluster-274|pg-cluster-275|pg-cluster-276|pg-cluster-277|pg-cluster-278|pg-cluster-279|pg-cluster-280|pg-cluster-281|pg-cluster-282|pg-cluster-283|pg-cluster-284|pg-cluster-285|pg-cluster-286|pg-cluster-287|pg-cluster-288|pg-cluster-289|pg-cluster-290|pg-cluster-291|pg-cluster-292|pg-cluster-293|pg-cluster-294|pg-cluster-295|pg-cluster-296|pg-cluster-297|pg-cluster-298|pg-cluster-299|pg-cluster-300,100,100,0,60,40,0,60,60,60,applications/backend/services/fulfillment,/api/v1/fulfillment,applications/frontend/customer-web/src/domains/fulfillment,applications/frontend/admin-web/src/domains/fulfillment,POLICY_PENDING,domain-fulfillment,retail-fulfillment,PLANNED
127,53,geo,geo-platform,10,svc-0521|svc-0522|svc-0523|svc-0524|svc-0525|svc-0526|svc-0527|svc-0528|svc-0529|svc-0530,geo-01|geo-02|geo-03|geo-04|geo-05|geo-06|geo-07|geo-08|geo-09|geo-10,1,team-053,10,geo_svc_01|geo_svc_02|geo_svc_03|geo_svc_04|geo_svc_05|geo_svc_06|geo_svc_07|geo_svc_08|geo_svc_09|geo_svc_10,100,pg-cluster-401|pg-cluster-402|pg-cluster-403|pg-cluster-404|pg-cluster-405|pg-cluster-406|pg-cluster-407|pg-cluster-408|pg-cluster-409|pg-cluster-410|pg-cluster-411|pg-cluster-412|pg-cluster-413|pg-cluster-414|pg-cluster-415|pg-cluster-416|pg-cluster-417|pg-cluster-418|pg-cluster-419|pg-cluster-420|pg-cluster-421|pg-cluster-422|pg-cluster-423|pg-cluster-424|pg-cluster-425|pg-cluster-426|pg-cluster-427|pg-cluster-428|pg-cluster-429|pg-cluster-430|pg-cluster-431|pg-cluster-432|pg-cluster-433|pg-cluster-434|pg-cluster-435|pg-cluster-436|pg-cluster-437|pg-cluster-438|pg-cluster-439|pg-cluster-440|pg-cluster-441|pg-cluster-442|pg-cluster-443|pg-cluster-444|pg-cluster-445|pg-cluster-446|pg-cluster-447|pg-cluster-448|pg-cluster-449|pg-cluster-450|pg-cluster-451|pg-cluster-452|pg-cluster-453|pg-cluster-454|pg-cluster-455|pg-cluster-456|pg-cluster-457|pg-cluster-458|pg-cluster-459|pg-cluster-460|pg-cluster-461|pg-cluster-462|pg-cluster-463|pg-cluster-464|pg-cluster-465|pg-cluster-466|pg-cluster-467|pg-cluster-468|pg-cluster-469|pg-cluster-470|pg-cluster-471|pg-cluster-472|pg-cluster-473|pg-cluster-474|pg-cluster-475|pg-cluster-476|pg-cluster-477|pg-cluster-478|pg-cluster-479|pg-cluster-480|pg-cluster-481|pg-cluster-482|pg-cluster-483|pg-cluster-484|pg-cluster-485|pg-cluster-486|pg-cluster-487|pg-cluster-488|pg-cluster-489|pg-cluster-490|pg-cluster-491|pg-cluster-492|pg-cluster-493|pg-cluster-494|pg-cluster-495|pg-cluster-496|pg-cluster-497|pg-cluster-498|pg-cluster-499|pg-cluster-500,100,100,0,60,140,0,60,60,60,applications/backend/services/geo,/api/v1/geo,applications/frontend/customer-web/src/domains/geo,applications/frontend/admin-web/src/domains/geo,POLICY_PENDING,domain-geo,retail-geo,PLANNED
127,25,gift_card,gift_card-platform,10,svc-0241|svc-0242|svc-0243|svc-0244|svc-0245|svc-0246|svc-0247|svc-0248|svc-0249|svc-0250,gift_card-01|gift_card-02|gift_card-03|gift_card-04|gift_card-05|gift_card-06|gift_card-07|gift_card-08|gift_card-09|gift_card-10,1,team-025,10,gift_card_svc_01|gift_card_svc_02|gift_card_svc_03|gift_card_svc_04|gift_card_svc_05|gift_card_svc_06|gift_card_svc_07|gift_card_svc_08|gift_card_svc_09|gift_card_svc_10,100,pg-cluster-001|pg-cluster-002|pg-cluster-003|pg-cluster-004|pg-cluster-005|pg-cluster-006|pg-cluster-007|pg-cluster-008|pg-cluster-009|pg-cluster-010|pg-cluster-011|pg-cluster-012|pg-cluster-013|pg-cluster-014|pg-cluster-015|pg-cluster-016|pg-cluster-017|pg-cluster-018|pg-cluster-019|pg-cluster-020|pg-cluster-021|pg-cluster-022|pg-cluster-023|pg-cluster-024|pg-cluster-025|pg-cluster-026|pg-cluster-027|pg-cluster-028|pg-cluster-029|pg-cluster-030|pg-cluster-031|pg-cluster-032|pg-cluster-033|pg-cluster-034|pg-cluster-035|pg-cluster-036|pg-cluster-037|pg-cluster-038|pg-cluster-039|pg-cluster-040|pg-cluster-041|pg-cluster-042|pg-cluster-043|pg-cluster-044|pg-cluster-045|pg-cluster-046|pg-cluster-047|pg-cluster-048|pg-cluster-049|pg-cluster-050|pg-cluster-051|pg-cluster-052|pg-cluster-053|pg-cluster-054|pg-cluster-055|pg-cluster-056|pg-cluster-057|pg-cluster-058|pg-cluster-059|pg-cluster-060|pg-cluster-061|pg-cluster-062|pg-cluster-063|pg-cluster-064|pg-cluster-065|pg-cluster-066|pg-cluster-067|pg-cluster-068|pg-cluster-069|pg-cluster-070|pg-cluster-071|pg-cluster-072|pg-cluster-073|pg-cluster-074|pg-cluster-075|pg-cluster-076|pg-cluster-077|pg-cluster-078|pg-cluster-079|pg-cluster-080|pg-cluster-081|pg-cluster-082|pg-cluster-083|pg-cluster-084|pg-cluster-085|pg-cluster-086|pg-cluster-087|pg-cluster-088|pg-cluster-089|pg-cluster-090|pg-cluster-091|pg-cluster-092|pg-cluster-093|pg-cluster-094|pg-cluster-095|pg-cluster-096|pg-cluster-097|pg-cluster-098|pg-cluster-099|pg-cluster-100,100,100,0,60,0,0,60,60,60,applications/backend/services/gift_card,/api/v1/gift_card,applications/frontend/customer-web/src/domains/gift_card,applications/frontend/admin-web/src/domains/gift_card,POLICY_PENDING,domain-gift_card,retail-gift_card,PLANNED
127,74,governance,governance-platform,10,svc-0731|svc-0732|svc-0733|svc-0734|svc-0735|svc-0736|svc-0737|svc-0738|svc-0739|svc-0740,governance-01|governance-02|governance-03|governance-04|governance-05|governance-06|governance-07|governance-08|governance-09|governance-10,1,team-074,10,governance_svc_01|governance_svc_02|governance_svc_03|governance_svc_04|governance_svc_05|governance_svc_06|governance_svc_07|governance_svc_08|governance_svc_09|governance_svc_10,100,pg-cluster-101|pg-cluster-102|pg-cluster-103|pg-cluster-104|pg-cluster-105|pg-cluster-106|pg-cluster-107|pg-cluster-108|pg-cluster-109|pg-cluster-110|pg-cluster-111|pg-cluster-112|pg-cluster-113|pg-cluster-114|pg-cluster-115|pg-cluster-116|pg-cluster-117|pg-cluster-118|pg-cluster-119|pg-cluster-120|pg-cluster-121|pg-cluster-122|pg-cluster-123|pg-cluster-124|pg-cluster-125|pg-cluster-126|pg-cluster-127|pg-cluster-128|pg-cluster-129|pg-cluster-130|pg-cluster-131|pg-cluster-132|pg-cluster-133|pg-cluster-134|pg-cluster-135|pg-cluster-136|pg-cluster-137|pg-cluster-138|pg-cluster-139|pg-cluster-140|pg-cluster-141|pg-cluster-142|pg-cluster-143|pg-cluster-144|pg-cluster-145|pg-cluster-146|pg-cluster-147|pg-cluster-148|pg-cluster-149|pg-cluster-150|pg-cluster-151|pg-cluster-152|pg-cluster-153|pg-cluster-154|pg-cluster-155|pg-cluster-156|pg-cluster-157|pg-cluster-158|pg-cluster-159|pg-cluster-160|pg-cluster-161|pg-cluster-162|pg-cluster-163|pg-cluster-164|pg-cluster-165|pg-cluster-166|pg-cluster-167|pg-cluster-168|pg-cluster-169|pg-cluster-170|pg-cluster-171|pg-cluster-172|pg-cluster-173|pg-cluster-174|pg-cluster-175|pg-cluster-176|pg-cluster-177|pg-cluster-178|pg-cluster-179|pg-cluster-180|pg-cluster-181|pg-cluster-182|pg-cluster-183|pg-cluster-184|pg-cluster-185|pg-cluster-186|pg-cluster-187|pg-cluster-188|pg-cluster-189|pg-cluster-190|pg-cluster-191|pg-cluster-192|pg-cluster-193|pg-cluster-194|pg-cluster-195|pg-cluster-196|pg-cluster-197|pg-cluster-198|pg-cluster-199|pg-cluster-200,100,100,0,60,40,0,60,60,60,applications/backend/services/governance,/api/v1/governance,applications/frontend/customer-web/src/domains/governance,applications/frontend/admin-web/src/domains/governance,POLICY_PENDING,domain-governance,retail-governance,PLANNED
127,47,iam,iam-platform,10,svc-0461|svc-0462|svc-0463|svc-0464|svc-0465|svc-0466|svc-0467|svc-0468|svc-0469|svc-0470,iam-01|iam-02|iam-03|iam-04|iam-05|iam-06|iam-07|iam-08|iam-09|iam-10,1,team-047,10,iam_svc_01|iam_svc_02|iam_svc_03|iam_svc_04|iam_svc_05|iam_svc_06|iam_svc_07|iam_svc_08|iam_svc_09|iam_svc_10,100,pg-cluster-601|pg-cluster-602|pg-cluster-603|pg-cluster-604|pg-cluster-605|pg-cluster-606|pg-cluster-607|pg-cluster-608|pg-cluster-609|pg-cluster-610|pg-cluster-611|pg-cluster-612|pg-cluster-613|pg-cluster-614|pg-cluster-615|pg-cluster-616|pg-cluster-617|pg-cluster-618|pg-cluster-619|pg-cluster-620|pg-cluster-621|pg-cluster-622|pg-cluster-623|pg-cluster-624|pg-cluster-625|pg-cluster-626|pg-cluster-627|pg-cluster-628|pg-cluster-629|pg-cluster-630|pg-cluster-631|pg-cluster-632|pg-cluster-633|pg-cluster-634|pg-cluster-635|pg-cluster-636|pg-cluster-637|pg-cluster-638|pg-cluster-639|pg-cluster-640|pg-cluster-641|pg-cluster-642|pg-cluster-643|pg-cluster-644|pg-cluster-645|pg-cluster-646|pg-cluster-647|pg-cluster-648|pg-cluster-649|pg-cluster-650|pg-cluster-651|pg-cluster-652|pg-cluster-653|pg-cluster-654|pg-cluster-655|pg-cluster-656|pg-cluster-657|pg-cluster-658|pg-cluster-659|pg-cluster-660|pg-cluster-661|pg-cluster-662|pg-cluster-663|pg-cluster-664|pg-cluster-665|pg-cluster-666|pg-cluster-667|pg-cluster-668|pg-cluster-669|pg-cluster-670|pg-cluster-671|pg-cluster-672|pg-cluster-673|pg-cluster-674|pg-cluster-675|pg-cluster-676|pg-cluster-677|pg-cluster-678|pg-cluster-679|pg-cluster-680|pg-cluster-681|pg-cluster-682|pg-cluster-683|pg-cluster-684|pg-cluster-685|pg-cluster-686|pg-cluster-687|pg-cluster-688|pg-cluster-689|pg-cluster-690|pg-cluster-691|pg-cluster-692|pg-cluster-693|pg-cluster-694|pg-cluster-695|pg-cluster-696|pg-cluster-697|pg-cluster-698|pg-cluster-699|pg-cluster-700,100,67,33,60,20,0,60,60,60,applications/backend/services/iam,/api/v1/iam,applications/frontend/customer-web/src/domains/iam,applications/frontend/admin-web/src/domains/iam,POLICY_PENDING,domain-iam,retail-iam,PLANNED
127,1,identity,identity-platform,10,svc-0001|svc-0002|svc-0003|svc-0004|svc-0005|svc-0006|svc-0007|svc-0008|svc-0009|svc-0010,identity-01|identity-02|identity-03|identity-04|identity-05|identity-06|identity-07|identity-08|identity-09|identity-10,1,team-001,10,identity_svc_01|identity_svc_02|identity_svc_03|identity_svc_04|identity_svc_05|identity_svc_06|identity_svc_07|identity_svc_08|identity_svc_09|identity_svc_10,100,pg-cluster-001|pg-cluster-002|pg-cluster-003|pg-cluster-004|pg-cluster-005|pg-cluster-006|pg-cluster-007|pg-cluster-008|pg-cluster-009|pg-cluster-010|pg-cluster-011|pg-cluster-012|pg-cluster-013|pg-cluster-014|pg-cluster-015|pg-cluster-016|pg-cluster-017|pg-cluster-018|pg-cluster-019|pg-cluster-020|pg-cluster-021|pg-cluster-022|pg-cluster-023|pg-cluster-024|pg-cluster-025|pg-cluster-026|pg-cluster-027|pg-cluster-028|pg-cluster-029|pg-cluster-030|pg-cluster-031|pg-cluster-032|pg-cluster-033|pg-cluster-034|pg-cluster-035|pg-cluster-036|pg-cluster-037|pg-cluster-038|pg-cluster-039|pg-cluster-040|pg-cluster-041|pg-cluster-042|pg-cluster-043|pg-cluster-044|pg-cluster-045|pg-cluster-046|pg-cluster-047|pg-cluster-048|pg-cluster-049|pg-cluster-050|pg-cluster-051|pg-cluster-052|pg-cluster-053|pg-cluster-054|pg-cluster-055|pg-cluster-056|pg-cluster-057|pg-cluster-058|pg-cluster-059|pg-cluster-060|pg-cluster-061|pg-cluster-062|pg-cluster-063|pg-cluster-064|pg-cluster-065|pg-cluster-066|pg-cluster-067|pg-cluster-068|pg-cluster-069|pg-cluster-070|pg-cluster-071|pg-cluster-072|pg-cluster-073|pg-cluster-074|pg-cluster-075|pg-cluster-076|pg-cluster-077|pg-cluster-078|pg-cluster-079|pg-cluster-080|pg-cluster-081|pg-cluster-082|pg-cluster-083|pg-cluster-084|pg-cluster-085|pg-cluster-086|pg-cluster-087|pg-cluster-088|pg-cluster-089|pg-cluster-090|pg-cluster-091|pg-cluster-092|pg-cluster-093|pg-cluster-094|pg-cluster-095|pg-cluster-096|pg-cluster-097|pg-cluster-098|pg-cluster-099|pg-cluster-100,100,67,33,0,100,0,0,0,0,applications/backend/services/identity,/api/v1/identity,applications/frontend/customer-web/src/domains/identity,applications/frontend/admin-web/src/domains/identity,POLICY_PENDING,domain-identity,retail-identity,PLANNED
127,50,integration,integration-platform,10,svc-0491|svc-0492|svc-0493|svc-0494|svc-0495|svc-0496|svc-0497|svc-0498|svc-0499|svc-0500,integration-01|integration-02|integration-03|integration-04|integration-05|integration-06|integration-07|integration-08|integration-09|integration-10,1,team-050,10,integration_svc_01|integration_svc_02|integration_svc_03|integration_svc_04|integration_svc_05|integration_svc_06|integration_svc_07|integration_svc_08|integration_svc_09|integration_svc_10,100,pg-cluster-101|pg-cluster-102|pg-cluster-103|pg-cluster-104|pg-cluster-105|pg-cluster-106|pg-cluster-107|pg-cluster-108|pg-cluster-109|pg-cluster-110|pg-cluster-111|pg-cluster-112|pg-cluster-113|pg-cluster-114|pg-cluster-115|pg-cluster-116|pg-cluster-117|pg-cluster-118|pg-cluster-119|pg-cluster-120|pg-cluster-121|pg-cluster-122|pg-cluster-123|pg-cluster-124|pg-cluster-125|pg-cluster-126|pg-cluster-127|pg-cluster-128|pg-cluster-129|pg-cluster-130|pg-cluster-131|pg-cluster-132|pg-cluster-133|pg-cluster-134|pg-cluster-135|pg-cluster-136|pg-cluster-137|pg-cluster-138|pg-cluster-139|pg-cluster-140|pg-cluster-141|pg-cluster-142|pg-cluster-143|pg-cluster-144|pg-cluster-145|pg-cluster-146|pg-cluster-147|pg-cluster-148|pg-cluster-149|pg-cluster-150|pg-cluster-151|pg-cluster-152|pg-cluster-153|pg-cluster-154|pg-cluster-155|pg-cluster-156|pg-cluster-157|pg-cluster-158|pg-cluster-159|pg-cluster-160|pg-cluster-161|pg-cluster-162|pg-cluster-163|pg-cluster-164|pg-cluster-165|pg-cluster-166|pg-cluster-167|pg-cluster-168|pg-cluster-169|pg-cluster-170|pg-cluster-171|pg-cluster-172|pg-cluster-173|pg-cluster-174|pg-cluster-175|pg-cluster-176|pg-cluster-177|pg-cluster-178|pg-cluster-179|pg-cluster-180|pg-cluster-181|pg-cluster-182|pg-cluster-183|pg-cluster-184|pg-cluster-185|pg-cluster-186|pg-cluster-187|pg-cluster-188|pg-cluster-189|pg-cluster-190|pg-cluster-191|pg-cluster-192|pg-cluster-193|pg-cluster-194|pg-cluster-195|pg-cluster-196|pg-cluster-197|pg-cluster-198|pg-cluster-199|pg-cluster-200,100,100,0,60,0,0,60,60,60,applications/backend/services/integration,/api/v1/integration,applications/frontend/customer-web/src/domains/integration,applications/frontend/admin-web/src/domains/integration,POLICY_PENDING,domain-integration,retail-integration,PLANNED
127,55,international,international-platform,10,svc-0541|svc-0542|svc-0543|svc-0544|svc-0545|svc-0546|svc-0547|svc-0548|svc-0549|svc-0550,international-01|international-02|international-03|international-04|international-05|international-06|international-07|international-08|international-09|international-10,1,team-055,10,international_svc_01|international_svc_02|international_svc_03|international_svc_04|international_svc_05|international_svc_06|international_svc_07|international_svc_08|international_svc_09|international_svc_10,100,pg-cluster-601|pg-cluster-602|pg-cluster-603|pg-cluster-604|pg-cluster-605|pg-cluster-606|pg-cluster-607|pg-cluster-608|pg-cluster-609|pg-cluster-610|pg-cluster-611|pg-cluster-612|pg-cluster-613|pg-cluster-614|pg-cluster-615|pg-cluster-616|pg-cluster-617|pg-cluster-618|pg-cluster-619|pg-cluster-620|pg-cluster-621|pg-cluster-622|pg-cluster-623|pg-cluster-624|pg-cluster-625|pg-cluster-626|pg-cluster-627|pg-cluster-628|pg-cluster-629|pg-cluster-630|pg-cluster-631|pg-cluster-632|pg-cluster-633|pg-cluster-634|pg-cluster-635|pg-cluster-636|pg-cluster-637|pg-cluster-638|pg-cluster-639|pg-cluster-640|pg-cluster-641|pg-cluster-642|pg-cluster-643|pg-cluster-644|pg-cluster-645|pg-cluster-646|pg-cluster-647|pg-cluster-648|pg-cluster-649|pg-cluster-650|pg-cluster-651|pg-cluster-652|pg-cluster-653|pg-cluster-654|pg-cluster-655|pg-cluster-656|pg-cluster-657|pg-cluster-658|pg-cluster-659|pg-cluster-660|pg-cluster-661|pg-cluster-662|pg-cluster-663|pg-cluster-664|pg-cluster-665|pg-cluster-666|pg-cluster-667|pg-cluster-668|pg-cluster-669|pg-cluster-670|pg-cluster-671|pg-cluster-672|pg-cluster-673|pg-cluster-674|pg-cluster-675|pg-cluster-676|pg-cluster-677|pg-cluster-678|pg-cluster-679|pg-cluster-680|pg-cluster-681|pg-cluster-682|pg-cluster-683|pg-cluster-684|pg-cluster-685|pg-cluster-686|pg-cluster-687|pg-cluster-688|pg-cluster-689|pg-cluster-690|pg-cluster-691|pg-cluster-692|pg-cluster-693|pg-cluster-694|pg-cluster-695|pg-cluster-696|pg-cluster-697|pg-cluster-698|pg-cluster-699|pg-cluster-700,100,100,0,60,20,0,60,60,60,applications/backend/services/international,/api/v1/international,applications/frontend/customer-web/src/domains/international,applications/frontend/admin-web/src/domains/international,POLICY_PENDING,domain-international,retail-international,PLANNED
127,9,inventory,inventory-platform,10,svc-0081|svc-0082|svc-0083|svc-0084|svc-0085|svc-0086|svc-0087|svc-0088|svc-0089|svc-0090,inventory-01|inventory-02|inventory-03|inventory-04|inventory-05|inventory-06|inventory-07|inventory-08|inventory-09|inventory-10,1,team-009,10,inventory_svc_01|inventory_svc_02|inventory_svc_03|inventory_svc_04|inventory_svc_05|inventory_svc_06|inventory_svc_07|inventory_svc_08|inventory_svc_09|inventory_svc_10,100,pg-cluster-001|pg-cluster-002|pg-cluster-003|pg-cluster-004|pg-cluster-005|pg-cluster-006|pg-cluster-007|pg-cluster-008|pg-cluster-009|pg-cluster-010|pg-cluster-011|pg-cluster-012|pg-cluster-013|pg-cluster-014|pg-cluster-015|pg-cluster-016|pg-cluster-017|pg-cluster-018|pg-cluster-019|pg-cluster-020|pg-cluster-021|pg-cluster-022|pg-cluster-023|pg-cluster-024|pg-cluster-025|pg-cluster-026|pg-cluster-027|pg-cluster-028|pg-cluster-029|pg-cluster-030|pg-cluster-031|pg-cluster-032|pg-cluster-033|pg-cluster-034|pg-cluster-035|pg-cluster-036|pg-cluster-037|pg-cluster-038|pg-cluster-039|pg-cluster-040|pg-cluster-041|pg-cluster-042|pg-cluster-043|pg-cluster-044|pg-cluster-045|pg-cluster-046|pg-cluster-047|pg-cluster-048|pg-cluster-049|pg-cluster-050|pg-cluster-051|pg-cluster-052|pg-cluster-053|pg-cluster-054|pg-cluster-055|pg-cluster-056|pg-cluster-057|pg-cluster-058|pg-cluster-059|pg-cluster-060|pg-cluster-061|pg-cluster-062|pg-cluster-063|pg-cluster-064|pg-cluster-065|pg-cluster-066|pg-cluster-067|pg-cluster-068|pg-cluster-069|pg-cluster-070|pg-cluster-071|pg-cluster-072|pg-cluster-073|pg-cluster-074|pg-cluster-075|pg-cluster-076|pg-cluster-077|pg-cluster-078|pg-cluster-079|pg-cluster-080|pg-cluster-081|pg-cluster-082|pg-cluster-083|pg-cluster-084|pg-cluster-085|pg-cluster-086|pg-cluster-087|pg-cluster-088|pg-cluster-089|pg-cluster-090|pg-cluster-091|pg-cluster-092|pg-cluster-093|pg-cluster-094|pg-cluster-095|pg-cluster-096|pg-cluster-097|pg-cluster-098|pg-cluster-099|pg-cluster-100,100,100,0,60,280,0,60,60,60,applications/backend/services/inventory,/api/v1/inventory,applications/frontend/customer-web/src/domains/inventory,applications/frontend/admin-web/src/domains/inventory,POLICY_PENDING,domain-inventory,retail-inventory,PLANNED
127,69,lakehouse,lakehouse-platform,10,svc-0681|svc-0682|svc-0683|svc-0684|svc-0685|svc-0686|svc-0687|svc-0688|svc-0689|svc-0690,lakehouse-01|lakehouse-02|lakehouse-03|lakehouse-04|lakehouse-05|lakehouse-06|lakehouse-07|lakehouse-08|lakehouse-09|lakehouse-10,1,team-069,10,lakehouse_svc_01|lakehouse_svc_02|lakehouse_svc_03|lakehouse_svc_04|lakehouse_svc_05|lakehouse_svc_06|lakehouse_svc_07|lakehouse_svc_08|lakehouse_svc_09|lakehouse_svc_10,100,pg-cluster-401|pg-cluster-402|pg-cluster-403|pg-cluster-404|pg-cluster-405|pg-cluster-406|pg-cluster-407|pg-cluster-408|pg-cluster-409|pg-cluster-410|pg-cluster-411|pg-cluster-412|pg-cluster-413|pg-cluster-414|pg-cluster-415|pg-cluster-416|pg-cluster-417|pg-cluster-418|pg-cluster-419|pg-cluster-420|pg-cluster-421|pg-cluster-422|pg-cluster-423|pg-cluster-424|pg-cluster-425|pg-cluster-426|pg-cluster-427|pg-cluster-428|pg-cluster-429|pg-cluster-430|pg-cluster-431|pg-cluster-432|pg-cluster-433|pg-cluster-434|pg-cluster-435|pg-cluster-436|pg-cluster-437|pg-cluster-438|pg-cluster-439|pg-cluster-440|pg-cluster-441|pg-cluster-442|pg-cluster-443|pg-cluster-444|pg-cluster-445|pg-cluster-446|pg-cluster-447|pg-cluster-448|pg-cluster-449|pg-cluster-450|pg-cluster-451|pg-cluster-452|pg-cluster-453|pg-cluster-454|pg-cluster-455|pg-cluster-456|pg-cluster-457|pg-cluster-458|pg-cluster-459|pg-cluster-460|pg-cluster-461|pg-cluster-462|pg-cluster-463|pg-cluster-464|pg-cluster-465|pg-cluster-466|pg-cluster-467|pg-cluster-468|pg-cluster-469|pg-cluster-470|pg-cluster-471|pg-cluster-472|pg-cluster-473|pg-cluster-474|pg-cluster-475|pg-cluster-476|pg-cluster-477|pg-cluster-478|pg-cluster-479|pg-cluster-480|pg-cluster-481|pg-cluster-482|pg-cluster-483|pg-cluster-484|pg-cluster-485|pg-cluster-486|pg-cluster-487|pg-cluster-488|pg-cluster-489|pg-cluster-490|pg-cluster-491|pg-cluster-492|pg-cluster-493|pg-cluster-494|pg-cluster-495|pg-cluster-496|pg-cluster-497|pg-cluster-498|pg-cluster-499|pg-cluster-500,100,100,0,60,80,0,60,60,60,applications/backend/services/lakehouse,/api/v1/lakehouse,applications/frontend/customer-web/src/domains/lakehouse,applications/frontend/admin-web/src/domains/lakehouse,POLICY_PENDING,domain-lakehouse,retail-lakehouse,PLANNED
127,85,last_mile,last_mile-platform,10,svc-0841|svc-0842|svc-0843|svc-0844|svc-0845|svc-0846|svc-0847|svc-0848|svc-0849|svc-0850,last_mile-01|last_mile-02|last_mile-03|last_mile-04|last_mile-05|last_mile-06|last_mile-07|last_mile-08|last_mile-09|last_mile-10,1,team-085,10,last_mile_svc_01|last_mile_svc_02|last_mile_svc_03|last_mile_svc_04|last_mile_svc_05|last_mile_svc_06|last_mile_svc_07|last_mile_svc_08|last_mile_svc_09|last_mile_svc_10,100,pg-cluster-401|pg-cluster-402|pg-cluster-403|pg-cluster-404|pg-cluster-405|pg-cluster-406|pg-cluster-407|pg-cluster-408|pg-cluster-409|pg-cluster-410|pg-cluster-411|pg-cluster-412|pg-cluster-413|pg-cluster-414|pg-cluster-415|pg-cluster-416|pg-cluster-417|pg-cluster-418|pg-cluster-419|pg-cluster-420|pg-cluster-421|pg-cluster-422|pg-cluster-423|pg-cluster-424|pg-cluster-425|pg-cluster-426|pg-cluster-427|pg-cluster-428|pg-cluster-429|pg-cluster-430|pg-cluster-431|pg-cluster-432|pg-cluster-433|pg-cluster-434|pg-cluster-435|pg-cluster-436|pg-cluster-437|pg-cluster-438|pg-cluster-439|pg-cluster-440|pg-cluster-441|pg-cluster-442|pg-cluster-443|pg-cluster-444|pg-cluster-445|pg-cluster-446|pg-cluster-447|pg-cluster-448|pg-cluster-449|pg-cluster-450|pg-cluster-451|pg-cluster-452|pg-cluster-453|pg-cluster-454|pg-cluster-455|pg-cluster-456|pg-cluster-457|pg-cluster-458|pg-cluster-459|pg-cluster-460|pg-cluster-461|pg-cluster-462|pg-cluster-463|pg-cluster-464|pg-cluster-465|pg-cluster-466|pg-cluster-467|pg-cluster-468|pg-cluster-469|pg-cluster-470|pg-cluster-471|pg-cluster-472|pg-cluster-473|pg-cluster-474|pg-cluster-475|pg-cluster-476|pg-cluster-477|pg-cluster-478|pg-cluster-479|pg-cluster-480|pg-cluster-481|pg-cluster-482|pg-cluster-483|pg-cluster-484|pg-cluster-485|pg-cluster-486|pg-cluster-487|pg-cluster-488|pg-cluster-489|pg-cluster-490|pg-cluster-491|pg-cluster-492|pg-cluster-493|pg-cluster-494|pg-cluster-495|pg-cluster-496|pg-cluster-497|pg-cluster-498|pg-cluster-499|pg-cluster-500,100,100,0,60,20,1,59,59,59,applications/backend/services/last_mile,/api/v1/last_mile,applications/frontend/customer-web/src/domains/last_mile,applications/frontend/admin-web/src/domains/last_mile,POLICY_PENDING,domain-last_mile,retail-last_mile,PLANNED
127,98,legal,legal-platform,10,svc-0971|svc-0972|svc-0973|svc-0974|svc-0975|svc-0976|svc-0977|svc-0978|svc-0979|svc-0980,legal-01|legal-02|legal-03|legal-04|legal-05|legal-06|legal-07|legal-08|legal-09|legal-10,1,team-098,10,legal_svc_01|legal_svc_02|legal_svc_03|legal_svc_04|legal_svc_05|legal_svc_06|legal_svc_07|legal_svc_08|legal_svc_09|legal_svc_10,100,pg-cluster-101|pg-cluster-102|pg-cluster-103|pg-cluster-104|pg-cluster-105|pg-cluster-106|pg-cluster-107|pg-cluster-108|pg-cluster-109|pg-cluster-110|pg-cluster-111|pg-cluster-112|pg-cluster-113|pg-cluster-114|pg-cluster-115|pg-cluster-116|pg-cluster-117|pg-cluster-118|pg-cluster-119|pg-cluster-120|pg-cluster-121|pg-cluster-122|pg-cluster-123|pg-cluster-124|pg-cluster-125|pg-cluster-126|pg-cluster-127|pg-cluster-128|pg-cluster-129|pg-cluster-130|pg-cluster-131|pg-cluster-132|pg-cluster-133|pg-cluster-134|pg-cluster-135|pg-cluster-136|pg-cluster-137|pg-cluster-138|pg-cluster-139|pg-cluster-140|pg-cluster-141|pg-cluster-142|pg-cluster-143|pg-cluster-144|pg-cluster-145|pg-cluster-146|pg-cluster-147|pg-cluster-148|pg-cluster-149|pg-cluster-150|pg-cluster-151|pg-cluster-152|pg-cluster-153|pg-cluster-154|pg-cluster-155|pg-cluster-156|pg-cluster-157|pg-cluster-158|pg-cluster-159|pg-cluster-160|pg-cluster-161|pg-cluster-162|pg-cluster-163|pg-cluster-164|pg-cluster-165|pg-cluster-166|pg-cluster-167|pg-cluster-168|pg-cluster-169|pg-cluster-170|pg-cluster-171|pg-cluster-172|pg-cluster-173|pg-cluster-174|pg-cluster-175|pg-cluster-176|pg-cluster-177|pg-cluster-178|pg-cluster-179|pg-cluster-180|pg-cluster-181|pg-cluster-182|pg-cluster-183|pg-cluster-184|pg-cluster-185|pg-cluster-186|pg-cluster-187|pg-cluster-188|pg-cluster-189|pg-cluster-190|pg-cluster-191|pg-cluster-192|pg-cluster-193|pg-cluster-194|pg-cluster-195|pg-cluster-196|pg-cluster-197|pg-cluster-198|pg-cluster-199|pg-cluster-200,100,100,0,60,20,0,60,60,60,applications/backend/services/legal,/api/v1/legal,applications/frontend/customer-web/src/domains/legal,applications/frontend/admin-web/src/domains/legal,POLICY_PENDING,domain-legal,retail-legal,PLANNED
127,5,listing,listing-platform,10,svc-0041|svc-0042|svc-0043|svc-0044|svc-0045|svc-0046|svc-0047|svc-0048|svc-0049|svc-0050,listing-01|listing-02|listing-03|listing-04|listing-05|listing-06|listing-07|listing-08|listing-09|listing-10,1,team-005,10,listing_svc_01|listing_svc_02|listing_svc_03|listing_svc_04|listing_svc_05|listing_svc_06|listing_svc_07|listing_svc_08|listing_svc_09|listing_svc_10,100,pg-cluster-401|pg-cluster-402|pg-cluster-403|pg-cluster-404|pg-cluster-405|pg-cluster-406|pg-cluster-407|pg-cluster-408|pg-cluster-409|pg-cluster-410|pg-cluster-411|pg-cluster-412|pg-cluster-413|pg-cluster-414|pg-cluster-415|pg-cluster-416|pg-cluster-417|pg-cluster-418|pg-cluster-419|pg-cluster-420|pg-cluster-421|pg-cluster-422|pg-cluster-423|pg-cluster-424|pg-cluster-425|pg-cluster-426|pg-cluster-427|pg-cluster-428|pg-cluster-429|pg-cluster-430|pg-cluster-431|pg-cluster-432|pg-cluster-433|pg-cluster-434|pg-cluster-435|pg-cluster-436|pg-cluster-437|pg-cluster-438|pg-cluster-439|pg-cluster-440|pg-cluster-441|pg-cluster-442|pg-cluster-443|pg-cluster-444|pg-cluster-445|pg-cluster-446|pg-cluster-447|pg-cluster-448|pg-cluster-449|pg-cluster-450|pg-cluster-451|pg-cluster-452|pg-cluster-453|pg-cluster-454|pg-cluster-455|pg-cluster-456|pg-cluster-457|pg-cluster-458|pg-cluster-459|pg-cluster-460|pg-cluster-461|pg-cluster-462|pg-cluster-463|pg-cluster-464|pg-cluster-465|pg-cluster-466|pg-cluster-467|pg-cluster-468|pg-cluster-469|pg-cluster-470|pg-cluster-471|pg-cluster-472|pg-cluster-473|pg-cluster-474|pg-cluster-475|pg-cluster-476|pg-cluster-477|pg-cluster-478|pg-cluster-479|pg-cluster-480|pg-cluster-481|pg-cluster-482|pg-cluster-483|pg-cluster-484|pg-cluster-485|pg-cluster-486|pg-cluster-487|pg-cluster-488|pg-cluster-489|pg-cluster-490|pg-cluster-491|pg-cluster-492|pg-cluster-493|pg-cluster-494|pg-cluster-495|pg-cluster-496|pg-cluster-497|pg-cluster-498|pg-cluster-499|pg-cluster-500,100,100,0,80,80,0,80,80,80,applications/backend/services/listing,/api/v1/listing,applications/frontend/customer-web/src/domains/listing,applications/frontend/admin-web/src/domains/listing,POLICY_PENDING,domain-listing,retail-listing,PLANNED
127,52,localization,localization-platform,10,svc-0511|svc-0512|svc-0513|svc-0514|svc-0515|svc-0516|svc-0517|svc-0518|svc-0519|svc-0520,localization-01|localization-02|localization-03|localization-04|localization-05|localization-06|localization-07|localization-08|localization-09|localization-10,1,team-052,10,localization_svc_01|localization_svc_02|localization_svc_03|localization_svc_04|localization_svc_05|localization_svc_06|localization_svc_07|localization_svc_08|localization_svc_09|localization_svc_10,100,pg-cluster-301|pg-cluster-302|pg-cluster-303|pg-cluster-304|pg-cluster-305|pg-cluster-306|pg-cluster-307|pg-cluster-308|pg-cluster-309|pg-cluster-310|pg-cluster-311|pg-cluster-312|pg-cluster-313|pg-cluster-314|pg-cluster-315|pg-cluster-316|pg-cluster-317|pg-cluster-318|pg-cluster-319|pg-cluster-320|pg-cluster-321|pg-cluster-322|pg-cluster-323|pg-cluster-324|pg-cluster-325|pg-cluster-326|pg-cluster-327|pg-cluster-328|pg-cluster-329|pg-cluster-330|pg-cluster-331|pg-cluster-332|pg-cluster-333|pg-cluster-334|pg-cluster-335|pg-cluster-336|pg-cluster-337|pg-cluster-338|pg-cluster-339|pg-cluster-340|pg-cluster-341|pg-cluster-342|pg-cluster-343|pg-cluster-344|pg-cluster-345|pg-cluster-346|pg-cluster-347|pg-cluster-348|pg-cluster-349|pg-cluster-350|pg-cluster-351|pg-cluster-352|pg-cluster-353|pg-cluster-354|pg-cluster-355|pg-cluster-356|pg-cluster-357|pg-cluster-358|pg-cluster-359|pg-cluster-360|pg-cluster-361|pg-cluster-362|pg-cluster-363|pg-cluster-364|pg-cluster-365|pg-cluster-366|pg-cluster-367|pg-cluster-368|pg-cluster-369|pg-cluster-370|pg-cluster-371|pg-cluster-372|pg-cluster-373|pg-cluster-374|pg-cluster-375|pg-cluster-376|pg-cluster-377|pg-cluster-378|pg-cluster-379|pg-cluster-380|pg-cluster-381|pg-cluster-382|pg-cluster-383|pg-cluster-384|pg-cluster-385|pg-cluster-386|pg-cluster-387|pg-cluster-388|pg-cluster-389|pg-cluster-390|pg-cluster-391|pg-cluster-392|pg-cluster-393|pg-cluster-394|pg-cluster-395|pg-cluster-396|pg-cluster-397|pg-cluster-398|pg-cluster-399|pg-cluster-400,100,100,0,60,60,0,60,60,60,applications/backend/services/localization,/api/v1/localization,applications/frontend/customer-web/src/domains/localization,applications/frontend/admin-web/src/domains/localization,POLICY_PENDING,domain-localization,retail-localization,PLANNED
127,60,logistics,logistics-platform,10,svc-0591|svc-0592|svc-0593|svc-0594|svc-0595|svc-0596|svc-0597|svc-0598|svc-0599|svc-0600,logistics-01|logistics-02|logistics-03|logistics-04|logistics-05|logistics-06|logistics-07|logistics-08|logistics-09|logistics-10,1,team-060,10,logistics_svc_01|logistics_svc_02|logistics_svc_03|logistics_svc_04|logistics_svc_05|logistics_svc_06|logistics_svc_07|logistics_svc_08|logistics_svc_09|logistics_svc_10,100,pg-cluster-301|pg-cluster-302|pg-cluster-303|pg-cluster-304|pg-cluster-305|pg-cluster-306|pg-cluster-307|pg-cluster-308|pg-cluster-309|pg-cluster-310|pg-cluster-311|pg-cluster-312|pg-cluster-313|pg-cluster-314|pg-cluster-315|pg-cluster-316|pg-cluster-317|pg-cluster-318|pg-cluster-319|pg-cluster-320|pg-cluster-321|pg-cluster-322|pg-cluster-323|pg-cluster-324|pg-cluster-325|pg-cluster-326|pg-cluster-327|pg-cluster-328|pg-cluster-329|pg-cluster-330|pg-cluster-331|pg-cluster-332|pg-cluster-333|pg-cluster-334|pg-cluster-335|pg-cluster-336|pg-cluster-337|pg-cluster-338|pg-cluster-339|pg-cluster-340|pg-cluster-341|pg-cluster-342|pg-cluster-343|pg-cluster-344|pg-cluster-345|pg-cluster-346|pg-cluster-347|pg-cluster-348|pg-cluster-349|pg-cluster-350|pg-cluster-351|pg-cluster-352|pg-cluster-353|pg-cluster-354|pg-cluster-355|pg-cluster-356|pg-cluster-357|pg-cluster-358|pg-cluster-359|pg-cluster-360|pg-cluster-361|pg-cluster-362|pg-cluster-363|pg-cluster-364|pg-cluster-365|pg-cluster-366|pg-cluster-367|pg-cluster-368|pg-cluster-369|pg-cluster-370|pg-cluster-371|pg-cluster-372|pg-cluster-373|pg-cluster-374|pg-cluster-375|pg-cluster-376|pg-cluster-377|pg-cluster-378|pg-cluster-379|pg-cluster-380|pg-cluster-381|pg-cluster-382|pg-cluster-383|pg-cluster-384|pg-cluster-385|pg-cluster-386|pg-cluster-387|pg-cluster-388|pg-cluster-389|pg-cluster-390|pg-cluster-391|pg-cluster-392|pg-cluster-393|pg-cluster-394|pg-cluster-395|pg-cluster-396|pg-cluster-397|pg-cluster-398|pg-cluster-399|pg-cluster-400,100,100,0,60,100,1,59,59,59,applications/backend/services/logistics,/api/v1/logistics,applications/frontend/customer-web/src/domains/logistics,applications/frontend/admin-web/src/domains/logistics,POLICY_PENDING,domain-logistics,retail-logistics,PLANNED
127,24,loyalty,loyalty-platform,10,svc-0231|svc-0232|svc-0233|svc-0234|svc-0235|svc-0236|svc-0237|svc-0238|svc-0239|svc-0240,loyalty-01|loyalty-02|loyalty-03|loyalty-04|loyalty-05|loyalty-06|loyalty-07|loyalty-08|loyalty-09|loyalty-10,1,team-024,10,loyalty_svc_01|loyalty_svc_02|loyalty_svc_03|loyalty_svc_04|loyalty_svc_05|loyalty_svc_06|loyalty_svc_07|loyalty_svc_08|loyalty_svc_09|loyalty_svc_10,100,pg-cluster-701|pg-cluster-702|pg-cluster-703|pg-cluster-704|pg-cluster-705|pg-cluster-706|pg-cluster-707|pg-cluster-708|pg-cluster-709|pg-cluster-710|pg-cluster-711|pg-cluster-712|pg-cluster-713|pg-cluster-714|pg-cluster-715|pg-cluster-716|pg-cluster-717|pg-cluster-718|pg-cluster-719|pg-cluster-720|pg-cluster-721|pg-cluster-722|pg-cluster-723|pg-cluster-724|pg-cluster-725|pg-cluster-726|pg-cluster-727|pg-cluster-728|pg-cluster-729|pg-cluster-730|pg-cluster-731|pg-cluster-732|pg-cluster-733|pg-cluster-734|pg-cluster-735|pg-cluster-736|pg-cluster-737|pg-cluster-738|pg-cluster-739|pg-cluster-740|pg-cluster-741|pg-cluster-742|pg-cluster-743|pg-cluster-744|pg-cluster-745|pg-cluster-746|pg-cluster-747|pg-cluster-748|pg-cluster-749|pg-cluster-750|pg-cluster-751|pg-cluster-752|pg-cluster-753|pg-cluster-754|pg-cluster-755|pg-cluster-756|pg-cluster-757|pg-cluster-758|pg-cluster-759|pg-cluster-760|pg-cluster-761|pg-cluster-762|pg-cluster-763|pg-cluster-764|pg-cluster-765|pg-cluster-766|pg-cluster-767|pg-cluster-768|pg-cluster-769|pg-cluster-770|pg-cluster-771|pg-cluster-772|pg-cluster-773|pg-cluster-774|pg-cluster-775|pg-cluster-776|pg-cluster-777|pg-cluster-778|pg-cluster-779|pg-cluster-780|pg-cluster-781|pg-cluster-782|pg-cluster-783|pg-cluster-784|pg-cluster-785|pg-cluster-786|pg-cluster-787|pg-cluster-788|pg-cluster-789|pg-cluster-790|pg-cluster-791|pg-cluster-792|pg-cluster-793|pg-cluster-794|pg-cluster-795|pg-cluster-796|pg-cluster-797|pg-cluster-798|pg-cluster-799|pg-cluster-800,100,100,0,60,40,1,59,59,59,applications/backend/services/loyalty,/api/v1/loyalty,applications/frontend/customer-web/src/domains/loyalty,applications/frontend/admin-web/src/domains/loyalty,POLICY_PENDING,domain-loyalty,retail-loyalty,PLANNED
127,29,marketing,marketing-platform,10,svc-0281|svc-0282|svc-0283|svc-0284|svc-0285|svc-0286|svc-0287|svc-0288|svc-0289|svc-0290,marketing-01|marketing-02|marketing-03|marketing-04|marketing-05|marketing-06|marketing-07|marketing-08|marketing-09|marketing-10,1,team-029,10,marketing_svc_01|marketing_svc_02|marketing_svc_03|marketing_svc_04|marketing_svc_05|marketing_svc_06|marketing_svc_07|marketing_svc_08|marketing_svc_09|marketing_svc_10,100,pg-cluster-401|pg-cluster-402|pg-cluster-403|pg-cluster-404|pg-cluster-405|pg-cluster-406|pg-cluster-407|pg-cluster-408|pg-cluster-409|pg-cluster-410|pg-cluster-411|pg-cluster-412|pg-cluster-413|pg-cluster-414|pg-cluster-415|pg-cluster-416|pg-cluster-417|pg-cluster-418|pg-cluster-419|pg-cluster-420|pg-cluster-421|pg-cluster-422|pg-cluster-423|pg-cluster-424|pg-cluster-425|pg-cluster-426|pg-cluster-427|pg-cluster-428|pg-cluster-429|pg-cluster-430|pg-cluster-431|pg-cluster-432|pg-cluster-433|pg-cluster-434|pg-cluster-435|pg-cluster-436|pg-cluster-437|pg-cluster-438|pg-cluster-439|pg-cluster-440|pg-cluster-441|pg-cluster-442|pg-cluster-443|pg-cluster-444|pg-cluster-445|pg-cluster-446|pg-cluster-447|pg-cluster-448|pg-cluster-449|pg-cluster-450|pg-cluster-451|pg-cluster-452|pg-cluster-453|pg-cluster-454|pg-cluster-455|pg-cluster-456|pg-cluster-457|pg-cluster-458|pg-cluster-459|pg-cluster-460|pg-cluster-461|pg-cluster-462|pg-cluster-463|pg-cluster-464|pg-cluster-465|pg-cluster-466|pg-cluster-467|pg-cluster-468|pg-cluster-469|pg-cluster-470|pg-cluster-471|pg-cluster-472|pg-cluster-473|pg-cluster-474|pg-cluster-475|pg-cluster-476|pg-cluster-477|pg-cluster-478|pg-cluster-479|pg-cluster-480|pg-cluster-481|pg-cluster-482|pg-cluster-483|pg-cluster-484|pg-cluster-485|pg-cluster-486|pg-cluster-487|pg-cluster-488|pg-cluster-489|pg-cluster-490|pg-cluster-491|pg-cluster-492|pg-cluster-493|pg-cluster-494|pg-cluster-495|pg-cluster-496|pg-cluster-497|pg-cluster-498|pg-cluster-499|pg-cluster-500,100,100,0,60,160,0,60,60,60,applications/backend/services/marketing,/api/v1/marketing,applications/frontend/customer-web/src/domains/marketing,applications/frontend/admin-web/src/domains/marketing,POLICY_PENDING,domain-marketing,retail-marketing,PLANNED
127,36,marketplace,marketplace-platform,10,svc-0351|svc-0352|svc-0353|svc-0354|svc-0355|svc-0356|svc-0357|svc-0358|svc-0359|svc-0360,marketplace-01|marketplace-02|marketplace-03|marketplace-04|marketplace-05|marketplace-06|marketplace-07|marketplace-08|marketplace-09|marketplace-10,1,team-036,10,marketplace_svc_01|marketplace_svc_02|marketplace_svc_03|marketplace_svc_04|marketplace_svc_05|marketplace_svc_06|marketplace_svc_07|marketplace_svc_08|marketplace_svc_09|marketplace_svc_10,100,pg-cluster-301|pg-cluster-302|pg-cluster-303|pg-cluster-304|pg-cluster-305|pg-cluster-306|pg-cluster-307|pg-cluster-308|pg-cluster-309|pg-cluster-310|pg-cluster-311|pg-cluster-312|pg-cluster-313|pg-cluster-314|pg-cluster-315|pg-cluster-316|pg-cluster-317|pg-cluster-318|pg-cluster-319|pg-cluster-320|pg-cluster-321|pg-cluster-322|pg-cluster-323|pg-cluster-324|pg-cluster-325|pg-cluster-326|pg-cluster-327|pg-cluster-328|pg-cluster-329|pg-cluster-330|pg-cluster-331|pg-cluster-332|pg-cluster-333|pg-cluster-334|pg-cluster-335|pg-cluster-336|pg-cluster-337|pg-cluster-338|pg-cluster-339|pg-cluster-340|pg-cluster-341|pg-cluster-342|pg-cluster-343|pg-cluster-344|pg-cluster-345|pg-cluster-346|pg-cluster-347|pg-cluster-348|pg-cluster-349|pg-cluster-350|pg-cluster-351|pg-cluster-352|pg-cluster-353|pg-cluster-354|pg-cluster-355|pg-cluster-356|pg-cluster-357|pg-cluster-358|pg-cluster-359|pg-cluster-360|pg-cluster-361|pg-cluster-362|pg-cluster-363|pg-cluster-364|pg-cluster-365|pg-cluster-366|pg-cluster-367|pg-cluster-368|pg-cluster-369|pg-cluster-370|pg-cluster-371|pg-cluster-372|pg-cluster-373|pg-cluster-374|pg-cluster-375|pg-cluster-376|pg-cluster-377|pg-cluster-378|pg-cluster-379|pg-cluster-380|pg-cluster-381|pg-cluster-382|pg-cluster-383|pg-cluster-384|pg-cluster-385|pg-cluster-386|pg-cluster-387|pg-cluster-388|pg-cluster-389|pg-cluster-390|pg-cluster-391|pg-cluster-392|pg-cluster-393|pg-cluster-394|pg-cluster-395|pg-cluster-396|pg-cluster-397|pg-cluster-398|pg-cluster-399|pg-cluster-400,100,100,0,60,20,0,60,60,60,applications/backend/services/marketplace,/api/v1/marketplace,applications/frontend/customer-web/src/domains/marketplace,applications/frontend/admin-web/src/domains/marketplace,POLICY_PENDING,domain-marketplace,retail-marketplace,PLANNED
127,72,master_data,master_data-platform,10,svc-0711|svc-0712|svc-0713|svc-0714|svc-0715|svc-0716|svc-0717|svc-0718|svc-0719|svc-0720,master_data-01|master_data-02|master_data-03|master_data-04|master_data-05|master_data-06|master_data-07|master_data-08|master_data-09|master_data-10,1,team-072,10,master_data_svc_01|master_data_svc_02|master_data_svc_03|master_data_svc_04|master_data_svc_05|master_data_svc_06|master_data_svc_07|master_data_svc_08|master_data_svc_09|master_data_svc_10,100,pg-cluster-701|pg-cluster-702|pg-cluster-703|pg-cluster-704|pg-cluster-705|pg-cluster-706|pg-cluster-707|pg-cluster-708|pg-cluster-709|pg-cluster-710|pg-cluster-711|pg-cluster-712|pg-cluster-713|pg-cluster-714|pg-cluster-715|pg-cluster-716|pg-cluster-717|pg-cluster-718|pg-cluster-719|pg-cluster-720|pg-cluster-721|pg-cluster-722|pg-cluster-723|pg-cluster-724|pg-cluster-725|pg-cluster-726|pg-cluster-727|pg-cluster-728|pg-cluster-729|pg-cluster-730|pg-cluster-731|pg-cluster-732|pg-cluster-733|pg-cluster-734|pg-cluster-735|pg-cluster-736|pg-cluster-737|pg-cluster-738|pg-cluster-739|pg-cluster-740|pg-cluster-741|pg-cluster-742|pg-cluster-743|pg-cluster-744|pg-cluster-745|pg-cluster-746|pg-cluster-747|pg-cluster-748|pg-cluster-749|pg-cluster-750|pg-cluster-751|pg-cluster-752|pg-cluster-753|pg-cluster-754|pg-cluster-755|pg-cluster-756|pg-cluster-757|pg-cluster-758|pg-cluster-759|pg-cluster-760|pg-cluster-761|pg-cluster-762|pg-cluster-763|pg-cluster-764|pg-cluster-765|pg-cluster-766|pg-cluster-767|pg-cluster-768|pg-cluster-769|pg-cluster-770|pg-cluster-771|pg-cluster-772|pg-cluster-773|pg-cluster-774|pg-cluster-775|pg-cluster-776|pg-cluster-777|pg-cluster-778|pg-cluster-779|pg-cluster-780|pg-cluster-781|pg-cluster-782|pg-cluster-783|pg-cluster-784|pg-cluster-785|pg-cluster-786|pg-cluster-787|pg-cluster-788|pg-cluster-789|pg-cluster-790|pg-cluster-791|pg-cluster-792|pg-cluster-793|pg-cluster-794|pg-cluster-795|pg-cluster-796|pg-cluster-797|pg-cluster-798|pg-cluster-799|pg-cluster-800,100,100,0,60,0,0,60,60,60,applications/backend/services/master_data,/api/v1/master_data,applications/frontend/customer-web/src/domains/master_data,applications/frontend/admin-web/src/domains/master_data,POLICY_PENDING,domain-master_data,retail-master_data,PLANNED
127,91,membership,membership-platform,10,svc-0901|svc-0902|svc-0903|svc-0904|svc-0905|svc-0906|svc-0907|svc-0908|svc-0909|svc-0910,membership-01|membership-02|membership-03|membership-04|membership-05|membership-06|membership-07|membership-08|membership-09|membership-10,1,team-091,10,membership_svc_01|membership_svc_02|membership_svc_03|membership_svc_04|membership_svc_05|membership_svc_06|membership_svc_07|membership_svc_08|membership_svc_09|membership_svc_10,100,pg-cluster-201|pg-cluster-202|pg-cluster-203|pg-cluster-204|pg-cluster-205|pg-cluster-206|pg-cluster-207|pg-cluster-208|pg-cluster-209|pg-cluster-210|pg-cluster-211|pg-cluster-212|pg-cluster-213|pg-cluster-214|pg-cluster-215|pg-cluster-216|pg-cluster-217|pg-cluster-218|pg-cluster-219|pg-cluster-220|pg-cluster-221|pg-cluster-222|pg-cluster-223|pg-cluster-224|pg-cluster-225|pg-cluster-226|pg-cluster-227|pg-cluster-228|pg-cluster-229|pg-cluster-230|pg-cluster-231|pg-cluster-232|pg-cluster-233|pg-cluster-234|pg-cluster-235|pg-cluster-236|pg-cluster-237|pg-cluster-238|pg-cluster-239|pg-cluster-240|pg-cluster-241|pg-cluster-242|pg-cluster-243|pg-cluster-244|pg-cluster-245|pg-cluster-246|pg-cluster-247|pg-cluster-248|pg-cluster-249|pg-cluster-250|pg-cluster-251|pg-cluster-252|pg-cluster-253|pg-cluster-254|pg-cluster-255|pg-cluster-256|pg-cluster-257|pg-cluster-258|pg-cluster-259|pg-cluster-260|pg-cluster-261|pg-cluster-262|pg-cluster-263|pg-cluster-264|pg-cluster-265|pg-cluster-266|pg-cluster-267|pg-cluster-268|pg-cluster-269|pg-cluster-270|pg-cluster-271|pg-cluster-272|pg-cluster-273|pg-cluster-274|pg-cluster-275|pg-cluster-276|pg-cluster-277|pg-cluster-278|pg-cluster-279|pg-cluster-280|pg-cluster-281|pg-cluster-282|pg-cluster-283|pg-cluster-284|pg-cluster-285|pg-cluster-286|pg-cluster-287|pg-cluster-288|pg-cluster-289|pg-cluster-290|pg-cluster-291|pg-cluster-292|pg-cluster-293|pg-cluster-294|pg-cluster-295|pg-cluster-296|pg-cluster-297|pg-cluster-298|pg-cluster-299|pg-cluster-300,100,100,0,60,0,0,60,60,60,applications/backend/services/membership,/api/v1/membership,applications/frontend/customer-web/src/domains/membership,applications/frontend/admin-web/src/domains/membership,POLICY_PENDING,domain-membership,retail-membership,PLANNED
127,94,messaging,messaging-platform,10,svc-0931|svc-0932|svc-0933|svc-0934|svc-0935|svc-0936|svc-0937|svc-0938|svc-0939|svc-0940,messaging-01|messaging-02|messaging-03|messaging-04|messaging-05|messaging-06|messaging-07|messaging-08|messaging-09|messaging-10,1,team-094,10,messaging_svc_01|messaging_svc_02|messaging_svc_03|messaging_svc_04|messaging_svc_05|messaging_svc_06|messaging_svc_07|messaging_svc_08|messaging_svc_09|messaging_svc_10,100,pg-cluster-501|pg-cluster-502|pg-cluster-503|pg-cluster-504|pg-cluster-505|pg-cluster-506|pg-cluster-507|pg-cluster-508|pg-cluster-509|pg-cluster-510|pg-cluster-511|pg-cluster-512|pg-cluster-513|pg-cluster-514|pg-cluster-515|pg-cluster-516|pg-cluster-517|pg-cluster-518|pg-cluster-519|pg-cluster-520|pg-cluster-521|pg-cluster-522|pg-cluster-523|pg-cluster-524|pg-cluster-525|pg-cluster-526|pg-cluster-527|pg-cluster-528|pg-cluster-529|pg-cluster-530|pg-cluster-531|pg-cluster-532|pg-cluster-533|pg-cluster-534|pg-cluster-535|pg-cluster-536|pg-cluster-537|pg-cluster-538|pg-cluster-539|pg-cluster-540|pg-cluster-541|pg-cluster-542|pg-cluster-543|pg-cluster-544|pg-cluster-545|pg-cluster-546|pg-cluster-547|pg-cluster-548|pg-cluster-549|pg-cluster-550|pg-cluster-551|pg-cluster-552|pg-cluster-553|pg-cluster-554|pg-cluster-555|pg-cluster-556|pg-cluster-557|pg-cluster-558|pg-cluster-559|pg-cluster-560|pg-cluster-561|pg-cluster-562|pg-cluster-563|pg-cluster-564|pg-cluster-565|pg-cluster-566|pg-cluster-567|pg-cluster-568|pg-cluster-569|pg-cluster-570|pg-cluster-571|pg-cluster-572|pg-cluster-573|pg-cluster-574|pg-cluster-575|pg-cluster-576|pg-cluster-577|pg-cluster-578|pg-cluster-579|pg-cluster-580|pg-cluster-581|pg-cluster-582|pg-cluster-583|pg-cluster-584|pg-cluster-585|pg-cluster-586|pg-cluster-587|pg-cluster-588|pg-cluster-589|pg-cluster-590|pg-cluster-591|pg-cluster-592|pg-cluster-593|pg-cluster-594|pg-cluster-595|pg-cluster-596|pg-cluster-597|pg-cluster-598|pg-cluster-599|pg-cluster-600,100,100,0,60,60,0,60,60,60,applications/backend/services/messaging,/api/v1/messaging,applications/frontend/customer-web/src/domains/messaging,applications/frontend/admin-web/src/domains/messaging,POLICY_PENDING,domain-messaging,retail-messaging,PLANNED
127,73,metadata,metadata-platform,10,svc-0721|svc-0722|svc-0723|svc-0724|svc-0725|svc-0726|svc-0727|svc-0728|svc-0729|svc-0730,metadata-01|metadata-02|metadata-03|metadata-04|metadata-05|metadata-06|metadata-07|metadata-08|metadata-09|metadata-10,1,team-073,10,metadata_svc_01|metadata_svc_02|metadata_svc_03|metadata_svc_04|metadata_svc_05|metadata_svc_06|metadata_svc_07|metadata_svc_08|metadata_svc_09|metadata_svc_10,100,pg-cluster-001|pg-cluster-002|pg-cluster-003|pg-cluster-004|pg-cluster-005|pg-cluster-006|pg-cluster-007|pg-cluster-008|pg-cluster-009|pg-cluster-010|pg-cluster-011|pg-cluster-012|pg-cluster-013|pg-cluster-014|pg-cluster-015|pg-cluster-016|pg-cluster-017|pg-cluster-018|pg-cluster-019|pg-cluster-020|pg-cluster-021|pg-cluster-022|pg-cluster-023|pg-cluster-024|pg-cluster-025|pg-cluster-026|pg-cluster-027|pg-cluster-028|pg-cluster-029|pg-cluster-030|pg-cluster-031|pg-cluster-032|pg-cluster-033|pg-cluster-034|pg-cluster-035|pg-cluster-036|pg-cluster-037|pg-cluster-038|pg-cluster-039|pg-cluster-040|pg-cluster-041|pg-cluster-042|pg-cluster-043|pg-cluster-044|pg-cluster-045|pg-cluster-046|pg-cluster-047|pg-cluster-048|pg-cluster-049|pg-cluster-050|pg-cluster-051|pg-cluster-052|pg-cluster-053|pg-cluster-054|pg-cluster-055|pg-cluster-056|pg-cluster-057|pg-cluster-058|pg-cluster-059|pg-cluster-060|pg-cluster-061|pg-cluster-062|pg-cluster-063|pg-cluster-064|pg-cluster-065|pg-cluster-066|pg-cluster-067|pg-cluster-068|pg-cluster-069|pg-cluster-070|pg-cluster-071|pg-cluster-072|pg-cluster-073|pg-cluster-074|pg-cluster-075|pg-cluster-076|pg-cluster-077|pg-cluster-078|pg-cluster-079|pg-cluster-080|pg-cluster-081|pg-cluster-082|pg-cluster-083|pg-cluster-084|pg-cluster-085|pg-cluster-086|pg-cluster-087|pg-cluster-088|pg-cluster-089|pg-cluster-090|pg-cluster-091|pg-cluster-092|pg-cluster-093|pg-cluster-094|pg-cluster-095|pg-cluster-096|pg-cluster-097|pg-cluster-098|pg-cluster-099|pg-cluster-100,100,100,0,60,40,0,60,60,60,applications/backend/services/metadata,/api/v1/metadata,applications/frontend/customer-web/src/domains/metadata,applications/frontend/admin-web/src/domains/metadata,POLICY_PENDING,domain-metadata,retail-metadata,PLANNED
127,78,ml,ml-platform,10,svc-0771|svc-0772|svc-0773|svc-0774|svc-0775|svc-0776|svc-0777|svc-0778|svc-0779|svc-0780,ml-01|ml-02|ml-03|ml-04|ml-05|ml-06|ml-07|ml-08|ml-09|ml-10,1,team-078,10,ml_svc_01|ml_svc_02|ml_svc_03|ml_svc_04|ml_svc_05|ml_svc_06|ml_svc_07|ml_svc_08|ml_svc_09|ml_svc_10,100,pg-cluster-501|pg-cluster-502|pg-cluster-503|pg-cluster-504|pg-cluster-505|pg-cluster-506|pg-cluster-507|pg-cluster-508|pg-cluster-509|pg-cluster-510|pg-cluster-511|pg-cluster-512|pg-cluster-513|pg-cluster-514|pg-cluster-515|pg-cluster-516|pg-cluster-517|pg-cluster-518|pg-cluster-519|pg-cluster-520|pg-cluster-521|pg-cluster-522|pg-cluster-523|pg-cluster-524|pg-cluster-525|pg-cluster-526|pg-cluster-527|pg-cluster-528|pg-cluster-529|pg-cluster-530|pg-cluster-531|pg-cluster-532|pg-cluster-533|pg-cluster-534|pg-cluster-535|pg-cluster-536|pg-cluster-537|pg-cluster-538|pg-cluster-539|pg-cluster-540|pg-cluster-541|pg-cluster-542|pg-cluster-543|pg-cluster-544|pg-cluster-545|pg-cluster-546|pg-cluster-547|pg-cluster-548|pg-cluster-549|pg-cluster-550|pg-cluster-551|pg-cluster-552|pg-cluster-553|pg-cluster-554|pg-cluster-555|pg-cluster-556|pg-cluster-557|pg-cluster-558|pg-cluster-559|pg-cluster-560|pg-cluster-561|pg-cluster-562|pg-cluster-563|pg-cluster-564|pg-cluster-565|pg-cluster-566|pg-cluster-567|pg-cluster-568|pg-cluster-569|pg-cluster-570|pg-cluster-571|pg-cluster-572|pg-cluster-573|pg-cluster-574|pg-cluster-575|pg-cluster-576|pg-cluster-577|pg-cluster-578|pg-cluster-579|pg-cluster-580|pg-cluster-581|pg-cluster-582|pg-cluster-583|pg-cluster-584|pg-cluster-585|pg-cluster-586|pg-cluster-587|pg-cluster-588|pg-cluster-589|pg-cluster-590|pg-cluster-591|pg-cluster-592|pg-cluster-593|pg-cluster-594|pg-cluster-595|pg-cluster-596|pg-cluster-597|pg-cluster-598|pg-cluster-599|pg-cluster-600,100,100,0,60,40,0,60,60,60,applications/backend/services/ml,/api/v1/ml,applications/frontend/customer-web/src/domains/ml,applications/frontend/admin-web/src/domains/ml,POLICY_PENDING,domain-ml,retail-ml,PLANNED
127,56,mobile,mobile-platform,10,svc-0551|svc-0552|svc-0553|svc-0554|svc-0555|svc-0556|svc-0557|svc-0558|svc-0559|svc-0560,mobile-01|mobile-02|mobile-03|mobile-04|mobile-05|mobile-06|mobile-07|mobile-08|mobile-09|mobile-10,1,team-056,10,mobile_svc_01|mobile_svc_02|mobile_svc_03|mobile_svc_04|mobile_svc_05|mobile_svc_06|mobile_svc_07|mobile_svc_08|mobile_svc_09|mobile_svc_10,100,pg-cluster-701|pg-cluster-702|pg-cluster-703|pg-cluster-704|pg-cluster-705|pg-cluster-706|pg-cluster-707|pg-cluster-708|pg-cluster-709|pg-cluster-710|pg-cluster-711|pg-cluster-712|pg-cluster-713|pg-cluster-714|pg-cluster-715|pg-cluster-716|pg-cluster-717|pg-cluster-718|pg-cluster-719|pg-cluster-720|pg-cluster-721|pg-cluster-722|pg-cluster-723|pg-cluster-724|pg-cluster-725|pg-cluster-726|pg-cluster-727|pg-cluster-728|pg-cluster-729|pg-cluster-730|pg-cluster-731|pg-cluster-732|pg-cluster-733|pg-cluster-734|pg-cluster-735|pg-cluster-736|pg-cluster-737|pg-cluster-738|pg-cluster-739|pg-cluster-740|pg-cluster-741|pg-cluster-742|pg-cluster-743|pg-cluster-744|pg-cluster-745|pg-cluster-746|pg-cluster-747|pg-cluster-748|pg-cluster-749|pg-cluster-750|pg-cluster-751|pg-cluster-752|pg-cluster-753|pg-cluster-754|pg-cluster-755|pg-cluster-756|pg-cluster-757|pg-cluster-758|pg-cluster-759|pg-cluster-760|pg-cluster-761|pg-cluster-762|pg-cluster-763|pg-cluster-764|pg-cluster-765|pg-cluster-766|pg-cluster-767|pg-cluster-768|pg-cluster-769|pg-cluster-770|pg-cluster-771|pg-cluster-772|pg-cluster-773|pg-cluster-774|pg-cluster-775|pg-cluster-776|pg-cluster-777|pg-cluster-778|pg-cluster-779|pg-cluster-780|pg-cluster-781|pg-cluster-782|pg-cluster-783|pg-cluster-784|pg-cluster-785|pg-cluster-786|pg-cluster-787|pg-cluster-788|pg-cluster-789|pg-cluster-790|pg-cluster-791|pg-cluster-792|pg-cluster-793|pg-cluster-794|pg-cluster-795|pg-cluster-796|pg-cluster-797|pg-cluster-798|pg-cluster-799|pg-cluster-800,100,100,0,60,20,0,60,60,60,applications/backend/services/mobile,/api/v1/mobile,applications/frontend/customer-web/src/domains/mobile,applications/frontend/admin-web/src/domains/mobile,POLICY_PENDING,domain-mobile,retail-mobile,PLANNED
127,33,notification,notification-platform,10,svc-0321|svc-0322|svc-0323|svc-0324|svc-0325|svc-0326|svc-0327|svc-0328|svc-0329|svc-0330,notification-01|notification-02|notification-03|notification-04|notification-05|notification-06|notification-07|notification-08|notification-09|notification-10,1,team-033,10,notification_svc_01|notification_svc_02|notification_svc_03|notification_svc_04|notification_svc_05|notification_svc_06|notification_svc_07|notification_svc_08|notification_svc_09|notification_svc_10,100,pg-cluster-001|pg-cluster-002|pg-cluster-003|pg-cluster-004|pg-cluster-005|pg-cluster-006|pg-cluster-007|pg-cluster-008|pg-cluster-009|pg-cluster-010|pg-cluster-011|pg-cluster-012|pg-cluster-013|pg-cluster-014|pg-cluster-015|pg-cluster-016|pg-cluster-017|pg-cluster-018|pg-cluster-019|pg-cluster-020|pg-cluster-021|pg-cluster-022|pg-cluster-023|pg-cluster-024|pg-cluster-025|pg-cluster-026|pg-cluster-027|pg-cluster-028|pg-cluster-029|pg-cluster-030|pg-cluster-031|pg-cluster-032|pg-cluster-033|pg-cluster-034|pg-cluster-035|pg-cluster-036|pg-cluster-037|pg-cluster-038|pg-cluster-039|pg-cluster-040|pg-cluster-041|pg-cluster-042|pg-cluster-043|pg-cluster-044|pg-cluster-045|pg-cluster-046|pg-cluster-047|pg-cluster-048|pg-cluster-049|pg-cluster-050|pg-cluster-051|pg-cluster-052|pg-cluster-053|pg-cluster-054|pg-cluster-055|pg-cluster-056|pg-cluster-057|pg-cluster-058|pg-cluster-059|pg-cluster-060|pg-cluster-061|pg-cluster-062|pg-cluster-063|pg-cluster-064|pg-cluster-065|pg-cluster-066|pg-cluster-067|pg-cluster-068|pg-cluster-069|pg-cluster-070|pg-cluster-071|pg-cluster-072|pg-cluster-073|pg-cluster-074|pg-cluster-075|pg-cluster-076|pg-cluster-077|pg-cluster-078|pg-cluster-079|pg-cluster-080|pg-cluster-081|pg-cluster-082|pg-cluster-083|pg-cluster-084|pg-cluster-085|pg-cluster-086|pg-cluster-087|pg-cluster-088|pg-cluster-089|pg-cluster-090|pg-cluster-091|pg-cluster-092|pg-cluster-093|pg-cluster-094|pg-cluster-095|pg-cluster-096|pg-cluster-097|pg-cluster-098|pg-cluster-099|pg-cluster-100,100,100,0,60,80,0,60,60,60,applications/backend/services/notification,/api/v1/notification,applications/frontend/customer-web/src/domains/notification,applications/frontend/admin-web/src/domains/notification,POLICY_PENDING,domain-notification,retail-notification,PLANNED
127,65,observability,observability-platform,10,svc-0641|svc-0642|svc-0643|svc-0644|svc-0645|svc-0646|svc-0647|svc-0648|svc-0649|svc-0650,observability-01|observability-02|observability-03|observability-04|observability-05|observability-06|observability-07|observability-08|observability-09|observability-10,1,team-065,10,observability_svc_01|observability_svc_02|observability_svc_03|observability_svc_04|observability_svc_05|observability_svc_06|observability_svc_07|observability_svc_08|observability_svc_09|observability_svc_10,100,pg-cluster-001|pg-cluster-002|pg-cluster-003|pg-cluster-004|pg-cluster-005|pg-cluster-006|pg-cluster-007|pg-cluster-008|pg-cluster-009|pg-cluster-010|pg-cluster-011|pg-cluster-012|pg-cluster-013|pg-cluster-014|pg-cluster-015|pg-cluster-016|pg-cluster-017|pg-cluster-018|pg-cluster-019|pg-cluster-020|pg-cluster-021|pg-cluster-022|pg-cluster-023|pg-cluster-024|pg-cluster-025|pg-cluster-026|pg-cluster-027|pg-cluster-028|pg-cluster-029|pg-cluster-030|pg-cluster-031|pg-cluster-032|pg-cluster-033|pg-cluster-034|pg-cluster-035|pg-cluster-036|pg-cluster-037|pg-cluster-038|pg-cluster-039|pg-cluster-040|pg-cluster-041|pg-cluster-042|pg-cluster-043|pg-cluster-044|pg-cluster-045|pg-cluster-046|pg-cluster-047|pg-cluster-048|pg-cluster-049|pg-cluster-050|pg-cluster-051|pg-cluster-052|pg-cluster-053|pg-cluster-054|pg-cluster-055|pg-cluster-056|pg-cluster-057|pg-cluster-058|pg-cluster-059|pg-cluster-060|pg-cluster-061|pg-cluster-062|pg-cluster-063|pg-cluster-064|pg-cluster-065|pg-cluster-066|pg-cluster-067|pg-cluster-068|pg-cluster-069|pg-cluster-070|pg-cluster-071|pg-cluster-072|pg-cluster-073|pg-cluster-074|pg-cluster-075|pg-cluster-076|pg-cluster-077|pg-cluster-078|pg-cluster-079|pg-cluster-080|pg-cluster-081|pg-cluster-082|pg-cluster-083|pg-cluster-084|pg-cluster-085|pg-cluster-086|pg-cluster-087|pg-cluster-088|pg-cluster-089|pg-cluster-090|pg-cluster-091|pg-cluster-092|pg-cluster-093|pg-cluster-094|pg-cluster-095|pg-cluster-096|pg-cluster-097|pg-cluster-098|pg-cluster-099|pg-cluster-100,100,100,0,60,40,0,60,60,60,applications/backend/services/observability,/api/v1/observability,applications/frontend/customer-web/src/domains/observability,applications/frontend/admin-web/src/domains/observability,POLICY_PENDING,domain-observability,retail-observability,PLANNED
127,63,operations,operations-platform,10,svc-0621|svc-0622|svc-0623|svc-0624|svc-0625|svc-0626|svc-0627|svc-0628|svc-0629|svc-0630,operations-01|operations-02|operations-03|operations-04|operations-05|operations-06|operations-07|operations-08|operations-09|operations-10,1,team-063,10,operations_svc_01|operations_svc_02|operations_svc_03|operations_svc_04|operations_svc_05|operations_svc_06|operations_svc_07|operations_svc_08|operations_svc_09|operations_svc_10,100,pg-cluster-601|pg-cluster-602|pg-cluster-603|pg-cluster-604|pg-cluster-605|pg-cluster-606|pg-cluster-607|pg-cluster-608|pg-cluster-609|pg-cluster-610|pg-cluster-611|pg-cluster-612|pg-cluster-613|pg-cluster-614|pg-cluster-615|pg-cluster-616|pg-cluster-617|pg-cluster-618|pg-cluster-619|pg-cluster-620|pg-cluster-621|pg-cluster-622|pg-cluster-623|pg-cluster-624|pg-cluster-625|pg-cluster-626|pg-cluster-627|pg-cluster-628|pg-cluster-629|pg-cluster-630|pg-cluster-631|pg-cluster-632|pg-cluster-633|pg-cluster-634|pg-cluster-635|pg-cluster-636|pg-cluster-637|pg-cluster-638|pg-cluster-639|pg-cluster-640|pg-cluster-641|pg-cluster-642|pg-cluster-643|pg-cluster-644|pg-cluster-645|pg-cluster-646|pg-cluster-647|pg-cluster-648|pg-cluster-649|pg-cluster-650|pg-cluster-651|pg-cluster-652|pg-cluster-653|pg-cluster-654|pg-cluster-655|pg-cluster-656|pg-cluster-657|pg-cluster-658|pg-cluster-659|pg-cluster-660|pg-cluster-661|pg-cluster-662|pg-cluster-663|pg-cluster-664|pg-cluster-665|pg-cluster-666|pg-cluster-667|pg-cluster-668|pg-cluster-669|pg-cluster-670|pg-cluster-671|pg-cluster-672|pg-cluster-673|pg-cluster-674|pg-cluster-675|pg-cluster-676|pg-cluster-677|pg-cluster-678|pg-cluster-679|pg-cluster-680|pg-cluster-681|pg-cluster-682|pg-cluster-683|pg-cluster-684|pg-cluster-685|pg-cluster-686|pg-cluster-687|pg-cluster-688|pg-cluster-689|pg-cluster-690|pg-cluster-691|pg-cluster-692|pg-cluster-693|pg-cluster-694|pg-cluster-695|pg-cluster-696|pg-cluster-697|pg-cluster-698|pg-cluster-699|pg-cluster-700,100,100,0,60,40,0,60,60,60,applications/backend/services/operations,/api/v1/operations,applications/frontend/customer-web/src/domains/operations,applications/frontend/admin-web/src/domains/operations,POLICY_PENDING,domain-operations,retail-operations,PLANNED
127,14,order,order-platform,10,svc-0131|svc-0132|svc-0133|svc-0134|svc-0135|svc-0136|svc-0137|svc-0138|svc-0139|svc-0140,order-01|order-02|order-03|order-04|order-05|order-06|order-07|order-08|order-09|order-10,1,team-014,10,order_svc_01|order_svc_02|order_svc_03|order_svc_04|order_svc_05|order_svc_06|order_svc_07|order_svc_08|order_svc_09|order_svc_10,100,pg-cluster-501|pg-cluster-502|pg-cluster-503|pg-cluster-504|pg-cluster-505|pg-cluster-506|pg-cluster-507|pg-cluster-508|pg-cluster-509|pg-cluster-510|pg-cluster-511|pg-cluster-512|pg-cluster-513|pg-cluster-514|pg-cluster-515|pg-cluster-516|pg-cluster-517|pg-cluster-518|pg-cluster-519|pg-cluster-520|pg-cluster-521|pg-cluster-522|pg-cluster-523|pg-cluster-524|pg-cluster-525|pg-cluster-526|pg-cluster-527|pg-cluster-528|pg-cluster-529|pg-cluster-530|pg-cluster-531|pg-cluster-532|pg-cluster-533|pg-cluster-534|pg-cluster-535|pg-cluster-536|pg-cluster-537|pg-cluster-538|pg-cluster-539|pg-cluster-540|pg-cluster-541|pg-cluster-542|pg-cluster-543|pg-cluster-544|pg-cluster-545|pg-cluster-546|pg-cluster-547|pg-cluster-548|pg-cluster-549|pg-cluster-550|pg-cluster-551|pg-cluster-552|pg-cluster-553|pg-cluster-554|pg-cluster-555|pg-cluster-556|pg-cluster-557|pg-cluster-558|pg-cluster-559|pg-cluster-560|pg-cluster-561|pg-cluster-562|pg-cluster-563|pg-cluster-564|pg-cluster-565|pg-cluster-566|pg-cluster-567|pg-cluster-568|pg-cluster-569|pg-cluster-570|pg-cluster-571|pg-cluster-572|pg-cluster-573|pg-cluster-574|pg-cluster-575|pg-cluster-576|pg-cluster-577|pg-cluster-578|pg-cluster-579|pg-cluster-580|pg-cluster-581|pg-cluster-582|pg-cluster-583|pg-cluster-584|pg-cluster-585|pg-cluster-586|pg-cluster-587|pg-cluster-588|pg-cluster-589|pg-cluster-590|pg-cluster-591|pg-cluster-592|pg-cluster-593|pg-cluster-594|pg-cluster-595|pg-cluster-596|pg-cluster-597|pg-cluster-598|pg-cluster-599|pg-cluster-600,100,100,0,80,420,0,80,80,80,applications/backend/services/order,/api/v1/order,applications/frontend/customer-web/src/domains/order,applications/frontend/admin-web/src/domains/order,POLICY_PENDING,domain-order,retail-order,PLANNED
127,49,outbox,outbox-platform,10,svc-0481|svc-0482|svc-0483|svc-0484|svc-0485|svc-0486|svc-0487|svc-0488|svc-0489|svc-0490,outbox-01|outbox-02|outbox-03|outbox-04|outbox-05|outbox-06|outbox-07|outbox-08|outbox-09|outbox-10,1,team-049,10,outbox_svc_01|outbox_svc_02|outbox_svc_03|outbox_svc_04|outbox_svc_05|outbox_svc_06|outbox_svc_07|outbox_svc_08|outbox_svc_09|outbox_svc_10,100,pg-cluster-001|pg-cluster-002|pg-cluster-003|pg-cluster-004|pg-cluster-005|pg-cluster-006|pg-cluster-007|pg-cluster-008|pg-cluster-009|pg-cluster-010|pg-cluster-011|pg-cluster-012|pg-cluster-013|pg-cluster-014|pg-cluster-015|pg-cluster-016|pg-cluster-017|pg-cluster-018|pg-cluster-019|pg-cluster-020|pg-cluster-021|pg-cluster-022|pg-cluster-023|pg-cluster-024|pg-cluster-025|pg-cluster-026|pg-cluster-027|pg-cluster-028|pg-cluster-029|pg-cluster-030|pg-cluster-031|pg-cluster-032|pg-cluster-033|pg-cluster-034|pg-cluster-035|pg-cluster-036|pg-cluster-037|pg-cluster-038|pg-cluster-039|pg-cluster-040|pg-cluster-041|pg-cluster-042|pg-cluster-043|pg-cluster-044|pg-cluster-045|pg-cluster-046|pg-cluster-047|pg-cluster-048|pg-cluster-049|pg-cluster-050|pg-cluster-051|pg-cluster-052|pg-cluster-053|pg-cluster-054|pg-cluster-055|pg-cluster-056|pg-cluster-057|pg-cluster-058|pg-cluster-059|pg-cluster-060|pg-cluster-061|pg-cluster-062|pg-cluster-063|pg-cluster-064|pg-cluster-065|pg-cluster-066|pg-cluster-067|pg-cluster-068|pg-cluster-069|pg-cluster-070|pg-cluster-071|pg-cluster-072|pg-cluster-073|pg-cluster-074|pg-cluster-075|pg-cluster-076|pg-cluster-077|pg-cluster-078|pg-cluster-079|pg-cluster-080|pg-cluster-081|pg-cluster-082|pg-cluster-083|pg-cluster-084|pg-cluster-085|pg-cluster-086|pg-cluster-087|pg-cluster-088|pg-cluster-089|pg-cluster-090|pg-cluster-091|pg-cluster-092|pg-cluster-093|pg-cluster-094|pg-cluster-095|pg-cluster-096|pg-cluster-097|pg-cluster-098|pg-cluster-099|pg-cluster-100,100,100,0,60,40,1,59,59,59,applications/backend/services/outbox,/api/v1/outbox,applications/frontend/customer-web/src/domains/outbox,applications/frontend/admin-web/src/domains/outbox,POLICY_PENDING,domain-outbox,retail-outbox,PLANNED
127,15,payment,payment-platform,10,svc-0141|svc-0142|svc-0143|svc-0144|svc-0145|svc-0146|svc-0147|svc-0148|svc-0149|svc-0150,payment-01|payment-02|payment-03|payment-04|payment-05|payment-06|payment-07|payment-08|payment-09|payment-10,1,team-015,10,payment_svc_01|payment_svc_02|payment_svc_03|payment_svc_04|payment_svc_05|payment_svc_06|payment_svc_07|payment_svc_08|payment_svc_09|payment_svc_10,100,pg-cluster-601|pg-cluster-602|pg-cluster-603|pg-cluster-604|pg-cluster-605|pg-cluster-606|pg-cluster-607|pg-cluster-608|pg-cluster-609|pg-cluster-610|pg-cluster-611|pg-cluster-612|pg-cluster-613|pg-cluster-614|pg-cluster-615|pg-cluster-616|pg-cluster-617|pg-cluster-618|pg-cluster-619|pg-cluster-620|pg-cluster-621|pg-cluster-622|pg-cluster-623|pg-cluster-624|pg-cluster-625|pg-cluster-626|pg-cluster-627|pg-cluster-628|pg-cluster-629|pg-cluster-630|pg-cluster-631|pg-cluster-632|pg-cluster-633|pg-cluster-634|pg-cluster-635|pg-cluster-636|pg-cluster-637|pg-cluster-638|pg-cluster-639|pg-cluster-640|pg-cluster-641|pg-cluster-642|pg-cluster-643|pg-cluster-644|pg-cluster-645|pg-cluster-646|pg-cluster-647|pg-cluster-648|pg-cluster-649|pg-cluster-650|pg-cluster-651|pg-cluster-652|pg-cluster-653|pg-cluster-654|pg-cluster-655|pg-cluster-656|pg-cluster-657|pg-cluster-658|pg-cluster-659|pg-cluster-660|pg-cluster-661|pg-cluster-662|pg-cluster-663|pg-cluster-664|pg-cluster-665|pg-cluster-666|pg-cluster-667|pg-cluster-668|pg-cluster-669|pg-cluster-670|pg-cluster-671|pg-cluster-672|pg-cluster-673|pg-cluster-674|pg-cluster-675|pg-cluster-676|pg-cluster-677|pg-cluster-678|pg-cluster-679|pg-cluster-680|pg-cluster-681|pg-cluster-682|pg-cluster-683|pg-cluster-684|pg-cluster-685|pg-cluster-686|pg-cluster-687|pg-cluster-688|pg-cluster-689|pg-cluster-690|pg-cluster-691|pg-cluster-692|pg-cluster-693|pg-cluster-694|pg-cluster-695|pg-cluster-696|pg-cluster-697|pg-cluster-698|pg-cluster-699|pg-cluster-700,100,67,33,80,280,0,80,80,80,applications/backend/services/payment,/api/v1/payment,applications/frontend/customer-web/src/domains/payment,applications/frontend/admin-web/src/domains/payment,POLICY_PENDING,domain-payment,retail-payment,PLANNED
127,42,payout,payout-platform,10,svc-0411|svc-0412|svc-0413|svc-0414|svc-0415|svc-0416|svc-0417|svc-0418|svc-0419|svc-0420,payout-01|payout-02|payout-03|payout-04|payout-05|payout-06|payout-07|payout-08|payout-09|payout-10,1,team-042,10,payout_svc_01|payout_svc_02|payout_svc_03|payout_svc_04|payout_svc_05|payout_svc_06|payout_svc_07|payout_svc_08|payout_svc_09|payout_svc_10,100,pg-cluster-101|pg-cluster-102|pg-cluster-103|pg-cluster-104|pg-cluster-105|pg-cluster-106|pg-cluster-107|pg-cluster-108|pg-cluster-109|pg-cluster-110|pg-cluster-111|pg-cluster-112|pg-cluster-113|pg-cluster-114|pg-cluster-115|pg-cluster-116|pg-cluster-117|pg-cluster-118|pg-cluster-119|pg-cluster-120|pg-cluster-121|pg-cluster-122|pg-cluster-123|pg-cluster-124|pg-cluster-125|pg-cluster-126|pg-cluster-127|pg-cluster-128|pg-cluster-129|pg-cluster-130|pg-cluster-131|pg-cluster-132|pg-cluster-133|pg-cluster-134|pg-cluster-135|pg-cluster-136|pg-cluster-137|pg-cluster-138|pg-cluster-139|pg-cluster-140|pg-cluster-141|pg-cluster-142|pg-cluster-143|pg-cluster-144|pg-cluster-145|pg-cluster-146|pg-cluster-147|pg-cluster-148|pg-cluster-149|pg-cluster-150|pg-cluster-151|pg-cluster-152|pg-cluster-153|pg-cluster-154|pg-cluster-155|pg-cluster-156|pg-cluster-157|pg-cluster-158|pg-cluster-159|pg-cluster-160|pg-cluster-161|pg-cluster-162|pg-cluster-163|pg-cluster-164|pg-cluster-165|pg-cluster-166|pg-cluster-167|pg-cluster-168|pg-cluster-169|pg-cluster-170|pg-cluster-171|pg-cluster-172|pg-cluster-173|pg-cluster-174|pg-cluster-175|pg-cluster-176|pg-cluster-177|pg-cluster-178|pg-cluster-179|pg-cluster-180|pg-cluster-181|pg-cluster-182|pg-cluster-183|pg-cluster-184|pg-cluster-185|pg-cluster-186|pg-cluster-187|pg-cluster-188|pg-cluster-189|pg-cluster-190|pg-cluster-191|pg-cluster-192|pg-cluster-193|pg-cluster-194|pg-cluster-195|pg-cluster-196|pg-cluster-197|pg-cluster-198|pg-cluster-199|pg-cluster-200,100,100,0,60,0,0,60,60,60,applications/backend/services/payout,/api/v1/payout,applications/frontend/customer-web/src/domains/payout,applications/frontend/admin-web/src/domains/payout,POLICY_PENDING,domain-payout,retail-payout,PLANNED
127,79,personalization,personalization-platform,10,svc-0781|svc-0782|svc-0783|svc-0784|svc-0785|svc-0786|svc-0787|svc-0788|svc-0789|svc-0790,personalization-01|personalization-02|personalization-03|personalization-04|personalization-05|personalization-06|personalization-07|personalization-08|personalization-09|personalization-10,1,team-079,10,personalization_svc_01|personalization_svc_02|personalization_svc_03|personalization_svc_04|personalization_svc_05|personalization_svc_06|personalization_svc_07|personalization_svc_08|personalization_svc_09|personalization_svc_10,100,pg-cluster-601|pg-cluster-602|pg-cluster-603|pg-cluster-604|pg-cluster-605|pg-cluster-606|pg-cluster-607|pg-cluster-608|pg-cluster-609|pg-cluster-610|pg-cluster-611|pg-cluster-612|pg-cluster-613|pg-cluster-614|pg-cluster-615|pg-cluster-616|pg-cluster-617|pg-cluster-618|pg-cluster-619|pg-cluster-620|pg-cluster-621|pg-cluster-622|pg-cluster-623|pg-cluster-624|pg-cluster-625|pg-cluster-626|pg-cluster-627|pg-cluster-628|pg-cluster-629|pg-cluster-630|pg-cluster-631|pg-cluster-632|pg-cluster-633|pg-cluster-634|pg-cluster-635|pg-cluster-636|pg-cluster-637|pg-cluster-638|pg-cluster-639|pg-cluster-640|pg-cluster-641|pg-cluster-642|pg-cluster-643|pg-cluster-644|pg-cluster-645|pg-cluster-646|pg-cluster-647|pg-cluster-648|pg-cluster-649|pg-cluster-650|pg-cluster-651|pg-cluster-652|pg-cluster-653|pg-cluster-654|pg-cluster-655|pg-cluster-656|pg-cluster-657|pg-cluster-658|pg-cluster-659|pg-cluster-660|pg-cluster-661|pg-cluster-662|pg-cluster-663|pg-cluster-664|pg-cluster-665|pg-cluster-666|pg-cluster-667|pg-cluster-668|pg-cluster-669|pg-cluster-670|pg-cluster-671|pg-cluster-672|pg-cluster-673|pg-cluster-674|pg-cluster-675|pg-cluster-676|pg-cluster-677|pg-cluster-678|pg-cluster-679|pg-cluster-680|pg-cluster-681|pg-cluster-682|pg-cluster-683|pg-cluster-684|pg-cluster-685|pg-cluster-686|pg-cluster-687|pg-cluster-688|pg-cluster-689|pg-cluster-690|pg-cluster-691|pg-cluster-692|pg-cluster-693|pg-cluster-694|pg-cluster-695|pg-cluster-696|pg-cluster-697|pg-cluster-698|pg-cluster-699|pg-cluster-700,100,100,0,60,20,0,60,60,60,applications/backend/services/personalization,/api/v1/personalization,applications/frontend/customer-web/src/domains/personalization,applications/frontend/admin-web/src/domains/personalization,POLICY_PENDING,domain-personalization,retail-personalization,PLANNED
127,81,planning,planning-platform,10,svc-0801|svc-0802|svc-0803|svc-0804|svc-0805|svc-0806|svc-0807|svc-0808|svc-0809|svc-0810,planning-01|planning-02|planning-03|planning-04|planning-05|planning-06|planning-07|planning-08|planning-09|planning-10,1,team-081,10,planning_svc_01|planning_svc_02|planning_svc_03|planning_svc_04|planning_svc_05|planning_svc_06|planning_svc_07|planning_svc_08|planning_svc_09|planning_svc_10,100,pg-cluster-001|pg-cluster-002|pg-cluster-003|pg-cluster-004|pg-cluster-005|pg-cluster-006|pg-cluster-007|pg-cluster-008|pg-cluster-009|pg-cluster-010|pg-cluster-011|pg-cluster-012|pg-cluster-013|pg-cluster-014|pg-cluster-015|pg-cluster-016|pg-cluster-017|pg-cluster-018|pg-cluster-019|pg-cluster-020|pg-cluster-021|pg-cluster-022|pg-cluster-023|pg-cluster-024|pg-cluster-025|pg-cluster-026|pg-cluster-027|pg-cluster-028|pg-cluster-029|pg-cluster-030|pg-cluster-031|pg-cluster-032|pg-cluster-033|pg-cluster-034|pg-cluster-035|pg-cluster-036|pg-cluster-037|pg-cluster-038|pg-cluster-039|pg-cluster-040|pg-cluster-041|pg-cluster-042|pg-cluster-043|pg-cluster-044|pg-cluster-045|pg-cluster-046|pg-cluster-047|pg-cluster-048|pg-cluster-049|pg-cluster-050|pg-cluster-051|pg-cluster-052|pg-cluster-053|pg-cluster-054|pg-cluster-055|pg-cluster-056|pg-cluster-057|pg-cluster-058|pg-cluster-059|pg-cluster-060|pg-cluster-061|pg-cluster-062|pg-cluster-063|pg-cluster-064|pg-cluster-065|pg-cluster-066|pg-cluster-067|pg-cluster-068|pg-cluster-069|pg-cluster-070|pg-cluster-071|pg-cluster-072|pg-cluster-073|pg-cluster-074|pg-cluster-075|pg-cluster-076|pg-cluster-077|pg-cluster-078|pg-cluster-079|pg-cluster-080|pg-cluster-081|pg-cluster-082|pg-cluster-083|pg-cluster-084|pg-cluster-085|pg-cluster-086|pg-cluster-087|pg-cluster-088|pg-cluster-089|pg-cluster-090|pg-cluster-091|pg-cluster-092|pg-cluster-093|pg-cluster-094|pg-cluster-095|pg-cluster-096|pg-cluster-097|pg-cluster-098|pg-cluster-099|pg-cluster-100,100,100,0,60,40,0,60,60,60,applications/backend/services/planning,/api/v1/planning,applications/frontend/customer-web/src/domains/planning,applications/frontend/admin-web/src/domains/planning,POLICY_PENDING,domain-planning,retail-planning,PLANNED
127,64,platform,platform-platform,10,svc-0631|svc-0632|svc-0633|svc-0634|svc-0635|svc-0636|svc-0637|svc-0638|svc-0639|svc-0640,platform-01|platform-02|platform-03|platform-04|platform-05|platform-06|platform-07|platform-08|platform-09|platform-10,1,team-064,10,platform_svc_01|platform_svc_02|platform_svc_03|platform_svc_04|platform_svc_05|platform_svc_06|platform_svc_07|platform_svc_08|platform_svc_09|platform_svc_10,100,pg-cluster-701|pg-cluster-702|pg-cluster-703|pg-cluster-704|pg-cluster-705|pg-cluster-706|pg-cluster-707|pg-cluster-708|pg-cluster-709|pg-cluster-710|pg-cluster-711|pg-cluster-712|pg-cluster-713|pg-cluster-714|pg-cluster-715|pg-cluster-716|pg-cluster-717|pg-cluster-718|pg-cluster-719|pg-cluster-720|pg-cluster-721|pg-cluster-722|pg-cluster-723|pg-cluster-724|pg-cluster-725|pg-cluster-726|pg-cluster-727|pg-cluster-728|pg-cluster-729|pg-cluster-730|pg-cluster-731|pg-cluster-732|pg-cluster-733|pg-cluster-734|pg-cluster-735|pg-cluster-736|pg-cluster-737|pg-cluster-738|pg-cluster-739|pg-cluster-740|pg-cluster-741|pg-cluster-742|pg-cluster-743|pg-cluster-744|pg-cluster-745|pg-cluster-746|pg-cluster-747|pg-cluster-748|pg-cluster-749|pg-cluster-750|pg-cluster-751|pg-cluster-752|pg-cluster-753|pg-cluster-754|pg-cluster-755|pg-cluster-756|pg-cluster-757|pg-cluster-758|pg-cluster-759|pg-cluster-760|pg-cluster-761|pg-cluster-762|pg-cluster-763|pg-cluster-764|pg-cluster-765|pg-cluster-766|pg-cluster-767|pg-cluster-768|pg-cluster-769|pg-cluster-770|pg-cluster-771|pg-cluster-772|pg-cluster-773|pg-cluster-774|pg-cluster-775|pg-cluster-776|pg-cluster-777|pg-cluster-778|pg-cluster-779|pg-cluster-780|pg-cluster-781|pg-cluster-782|pg-cluster-783|pg-cluster-784|pg-cluster-785|pg-cluster-786|pg-cluster-787|pg-cluster-788|pg-cluster-789|pg-cluster-790|pg-cluster-791|pg-cluster-792|pg-cluster-793|pg-cluster-794|pg-cluster-795|pg-cluster-796|pg-cluster-797|pg-cluster-798|pg-cluster-799|pg-cluster-800,100,100,0,60,40,0,60,60,60,applications/backend/services/platform,/api/v1/platform,applications/frontend/customer-web/src/domains/platform,applications/frontend/admin-web/src/domains/platform,POLICY_PENDING,domain-platform,retail-platform,PLANNED
127,59,pos,pos-platform,10,svc-0581|svc-0582|svc-0583|svc-0584|svc-0585|svc-0586|svc-0587|svc-0588|svc-0589|svc-0590,pos-01|pos-02|pos-03|pos-04|pos-05|pos-06|pos-07|pos-08|pos-09|pos-10,1,team-059,10,pos_svc_01|pos_svc_02|pos_svc_03|pos_svc_04|pos_svc_05|pos_svc_06|pos_svc_07|pos_svc_08|pos_svc_09|pos_svc_10,100,pg-cluster-201|pg-cluster-202|pg-cluster-203|pg-cluster-204|pg-cluster-205|pg-cluster-206|pg-cluster-207|pg-cluster-208|pg-cluster-209|pg-cluster-210|pg-cluster-211|pg-cluster-212|pg-cluster-213|pg-cluster-214|pg-cluster-215|pg-cluster-216|pg-cluster-217|pg-cluster-218|pg-cluster-219|pg-cluster-220|pg-cluster-221|pg-cluster-222|pg-cluster-223|pg-cluster-224|pg-cluster-225|pg-cluster-226|pg-cluster-227|pg-cluster-228|pg-cluster-229|pg-cluster-230|pg-cluster-231|pg-cluster-232|pg-cluster-233|pg-cluster-234|pg-cluster-235|pg-cluster-236|pg-cluster-237|pg-cluster-238|pg-cluster-239|pg-cluster-240|pg-cluster-241|pg-cluster-242|pg-cluster-243|pg-cluster-244|pg-cluster-245|pg-cluster-246|pg-cluster-247|pg-cluster-248|pg-cluster-249|pg-cluster-250|pg-cluster-251|pg-cluster-252|pg-cluster-253|pg-cluster-254|pg-cluster-255|pg-cluster-256|pg-cluster-257|pg-cluster-258|pg-cluster-259|pg-cluster-260|pg-cluster-261|pg-cluster-262|pg-cluster-263|pg-cluster-264|pg-cluster-265|pg-cluster-266|pg-cluster-267|pg-cluster-268|pg-cluster-269|pg-cluster-270|pg-cluster-271|pg-cluster-272|pg-cluster-273|pg-cluster-274|pg-cluster-275|pg-cluster-276|pg-cluster-277|pg-cluster-278|pg-cluster-279|pg-cluster-280|pg-cluster-281|pg-cluster-282|pg-cluster-283|pg-cluster-284|pg-cluster-285|pg-cluster-286|pg-cluster-287|pg-cluster-288|pg-cluster-289|pg-cluster-290|pg-cluster-291|pg-cluster-292|pg-cluster-293|pg-cluster-294|pg-cluster-295|pg-cluster-296|pg-cluster-297|pg-cluster-298|pg-cluster-299|pg-cluster-300,100,100,0,60,20,0,60,60,60,applications/backend/services/pos,/api/v1/pos,applications/frontend/customer-web/src/domains/pos,applications/frontend/admin-web/src/domains/pos,POLICY_PENDING,domain-pos,retail-pos,PLANNED
127,7,pricing,pricing-platform,10,svc-0061|svc-0062|svc-0063|svc-0064|svc-0065|svc-0066|svc-0067|svc-0068|svc-0069|svc-0070,pricing-01|pricing-02|pricing-03|pricing-04|pricing-05|pricing-06|pricing-07|pricing-08|pricing-09|pricing-10,1,team-007,10,pricing_svc_01|pricing_svc_02|pricing_svc_03|pricing_svc_04|pricing_svc_05|pricing_svc_06|pricing_svc_07|pricing_svc_08|pricing_svc_09|pricing_svc_10,100,pg-cluster-601|pg-cluster-602|pg-cluster-603|pg-cluster-604|pg-cluster-605|pg-cluster-606|pg-cluster-607|pg-cluster-608|pg-cluster-609|pg-cluster-610|pg-cluster-611|pg-cluster-612|pg-cluster-613|pg-cluster-614|pg-cluster-615|pg-cluster-616|pg-cluster-617|pg-cluster-618|pg-cluster-619|pg-cluster-620|pg-cluster-621|pg-cluster-622|pg-cluster-623|pg-cluster-624|pg-cluster-625|pg-cluster-626|pg-cluster-627|pg-cluster-628|pg-cluster-629|pg-cluster-630|pg-cluster-631|pg-cluster-632|pg-cluster-633|pg-cluster-634|pg-cluster-635|pg-cluster-636|pg-cluster-637|pg-cluster-638|pg-cluster-639|pg-cluster-640|pg-cluster-641|pg-cluster-642|pg-cluster-643|pg-cluster-644|pg-cluster-645|pg-cluster-646|pg-cluster-647|pg-cluster-648|pg-cluster-649|pg-cluster-650|pg-cluster-651|pg-cluster-652|pg-cluster-653|pg-cluster-654|pg-cluster-655|pg-cluster-656|pg-cluster-657|pg-cluster-658|pg-cluster-659|pg-cluster-660|pg-cluster-661|pg-cluster-662|pg-cluster-663|pg-cluster-664|pg-cluster-665|pg-cluster-666|pg-cluster-667|pg-cluster-668|pg-cluster-669|pg-cluster-670|pg-cluster-671|pg-cluster-672|pg-cluster-673|pg-cluster-674|pg-cluster-675|pg-cluster-676|pg-cluster-677|pg-cluster-678|pg-cluster-679|pg-cluster-680|pg-cluster-681|pg-cluster-682|pg-cluster-683|pg-cluster-684|pg-cluster-685|pg-cluster-686|pg-cluster-687|pg-cluster-688|pg-cluster-689|pg-cluster-690|pg-cluster-691|pg-cluster-692|pg-cluster-693|pg-cluster-694|pg-cluster-695|pg-cluster-696|pg-cluster-697|pg-cluster-698|pg-cluster-699|pg-cluster-700,100,100,0,60,160,0,60,60,60,applications/backend/services/pricing,/api/v1/pricing,applications/frontend/customer-web/src/domains/pricing,applications/frontend/admin-web/src/domains/pricing,POLICY_PENDING,domain-pricing,retail-pricing,PLANNED
127,45,privacy,privacy-platform,10,svc-0441|svc-0442|svc-0443|svc-0444|svc-0445|svc-0446|svc-0447|svc-0448|svc-0449|svc-0450,privacy-01|privacy-02|privacy-03|privacy-04|privacy-05|privacy-06|privacy-07|privacy-08|privacy-09|privacy-10,1,team-045,10,privacy_svc_01|privacy_svc_02|privacy_svc_03|privacy_svc_04|privacy_svc_05|privacy_svc_06|privacy_svc_07|privacy_svc_08|privacy_svc_09|privacy_svc_10,100,pg-cluster-401|pg-cluster-402|pg-cluster-403|pg-cluster-404|pg-cluster-405|pg-cluster-406|pg-cluster-407|pg-cluster-408|pg-cluster-409|pg-cluster-410|pg-cluster-411|pg-cluster-412|pg-cluster-413|pg-cluster-414|pg-cluster-415|pg-cluster-416|pg-cluster-417|pg-cluster-418|pg-cluster-419|pg-cluster-420|pg-cluster-421|pg-cluster-422|pg-cluster-423|pg-cluster-424|pg-cluster-425|pg-cluster-426|pg-cluster-427|pg-cluster-428|pg-cluster-429|pg-cluster-430|pg-cluster-431|pg-cluster-432|pg-cluster-433|pg-cluster-434|pg-cluster-435|pg-cluster-436|pg-cluster-437|pg-cluster-438|pg-cluster-439|pg-cluster-440|pg-cluster-441|pg-cluster-442|pg-cluster-443|pg-cluster-444|pg-cluster-445|pg-cluster-446|pg-cluster-447|pg-cluster-448|pg-cluster-449|pg-cluster-450|pg-cluster-451|pg-cluster-452|pg-cluster-453|pg-cluster-454|pg-cluster-455|pg-cluster-456|pg-cluster-457|pg-cluster-458|pg-cluster-459|pg-cluster-460|pg-cluster-461|pg-cluster-462|pg-cluster-463|pg-cluster-464|pg-cluster-465|pg-cluster-466|pg-cluster-467|pg-cluster-468|pg-cluster-469|pg-cluster-470|pg-cluster-471|pg-cluster-472|pg-cluster-473|pg-cluster-474|pg-cluster-475|pg-cluster-476|pg-cluster-477|pg-cluster-478|pg-cluster-479|pg-cluster-480|pg-cluster-481|pg-cluster-482|pg-cluster-483|pg-cluster-484|pg-cluster-485|pg-cluster-486|pg-cluster-487|pg-cluster-488|pg-cluster-489|pg-cluster-490|pg-cluster-491|pg-cluster-492|pg-cluster-493|pg-cluster-494|pg-cluster-495|pg-cluster-496|pg-cluster-497|pg-cluster-498|pg-cluster-499|pg-cluster-500,100,67,33,60,60,0,60,60,60,applications/backend/services/privacy,/api/v1/privacy,applications/frontend/customer-web/src/domains/privacy,applications/frontend/admin-web/src/domains/privacy,POLICY_PENDING,domain-privacy,retail-privacy,PLANNED
127,11,procurement,procurement-platform,10,svc-0101|svc-0102|svc-0103|svc-0104|svc-0105|svc-0106|svc-0107|svc-0108|svc-0109|svc-0110,procurement-01|procurement-02|procurement-03|procurement-04|procurement-05|procurement-06|procurement-07|procurement-08|procurement-09|procurement-10,1,team-011,10,procurement_svc_01|procurement_svc_02|procurement_svc_03|procurement_svc_04|procurement_svc_05|procurement_svc_06|procurement_svc_07|procurement_svc_08|procurement_svc_09|procurement_svc_10,100,pg-cluster-201|pg-cluster-202|pg-cluster-203|pg-cluster-204|pg-cluster-205|pg-cluster-206|pg-cluster-207|pg-cluster-208|pg-cluster-209|pg-cluster-210|pg-cluster-211|pg-cluster-212|pg-cluster-213|pg-cluster-214|pg-cluster-215|pg-cluster-216|pg-cluster-217|pg-cluster-218|pg-cluster-219|pg-cluster-220|pg-cluster-221|pg-cluster-222|pg-cluster-223|pg-cluster-224|pg-cluster-225|pg-cluster-226|pg-cluster-227|pg-cluster-228|pg-cluster-229|pg-cluster-230|pg-cluster-231|pg-cluster-232|pg-cluster-233|pg-cluster-234|pg-cluster-235|pg-cluster-236|pg-cluster-237|pg-cluster-238|pg-cluster-239|pg-cluster-240|pg-cluster-241|pg-cluster-242|pg-cluster-243|pg-cluster-244|pg-cluster-245|pg-cluster-246|pg-cluster-247|pg-cluster-248|pg-cluster-249|pg-cluster-250|pg-cluster-251|pg-cluster-252|pg-cluster-253|pg-cluster-254|pg-cluster-255|pg-cluster-256|pg-cluster-257|pg-cluster-258|pg-cluster-259|pg-cluster-260|pg-cluster-261|pg-cluster-262|pg-cluster-263|pg-cluster-264|pg-cluster-265|pg-cluster-266|pg-cluster-267|pg-cluster-268|pg-cluster-269|pg-cluster-270|pg-cluster-271|pg-cluster-272|pg-cluster-273|pg-cluster-274|pg-cluster-275|pg-cluster-276|pg-cluster-277|pg-cluster-278|pg-cluster-279|pg-cluster-280|pg-cluster-281|pg-cluster-282|pg-cluster-283|pg-cluster-284|pg-cluster-285|pg-cluster-286|pg-cluster-287|pg-cluster-288|pg-cluster-289|pg-cluster-290|pg-cluster-291|pg-cluster-292|pg-cluster-293|pg-cluster-294|pg-cluster-295|pg-cluster-296|pg-cluster-297|pg-cluster-298|pg-cluster-299|pg-cluster-300,100,100,0,60,60,0,60,60,60,applications/backend/services/procurement,/api/v1/procurement,applications/frontend/customer-web/src/domains/procurement,applications/frontend/admin-web/src/domains/procurement,POLICY_PENDING,domain-procurement,retail-procurement,PLANNED
127,4,product,product-platform,10,svc-0031|svc-0032|svc-0033|svc-0034|svc-0035|svc-0036|svc-0037|svc-0038|svc-0039|svc-0040,product-01|product-02|product-03|product-04|product-05|product-06|product-07|product-08|product-09|product-10,1,team-004,10,product_svc_01|product_svc_02|product_svc_03|product_svc_04|product_svc_05|product_svc_06|product_svc_07|product_svc_08|product_svc_09|product_svc_10,100,pg-cluster-301|pg-cluster-302|pg-cluster-303|pg-cluster-304|pg-cluster-305|pg-cluster-306|pg-cluster-307|pg-cluster-308|pg-cluster-309|pg-cluster-310|pg-cluster-311|pg-cluster-312|pg-cluster-313|pg-cluster-314|pg-cluster-315|pg-cluster-316|pg-cluster-317|pg-cluster-318|pg-cluster-319|pg-cluster-320|pg-cluster-321|pg-cluster-322|pg-cluster-323|pg-cluster-324|pg-cluster-325|pg-cluster-326|pg-cluster-327|pg-cluster-328|pg-cluster-329|pg-cluster-330|pg-cluster-331|pg-cluster-332|pg-cluster-333|pg-cluster-334|pg-cluster-335|pg-cluster-336|pg-cluster-337|pg-cluster-338|pg-cluster-339|pg-cluster-340|pg-cluster-341|pg-cluster-342|pg-cluster-343|pg-cluster-344|pg-cluster-345|pg-cluster-346|pg-cluster-347|pg-cluster-348|pg-cluster-349|pg-cluster-350|pg-cluster-351|pg-cluster-352|pg-cluster-353|pg-cluster-354|pg-cluster-355|pg-cluster-356|pg-cluster-357|pg-cluster-358|pg-cluster-359|pg-cluster-360|pg-cluster-361|pg-cluster-362|pg-cluster-363|pg-cluster-364|pg-cluster-365|pg-cluster-366|pg-cluster-367|pg-cluster-368|pg-cluster-369|pg-cluster-370|pg-cluster-371|pg-cluster-372|pg-cluster-373|pg-cluster-374|pg-cluster-375|pg-cluster-376|pg-cluster-377|pg-cluster-378|pg-cluster-379|pg-cluster-380|pg-cluster-381|pg-cluster-382|pg-cluster-383|pg-cluster-384|pg-cluster-385|pg-cluster-386|pg-cluster-387|pg-cluster-388|pg-cluster-389|pg-cluster-390|pg-cluster-391|pg-cluster-392|pg-cluster-393|pg-cluster-394|pg-cluster-395|pg-cluster-396|pg-cluster-397|pg-cluster-398|pg-cluster-399|pg-cluster-400,100,100,0,60,200,0,60,60,60,applications/backend/services/product,/api/v1/product,applications/frontend/customer-web/src/domains/product,applications/frontend/admin-web/src/domains/product,POLICY_PENDING,domain-product,retail-product,PLANNED
127,8,promotion,promotion-platform,10,svc-0071|svc-0072|svc-0073|svc-0074|svc-0075|svc-0076|svc-0077|svc-0078|svc-0079|svc-0080,promotion-01|promotion-02|promotion-03|promotion-04|promotion-05|promotion-06|promotion-07|promotion-08|promotion-09|promotion-10,1,team-008,10,promotion_svc_01|promotion_svc_02|promotion_svc_03|promotion_svc_04|promotion_svc_05|promotion_svc_06|promotion_svc_07|promotion_svc_08|promotion_svc_09|promotion_svc_10,100,pg-cluster-701|pg-cluster-702|pg-cluster-703|pg-cluster-704|pg-cluster-705|pg-cluster-706|pg-cluster-707|pg-cluster-708|pg-cluster-709|pg-cluster-710|pg-cluster-711|pg-cluster-712|pg-cluster-713|pg-cluster-714|pg-cluster-715|pg-cluster-716|pg-cluster-717|pg-cluster-718|pg-cluster-719|pg-cluster-720|pg-cluster-721|pg-cluster-722|pg-cluster-723|pg-cluster-724|pg-cluster-725|pg-cluster-726|pg-cluster-727|pg-cluster-728|pg-cluster-729|pg-cluster-730|pg-cluster-731|pg-cluster-732|pg-cluster-733|pg-cluster-734|pg-cluster-735|pg-cluster-736|pg-cluster-737|pg-cluster-738|pg-cluster-739|pg-cluster-740|pg-cluster-741|pg-cluster-742|pg-cluster-743|pg-cluster-744|pg-cluster-745|pg-cluster-746|pg-cluster-747|pg-cluster-748|pg-cluster-749|pg-cluster-750|pg-cluster-751|pg-cluster-752|pg-cluster-753|pg-cluster-754|pg-cluster-755|pg-cluster-756|pg-cluster-757|pg-cluster-758|pg-cluster-759|pg-cluster-760|pg-cluster-761|pg-cluster-762|pg-cluster-763|pg-cluster-764|pg-cluster-765|pg-cluster-766|pg-cluster-767|pg-cluster-768|pg-cluster-769|pg-cluster-770|pg-cluster-771|pg-cluster-772|pg-cluster-773|pg-cluster-774|pg-cluster-775|pg-cluster-776|pg-cluster-777|pg-cluster-778|pg-cluster-779|pg-cluster-780|pg-cluster-781|pg-cluster-782|pg-cluster-783|pg-cluster-784|pg-cluster-785|pg-cluster-786|pg-cluster-787|pg-cluster-788|pg-cluster-789|pg-cluster-790|pg-cluster-791|pg-cluster-792|pg-cluster-793|pg-cluster-794|pg-cluster-795|pg-cluster-796|pg-cluster-797|pg-cluster-798|pg-cluster-799|pg-cluster-800,100,100,0,60,80,0,60,60,60,applications/backend/services/promotion,/api/v1/promotion,applications/frontend/customer-web/src/domains/promotion,applications/frontend/admin-web/src/domains/promotion,POLICY_PENDING,domain-promotion,retail-promotion,PLANNED
127,97,push,push-platform,10,svc-0961|svc-0962|svc-0963|svc-0964|svc-0965|svc-0966|svc-0967|svc-0968|svc-0969|svc-0970,push-01|push-02|push-03|push-04|push-05|push-06|push-07|push-08|push-09|push-10,1,team-097,10,push_svc_01|push_svc_02|push_svc_03|push_svc_04|push_svc_05|push_svc_06|push_svc_07|push_svc_08|push_svc_09|push_svc_10,100,pg-cluster-001|pg-cluster-002|pg-cluster-003|pg-cluster-004|pg-cluster-005|pg-cluster-006|pg-cluster-007|pg-cluster-008|pg-cluster-009|pg-cluster-010|pg-cluster-011|pg-cluster-012|pg-cluster-013|pg-cluster-014|pg-cluster-015|pg-cluster-016|pg-cluster-017|pg-cluster-018|pg-cluster-019|pg-cluster-020|pg-cluster-021|pg-cluster-022|pg-cluster-023|pg-cluster-024|pg-cluster-025|pg-cluster-026|pg-cluster-027|pg-cluster-028|pg-cluster-029|pg-cluster-030|pg-cluster-031|pg-cluster-032|pg-cluster-033|pg-cluster-034|pg-cluster-035|pg-cluster-036|pg-cluster-037|pg-cluster-038|pg-cluster-039|pg-cluster-040|pg-cluster-041|pg-cluster-042|pg-cluster-043|pg-cluster-044|pg-cluster-045|pg-cluster-046|pg-cluster-047|pg-cluster-048|pg-cluster-049|pg-cluster-050|pg-cluster-051|pg-cluster-052|pg-cluster-053|pg-cluster-054|pg-cluster-055|pg-cluster-056|pg-cluster-057|pg-cluster-058|pg-cluster-059|pg-cluster-060|pg-cluster-061|pg-cluster-062|pg-cluster-063|pg-cluster-064|pg-cluster-065|pg-cluster-066|pg-cluster-067|pg-cluster-068|pg-cluster-069|pg-cluster-070|pg-cluster-071|pg-cluster-072|pg-cluster-073|pg-cluster-074|pg-cluster-075|pg-cluster-076|pg-cluster-077|pg-cluster-078|pg-cluster-079|pg-cluster-080|pg-cluster-081|pg-cluster-082|pg-cluster-083|pg-cluster-084|pg-cluster-085|pg-cluster-086|pg-cluster-087|pg-cluster-088|pg-cluster-089|pg-cluster-090|pg-cluster-091|pg-cluster-092|pg-cluster-093|pg-cluster-094|pg-cluster-095|pg-cluster-096|pg-cluster-097|pg-cluster-098|pg-cluster-099|pg-cluster-100,100,100,0,60,0,1,59,59,59,applications/backend/services/push,/api/v1/push,applications/frontend/customer-web/src/domains/push,applications/frontend/admin-web/src/domains/push,POLICY_PENDING,domain-push,retail-push,PLANNED
127,62,quality,quality-platform,10,svc-0611|svc-0612|svc-0613|svc-0614|svc-0615|svc-0616|svc-0617|svc-0618|svc-0619|svc-0620,quality-01|quality-02|quality-03|quality-04|quality-05|quality-06|quality-07|quality-08|quality-09|quality-10,1,team-062,10,quality_svc_01|quality_svc_02|quality_svc_03|quality_svc_04|quality_svc_05|quality_svc_06|quality_svc_07|quality_svc_08|quality_svc_09|quality_svc_10,100,pg-cluster-501|pg-cluster-502|pg-cluster-503|pg-cluster-504|pg-cluster-505|pg-cluster-506|pg-cluster-507|pg-cluster-508|pg-cluster-509|pg-cluster-510|pg-cluster-511|pg-cluster-512|pg-cluster-513|pg-cluster-514|pg-cluster-515|pg-cluster-516|pg-cluster-517|pg-cluster-518|pg-cluster-519|pg-cluster-520|pg-cluster-521|pg-cluster-522|pg-cluster-523|pg-cluster-524|pg-cluster-525|pg-cluster-526|pg-cluster-527|pg-cluster-528|pg-cluster-529|pg-cluster-530|pg-cluster-531|pg-cluster-532|pg-cluster-533|pg-cluster-534|pg-cluster-535|pg-cluster-536|pg-cluster-537|pg-cluster-538|pg-cluster-539|pg-cluster-540|pg-cluster-541|pg-cluster-542|pg-cluster-543|pg-cluster-544|pg-cluster-545|pg-cluster-546|pg-cluster-547|pg-cluster-548|pg-cluster-549|pg-cluster-550|pg-cluster-551|pg-cluster-552|pg-cluster-553|pg-cluster-554|pg-cluster-555|pg-cluster-556|pg-cluster-557|pg-cluster-558|pg-cluster-559|pg-cluster-560|pg-cluster-561|pg-cluster-562|pg-cluster-563|pg-cluster-564|pg-cluster-565|pg-cluster-566|pg-cluster-567|pg-cluster-568|pg-cluster-569|pg-cluster-570|pg-cluster-571|pg-cluster-572|pg-cluster-573|pg-cluster-574|pg-cluster-575|pg-cluster-576|pg-cluster-577|pg-cluster-578|pg-cluster-579|pg-cluster-580|pg-cluster-581|pg-cluster-582|pg-cluster-583|pg-cluster-584|pg-cluster-585|pg-cluster-586|pg-cluster-587|pg-cluster-588|pg-cluster-589|pg-cluster-590|pg-cluster-591|pg-cluster-592|pg-cluster-593|pg-cluster-594|pg-cluster-595|pg-cluster-596|pg-cluster-597|pg-cluster-598|pg-cluster-599|pg-cluster-600,100,100,0,60,20,0,60,60,60,applications/backend/services/quality,/api/v1/quality,applications/frontend/customer-web/src/domains/quality,applications/frontend/admin-web/src/domains/quality,POLICY_PENDING,domain-quality,retail-quality,PLANNED
127,27,recommendation,recommendation-platform,10,svc-0261|svc-0262|svc-0263|svc-0264|svc-0265|svc-0266|svc-0267|svc-0268|svc-0269|svc-0270,recommendation-01|recommendation-02|recommendation-03|recommendation-04|recommendation-05|recommendation-06|recommendation-07|recommendation-08|recommendation-09|recommendation-10,1,team-027,10,recommendation_svc_01|recommendation_svc_02|recommendation_svc_03|recommendation_svc_04|recommendation_svc_05|recommendation_svc_06|recommendation_svc_07|recommendation_svc_08|recommendation_svc_09|recommendation_svc_10,100,pg-cluster-201|pg-cluster-202|pg-cluster-203|pg-cluster-204|pg-cluster-205|pg-cluster-206|pg-cluster-207|pg-cluster-208|pg-cluster-209|pg-cluster-210|pg-cluster-211|pg-cluster-212|pg-cluster-213|pg-cluster-214|pg-cluster-215|pg-cluster-216|pg-cluster-217|pg-cluster-218|pg-cluster-219|pg-cluster-220|pg-cluster-221|pg-cluster-222|pg-cluster-223|pg-cluster-224|pg-cluster-225|pg-cluster-226|pg-cluster-227|pg-cluster-228|pg-cluster-229|pg-cluster-230|pg-cluster-231|pg-cluster-232|pg-cluster-233|pg-cluster-234|pg-cluster-235|pg-cluster-236|pg-cluster-237|pg-cluster-238|pg-cluster-239|pg-cluster-240|pg-cluster-241|pg-cluster-242|pg-cluster-243|pg-cluster-244|pg-cluster-245|pg-cluster-246|pg-cluster-247|pg-cluster-248|pg-cluster-249|pg-cluster-250|pg-cluster-251|pg-cluster-252|pg-cluster-253|pg-cluster-254|pg-cluster-255|pg-cluster-256|pg-cluster-257|pg-cluster-258|pg-cluster-259|pg-cluster-260|pg-cluster-261|pg-cluster-262|pg-cluster-263|pg-cluster-264|pg-cluster-265|pg-cluster-266|pg-cluster-267|pg-cluster-268|pg-cluster-269|pg-cluster-270|pg-cluster-271|pg-cluster-272|pg-cluster-273|pg-cluster-274|pg-cluster-275|pg-cluster-276|pg-cluster-277|pg-cluster-278|pg-cluster-279|pg-cluster-280|pg-cluster-281|pg-cluster-282|pg-cluster-283|pg-cluster-284|pg-cluster-285|pg-cluster-286|pg-cluster-287|pg-cluster-288|pg-cluster-289|pg-cluster-290|pg-cluster-291|pg-cluster-292|pg-cluster-293|pg-cluster-294|pg-cluster-295|pg-cluster-296|pg-cluster-297|pg-cluster-298|pg-cluster-299|pg-cluster-300,100,100,0,60,60,2,58,58,58,applications/backend/services/recommendation,/api/v1/recommendation,applications/frontend/customer-web/src/domains/recommendation,applications/frontend/admin-web/src/domains/recommendation,POLICY_PENDING,domain-recommendation,retail-recommendation,PLANNED
127,51,reference,reference-platform,10,svc-0501|svc-0502|svc-0503|svc-0504|svc-0505|svc-0506|svc-0507|svc-0508|svc-0509|svc-0510,reference-01|reference-02|reference-03|reference-04|reference-05|reference-06|reference-07|reference-08|reference-09|reference-10,1,team-051,10,reference_svc_01|reference_svc_02|reference_svc_03|reference_svc_04|reference_svc_05|reference_svc_06|reference_svc_07|reference_svc_08|reference_svc_09|reference_svc_10,100,pg-cluster-201|pg-cluster-202|pg-cluster-203|pg-cluster-204|pg-cluster-205|pg-cluster-206|pg-cluster-207|pg-cluster-208|pg-cluster-209|pg-cluster-210|pg-cluster-211|pg-cluster-212|pg-cluster-213|pg-cluster-214|pg-cluster-215|pg-cluster-216|pg-cluster-217|pg-cluster-218|pg-cluster-219|pg-cluster-220|pg-cluster-221|pg-cluster-222|pg-cluster-223|pg-cluster-224|pg-cluster-225|pg-cluster-226|pg-cluster-227|pg-cluster-228|pg-cluster-229|pg-cluster-230|pg-cluster-231|pg-cluster-232|pg-cluster-233|pg-cluster-234|pg-cluster-235|pg-cluster-236|pg-cluster-237|pg-cluster-238|pg-cluster-239|pg-cluster-240|pg-cluster-241|pg-cluster-242|pg-cluster-243|pg-cluster-244|pg-cluster-245|pg-cluster-246|pg-cluster-247|pg-cluster-248|pg-cluster-249|pg-cluster-250|pg-cluster-251|pg-cluster-252|pg-cluster-253|pg-cluster-254|pg-cluster-255|pg-cluster-256|pg-cluster-257|pg-cluster-258|pg-cluster-259|pg-cluster-260|pg-cluster-261|pg-cluster-262|pg-cluster-263|pg-cluster-264|pg-cluster-265|pg-cluster-266|pg-cluster-267|pg-cluster-268|pg-cluster-269|pg-cluster-270|pg-cluster-271|pg-cluster-272|pg-cluster-273|pg-cluster-274|pg-cluster-275|pg-cluster-276|pg-cluster-277|pg-cluster-278|pg-cluster-279|pg-cluster-280|pg-cluster-281|pg-cluster-282|pg-cluster-283|pg-cluster-284|pg-cluster-285|pg-cluster-286|pg-cluster-287|pg-cluster-288|pg-cluster-289|pg-cluster-290|pg-cluster-291|pg-cluster-292|pg-cluster-293|pg-cluster-294|pg-cluster-295|pg-cluster-296|pg-cluster-297|pg-cluster-298|pg-cluster-299|pg-cluster-300,100,100,0,60,100,0,60,60,60,applications/backend/services/reference,/api/v1/reference,applications/frontend/customer-web/src/domains/reference,applications/frontend/admin-web/src/domains/reference,POLICY_PENDING,domain-reference,retail-reference,PLANNED
127,22,refund,refund-platform,10,svc-0211|svc-0212|svc-0213|svc-0214|svc-0215|svc-0216|svc-0217|svc-0218|svc-0219|svc-0220,refund-01|refund-02|refund-03|refund-04|refund-05|refund-06|refund-07|refund-08|refund-09|refund-10,1,team-022,10,refund_svc_01|refund_svc_02|refund_svc_03|refund_svc_04|refund_svc_05|refund_svc_06|refund_svc_07|refund_svc_08|refund_svc_09|refund_svc_10,100,pg-cluster-501|pg-cluster-502|pg-cluster-503|pg-cluster-504|pg-cluster-505|pg-cluster-506|pg-cluster-507|pg-cluster-508|pg-cluster-509|pg-cluster-510|pg-cluster-511|pg-cluster-512|pg-cluster-513|pg-cluster-514|pg-cluster-515|pg-cluster-516|pg-cluster-517|pg-cluster-518|pg-cluster-519|pg-cluster-520|pg-cluster-521|pg-cluster-522|pg-cluster-523|pg-cluster-524|pg-cluster-525|pg-cluster-526|pg-cluster-527|pg-cluster-528|pg-cluster-529|pg-cluster-530|pg-cluster-531|pg-cluster-532|pg-cluster-533|pg-cluster-534|pg-cluster-535|pg-cluster-536|pg-cluster-537|pg-cluster-538|pg-cluster-539|pg-cluster-540|pg-cluster-541|pg-cluster-542|pg-cluster-543|pg-cluster-544|pg-cluster-545|pg-cluster-546|pg-cluster-547|pg-cluster-548|pg-cluster-549|pg-cluster-550|pg-cluster-551|pg-cluster-552|pg-cluster-553|pg-cluster-554|pg-cluster-555|pg-cluster-556|pg-cluster-557|pg-cluster-558|pg-cluster-559|pg-cluster-560|pg-cluster-561|pg-cluster-562|pg-cluster-563|pg-cluster-564|pg-cluster-565|pg-cluster-566|pg-cluster-567|pg-cluster-568|pg-cluster-569|pg-cluster-570|pg-cluster-571|pg-cluster-572|pg-cluster-573|pg-cluster-574|pg-cluster-575|pg-cluster-576|pg-cluster-577|pg-cluster-578|pg-cluster-579|pg-cluster-580|pg-cluster-581|pg-cluster-582|pg-cluster-583|pg-cluster-584|pg-cluster-585|pg-cluster-586|pg-cluster-587|pg-cluster-588|pg-cluster-589|pg-cluster-590|pg-cluster-591|pg-cluster-592|pg-cluster-593|pg-cluster-594|pg-cluster-595|pg-cluster-596|pg-cluster-597|pg-cluster-598|pg-cluster-599|pg-cluster-600,100,100,0,60,0,0,60,60,60,applications/backend/services/refund,/api/v1/refund,applications/frontend/customer-web/src/domains/refund,applications/frontend/admin-web/src/domains/refund,POLICY_PENDING,domain-refund,retail-refund,PLANNED
127,21,returns,returns-platform,10,svc-0201|svc-0202|svc-0203|svc-0204|svc-0205|svc-0206|svc-0207|svc-0208|svc-0209|svc-0210,returns-01|returns-02|returns-03|returns-04|returns-05|returns-06|returns-07|returns-08|returns-09|returns-10,1,team-021,10,returns_svc_01|returns_svc_02|returns_svc_03|returns_svc_04|returns_svc_05|returns_svc_06|returns_svc_07|returns_svc_08|returns_svc_09|returns_svc_10,100,pg-cluster-401|pg-cluster-402|pg-cluster-403|pg-cluster-404|pg-cluster-405|pg-cluster-406|pg-cluster-407|pg-cluster-408|pg-cluster-409|pg-cluster-410|pg-cluster-411|pg-cluster-412|pg-cluster-413|pg-cluster-414|pg-cluster-415|pg-cluster-416|pg-cluster-417|pg-cluster-418|pg-cluster-419|pg-cluster-420|pg-cluster-421|pg-cluster-422|pg-cluster-423|pg-cluster-424|pg-cluster-425|pg-cluster-426|pg-cluster-427|pg-cluster-428|pg-cluster-429|pg-cluster-430|pg-cluster-431|pg-cluster-432|pg-cluster-433|pg-cluster-434|pg-cluster-435|pg-cluster-436|pg-cluster-437|pg-cluster-438|pg-cluster-439|pg-cluster-440|pg-cluster-441|pg-cluster-442|pg-cluster-443|pg-cluster-444|pg-cluster-445|pg-cluster-446|pg-cluster-447|pg-cluster-448|pg-cluster-449|pg-cluster-450|pg-cluster-451|pg-cluster-452|pg-cluster-453|pg-cluster-454|pg-cluster-455|pg-cluster-456|pg-cluster-457|pg-cluster-458|pg-cluster-459|pg-cluster-460|pg-cluster-461|pg-cluster-462|pg-cluster-463|pg-cluster-464|pg-cluster-465|pg-cluster-466|pg-cluster-467|pg-cluster-468|pg-cluster-469|pg-cluster-470|pg-cluster-471|pg-cluster-472|pg-cluster-473|pg-cluster-474|pg-cluster-475|pg-cluster-476|pg-cluster-477|pg-cluster-478|pg-cluster-479|pg-cluster-480|pg-cluster-481|pg-cluster-482|pg-cluster-483|pg-cluster-484|pg-cluster-485|pg-cluster-486|pg-cluster-487|pg-cluster-488|pg-cluster-489|pg-cluster-490|pg-cluster-491|pg-cluster-492|pg-cluster-493|pg-cluster-494|pg-cluster-495|pg-cluster-496|pg-cluster-497|pg-cluster-498|pg-cluster-499|pg-cluster-500,100,100,0,60,100,0,60,60,60,applications/backend/services/returns,/api/v1/returns,applications/frontend/customer-web/src/domains/returns,applications/frontend/admin-web/src/domains/returns,POLICY_PENDING,domain-returns,retail-returns,PLANNED
127,86,reverse_logistics,reverse_logistics-platform,10,svc-0851|svc-0852|svc-0853|svc-0854|svc-0855|svc-0856|svc-0857|svc-0858|svc-0859|svc-0860,reverse_logistics-01|reverse_logistics-02|reverse_logistics-03|reverse_logistics-04|reverse_logistics-05|reverse_logistics-06|reverse_logistics-07|reverse_logistics-08|reverse_logistics-09|reverse_logistics-10,1,team-086,10,reverse_logistics_svc_01|reverse_logistics_svc_02|reverse_logistics_svc_03|reverse_logistics_svc_04|reverse_logistics_svc_05|reverse_logistics_svc_06|reverse_logistics_svc_07|reverse_logistics_svc_08|reverse_logistics_svc_09|reverse_logistics_svc_10,100,pg-cluster-501|pg-cluster-502|pg-cluster-503|pg-cluster-504|pg-cluster-505|pg-cluster-506|pg-cluster-507|pg-cluster-508|pg-cluster-509|pg-cluster-510|pg-cluster-511|pg-cluster-512|pg-cluster-513|pg-cluster-514|pg-cluster-515|pg-cluster-516|pg-cluster-517|pg-cluster-518|pg-cluster-519|pg-cluster-520|pg-cluster-521|pg-cluster-522|pg-cluster-523|pg-cluster-524|pg-cluster-525|pg-cluster-526|pg-cluster-527|pg-cluster-528|pg-cluster-529|pg-cluster-530|pg-cluster-531|pg-cluster-532|pg-cluster-533|pg-cluster-534|pg-cluster-535|pg-cluster-536|pg-cluster-537|pg-cluster-538|pg-cluster-539|pg-cluster-540|pg-cluster-541|pg-cluster-542|pg-cluster-543|pg-cluster-544|pg-cluster-545|pg-cluster-546|pg-cluster-547|pg-cluster-548|pg-cluster-549|pg-cluster-550|pg-cluster-551|pg-cluster-552|pg-cluster-553|pg-cluster-554|pg-cluster-555|pg-cluster-556|pg-cluster-557|pg-cluster-558|pg-cluster-559|pg-cluster-560|pg-cluster-561|pg-cluster-562|pg-cluster-563|pg-cluster-564|pg-cluster-565|pg-cluster-566|pg-cluster-567|pg-cluster-568|pg-cluster-569|pg-cluster-570|pg-cluster-571|pg-cluster-572|pg-cluster-573|pg-cluster-574|pg-cluster-575|pg-cluster-576|pg-cluster-577|pg-cluster-578|pg-cluster-579|pg-cluster-580|pg-cluster-581|pg-cluster-582|pg-cluster-583|pg-cluster-584|pg-cluster-585|pg-cluster-586|pg-cluster-587|pg-cluster-588|pg-cluster-589|pg-cluster-590|pg-cluster-591|pg-cluster-592|pg-cluster-593|pg-cluster-594|pg-cluster-595|pg-cluster-596|pg-cluster-597|pg-cluster-598|pg-cluster-599|pg-cluster-600,100,100,0,60,0,0,60,60,60,applications/backend/services/reverse_logistics,/api/v1/reverse_logistics,applications/frontend/customer-web/src/domains/reverse_logistics,applications/frontend/admin-web/src/domains/reverse_logistics,POLICY_PENDING,domain-reverse_logistics,retail-reverse_logistics,PLANNED
127,31,reviews,reviews-platform,10,svc-0301|svc-0302|svc-0303|svc-0304|svc-0305|svc-0306|svc-0307|svc-0308|svc-0309|svc-0310,reviews-01|reviews-02|reviews-03|reviews-04|reviews-05|reviews-06|reviews-07|reviews-08|reviews-09|reviews-10,1,team-031,10,reviews_svc_01|reviews_svc_02|reviews_svc_03|reviews_svc_04|reviews_svc_05|reviews_svc_06|reviews_svc_07|reviews_svc_08|reviews_svc_09|reviews_svc_10,100,pg-cluster-601|pg-cluster-602|pg-cluster-603|pg-cluster-604|pg-cluster-605|pg-cluster-606|pg-cluster-607|pg-cluster-608|pg-cluster-609|pg-cluster-610|pg-cluster-611|pg-cluster-612|pg-cluster-613|pg-cluster-614|pg-cluster-615|pg-cluster-616|pg-cluster-617|pg-cluster-618|pg-cluster-619|pg-cluster-620|pg-cluster-621|pg-cluster-622|pg-cluster-623|pg-cluster-624|pg-cluster-625|pg-cluster-626|pg-cluster-627|pg-cluster-628|pg-cluster-629|pg-cluster-630|pg-cluster-631|pg-cluster-632|pg-cluster-633|pg-cluster-634|pg-cluster-635|pg-cluster-636|pg-cluster-637|pg-cluster-638|pg-cluster-639|pg-cluster-640|pg-cluster-641|pg-cluster-642|pg-cluster-643|pg-cluster-644|pg-cluster-645|pg-cluster-646|pg-cluster-647|pg-cluster-648|pg-cluster-649|pg-cluster-650|pg-cluster-651|pg-cluster-652|pg-cluster-653|pg-cluster-654|pg-cluster-655|pg-cluster-656|pg-cluster-657|pg-cluster-658|pg-cluster-659|pg-cluster-660|pg-cluster-661|pg-cluster-662|pg-cluster-663|pg-cluster-664|pg-cluster-665|pg-cluster-666|pg-cluster-667|pg-cluster-668|pg-cluster-669|pg-cluster-670|pg-cluster-671|pg-cluster-672|pg-cluster-673|pg-cluster-674|pg-cluster-675|pg-cluster-676|pg-cluster-677|pg-cluster-678|pg-cluster-679|pg-cluster-680|pg-cluster-681|pg-cluster-682|pg-cluster-683|pg-cluster-684|pg-cluster-685|pg-cluster-686|pg-cluster-687|pg-cluster-688|pg-cluster-689|pg-cluster-690|pg-cluster-691|pg-cluster-692|pg-cluster-693|pg-cluster-694|pg-cluster-695|pg-cluster-696|pg-cluster-697|pg-cluster-698|pg-cluster-699|pg-cluster-700,100,100,0,60,0,0,60,60,60,applications/backend/services/reviews,/api/v1/reviews,applications/frontend/customer-web/src/domains/reviews,applications/frontend/admin-web/src/domains/reviews,POLICY_PENDING,domain-reviews,retail-reviews,PLANNED
127,43,risk,risk-platform,10,svc-0421|svc-0422|svc-0423|svc-0424|svc-0425|svc-0426|svc-0427|svc-0428|svc-0429|svc-0430,risk-01|risk-02|risk-03|risk-04|risk-05|risk-06|risk-07|risk-08|risk-09|risk-10,1,team-043,10,risk_svc_01|risk_svc_02|risk_svc_03|risk_svc_04|risk_svc_05|risk_svc_06|risk_svc_07|risk_svc_08|risk_svc_09|risk_svc_10,100,pg-cluster-201|pg-cluster-202|pg-cluster-203|pg-cluster-204|pg-cluster-205|pg-cluster-206|pg-cluster-207|pg-cluster-208|pg-cluster-209|pg-cluster-210|pg-cluster-211|pg-cluster-212|pg-cluster-213|pg-cluster-214|pg-cluster-215|pg-cluster-216|pg-cluster-217|pg-cluster-218|pg-cluster-219|pg-cluster-220|pg-cluster-221|pg-cluster-222|pg-cluster-223|pg-cluster-224|pg-cluster-225|pg-cluster-226|pg-cluster-227|pg-cluster-228|pg-cluster-229|pg-cluster-230|pg-cluster-231|pg-cluster-232|pg-cluster-233|pg-cluster-234|pg-cluster-235|pg-cluster-236|pg-cluster-237|pg-cluster-238|pg-cluster-239|pg-cluster-240|pg-cluster-241|pg-cluster-242|pg-cluster-243|pg-cluster-244|pg-cluster-245|pg-cluster-246|pg-cluster-247|pg-cluster-248|pg-cluster-249|pg-cluster-250|pg-cluster-251|pg-cluster-252|pg-cluster-253|pg-cluster-254|pg-cluster-255|pg-cluster-256|pg-cluster-257|pg-cluster-258|pg-cluster-259|pg-cluster-260|pg-cluster-261|pg-cluster-262|pg-cluster-263|pg-cluster-264|pg-cluster-265|pg-cluster-266|pg-cluster-267|pg-cluster-268|pg-cluster-269|pg-cluster-270|pg-cluster-271|pg-cluster-272|pg-cluster-273|pg-cluster-274|pg-cluster-275|pg-cluster-276|pg-cluster-277|pg-cluster-278|pg-cluster-279|pg-cluster-280|pg-cluster-281|pg-cluster-282|pg-cluster-283|pg-cluster-284|pg-cluster-285|pg-cluster-286|pg-cluster-287|pg-cluster-288|pg-cluster-289|pg-cluster-290|pg-cluster-291|pg-cluster-292|pg-cluster-293|pg-cluster-294|pg-cluster-295|pg-cluster-296|pg-cluster-297|pg-cluster-298|pg-cluster-299|pg-cluster-300,100,100,0,60,20,0,60,60,60,applications/backend/services/risk,/api/v1/risk,applications/frontend/customer-web/src/domains/risk,applications/frontend/admin-web/src/domains/risk,POLICY_PENDING,domain-risk,retail-risk,PLANNED
127,26,search,search-platform,10,svc-0251|svc-0252|svc-0253|svc-0254|svc-0255|svc-0256|svc-0257|svc-0258|svc-0259|svc-0260,search-01|search-02|search-03|search-04|search-05|search-06|search-07|search-08|search-09|search-10,1,team-026,10,search_svc_01|search_svc_02|search_svc_03|search_svc_04|search_svc_05|search_svc_06|search_svc_07|search_svc_08|search_svc_09|search_svc_10,100,pg-cluster-101|pg-cluster-102|pg-cluster-103|pg-cluster-104|pg-cluster-105|pg-cluster-106|pg-cluster-107|pg-cluster-108|pg-cluster-109|pg-cluster-110|pg-cluster-111|pg-cluster-112|pg-cluster-113|pg-cluster-114|pg-cluster-115|pg-cluster-116|pg-cluster-117|pg-cluster-118|pg-cluster-119|pg-cluster-120|pg-cluster-121|pg-cluster-122|pg-cluster-123|pg-cluster-124|pg-cluster-125|pg-cluster-126|pg-cluster-127|pg-cluster-128|pg-cluster-129|pg-cluster-130|pg-cluster-131|pg-cluster-132|pg-cluster-133|pg-cluster-134|pg-cluster-135|pg-cluster-136|pg-cluster-137|pg-cluster-138|pg-cluster-139|pg-cluster-140|pg-cluster-141|pg-cluster-142|pg-cluster-143|pg-cluster-144|pg-cluster-145|pg-cluster-146|pg-cluster-147|pg-cluster-148|pg-cluster-149|pg-cluster-150|pg-cluster-151|pg-cluster-152|pg-cluster-153|pg-cluster-154|pg-cluster-155|pg-cluster-156|pg-cluster-157|pg-cluster-158|pg-cluster-159|pg-cluster-160|pg-cluster-161|pg-cluster-162|pg-cluster-163|pg-cluster-164|pg-cluster-165|pg-cluster-166|pg-cluster-167|pg-cluster-168|pg-cluster-169|pg-cluster-170|pg-cluster-171|pg-cluster-172|pg-cluster-173|pg-cluster-174|pg-cluster-175|pg-cluster-176|pg-cluster-177|pg-cluster-178|pg-cluster-179|pg-cluster-180|pg-cluster-181|pg-cluster-182|pg-cluster-183|pg-cluster-184|pg-cluster-185|pg-cluster-186|pg-cluster-187|pg-cluster-188|pg-cluster-189|pg-cluster-190|pg-cluster-191|pg-cluster-192|pg-cluster-193|pg-cluster-194|pg-cluster-195|pg-cluster-196|pg-cluster-197|pg-cluster-198|pg-cluster-199|pg-cluster-200,100,100,0,60,20,0,60,60,60,applications/backend/services/search,/api/v1/search,applications/frontend/customer-web/src/domains/search,applications/frontend/admin-web/src/domains/search,POLICY_PENDING,domain-search,retail-search,PLANNED
127,46,security,security-platform,10,svc-0451|svc-0452|svc-0453|svc-0454|svc-0455|svc-0456|svc-0457|svc-0458|svc-0459|svc-0460,security-01|security-02|security-03|security-04|security-05|security-06|security-07|security-08|security-09|security-10,1,team-046,10,security_svc_01|security_svc_02|security_svc_03|security_svc_04|security_svc_05|security_svc_06|security_svc_07|security_svc_08|security_svc_09|security_svc_10,100,pg-cluster-501|pg-cluster-502|pg-cluster-503|pg-cluster-504|pg-cluster-505|pg-cluster-506|pg-cluster-507|pg-cluster-508|pg-cluster-509|pg-cluster-510|pg-cluster-511|pg-cluster-512|pg-cluster-513|pg-cluster-514|pg-cluster-515|pg-cluster-516|pg-cluster-517|pg-cluster-518|pg-cluster-519|pg-cluster-520|pg-cluster-521|pg-cluster-522|pg-cluster-523|pg-cluster-524|pg-cluster-525|pg-cluster-526|pg-cluster-527|pg-cluster-528|pg-cluster-529|pg-cluster-530|pg-cluster-531|pg-cluster-532|pg-cluster-533|pg-cluster-534|pg-cluster-535|pg-cluster-536|pg-cluster-537|pg-cluster-538|pg-cluster-539|pg-cluster-540|pg-cluster-541|pg-cluster-542|pg-cluster-543|pg-cluster-544|pg-cluster-545|pg-cluster-546|pg-cluster-547|pg-cluster-548|pg-cluster-549|pg-cluster-550|pg-cluster-551|pg-cluster-552|pg-cluster-553|pg-cluster-554|pg-cluster-555|pg-cluster-556|pg-cluster-557|pg-cluster-558|pg-cluster-559|pg-cluster-560|pg-cluster-561|pg-cluster-562|pg-cluster-563|pg-cluster-564|pg-cluster-565|pg-cluster-566|pg-cluster-567|pg-cluster-568|pg-cluster-569|pg-cluster-570|pg-cluster-571|pg-cluster-572|pg-cluster-573|pg-cluster-574|pg-cluster-575|pg-cluster-576|pg-cluster-577|pg-cluster-578|pg-cluster-579|pg-cluster-580|pg-cluster-581|pg-cluster-582|pg-cluster-583|pg-cluster-584|pg-cluster-585|pg-cluster-586|pg-cluster-587|pg-cluster-588|pg-cluster-589|pg-cluster-590|pg-cluster-591|pg-cluster-592|pg-cluster-593|pg-cluster-594|pg-cluster-595|pg-cluster-596|pg-cluster-597|pg-cluster-598|pg-cluster-599|pg-cluster-600,100,67,33,60,60,0,60,60,60,applications/backend/services/security,/api/v1/security,applications/frontend/customer-web/src/domains/security,applications/frontend/admin-web/src/domains/security,POLICY_PENDING,domain-security,retail-security,PLANNED
127,6,seller,seller-platform,10,svc-0051|svc-0052|svc-0053|svc-0054|svc-0055|svc-0056|svc-0057|svc-0058|svc-0059|svc-0060,seller-01|seller-02|seller-03|seller-04|seller-05|seller-06|seller-07|seller-08|seller-09|seller-10,1,team-006,10,seller_svc_01|seller_svc_02|seller_svc_03|seller_svc_04|seller_svc_05|seller_svc_06|seller_svc_07|seller_svc_08|seller_svc_09|seller_svc_10,100,pg-cluster-501|pg-cluster-502|pg-cluster-503|pg-cluster-504|pg-cluster-505|pg-cluster-506|pg-cluster-507|pg-cluster-508|pg-cluster-509|pg-cluster-510|pg-cluster-511|pg-cluster-512|pg-cluster-513|pg-cluster-514|pg-cluster-515|pg-cluster-516|pg-cluster-517|pg-cluster-518|pg-cluster-519|pg-cluster-520|pg-cluster-521|pg-cluster-522|pg-cluster-523|pg-cluster-524|pg-cluster-525|pg-cluster-526|pg-cluster-527|pg-cluster-528|pg-cluster-529|pg-cluster-530|pg-cluster-531|pg-cluster-532|pg-cluster-533|pg-cluster-534|pg-cluster-535|pg-cluster-536|pg-cluster-537|pg-cluster-538|pg-cluster-539|pg-cluster-540|pg-cluster-541|pg-cluster-542|pg-cluster-543|pg-cluster-544|pg-cluster-545|pg-cluster-546|pg-cluster-547|pg-cluster-548|pg-cluster-549|pg-cluster-550|pg-cluster-551|pg-cluster-552|pg-cluster-553|pg-cluster-554|pg-cluster-555|pg-cluster-556|pg-cluster-557|pg-cluster-558|pg-cluster-559|pg-cluster-560|pg-cluster-561|pg-cluster-562|pg-cluster-563|pg-cluster-564|pg-cluster-565|pg-cluster-566|pg-cluster-567|pg-cluster-568|pg-cluster-569|pg-cluster-570|pg-cluster-571|pg-cluster-572|pg-cluster-573|pg-cluster-574|pg-cluster-575|pg-cluster-576|pg-cluster-577|pg-cluster-578|pg-cluster-579|pg-cluster-580|pg-cluster-581|pg-cluster-582|pg-cluster-583|pg-cluster-584|pg-cluster-585|pg-cluster-586|pg-cluster-587|pg-cluster-588|pg-cluster-589|pg-cluster-590|pg-cluster-591|pg-cluster-592|pg-cluster-593|pg-cluster-594|pg-cluster-595|pg-cluster-596|pg-cluster-597|pg-cluster-598|pg-cluster-599|pg-cluster-600,100,100,0,60,180,0,60,60,60,applications/backend/services/seller,/api/v1/seller,applications/frontend/customer-web/src/domains/seller,applications/frontend/admin-web/src/domains/seller,POLICY_PENDING,domain-seller,retail-seller,PLANNED
127,40,settlement,settlement-platform,10,svc-0391|svc-0392|svc-0393|svc-0394|svc-0395|svc-0396|svc-0397|svc-0398|svc-0399|svc-0400,settlement-01|settlement-02|settlement-03|settlement-04|settlement-05|settlement-06|settlement-07|settlement-08|settlement-09|settlement-10,1,team-040,10,settlement_svc_01|settlement_svc_02|settlement_svc_03|settlement_svc_04|settlement_svc_05|settlement_svc_06|settlement_svc_07|settlement_svc_08|settlement_svc_09|settlement_svc_10,100,pg-cluster-701|pg-cluster-702|pg-cluster-703|pg-cluster-704|pg-cluster-705|pg-cluster-706|pg-cluster-707|pg-cluster-708|pg-cluster-709|pg-cluster-710|pg-cluster-711|pg-cluster-712|pg-cluster-713|pg-cluster-714|pg-cluster-715|pg-cluster-716|pg-cluster-717|pg-cluster-718|pg-cluster-719|pg-cluster-720|pg-cluster-721|pg-cluster-722|pg-cluster-723|pg-cluster-724|pg-cluster-725|pg-cluster-726|pg-cluster-727|pg-cluster-728|pg-cluster-729|pg-cluster-730|pg-cluster-731|pg-cluster-732|pg-cluster-733|pg-cluster-734|pg-cluster-735|pg-cluster-736|pg-cluster-737|pg-cluster-738|pg-cluster-739|pg-cluster-740|pg-cluster-741|pg-cluster-742|pg-cluster-743|pg-cluster-744|pg-cluster-745|pg-cluster-746|pg-cluster-747|pg-cluster-748|pg-cluster-749|pg-cluster-750|pg-cluster-751|pg-cluster-752|pg-cluster-753|pg-cluster-754|pg-cluster-755|pg-cluster-756|pg-cluster-757|pg-cluster-758|pg-cluster-759|pg-cluster-760|pg-cluster-761|pg-cluster-762|pg-cluster-763|pg-cluster-764|pg-cluster-765|pg-cluster-766|pg-cluster-767|pg-cluster-768|pg-cluster-769|pg-cluster-770|pg-cluster-771|pg-cluster-772|pg-cluster-773|pg-cluster-774|pg-cluster-775|pg-cluster-776|pg-cluster-777|pg-cluster-778|pg-cluster-779|pg-cluster-780|pg-cluster-781|pg-cluster-782|pg-cluster-783|pg-cluster-784|pg-cluster-785|pg-cluster-786|pg-cluster-787|pg-cluster-788|pg-cluster-789|pg-cluster-790|pg-cluster-791|pg-cluster-792|pg-cluster-793|pg-cluster-794|pg-cluster-795|pg-cluster-796|pg-cluster-797|pg-cluster-798|pg-cluster-799|pg-cluster-800,100,100,0,60,140,0,60,60,60,applications/backend/services/settlement,/api/v1/settlement,applications/frontend/customer-web/src/domains/settlement,applications/frontend/admin-web/src/domains/settlement,POLICY_PENDING,domain-settlement,retail-settlement,PLANNED
127,18,shipping,shipping-platform,10,svc-0171|svc-0172|svc-0173|svc-0174|svc-0175|svc-0176|svc-0177|svc-0178|svc-0179|svc-0180,shipping-01|shipping-02|shipping-03|shipping-04|shipping-05|shipping-06|shipping-07|shipping-08|shipping-09|shipping-10,1,team-018,10,shipping_svc_01|shipping_svc_02|shipping_svc_03|shipping_svc_04|shipping_svc_05|shipping_svc_06|shipping_svc_07|shipping_svc_08|shipping_svc_09|shipping_svc_10,100,pg-cluster-101|pg-cluster-102|pg-cluster-103|pg-cluster-104|pg-cluster-105|pg-cluster-106|pg-cluster-107|pg-cluster-108|pg-cluster-109|pg-cluster-110|pg-cluster-111|pg-cluster-112|pg-cluster-113|pg-cluster-114|pg-cluster-115|pg-cluster-116|pg-cluster-117|pg-cluster-118|pg-cluster-119|pg-cluster-120|pg-cluster-121|pg-cluster-122|pg-cluster-123|pg-cluster-124|pg-cluster-125|pg-cluster-126|pg-cluster-127|pg-cluster-128|pg-cluster-129|pg-cluster-130|pg-cluster-131|pg-cluster-132|pg-cluster-133|pg-cluster-134|pg-cluster-135|pg-cluster-136|pg-cluster-137|pg-cluster-138|pg-cluster-139|pg-cluster-140|pg-cluster-141|pg-cluster-142|pg-cluster-143|pg-cluster-144|pg-cluster-145|pg-cluster-146|pg-cluster-147|pg-cluster-148|pg-cluster-149|pg-cluster-150|pg-cluster-151|pg-cluster-152|pg-cluster-153|pg-cluster-154|pg-cluster-155|pg-cluster-156|pg-cluster-157|pg-cluster-158|pg-cluster-159|pg-cluster-160|pg-cluster-161|pg-cluster-162|pg-cluster-163|pg-cluster-164|pg-cluster-165|pg-cluster-166|pg-cluster-167|pg-cluster-168|pg-cluster-169|pg-cluster-170|pg-cluster-171|pg-cluster-172|pg-cluster-173|pg-cluster-174|pg-cluster-175|pg-cluster-176|pg-cluster-177|pg-cluster-178|pg-cluster-179|pg-cluster-180|pg-cluster-181|pg-cluster-182|pg-cluster-183|pg-cluster-184|pg-cluster-185|pg-cluster-186|pg-cluster-187|pg-cluster-188|pg-cluster-189|pg-cluster-190|pg-cluster-191|pg-cluster-192|pg-cluster-193|pg-cluster-194|pg-cluster-195|pg-cluster-196|pg-cluster-197|pg-cluster-198|pg-cluster-199|pg-cluster-200,100,100,0,60,80,0,60,60,60,applications/backend/services/shipping,/api/v1/shipping,applications/frontend/customer-web/src/domains/shipping,applications/frontend/admin-web/src/domains/shipping,POLICY_PENDING,domain-shipping,retail-shipping,PLANNED
127,96,sms,sms-platform,10,svc-0951|svc-0952|svc-0953|svc-0954|svc-0955|svc-0956|svc-0957|svc-0958|svc-0959|svc-0960,sms-01|sms-02|sms-03|sms-04|sms-05|sms-06|sms-07|sms-08|sms-09|sms-10,1,team-096,10,sms_svc_01|sms_svc_02|sms_svc_03|sms_svc_04|sms_svc_05|sms_svc_06|sms_svc_07|sms_svc_08|sms_svc_09|sms_svc_10,100,pg-cluster-701|pg-cluster-702|pg-cluster-703|pg-cluster-704|pg-cluster-705|pg-cluster-706|pg-cluster-707|pg-cluster-708|pg-cluster-709|pg-cluster-710|pg-cluster-711|pg-cluster-712|pg-cluster-713|pg-cluster-714|pg-cluster-715|pg-cluster-716|pg-cluster-717|pg-cluster-718|pg-cluster-719|pg-cluster-720|pg-cluster-721|pg-cluster-722|pg-cluster-723|pg-cluster-724|pg-cluster-725|pg-cluster-726|pg-cluster-727|pg-cluster-728|pg-cluster-729|pg-cluster-730|pg-cluster-731|pg-cluster-732|pg-cluster-733|pg-cluster-734|pg-cluster-735|pg-cluster-736|pg-cluster-737|pg-cluster-738|pg-cluster-739|pg-cluster-740|pg-cluster-741|pg-cluster-742|pg-cluster-743|pg-cluster-744|pg-cluster-745|pg-cluster-746|pg-cluster-747|pg-cluster-748|pg-cluster-749|pg-cluster-750|pg-cluster-751|pg-cluster-752|pg-cluster-753|pg-cluster-754|pg-cluster-755|pg-cluster-756|pg-cluster-757|pg-cluster-758|pg-cluster-759|pg-cluster-760|pg-cluster-761|pg-cluster-762|pg-cluster-763|pg-cluster-764|pg-cluster-765|pg-cluster-766|pg-cluster-767|pg-cluster-768|pg-cluster-769|pg-cluster-770|pg-cluster-771|pg-cluster-772|pg-cluster-773|pg-cluster-774|pg-cluster-775|pg-cluster-776|pg-cluster-777|pg-cluster-778|pg-cluster-779|pg-cluster-780|pg-cluster-781|pg-cluster-782|pg-cluster-783|pg-cluster-784|pg-cluster-785|pg-cluster-786|pg-cluster-787|pg-cluster-788|pg-cluster-789|pg-cluster-790|pg-cluster-791|pg-cluster-792|pg-cluster-793|pg-cluster-794|pg-cluster-795|pg-cluster-796|pg-cluster-797|pg-cluster-798|pg-cluster-799|pg-cluster-800,100,100,0,60,0,0,60,60,60,applications/backend/services/sms,/api/v1/sms,applications/frontend/customer-web/src/domains/sms,applications/frontend/admin-web/src/domains/sms,POLICY_PENDING,domain-sms,retail-sms,PLANNED
127,93,social,social-platform,10,svc-0921|svc-0922|svc-0923|svc-0924|svc-0925|svc-0926|svc-0927|svc-0928|svc-0929|svc-0930,social-01|social-02|social-03|social-04|social-05|social-06|social-07|social-08|social-09|social-10,1,team-093,10,social_svc_01|social_svc_02|social_svc_03|social_svc_04|social_svc_05|social_svc_06|social_svc_07|social_svc_08|social_svc_09|social_svc_10,100,pg-cluster-401|pg-cluster-402|pg-cluster-403|pg-cluster-404|pg-cluster-405|pg-cluster-406|pg-cluster-407|pg-cluster-408|pg-cluster-409|pg-cluster-410|pg-cluster-411|pg-cluster-412|pg-cluster-413|pg-cluster-414|pg-cluster-415|pg-cluster-416|pg-cluster-417|pg-cluster-418|pg-cluster-419|pg-cluster-420|pg-cluster-421|pg-cluster-422|pg-cluster-423|pg-cluster-424|pg-cluster-425|pg-cluster-426|pg-cluster-427|pg-cluster-428|pg-cluster-429|pg-cluster-430|pg-cluster-431|pg-cluster-432|pg-cluster-433|pg-cluster-434|pg-cluster-435|pg-cluster-436|pg-cluster-437|pg-cluster-438|pg-cluster-439|pg-cluster-440|pg-cluster-441|pg-cluster-442|pg-cluster-443|pg-cluster-444|pg-cluster-445|pg-cluster-446|pg-cluster-447|pg-cluster-448|pg-cluster-449|pg-cluster-450|pg-cluster-451|pg-cluster-452|pg-cluster-453|pg-cluster-454|pg-cluster-455|pg-cluster-456|pg-cluster-457|pg-cluster-458|pg-cluster-459|pg-cluster-460|pg-cluster-461|pg-cluster-462|pg-cluster-463|pg-cluster-464|pg-cluster-465|pg-cluster-466|pg-cluster-467|pg-cluster-468|pg-cluster-469|pg-cluster-470|pg-cluster-471|pg-cluster-472|pg-cluster-473|pg-cluster-474|pg-cluster-475|pg-cluster-476|pg-cluster-477|pg-cluster-478|pg-cluster-479|pg-cluster-480|pg-cluster-481|pg-cluster-482|pg-cluster-483|pg-cluster-484|pg-cluster-485|pg-cluster-486|pg-cluster-487|pg-cluster-488|pg-cluster-489|pg-cluster-490|pg-cluster-491|pg-cluster-492|pg-cluster-493|pg-cluster-494|pg-cluster-495|pg-cluster-496|pg-cluster-497|pg-cluster-498|pg-cluster-499|pg-cluster-500,100,100,0,60,0,1,59,59,59,applications/backend/services/social,/api/v1/social,applications/frontend/customer-web/src/domains/social,applications/frontend/admin-web/src/domains/social,POLICY_PENDING,domain-social,retail-social,PLANNED
127,58,store,store-platform,10,svc-0571|svc-0572|svc-0573|svc-0574|svc-0575|svc-0576|svc-0577|svc-0578|svc-0579|svc-0580,store-01|store-02|store-03|store-04|store-05|store-06|store-07|store-08|store-09|store-10,1,team-058,10,store_svc_01|store_svc_02|store_svc_03|store_svc_04|store_svc_05|store_svc_06|store_svc_07|store_svc_08|store_svc_09|store_svc_10,100,pg-cluster-101|pg-cluster-102|pg-cluster-103|pg-cluster-104|pg-cluster-105|pg-cluster-106|pg-cluster-107|pg-cluster-108|pg-cluster-109|pg-cluster-110|pg-cluster-111|pg-cluster-112|pg-cluster-113|pg-cluster-114|pg-cluster-115|pg-cluster-116|pg-cluster-117|pg-cluster-118|pg-cluster-119|pg-cluster-120|pg-cluster-121|pg-cluster-122|pg-cluster-123|pg-cluster-124|pg-cluster-125|pg-cluster-126|pg-cluster-127|pg-cluster-128|pg-cluster-129|pg-cluster-130|pg-cluster-131|pg-cluster-132|pg-cluster-133|pg-cluster-134|pg-cluster-135|pg-cluster-136|pg-cluster-137|pg-cluster-138|pg-cluster-139|pg-cluster-140|pg-cluster-141|pg-cluster-142|pg-cluster-143|pg-cluster-144|pg-cluster-145|pg-cluster-146|pg-cluster-147|pg-cluster-148|pg-cluster-149|pg-cluster-150|pg-cluster-151|pg-cluster-152|pg-cluster-153|pg-cluster-154|pg-cluster-155|pg-cluster-156|pg-cluster-157|pg-cluster-158|pg-cluster-159|pg-cluster-160|pg-cluster-161|pg-cluster-162|pg-cluster-163|pg-cluster-164|pg-cluster-165|pg-cluster-166|pg-cluster-167|pg-cluster-168|pg-cluster-169|pg-cluster-170|pg-cluster-171|pg-cluster-172|pg-cluster-173|pg-cluster-174|pg-cluster-175|pg-cluster-176|pg-cluster-177|pg-cluster-178|pg-cluster-179|pg-cluster-180|pg-cluster-181|pg-cluster-182|pg-cluster-183|pg-cluster-184|pg-cluster-185|pg-cluster-186|pg-cluster-187|pg-cluster-188|pg-cluster-189|pg-cluster-190|pg-cluster-191|pg-cluster-192|pg-cluster-193|pg-cluster-194|pg-cluster-195|pg-cluster-196|pg-cluster-197|pg-cluster-198|pg-cluster-199|pg-cluster-200,100,100,0,60,20,0,60,60,60,applications/backend/services/store,/api/v1/store,applications/frontend/customer-web/src/domains/store,applications/frontend/admin-web/src/domains/store,POLICY_PENDING,domain-store,retail-store,PLANNED
127,68,streaming,streaming-platform,10,svc-0671|svc-0672|svc-0673|svc-0674|svc-0675|svc-0676|svc-0677|svc-0678|svc-0679|svc-0680,streaming-01|streaming-02|streaming-03|streaming-04|streaming-05|streaming-06|streaming-07|streaming-08|streaming-09|streaming-10,1,team-068,10,streaming_svc_01|streaming_svc_02|streaming_svc_03|streaming_svc_04|streaming_svc_05|streaming_svc_06|streaming_svc_07|streaming_svc_08|streaming_svc_09|streaming_svc_10,100,pg-cluster-301|pg-cluster-302|pg-cluster-303|pg-cluster-304|pg-cluster-305|pg-cluster-306|pg-cluster-307|pg-cluster-308|pg-cluster-309|pg-cluster-310|pg-cluster-311|pg-cluster-312|pg-cluster-313|pg-cluster-314|pg-cluster-315|pg-cluster-316|pg-cluster-317|pg-cluster-318|pg-cluster-319|pg-cluster-320|pg-cluster-321|pg-cluster-322|pg-cluster-323|pg-cluster-324|pg-cluster-325|pg-cluster-326|pg-cluster-327|pg-cluster-328|pg-cluster-329|pg-cluster-330|pg-cluster-331|pg-cluster-332|pg-cluster-333|pg-cluster-334|pg-cluster-335|pg-cluster-336|pg-cluster-337|pg-cluster-338|pg-cluster-339|pg-cluster-340|pg-cluster-341|pg-cluster-342|pg-cluster-343|pg-cluster-344|pg-cluster-345|pg-cluster-346|pg-cluster-347|pg-cluster-348|pg-cluster-349|pg-cluster-350|pg-cluster-351|pg-cluster-352|pg-cluster-353|pg-cluster-354|pg-cluster-355|pg-cluster-356|pg-cluster-357|pg-cluster-358|pg-cluster-359|pg-cluster-360|pg-cluster-361|pg-cluster-362|pg-cluster-363|pg-cluster-364|pg-cluster-365|pg-cluster-366|pg-cluster-367|pg-cluster-368|pg-cluster-369|pg-cluster-370|pg-cluster-371|pg-cluster-372|pg-cluster-373|pg-cluster-374|pg-cluster-375|pg-cluster-376|pg-cluster-377|pg-cluster-378|pg-cluster-379|pg-cluster-380|pg-cluster-381|pg-cluster-382|pg-cluster-383|pg-cluster-384|pg-cluster-385|pg-cluster-386|pg-cluster-387|pg-cluster-388|pg-cluster-389|pg-cluster-390|pg-cluster-391|pg-cluster-392|pg-cluster-393|pg-cluster-394|pg-cluster-395|pg-cluster-396|pg-cluster-397|pg-cluster-398|pg-cluster-399|pg-cluster-400,100,100,0,60,80,0,60,60,60,applications/backend/services/streaming,/api/v1/streaming,applications/frontend/customer-web/src/domains/streaming,applications/frontend/admin-web/src/domains/streaming,POLICY_PENDING,domain-streaming,retail-streaming,PLANNED
127,89,subscription,subscription-platform,10,svc-0881|svc-0882|svc-0883|svc-0884|svc-0885|svc-0886|svc-0887|svc-0888|svc-0889|svc-0890,subscription-01|subscription-02|subscription-03|subscription-04|subscription-05|subscription-06|subscription-07|subscription-08|subscription-09|subscription-10,1,team-089,10,subscription_svc_01|subscription_svc_02|subscription_svc_03|subscription_svc_04|subscription_svc_05|subscription_svc_06|subscription_svc_07|subscription_svc_08|subscription_svc_09|subscription_svc_10,100,pg-cluster-001|pg-cluster-002|pg-cluster-003|pg-cluster-004|pg-cluster-005|pg-cluster-006|pg-cluster-007|pg-cluster-008|pg-cluster-009|pg-cluster-010|pg-cluster-011|pg-cluster-012|pg-cluster-013|pg-cluster-014|pg-cluster-015|pg-cluster-016|pg-cluster-017|pg-cluster-018|pg-cluster-019|pg-cluster-020|pg-cluster-021|pg-cluster-022|pg-cluster-023|pg-cluster-024|pg-cluster-025|pg-cluster-026|pg-cluster-027|pg-cluster-028|pg-cluster-029|pg-cluster-030|pg-cluster-031|pg-cluster-032|pg-cluster-033|pg-cluster-034|pg-cluster-035|pg-cluster-036|pg-cluster-037|pg-cluster-038|pg-cluster-039|pg-cluster-040|pg-cluster-041|pg-cluster-042|pg-cluster-043|pg-cluster-044|pg-cluster-045|pg-cluster-046|pg-cluster-047|pg-cluster-048|pg-cluster-049|pg-cluster-050|pg-cluster-051|pg-cluster-052|pg-cluster-053|pg-cluster-054|pg-cluster-055|pg-cluster-056|pg-cluster-057|pg-cluster-058|pg-cluster-059|pg-cluster-060|pg-cluster-061|pg-cluster-062|pg-cluster-063|pg-cluster-064|pg-cluster-065|pg-cluster-066|pg-cluster-067|pg-cluster-068|pg-cluster-069|pg-cluster-070|pg-cluster-071|pg-cluster-072|pg-cluster-073|pg-cluster-074|pg-cluster-075|pg-cluster-076|pg-cluster-077|pg-cluster-078|pg-cluster-079|pg-cluster-080|pg-cluster-081|pg-cluster-082|pg-cluster-083|pg-cluster-084|pg-cluster-085|pg-cluster-086|pg-cluster-087|pg-cluster-088|pg-cluster-089|pg-cluster-090|pg-cluster-091|pg-cluster-092|pg-cluster-093|pg-cluster-094|pg-cluster-095|pg-cluster-096|pg-cluster-097|pg-cluster-098|pg-cluster-099|pg-cluster-100,100,100,0,60,0,0,60,60,60,applications/backend/services/subscription,/api/v1/subscription,applications/frontend/customer-web/src/domains/subscription,applications/frontend/admin-web/src/domains/subscription,POLICY_PENDING,domain-subscription,retail-subscription,PLANNED
127,61,supplier,supplier-platform,10,svc-0601|svc-0602|svc-0603|svc-0604|svc-0605|svc-0606|svc-0607|svc-0608|svc-0609|svc-0610,supplier-01|supplier-02|supplier-03|supplier-04|supplier-05|supplier-06|supplier-07|supplier-08|supplier-09|supplier-10,1,team-061,10,supplier_svc_01|supplier_svc_02|supplier_svc_03|supplier_svc_04|supplier_svc_05|supplier_svc_06|supplier_svc_07|supplier_svc_08|supplier_svc_09|supplier_svc_10,100,pg-cluster-401|pg-cluster-402|pg-cluster-403|pg-cluster-404|pg-cluster-405|pg-cluster-406|pg-cluster-407|pg-cluster-408|pg-cluster-409|pg-cluster-410|pg-cluster-411|pg-cluster-412|pg-cluster-413|pg-cluster-414|pg-cluster-415|pg-cluster-416|pg-cluster-417|pg-cluster-418|pg-cluster-419|pg-cluster-420|pg-cluster-421|pg-cluster-422|pg-cluster-423|pg-cluster-424|pg-cluster-425|pg-cluster-426|pg-cluster-427|pg-cluster-428|pg-cluster-429|pg-cluster-430|pg-cluster-431|pg-cluster-432|pg-cluster-433|pg-cluster-434|pg-cluster-435|pg-cluster-436|pg-cluster-437|pg-cluster-438|pg-cluster-439|pg-cluster-440|pg-cluster-441|pg-cluster-442|pg-cluster-443|pg-cluster-444|pg-cluster-445|pg-cluster-446|pg-cluster-447|pg-cluster-448|pg-cluster-449|pg-cluster-450|pg-cluster-451|pg-cluster-452|pg-cluster-453|pg-cluster-454|pg-cluster-455|pg-cluster-456|pg-cluster-457|pg-cluster-458|pg-cluster-459|pg-cluster-460|pg-cluster-461|pg-cluster-462|pg-cluster-463|pg-cluster-464|pg-cluster-465|pg-cluster-466|pg-cluster-467|pg-cluster-468|pg-cluster-469|pg-cluster-470|pg-cluster-471|pg-cluster-472|pg-cluster-473|pg-cluster-474|pg-cluster-475|pg-cluster-476|pg-cluster-477|pg-cluster-478|pg-cluster-479|pg-cluster-480|pg-cluster-481|pg-cluster-482|pg-cluster-483|pg-cluster-484|pg-cluster-485|pg-cluster-486|pg-cluster-487|pg-cluster-488|pg-cluster-489|pg-cluster-490|pg-cluster-491|pg-cluster-492|pg-cluster-493|pg-cluster-494|pg-cluster-495|pg-cluster-496|pg-cluster-497|pg-cluster-498|pg-cluster-499|pg-cluster-500,100,100,0,60,100,0,60,60,60,applications/backend/services/supplier,/api/v1/supplier,applications/frontend/customer-web/src/domains/supplier,applications/frontend/admin-web/src/domains/supplier,POLICY_PENDING,domain-supplier,retail-supplier,PLANNED
127,83,supply_chain,supply_chain-platform,10,svc-0821|svc-0822|svc-0823|svc-0824|svc-0825|svc-0826|svc-0827|svc-0828|svc-0829|svc-0830,supply_chain-01|supply_chain-02|supply_chain-03|supply_chain-04|supply_chain-05|supply_chain-06|supply_chain-07|supply_chain-08|supply_chain-09|supply_chain-10,1,team-083,10,supply_chain_svc_01|supply_chain_svc_02|supply_chain_svc_03|supply_chain_svc_04|supply_chain_svc_05|supply_chain_svc_06|supply_chain_svc_07|supply_chain_svc_08|supply_chain_svc_09|supply_chain_svc_10,100,pg-cluster-201|pg-cluster-202|pg-cluster-203|pg-cluster-204|pg-cluster-205|pg-cluster-206|pg-cluster-207|pg-cluster-208|pg-cluster-209|pg-cluster-210|pg-cluster-211|pg-cluster-212|pg-cluster-213|pg-cluster-214|pg-cluster-215|pg-cluster-216|pg-cluster-217|pg-cluster-218|pg-cluster-219|pg-cluster-220|pg-cluster-221|pg-cluster-222|pg-cluster-223|pg-cluster-224|pg-cluster-225|pg-cluster-226|pg-cluster-227|pg-cluster-228|pg-cluster-229|pg-cluster-230|pg-cluster-231|pg-cluster-232|pg-cluster-233|pg-cluster-234|pg-cluster-235|pg-cluster-236|pg-cluster-237|pg-cluster-238|pg-cluster-239|pg-cluster-240|pg-cluster-241|pg-cluster-242|pg-cluster-243|pg-cluster-244|pg-cluster-245|pg-cluster-246|pg-cluster-247|pg-cluster-248|pg-cluster-249|pg-cluster-250|pg-cluster-251|pg-cluster-252|pg-cluster-253|pg-cluster-254|pg-cluster-255|pg-cluster-256|pg-cluster-257|pg-cluster-258|pg-cluster-259|pg-cluster-260|pg-cluster-261|pg-cluster-262|pg-cluster-263|pg-cluster-264|pg-cluster-265|pg-cluster-266|pg-cluster-267|pg-cluster-268|pg-cluster-269|pg-cluster-270|pg-cluster-271|pg-cluster-272|pg-cluster-273|pg-cluster-274|pg-cluster-275|pg-cluster-276|pg-cluster-277|pg-cluster-278|pg-cluster-279|pg-cluster-280|pg-cluster-281|pg-cluster-282|pg-cluster-283|pg-cluster-284|pg-cluster-285|pg-cluster-286|pg-cluster-287|pg-cluster-288|pg-cluster-289|pg-cluster-290|pg-cluster-291|pg-cluster-292|pg-cluster-293|pg-cluster-294|pg-cluster-295|pg-cluster-296|pg-cluster-297|pg-cluster-298|pg-cluster-299|pg-cluster-300,100,100,0,60,40,1,59,59,59,applications/backend/services/supply_chain,/api/v1/supply_chain,applications/frontend/customer-web/src/domains/supply_chain,applications/frontend/admin-web/src/domains/supply_chain,POLICY_PENDING,domain-supply_chain,retail-supply_chain,PLANNED
127,34,support,support-platform,10,svc-0331|svc-0332|svc-0333|svc-0334|svc-0335|svc-0336|svc-0337|svc-0338|svc-0339|svc-0340,support-01|support-02|support-03|support-04|support-05|support-06|support-07|support-08|support-09|support-10,1,team-034,10,support_svc_01|support_svc_02|support_svc_03|support_svc_04|support_svc_05|support_svc_06|support_svc_07|support_svc_08|support_svc_09|support_svc_10,100,pg-cluster-101|pg-cluster-102|pg-cluster-103|pg-cluster-104|pg-cluster-105|pg-cluster-106|pg-cluster-107|pg-cluster-108|pg-cluster-109|pg-cluster-110|pg-cluster-111|pg-cluster-112|pg-cluster-113|pg-cluster-114|pg-cluster-115|pg-cluster-116|pg-cluster-117|pg-cluster-118|pg-cluster-119|pg-cluster-120|pg-cluster-121|pg-cluster-122|pg-cluster-123|pg-cluster-124|pg-cluster-125|pg-cluster-126|pg-cluster-127|pg-cluster-128|pg-cluster-129|pg-cluster-130|pg-cluster-131|pg-cluster-132|pg-cluster-133|pg-cluster-134|pg-cluster-135|pg-cluster-136|pg-cluster-137|pg-cluster-138|pg-cluster-139|pg-cluster-140|pg-cluster-141|pg-cluster-142|pg-cluster-143|pg-cluster-144|pg-cluster-145|pg-cluster-146|pg-cluster-147|pg-cluster-148|pg-cluster-149|pg-cluster-150|pg-cluster-151|pg-cluster-152|pg-cluster-153|pg-cluster-154|pg-cluster-155|pg-cluster-156|pg-cluster-157|pg-cluster-158|pg-cluster-159|pg-cluster-160|pg-cluster-161|pg-cluster-162|pg-cluster-163|pg-cluster-164|pg-cluster-165|pg-cluster-166|pg-cluster-167|pg-cluster-168|pg-cluster-169|pg-cluster-170|pg-cluster-171|pg-cluster-172|pg-cluster-173|pg-cluster-174|pg-cluster-175|pg-cluster-176|pg-cluster-177|pg-cluster-178|pg-cluster-179|pg-cluster-180|pg-cluster-181|pg-cluster-182|pg-cluster-183|pg-cluster-184|pg-cluster-185|pg-cluster-186|pg-cluster-187|pg-cluster-188|pg-cluster-189|pg-cluster-190|pg-cluster-191|pg-cluster-192|pg-cluster-193|pg-cluster-194|pg-cluster-195|pg-cluster-196|pg-cluster-197|pg-cluster-198|pg-cluster-199|pg-cluster-200,100,100,0,60,60,1,59,59,59,applications/backend/services/support,/api/v1/support,applications/frontend/customer-web/src/domains/support,applications/frontend/admin-web/src/domains/support,POLICY_PENDING,domain-support,retail-support,PLANNED
127,100,sustainability,sustainability-platform,10,svc-0991|svc-0992|svc-0993|svc-0994|svc-0995|svc-0996|svc-0997|svc-0998|svc-0999|svc-1000,sustainability-01|sustainability-02|sustainability-03|sustainability-04|sustainability-05|sustainability-06|sustainability-07|sustainability-08|sustainability-09|sustainability-10,1,team-100,10,sustainability_svc_01|sustainability_svc_02|sustainability_svc_03|sustainability_svc_04|sustainability_svc_05|sustainability_svc_06|sustainability_svc_07|sustainability_svc_08|sustainability_svc_09|sustainability_svc_10,100,pg-cluster-301|pg-cluster-302|pg-cluster-303|pg-cluster-304|pg-cluster-305|pg-cluster-306|pg-cluster-307|pg-cluster-308|pg-cluster-309|pg-cluster-310|pg-cluster-311|pg-cluster-312|pg-cluster-313|pg-cluster-314|pg-cluster-315|pg-cluster-316|pg-cluster-317|pg-cluster-318|pg-cluster-319|pg-cluster-320|pg-cluster-321|pg-cluster-322|pg-cluster-323|pg-cluster-324|pg-cluster-325|pg-cluster-326|pg-cluster-327|pg-cluster-328|pg-cluster-329|pg-cluster-330|pg-cluster-331|pg-cluster-332|pg-cluster-333|pg-cluster-334|pg-cluster-335|pg-cluster-336|pg-cluster-337|pg-cluster-338|pg-cluster-339|pg-cluster-340|pg-cluster-341|pg-cluster-342|pg-cluster-343|pg-cluster-344|pg-cluster-345|pg-cluster-346|pg-cluster-347|pg-cluster-348|pg-cluster-349|pg-cluster-350|pg-cluster-351|pg-cluster-352|pg-cluster-353|pg-cluster-354|pg-cluster-355|pg-cluster-356|pg-cluster-357|pg-cluster-358|pg-cluster-359|pg-cluster-360|pg-cluster-361|pg-cluster-362|pg-cluster-363|pg-cluster-364|pg-cluster-365|pg-cluster-366|pg-cluster-367|pg-cluster-368|pg-cluster-369|pg-cluster-370|pg-cluster-371|pg-cluster-372|pg-cluster-373|pg-cluster-374|pg-cluster-375|pg-cluster-376|pg-cluster-377|pg-cluster-378|pg-cluster-379|pg-cluster-380|pg-cluster-381|pg-cluster-382|pg-cluster-383|pg-cluster-384|pg-cluster-385|pg-cluster-386|pg-cluster-387|pg-cluster-388|pg-cluster-389|pg-cluster-390|pg-cluster-391|pg-cluster-392|pg-cluster-393|pg-cluster-394|pg-cluster-395|pg-cluster-396|pg-cluster-397|pg-cluster-398|pg-cluster-399|pg-cluster-400,100,100,0,60,0,2,58,58,58,applications/backend/services/sustainability,/api/v1/sustainability,applications/frontend/customer-web/src/domains/sustainability,applications/frontend/admin-web/src/domains/sustainability,POLICY_PENDING,domain-sustainability,retail-sustainability,PLANNED
127,17,tax,tax-platform,10,svc-0161|svc-0162|svc-0163|svc-0164|svc-0165|svc-0166|svc-0167|svc-0168|svc-0169|svc-0170,tax-01|tax-02|tax-03|tax-04|tax-05|tax-06|tax-07|tax-08|tax-09|tax-10,1,team-017,10,tax_svc_01|tax_svc_02|tax_svc_03|tax_svc_04|tax_svc_05|tax_svc_06|tax_svc_07|tax_svc_08|tax_svc_09|tax_svc_10,100,pg-cluster-001|pg-cluster-002|pg-cluster-003|pg-cluster-004|pg-cluster-005|pg-cluster-006|pg-cluster-007|pg-cluster-008|pg-cluster-009|pg-cluster-010|pg-cluster-011|pg-cluster-012|pg-cluster-013|pg-cluster-014|pg-cluster-015|pg-cluster-016|pg-cluster-017|pg-cluster-018|pg-cluster-019|pg-cluster-020|pg-cluster-021|pg-cluster-022|pg-cluster-023|pg-cluster-024|pg-cluster-025|pg-cluster-026|pg-cluster-027|pg-cluster-028|pg-cluster-029|pg-cluster-030|pg-cluster-031|pg-cluster-032|pg-cluster-033|pg-cluster-034|pg-cluster-035|pg-cluster-036|pg-cluster-037|pg-cluster-038|pg-cluster-039|pg-cluster-040|pg-cluster-041|pg-cluster-042|pg-cluster-043|pg-cluster-044|pg-cluster-045|pg-cluster-046|pg-cluster-047|pg-cluster-048|pg-cluster-049|pg-cluster-050|pg-cluster-051|pg-cluster-052|pg-cluster-053|pg-cluster-054|pg-cluster-055|pg-cluster-056|pg-cluster-057|pg-cluster-058|pg-cluster-059|pg-cluster-060|pg-cluster-061|pg-cluster-062|pg-cluster-063|pg-cluster-064|pg-cluster-065|pg-cluster-066|pg-cluster-067|pg-cluster-068|pg-cluster-069|pg-cluster-070|pg-cluster-071|pg-cluster-072|pg-cluster-073|pg-cluster-074|pg-cluster-075|pg-cluster-076|pg-cluster-077|pg-cluster-078|pg-cluster-079|pg-cluster-080|pg-cluster-081|pg-cluster-082|pg-cluster-083|pg-cluster-084|pg-cluster-085|pg-cluster-086|pg-cluster-087|pg-cluster-088|pg-cluster-089|pg-cluster-090|pg-cluster-091|pg-cluster-092|pg-cluster-093|pg-cluster-094|pg-cluster-095|pg-cluster-096|pg-cluster-097|pg-cluster-098|pg-cluster-099|pg-cluster-100,100,100,0,60,40,0,60,60,60,applications/backend/services/tax,/api/v1/tax,applications/frontend/customer-web/src/domains/tax,applications/frontend/admin-web/src/domains/tax,POLICY_PENDING,domain-tax,retail-tax,PLANNED
127,84,transport,transport-platform,10,svc-0831|svc-0832|svc-0833|svc-0834|svc-0835|svc-0836|svc-0837|svc-0838|svc-0839|svc-0840,transport-01|transport-02|transport-03|transport-04|transport-05|transport-06|transport-07|transport-08|transport-09|transport-10,1,team-084,10,transport_svc_01|transport_svc_02|transport_svc_03|transport_svc_04|transport_svc_05|transport_svc_06|transport_svc_07|transport_svc_08|transport_svc_09|transport_svc_10,100,pg-cluster-301|pg-cluster-302|pg-cluster-303|pg-cluster-304|pg-cluster-305|pg-cluster-306|pg-cluster-307|pg-cluster-308|pg-cluster-309|pg-cluster-310|pg-cluster-311|pg-cluster-312|pg-cluster-313|pg-cluster-314|pg-cluster-315|pg-cluster-316|pg-cluster-317|pg-cluster-318|pg-cluster-319|pg-cluster-320|pg-cluster-321|pg-cluster-322|pg-cluster-323|pg-cluster-324|pg-cluster-325|pg-cluster-326|pg-cluster-327|pg-cluster-328|pg-cluster-329|pg-cluster-330|pg-cluster-331|pg-cluster-332|pg-cluster-333|pg-cluster-334|pg-cluster-335|pg-cluster-336|pg-cluster-337|pg-cluster-338|pg-cluster-339|pg-cluster-340|pg-cluster-341|pg-cluster-342|pg-cluster-343|pg-cluster-344|pg-cluster-345|pg-cluster-346|pg-cluster-347|pg-cluster-348|pg-cluster-349|pg-cluster-350|pg-cluster-351|pg-cluster-352|pg-cluster-353|pg-cluster-354|pg-cluster-355|pg-cluster-356|pg-cluster-357|pg-cluster-358|pg-cluster-359|pg-cluster-360|pg-cluster-361|pg-cluster-362|pg-cluster-363|pg-cluster-364|pg-cluster-365|pg-cluster-366|pg-cluster-367|pg-cluster-368|pg-cluster-369|pg-cluster-370|pg-cluster-371|pg-cluster-372|pg-cluster-373|pg-cluster-374|pg-cluster-375|pg-cluster-376|pg-cluster-377|pg-cluster-378|pg-cluster-379|pg-cluster-380|pg-cluster-381|pg-cluster-382|pg-cluster-383|pg-cluster-384|pg-cluster-385|pg-cluster-386|pg-cluster-387|pg-cluster-388|pg-cluster-389|pg-cluster-390|pg-cluster-391|pg-cluster-392|pg-cluster-393|pg-cluster-394|pg-cluster-395|pg-cluster-396|pg-cluster-397|pg-cluster-398|pg-cluster-399|pg-cluster-400,100,100,0,60,40,2,58,58,58,applications/backend/services/transport,/api/v1/transport,applications/frontend/customer-web/src/domains/transport,applications/frontend/admin-web/src/domains/transport,POLICY_PENDING,domain-transport,retail-transport,PLANNED
127,99,vendor_management,vendor_management-platform,10,svc-0981|svc-0982|svc-0983|svc-0984|svc-0985|svc-0986|svc-0987|svc-0988|svc-0989|svc-0990,vendor_management-01|vendor_management-02|vendor_management-03|vendor_management-04|vendor_management-05|vendor_management-06|vendor_management-07|vendor_management-08|vendor_management-09|vendor_management-10,1,team-099,10,vendor_management_svc_01|vendor_management_svc_02|vendor_management_svc_03|vendor_management_svc_04|vendor_management_svc_05|vendor_management_svc_06|vendor_management_svc_07|vendor_management_svc_08|vendor_management_svc_09|vendor_management_svc_10,100,pg-cluster-201|pg-cluster-202|pg-cluster-203|pg-cluster-204|pg-cluster-205|pg-cluster-206|pg-cluster-207|pg-cluster-208|pg-cluster-209|pg-cluster-210|pg-cluster-211|pg-cluster-212|pg-cluster-213|pg-cluster-214|pg-cluster-215|pg-cluster-216|pg-cluster-217|pg-cluster-218|pg-cluster-219|pg-cluster-220|pg-cluster-221|pg-cluster-222|pg-cluster-223|pg-cluster-224|pg-cluster-225|pg-cluster-226|pg-cluster-227|pg-cluster-228|pg-cluster-229|pg-cluster-230|pg-cluster-231|pg-cluster-232|pg-cluster-233|pg-cluster-234|pg-cluster-235|pg-cluster-236|pg-cluster-237|pg-cluster-238|pg-cluster-239|pg-cluster-240|pg-cluster-241|pg-cluster-242|pg-cluster-243|pg-cluster-244|pg-cluster-245|pg-cluster-246|pg-cluster-247|pg-cluster-248|pg-cluster-249|pg-cluster-250|pg-cluster-251|pg-cluster-252|pg-cluster-253|pg-cluster-254|pg-cluster-255|pg-cluster-256|pg-cluster-257|pg-cluster-258|pg-cluster-259|pg-cluster-260|pg-cluster-261|pg-cluster-262|pg-cluster-263|pg-cluster-264|pg-cluster-265|pg-cluster-266|pg-cluster-267|pg-cluster-268|pg-cluster-269|pg-cluster-270|pg-cluster-271|pg-cluster-272|pg-cluster-273|pg-cluster-274|pg-cluster-275|pg-cluster-276|pg-cluster-277|pg-cluster-278|pg-cluster-279|pg-cluster-280|pg-cluster-281|pg-cluster-282|pg-cluster-283|pg-cluster-284|pg-cluster-285|pg-cluster-286|pg-cluster-287|pg-cluster-288|pg-cluster-289|pg-cluster-290|pg-cluster-291|pg-cluster-292|pg-cluster-293|pg-cluster-294|pg-cluster-295|pg-cluster-296|pg-cluster-297|pg-cluster-298|pg-cluster-299|pg-cluster-300,100,100,0,60,0,1,59,59,59,applications/backend/services/vendor_management,/api/v1/vendor_management,applications/frontend/customer-web/src/domains/vendor_management,applications/frontend/admin-web/src/domains/vendor_management,POLICY_PENDING,domain-vendor_management,retail-vendor_management,PLANNED
127,10,warehouse,warehouse-platform,10,svc-0091|svc-0092|svc-0093|svc-0094|svc-0095|svc-0096|svc-0097|svc-0098|svc-0099|svc-0100,warehouse-01|warehouse-02|warehouse-03|warehouse-04|warehouse-05|warehouse-06|warehouse-07|warehouse-08|warehouse-09|warehouse-10,1,team-010,10,warehouse_svc_01|warehouse_svc_02|warehouse_svc_03|warehouse_svc_04|warehouse_svc_05|warehouse_svc_06|warehouse_svc_07|warehouse_svc_08|warehouse_svc_09|warehouse_svc_10,100,pg-cluster-101|pg-cluster-102|pg-cluster-103|pg-cluster-104|pg-cluster-105|pg-cluster-106|pg-cluster-107|pg-cluster-108|pg-cluster-109|pg-cluster-110|pg-cluster-111|pg-cluster-112|pg-cluster-113|pg-cluster-114|pg-cluster-115|pg-cluster-116|pg-cluster-117|pg-cluster-118|pg-cluster-119|pg-cluster-120|pg-cluster-121|pg-cluster-122|pg-cluster-123|pg-cluster-124|pg-cluster-125|pg-cluster-126|pg-cluster-127|pg-cluster-128|pg-cluster-129|pg-cluster-130|pg-cluster-131|pg-cluster-132|pg-cluster-133|pg-cluster-134|pg-cluster-135|pg-cluster-136|pg-cluster-137|pg-cluster-138|pg-cluster-139|pg-cluster-140|pg-cluster-141|pg-cluster-142|pg-cluster-143|pg-cluster-144|pg-cluster-145|pg-cluster-146|pg-cluster-147|pg-cluster-148|pg-cluster-149|pg-cluster-150|pg-cluster-151|pg-cluster-152|pg-cluster-153|pg-cluster-154|pg-cluster-155|pg-cluster-156|pg-cluster-157|pg-cluster-158|pg-cluster-159|pg-cluster-160|pg-cluster-161|pg-cluster-162|pg-cluster-163|pg-cluster-164|pg-cluster-165|pg-cluster-166|pg-cluster-167|pg-cluster-168|pg-cluster-169|pg-cluster-170|pg-cluster-171|pg-cluster-172|pg-cluster-173|pg-cluster-174|pg-cluster-175|pg-cluster-176|pg-cluster-177|pg-cluster-178|pg-cluster-179|pg-cluster-180|pg-cluster-181|pg-cluster-182|pg-cluster-183|pg-cluster-184|pg-cluster-185|pg-cluster-186|pg-cluster-187|pg-cluster-188|pg-cluster-189|pg-cluster-190|pg-cluster-191|pg-cluster-192|pg-cluster-193|pg-cluster-194|pg-cluster-195|pg-cluster-196|pg-cluster-197|pg-cluster-198|pg-cluster-199|pg-cluster-200,100,100,0,60,60,0,60,60,60,applications/backend/services/warehouse,/api/v1/warehouse,applications/frontend/customer-web/src/domains/warehouse,applications/frontend/admin-web/src/domains/warehouse,POLICY_PENDING,domain-warehouse,retail-warehouse,PLANNED
127,57,web,web-platform,10,svc-0561|svc-0562|svc-0563|svc-0564|svc-0565|svc-0566|svc-0567|svc-0568|svc-0569|svc-0570,web-01|web-02|web-03|web-04|web-05|web-06|web-07|web-08|web-09|web-10,1,team-057,10,web_svc_01|web_svc_02|web_svc_03|web_svc_04|web_svc_05|web_svc_06|web_svc_07|web_svc_08|web_svc_09|web_svc_10,100,pg-cluster-001|pg-cluster-002|pg-cluster-003|pg-cluster-004|pg-cluster-005|pg-cluster-006|pg-cluster-007|pg-cluster-008|pg-cluster-009|pg-cluster-010|pg-cluster-011|pg-cluster-012|pg-cluster-013|pg-cluster-014|pg-cluster-015|pg-cluster-016|pg-cluster-017|pg-cluster-018|pg-cluster-019|pg-cluster-020|pg-cluster-021|pg-cluster-022|pg-cluster-023|pg-cluster-024|pg-cluster-025|pg-cluster-026|pg-cluster-027|pg-cluster-028|pg-cluster-029|pg-cluster-030|pg-cluster-031|pg-cluster-032|pg-cluster-033|pg-cluster-034|pg-cluster-035|pg-cluster-036|pg-cluster-037|pg-cluster-038|pg-cluster-039|pg-cluster-040|pg-cluster-041|pg-cluster-042|pg-cluster-043|pg-cluster-044|pg-cluster-045|pg-cluster-046|pg-cluster-047|pg-cluster-048|pg-cluster-049|pg-cluster-050|pg-cluster-051|pg-cluster-052|pg-cluster-053|pg-cluster-054|pg-cluster-055|pg-cluster-056|pg-cluster-057|pg-cluster-058|pg-cluster-059|pg-cluster-060|pg-cluster-061|pg-cluster-062|pg-cluster-063|pg-cluster-064|pg-cluster-065|pg-cluster-066|pg-cluster-067|pg-cluster-068|pg-cluster-069|pg-cluster-070|pg-cluster-071|pg-cluster-072|pg-cluster-073|pg-cluster-074|pg-cluster-075|pg-cluster-076|pg-cluster-077|pg-cluster-078|pg-cluster-079|pg-cluster-080|pg-cluster-081|pg-cluster-082|pg-cluster-083|pg-cluster-084|pg-cluster-085|pg-cluster-086|pg-cluster-087|pg-cluster-088|pg-cluster-089|pg-cluster-090|pg-cluster-091|pg-cluster-092|pg-cluster-093|pg-cluster-094|pg-cluster-095|pg-cluster-096|pg-cluster-097|pg-cluster-098|pg-cluster-099|pg-cluster-100,100,100,0,60,40,0,60,60,60,applications/backend/services/web,/api/v1/web,applications/frontend/customer-web/src/domains/web,applications/frontend/admin-web/src/domains/web,POLICY_PENDING,domain-web,retail-web,PLANNED
127,88,wholesale,wholesale-platform,10,svc-0871|svc-0872|svc-0873|svc-0874|svc-0875|svc-0876|svc-0877|svc-0878|svc-0879|svc-0880,wholesale-01|wholesale-02|wholesale-03|wholesale-04|wholesale-05|wholesale-06|wholesale-07|wholesale-08|wholesale-09|wholesale-10,1,team-088,10,wholesale_svc_01|wholesale_svc_02|wholesale_svc_03|wholesale_svc_04|wholesale_svc_05|wholesale_svc_06|wholesale_svc_07|wholesale_svc_08|wholesale_svc_09|wholesale_svc_10,100,pg-cluster-701|pg-cluster-702|pg-cluster-703|pg-cluster-704|pg-cluster-705|pg-cluster-706|pg-cluster-707|pg-cluster-708|pg-cluster-709|pg-cluster-710|pg-cluster-711|pg-cluster-712|pg-cluster-713|pg-cluster-714|pg-cluster-715|pg-cluster-716|pg-cluster-717|pg-cluster-718|pg-cluster-719|pg-cluster-720|pg-cluster-721|pg-cluster-722|pg-cluster-723|pg-cluster-724|pg-cluster-725|pg-cluster-726|pg-cluster-727|pg-cluster-728|pg-cluster-729|pg-cluster-730|pg-cluster-731|pg-cluster-732|pg-cluster-733|pg-cluster-734|pg-cluster-735|pg-cluster-736|pg-cluster-737|pg-cluster-738|pg-cluster-739|pg-cluster-740|pg-cluster-741|pg-cluster-742|pg-cluster-743|pg-cluster-744|pg-cluster-745|pg-cluster-746|pg-cluster-747|pg-cluster-748|pg-cluster-749|pg-cluster-750|pg-cluster-751|pg-cluster-752|pg-cluster-753|pg-cluster-754|pg-cluster-755|pg-cluster-756|pg-cluster-757|pg-cluster-758|pg-cluster-759|pg-cluster-760|pg-cluster-761|pg-cluster-762|pg-cluster-763|pg-cluster-764|pg-cluster-765|pg-cluster-766|pg-cluster-767|pg-cluster-768|pg-cluster-769|pg-cluster-770|pg-cluster-771|pg-cluster-772|pg-cluster-773|pg-cluster-774|pg-cluster-775|pg-cluster-776|pg-cluster-777|pg-cluster-778|pg-cluster-779|pg-cluster-780|pg-cluster-781|pg-cluster-782|pg-cluster-783|pg-cluster-784|pg-cluster-785|pg-cluster-786|pg-cluster-787|pg-cluster-788|pg-cluster-789|pg-cluster-790|pg-cluster-791|pg-cluster-792|pg-cluster-793|pg-cluster-794|pg-cluster-795|pg-cluster-796|pg-cluster-797|pg-cluster-798|pg-cluster-799|pg-cluster-800,100,100,0,60,0,0,60,60,60,applications/backend/services/wholesale,/api/v1/wholesale,applications/frontend/customer-web/src/domains/wholesale,applications/frontend/admin-web/src/domains/wholesale,POLICY_PENDING,domain-wholesale,retail-wholesale,PLANNED
