lesson_number,domain_id,domain,service_group,microservice_id,microservice_name,team_id,db_cluster_count,db_clusters,database_name,schema_name,owned_table_count,owned_tables,full_cdc_table_count,excluded_cdc_table_count,backend_module_path,api_base_path,docker_profile,deployment_unit,frontend_integration,implementation_status
201,1,identity,identity-platform,svc-0001,identity-01,team-001,10,pg-cluster-001|pg-cluster-002|pg-cluster-003|pg-cluster-004|pg-cluster-005|pg-cluster-006|pg-cluster-007|pg-cluster-008|pg-cluster-009|pg-cluster-010,identity_svc_01,identity,10,identity_svc_01.identity.account_identity|identity_svc_01.identity.address_identity|identity_svc_01.identity.event_identity|identity_svc_01.identity.history_identity|identity_svc_01.identity.mapping_identity|identity_svc_01.identity.preference_identity|identity_svc_01.identity.profile_identity|identity_svc_01.identity.rule_identity|identity_svc_01.identity.session_identity|identity_svc_01.identity.status_identity,7,3,applications/backend/services/identity/identity-01,/api/v1/identity/01,domain-identity,identity-01,DOMAIN_POLICY_PENDING,PLANNED
202,1,identity,identity-platform,svc-0002,identity-02,team-001,10,pg-cluster-011|pg-cluster-012|pg-cluster-013|pg-cluster-014|pg-cluster-015|pg-cluster-016|pg-cluster-017|pg-cluster-018|pg-cluster-019|pg-cluster-020,identity_svc_02,identity,10,identity_svc_02.identity.allocation_identity|identity_svc_02.identity.attempt_identity|identity_svc_02.identity.detail_identity|identity_svc_02.identity.item_identity|identity_svc_02.identity.movement_identity|identity_svc_02.identity.request_identity|identity_svc_02.identity.reservation_identity|identity_svc_02.identity.response_identity|identity_svc_02.identity.snapshot_identity|identity_svc_02.identity.transaction_identity,7,3,applications/backend/services/identity/identity-02,/api/v1/identity/02,domain-identity,identity-02,DOMAIN_POLICY_PENDING,PLANNED
203,1,identity,identity-platform,svc-0003,identity-03,team-001,10,pg-cluster-021|pg-cluster-022|pg-cluster-023|pg-cluster-024|pg-cluster-025|pg-cluster-026|pg-cluster-027|pg-cluster-028|pg-cluster-029|pg-cluster-030,identity_svc_03,identity,10,identity_svc_03.identity.adjustment_identity|identity_svc_03.identity.campaign_identity|identity_svc_03.identity.configuration_identity|identity_svc_03.identity.document_identity|identity_svc_03.identity.metric_identity|identity_svc_03.identity.offer_identity|identity_svc_03.identity.policy_identity|identity_svc_03.identity.redemption_identity|identity_svc_03.identity.score_identity|identity_svc_03.identity.segment_identity,6,4,applications/backend/services/identity/identity-03,/api/v1/identity/03,domain-identity,identity-03,DOMAIN_POLICY_PENDING,PLANNED
204,1,identity,identity-platform,svc-0004,identity-04,team-001,10,pg-cluster-031|pg-cluster-032|pg-cluster-033|pg-cluster-034|pg-cluster-035|pg-cluster-036|pg-cluster-037|pg-cluster-038|pg-cluster-039|pg-cluster-040,identity_svc_04,identity,10,identity_svc_04.identity.balance_identity|identity_svc_04.identity.batch_identity|identity_svc_04.identity.checkpoint_identity|identity_svc_04.identity.exception_identity|identity_svc_04.identity.invoice_identity|identity_svc_04.identity.job_identity|identity_svc_04.identity.ledger_identity|identity_svc_04.identity.line_identity|identity_svc_04.identity.run_identity|identity_svc_04.identity.task_identity,7,3,applications/backend/services/identity/identity-04,/api/v1/identity/04,domain-identity,identity-04,DOMAIN_POLICY_PENDING,PLANNED
205,1,identity,identity-platform,svc-0005,identity-05,team-001,10,pg-cluster-041|pg-cluster-042|pg-cluster-043|pg-cluster-044|pg-cluster-045|pg-cluster-046|pg-cluster-047|pg-cluster-048|pg-cluster-049|pg-cluster-050,identity_svc_05,identity,10,identity_svc_05.identity.alert_identity|identity_svc_05.identity.approval_identity|identity_svc_05.identity.assignment_identity|identity_svc_05.identity.availability_identity|identity_svc_05.identity.capacity_identity|identity_svc_05.identity.case_identity|identity_svc_05.identity.decision_identity|identity_svc_05.identity.forecast_identity|identity_svc_05.identity.schedule_identity|identity_svc_05.identity.workflow_identity,7,3,applications/backend/services/identity/identity-05,/api/v1/identity/05,domain-identity,identity-05,DOMAIN_POLICY_PENDING,PLANNED
206,1,identity,identity-platform,svc-0006,identity-06,team-001,10,pg-cluster-051|pg-cluster-052|pg-cluster-053|pg-cluster-054|pg-cluster-055|pg-cluster-056|pg-cluster-057|pg-cluster-058|pg-cluster-059|pg-cluster-060,identity_svc_06,identity,10,identity_svc_06.identity.attribute_identity|identity_svc_06.identity.category_identity|identity_svc_06.identity.collection_identity|identity_svc_06.identity.media_identity|identity_svc_06.identity.plan_identity|identity_svc_06.identity.ranking_identity|identity_svc_06.identity.relationship_identity|identity_svc_06.identity.target_identity|identity_svc_06.identity.threshold_identity|identity_svc_06.identity.variant_identity,6,4,applications/backend/services/identity/identity-06,/api/v1/identity/06,domain-identity,identity-06,DOMAIN_POLICY_PENDING,PLANNED
207,1,identity,identity-platform,svc-0007,identity-07,team-001,10,pg-cluster-061|pg-cluster-062|pg-cluster-063|pg-cluster-064|pg-cluster-065|pg-cluster-066|pg-cluster-067|pg-cluster-068|pg-cluster-069|pg-cluster-070,identity_svc_07,identity,10,identity_svc_07.identity.attribution_identity|identity_svc_07.identity.channel_identity|identity_svc_07.identity.click_identity|identity_svc_07.identity.conversion_identity|identity_svc_07.identity.delivery_identity|identity_svc_07.identity.impression_identity|identity_svc_07.identity.message_identity|identity_svc_07.identity.query_identity|identity_svc_07.identity.result_identity|identity_svc_07.identity.template_identity,7,3,applications/backend/services/identity/identity-07,/api/v1/identity/07,domain-identity,identity-07,DOMAIN_POLICY_PENDING,PLANNED
208,1,identity,identity-platform,svc-0008,identity-08,team-001,10,pg-cluster-071|pg-cluster-072|pg-cluster-073|pg-cluster-074|pg-cluster-075|pg-cluster-076|pg-cluster-077|pg-cluster-078|pg-cluster-079|pg-cluster-080,identity_svc_08,identity,10,identity_svc_08.identity.contract_identity|identity_svc_08.identity.fee_identity|identity_svc_08.identity.partner_identity|identity_svc_08.identity.payout_identity|identity_svc_08.identity.price_identity|identity_svc_08.identity.provider_identity|identity_svc_08.identity.rate_identity|identity_svc_08.identity.reconciliation_identity|identity_svc_08.identity.settlement_identity|identity_svc_08.identity.tax_identity,7,3,applications/backend/services/identity/identity-08,/api/v1/identity/08,domain-identity,identity-08,DOMAIN_POLICY_PENDING,PLANNED
209,1,identity,identity-platform,svc-0009,identity-09,team-001,10,pg-cluster-081|pg-cluster-082|pg-cluster-083|pg-cluster-084|pg-cluster-085|pg-cluster-086|pg-cluster-087|pg-cluster-088|pg-cluster-089|pg-cluster-090,identity_svc_09,identity,10,identity_svc_09.identity.bin_identity|identity_svc_09.identity.package_identity|identity_svc_09.identity.refund_identity|identity_svc_09.identity.return_identity|identity_svc_09.identity.route_identity|identity_svc_09.identity.shipment_identity|identity_svc_09.identity.stock_identity|identity_svc_09.identity.stop_identity|identity_svc_09.identity.tracking_identity|identity_svc_09.identity.warehouse_identity,6,4,applications/backend/services/identity/identity-09,/api/v1/identity/09,domain-identity,identity-09,DOMAIN_POLICY_PENDING,PLANNED
210,1,identity,identity-platform,svc-0010,identity-10,team-001,10,pg-cluster-091|pg-cluster-092|pg-cluster-093|pg-cluster-094|pg-cluster-095|pg-cluster-096|pg-cluster-097|pg-cluster-098|pg-cluster-099|pg-cluster-100,identity_svc_10,identity,10,identity_svc_10.identity.consent_identity|identity_svc_10.identity.device_identity|identity_svc_10.identity.feedback_identity|identity_svc_10.identity.location_identity|identity_svc_10.identity.owner_identity|identity_svc_10.identity.permission_identity|identity_svc_10.identity.rating_identity|identity_svc_10.identity.review_identity|identity_svc_10.identity.role_identity|identity_svc_10.identity.token_identity,7,3,applications/backend/services/identity/identity-10,/api/v1/identity/10,domain-identity,identity-10,DOMAIN_POLICY_PENDING,PLANNED
211,2,customer,customer-platform,svc-0011,customer-01,team-002,10,pg-cluster-101|pg-cluster-102|pg-cluster-103|pg-cluster-104|pg-cluster-105|pg-cluster-106|pg-cluster-107|pg-cluster-108|pg-cluster-109|pg-cluster-110,customer_svc_01,customer,10,customer_svc_01.customer.account_customer|customer_svc_01.customer.address_customer|customer_svc_01.customer.event_customer|customer_svc_01.customer.history_customer|customer_svc_01.customer.mapping_customer|customer_svc_01.customer.preference_customer|customer_svc_01.customer.profile_customer|customer_svc_01.customer.rule_customer|customer_svc_01.customer.session_customer|customer_svc_01.customer.status_customer,7,3,applications/backend/services/customer/customer-01,/api/v1/customer/01,domain-customer,customer-01,DOMAIN_POLICY_PENDING,PLANNED
212,2,customer,customer-platform,svc-0012,customer-02,team-002,10,pg-cluster-111|pg-cluster-112|pg-cluster-113|pg-cluster-114|pg-cluster-115|pg-cluster-116|pg-cluster-117|pg-cluster-118|pg-cluster-119|pg-cluster-120,customer_svc_02,customer,10,customer_svc_02.customer.allocation_customer|customer_svc_02.customer.attempt_customer|customer_svc_02.customer.detail_customer|customer_svc_02.customer.item_customer|customer_svc_02.customer.movement_customer|customer_svc_02.customer.request_customer|customer_svc_02.customer.reservation_customer|customer_svc_02.customer.response_customer|customer_svc_02.customer.snapshot_customer|customer_svc_02.customer.transaction_customer,7,3,applications/backend/services/customer/customer-02,/api/v1/customer/02,domain-customer,customer-02,DOMAIN_POLICY_PENDING,PLANNED
213,2,customer,customer-platform,svc-0013,customer-03,team-002,10,pg-cluster-121|pg-cluster-122|pg-cluster-123|pg-cluster-124|pg-cluster-125|pg-cluster-126|pg-cluster-127|pg-cluster-128|pg-cluster-129|pg-cluster-130,customer_svc_03,customer,10,customer_svc_03.customer.adjustment_customer|customer_svc_03.customer.campaign_customer|customer_svc_03.customer.configuration_customer|customer_svc_03.customer.document_customer|customer_svc_03.customer.metric_customer|customer_svc_03.customer.offer_customer|customer_svc_03.customer.policy_customer|customer_svc_03.customer.redemption_customer|customer_svc_03.customer.score_customer|customer_svc_03.customer.segment_customer,6,4,applications/backend/services/customer/customer-03,/api/v1/customer/03,domain-customer,customer-03,DOMAIN_POLICY_PENDING,PLANNED
214,2,customer,customer-platform,svc-0014,customer-04,team-002,10,pg-cluster-131|pg-cluster-132|pg-cluster-133|pg-cluster-134|pg-cluster-135|pg-cluster-136|pg-cluster-137|pg-cluster-138|pg-cluster-139|pg-cluster-140,customer_svc_04,customer,10,customer_svc_04.customer.balance_customer|customer_svc_04.customer.batch_customer|customer_svc_04.customer.checkpoint_customer|customer_svc_04.customer.exception_customer|customer_svc_04.customer.invoice_customer|customer_svc_04.customer.job_customer|customer_svc_04.customer.ledger_customer|customer_svc_04.customer.line_customer|customer_svc_04.customer.run_customer|customer_svc_04.customer.task_customer,7,3,applications/backend/services/customer/customer-04,/api/v1/customer/04,domain-customer,customer-04,DOMAIN_POLICY_PENDING,PLANNED
215,2,customer,customer-platform,svc-0015,customer-05,team-002,10,pg-cluster-141|pg-cluster-142|pg-cluster-143|pg-cluster-144|pg-cluster-145|pg-cluster-146|pg-cluster-147|pg-cluster-148|pg-cluster-149|pg-cluster-150,customer_svc_05,customer,10,customer_svc_05.customer.alert_customer|customer_svc_05.customer.approval_customer|customer_svc_05.customer.assignment_customer|customer_svc_05.customer.availability_customer|customer_svc_05.customer.capacity_customer|customer_svc_05.customer.case_customer|customer_svc_05.customer.decision_customer|customer_svc_05.customer.forecast_customer|customer_svc_05.customer.schedule_customer|customer_svc_05.customer.workflow_customer,7,3,applications/backend/services/customer/customer-05,/api/v1/customer/05,domain-customer,customer-05,DOMAIN_POLICY_PENDING,PLANNED
216,2,customer,customer-platform,svc-0016,customer-06,team-002,10,pg-cluster-151|pg-cluster-152|pg-cluster-153|pg-cluster-154|pg-cluster-155|pg-cluster-156|pg-cluster-157|pg-cluster-158|pg-cluster-159|pg-cluster-160,customer_svc_06,customer,10,customer_svc_06.customer.attribute_customer|customer_svc_06.customer.category_customer|customer_svc_06.customer.collection_customer|customer_svc_06.customer.media_customer|customer_svc_06.customer.plan_customer|customer_svc_06.customer.ranking_customer|customer_svc_06.customer.relationship_customer|customer_svc_06.customer.target_customer|customer_svc_06.customer.threshold_customer|customer_svc_06.customer.variant_customer,6,4,applications/backend/services/customer/customer-06,/api/v1/customer/06,domain-customer,customer-06,DOMAIN_POLICY_PENDING,PLANNED
217,2,customer,customer-platform,svc-0017,customer-07,team-002,10,pg-cluster-161|pg-cluster-162|pg-cluster-163|pg-cluster-164|pg-cluster-165|pg-cluster-166|pg-cluster-167|pg-cluster-168|pg-cluster-169|pg-cluster-170,customer_svc_07,customer,10,customer_svc_07.customer.attribution_customer|customer_svc_07.customer.channel_customer|customer_svc_07.customer.click_customer|customer_svc_07.customer.conversion_customer|customer_svc_07.customer.delivery_customer|customer_svc_07.customer.impression_customer|customer_svc_07.customer.message_customer|customer_svc_07.customer.query_customer|customer_svc_07.customer.result_customer|customer_svc_07.customer.template_customer,7,3,applications/backend/services/customer/customer-07,/api/v1/customer/07,domain-customer,customer-07,DOMAIN_POLICY_PENDING,PLANNED
218,2,customer,customer-platform,svc-0018,customer-08,team-002,10,pg-cluster-171|pg-cluster-172|pg-cluster-173|pg-cluster-174|pg-cluster-175|pg-cluster-176|pg-cluster-177|pg-cluster-178|pg-cluster-179|pg-cluster-180,customer_svc_08,customer,10,customer_svc_08.customer.contract_customer|customer_svc_08.customer.fee_customer|customer_svc_08.customer.partner_customer|customer_svc_08.customer.payout_customer|customer_svc_08.customer.price_customer|customer_svc_08.customer.provider_customer|customer_svc_08.customer.rate_customer|customer_svc_08.customer.reconciliation_customer|customer_svc_08.customer.settlement_customer|customer_svc_08.customer.tax_customer,7,3,applications/backend/services/customer/customer-08,/api/v1/customer/08,domain-customer,customer-08,DOMAIN_POLICY_PENDING,PLANNED
219,2,customer,customer-platform,svc-0019,customer-09,team-002,10,pg-cluster-181|pg-cluster-182|pg-cluster-183|pg-cluster-184|pg-cluster-185|pg-cluster-186|pg-cluster-187|pg-cluster-188|pg-cluster-189|pg-cluster-190,customer_svc_09,customer,10,customer_svc_09.customer.bin_customer|customer_svc_09.customer.package_customer|customer_svc_09.customer.refund_customer|customer_svc_09.customer.return_customer|customer_svc_09.customer.route_customer|customer_svc_09.customer.shipment_customer|customer_svc_09.customer.stock_customer|customer_svc_09.customer.stop_customer|customer_svc_09.customer.tracking_customer|customer_svc_09.customer.warehouse_customer,6,4,applications/backend/services/customer/customer-09,/api/v1/customer/09,domain-customer,customer-09,DOMAIN_POLICY_PENDING,PLANNED
220,2,customer,customer-platform,svc-0020,customer-10,team-002,10,pg-cluster-191|pg-cluster-192|pg-cluster-193|pg-cluster-194|pg-cluster-195|pg-cluster-196|pg-cluster-197|pg-cluster-198|pg-cluster-199|pg-cluster-200,customer_svc_10,customer,10,customer_svc_10.customer.consent_customer|customer_svc_10.customer.device_customer|customer_svc_10.customer.feedback_customer|customer_svc_10.customer.location_customer|customer_svc_10.customer.owner_customer|customer_svc_10.customer.permission_customer|customer_svc_10.customer.rating_customer|customer_svc_10.customer.review_customer|customer_svc_10.customer.role_customer|customer_svc_10.customer.token_customer,7,3,applications/backend/services/customer/customer-10,/api/v1/customer/10,domain-customer,customer-10,DOMAIN_POLICY_PENDING,PLANNED
221,3,catalog,catalog-platform,svc-0021,catalog-01,team-003,10,pg-cluster-201|pg-cluster-202|pg-cluster-203|pg-cluster-204|pg-cluster-205|pg-cluster-206|pg-cluster-207|pg-cluster-208|pg-cluster-209|pg-cluster-210,catalog_svc_01,catalog,10,catalog_svc_01.catalog.account_catalog|catalog_svc_01.catalog.address_catalog|catalog_svc_01.catalog.event_catalog|catalog_svc_01.catalog.history_catalog|catalog_svc_01.catalog.mapping_catalog|catalog_svc_01.catalog.preference_catalog|catalog_svc_01.catalog.profile_catalog|catalog_svc_01.catalog.rule_catalog|catalog_svc_01.catalog.session_catalog|catalog_svc_01.catalog.status_catalog,10,0,applications/backend/services/catalog/catalog-01,/api/v1/catalog/01,domain-catalog,catalog-01,DOMAIN_POLICY_PENDING,PLANNED
222,3,catalog,catalog-platform,svc-0022,catalog-02,team-003,10,pg-cluster-211|pg-cluster-212|pg-cluster-213|pg-cluster-214|pg-cluster-215|pg-cluster-216|pg-cluster-217|pg-cluster-218|pg-cluster-219|pg-cluster-220,catalog_svc_02,catalog,10,catalog_svc_02.catalog.allocation_catalog|catalog_svc_02.catalog.attempt_catalog|catalog_svc_02.catalog.detail_catalog|catalog_svc_02.catalog.item_catalog|catalog_svc_02.catalog.movement_catalog|catalog_svc_02.catalog.request_catalog|catalog_svc_02.catalog.reservation_catalog|catalog_svc_02.catalog.response_catalog|catalog_svc_02.catalog.snapshot_catalog|catalog_svc_02.catalog.transaction_catalog,10,0,applications/backend/services/catalog/catalog-02,/api/v1/catalog/02,domain-catalog,catalog-02,DOMAIN_POLICY_PENDING,PLANNED
223,3,catalog,catalog-platform,svc-0023,catalog-03,team-003,10,pg-cluster-221|pg-cluster-222|pg-cluster-223|pg-cluster-224|pg-cluster-225|pg-cluster-226|pg-cluster-227|pg-cluster-228|pg-cluster-229|pg-cluster-230,catalog_svc_03,catalog,10,catalog_svc_03.catalog.adjustment_catalog|catalog_svc_03.catalog.campaign_catalog|catalog_svc_03.catalog.configuration_catalog|catalog_svc_03.catalog.document_catalog|catalog_svc_03.catalog.metric_catalog|catalog_svc_03.catalog.offer_catalog|catalog_svc_03.catalog.policy_catalog|catalog_svc_03.catalog.redemption_catalog|catalog_svc_03.catalog.score_catalog|catalog_svc_03.catalog.segment_catalog,10,0,applications/backend/services/catalog/catalog-03,/api/v1/catalog/03,domain-catalog,catalog-03,DOMAIN_POLICY_PENDING,PLANNED
224,3,catalog,catalog-platform,svc-0024,catalog-04,team-003,10,pg-cluster-231|pg-cluster-232|pg-cluster-233|pg-cluster-234|pg-cluster-235|pg-cluster-236|pg-cluster-237|pg-cluster-238|pg-cluster-239|pg-cluster-240,catalog_svc_04,catalog,10,catalog_svc_04.catalog.balance_catalog|catalog_svc_04.catalog.batch_catalog|catalog_svc_04.catalog.checkpoint_catalog|catalog_svc_04.catalog.exception_catalog|catalog_svc_04.catalog.invoice_catalog|catalog_svc_04.catalog.job_catalog|catalog_svc_04.catalog.ledger_catalog|catalog_svc_04.catalog.line_catalog|catalog_svc_04.catalog.run_catalog|catalog_svc_04.catalog.task_catalog,10,0,applications/backend/services/catalog/catalog-04,/api/v1/catalog/04,domain-catalog,catalog-04,DOMAIN_POLICY_PENDING,PLANNED
225,3,catalog,catalog-platform,svc-0025,catalog-05,team-003,10,pg-cluster-241|pg-cluster-242|pg-cluster-243|pg-cluster-244|pg-cluster-245|pg-cluster-246|pg-cluster-247|pg-cluster-248|pg-cluster-249|pg-cluster-250,catalog_svc_05,catalog,10,catalog_svc_05.catalog.alert_catalog|catalog_svc_05.catalog.approval_catalog|catalog_svc_05.catalog.assignment_catalog|catalog_svc_05.catalog.availability_catalog|catalog_svc_05.catalog.capacity_catalog|catalog_svc_05.catalog.case_catalog|catalog_svc_05.catalog.decision_catalog|catalog_svc_05.catalog.forecast_catalog|catalog_svc_05.catalog.schedule_catalog|catalog_svc_05.catalog.workflow_catalog,10,0,applications/backend/services/catalog/catalog-05,/api/v1/catalog/05,domain-catalog,catalog-05,DOMAIN_POLICY_PENDING,PLANNED
226,3,catalog,catalog-platform,svc-0026,catalog-06,team-003,10,pg-cluster-251|pg-cluster-252|pg-cluster-253|pg-cluster-254|pg-cluster-255|pg-cluster-256|pg-cluster-257|pg-cluster-258|pg-cluster-259|pg-cluster-260,catalog_svc_06,catalog,10,catalog_svc_06.catalog.attribute_catalog|catalog_svc_06.catalog.category_catalog|catalog_svc_06.catalog.collection_catalog|catalog_svc_06.catalog.media_catalog|catalog_svc_06.catalog.plan_catalog|catalog_svc_06.catalog.ranking_catalog|catalog_svc_06.catalog.relationship_catalog|catalog_svc_06.catalog.target_catalog|catalog_svc_06.catalog.threshold_catalog|catalog_svc_06.catalog.variant_catalog,10,0,applications/backend/services/catalog/catalog-06,/api/v1/catalog/06,domain-catalog,catalog-06,DOMAIN_POLICY_PENDING,PLANNED
227,3,catalog,catalog-platform,svc-0027,catalog-07,team-003,10,pg-cluster-261|pg-cluster-262|pg-cluster-263|pg-cluster-264|pg-cluster-265|pg-cluster-266|pg-cluster-267|pg-cluster-268|pg-cluster-269|pg-cluster-270,catalog_svc_07,catalog,10,catalog_svc_07.catalog.attribution_catalog|catalog_svc_07.catalog.channel_catalog|catalog_svc_07.catalog.click_catalog|catalog_svc_07.catalog.conversion_catalog|catalog_svc_07.catalog.delivery_catalog|catalog_svc_07.catalog.impression_catalog|catalog_svc_07.catalog.message_catalog|catalog_svc_07.catalog.query_catalog|catalog_svc_07.catalog.result_catalog|catalog_svc_07.catalog.template_catalog,10,0,applications/backend/services/catalog/catalog-07,/api/v1/catalog/07,domain-catalog,catalog-07,DOMAIN_POLICY_PENDING,PLANNED
228,3,catalog,catalog-platform,svc-0028,catalog-08,team-003,10,pg-cluster-271|pg-cluster-272|pg-cluster-273|pg-cluster-274|pg-cluster-275|pg-cluster-276|pg-cluster-277|pg-cluster-278|pg-cluster-279|pg-cluster-280,catalog_svc_08,catalog,10,catalog_svc_08.catalog.contract_catalog|catalog_svc_08.catalog.fee_catalog|catalog_svc_08.catalog.partner_catalog|catalog_svc_08.catalog.payout_catalog|catalog_svc_08.catalog.price_catalog|catalog_svc_08.catalog.provider_catalog|catalog_svc_08.catalog.rate_catalog|catalog_svc_08.catalog.reconciliation_catalog|catalog_svc_08.catalog.settlement_catalog|catalog_svc_08.catalog.tax_catalog,10,0,applications/backend/services/catalog/catalog-08,/api/v1/catalog/08,domain-catalog,catalog-08,DOMAIN_POLICY_PENDING,PLANNED
229,3,catalog,catalog-platform,svc-0029,catalog-09,team-003,10,pg-cluster-281|pg-cluster-282|pg-cluster-283|pg-cluster-284|pg-cluster-285|pg-cluster-286|pg-cluster-287|pg-cluster-288|pg-cluster-289|pg-cluster-290,catalog_svc_09,catalog,10,catalog_svc_09.catalog.bin_catalog|catalog_svc_09.catalog.package_catalog|catalog_svc_09.catalog.refund_catalog|catalog_svc_09.catalog.return_catalog|catalog_svc_09.catalog.route_catalog|catalog_svc_09.catalog.shipment_catalog|catalog_svc_09.catalog.stock_catalog|catalog_svc_09.catalog.stop_catalog|catalog_svc_09.catalog.tracking_catalog|catalog_svc_09.catalog.warehouse_catalog,10,0,applications/backend/services/catalog/catalog-09,/api/v1/catalog/09,domain-catalog,catalog-09,DOMAIN_POLICY_PENDING,PLANNED
230,3,catalog,catalog-platform,svc-0030,catalog-10,team-003,10,pg-cluster-291|pg-cluster-292|pg-cluster-293|pg-cluster-294|pg-cluster-295|pg-cluster-296|pg-cluster-297|pg-cluster-298|pg-cluster-299|pg-cluster-300,catalog_svc_10,catalog,10,catalog_svc_10.catalog.consent_catalog|catalog_svc_10.catalog.device_catalog|catalog_svc_10.catalog.feedback_catalog|catalog_svc_10.catalog.location_catalog|catalog_svc_10.catalog.owner_catalog|catalog_svc_10.catalog.permission_catalog|catalog_svc_10.catalog.rating_catalog|catalog_svc_10.catalog.review_catalog|catalog_svc_10.catalog.role_catalog|catalog_svc_10.catalog.token_catalog,10,0,applications/backend/services/catalog/catalog-10,/api/v1/catalog/10,domain-catalog,catalog-10,DOMAIN_POLICY_PENDING,PLANNED
231,4,product,product-platform,svc-0031,product-01,team-004,10,pg-cluster-301|pg-cluster-302|pg-cluster-303|pg-cluster-304|pg-cluster-305|pg-cluster-306|pg-cluster-307|pg-cluster-308|pg-cluster-309|pg-cluster-310,product_svc_01,product,10,product_svc_01.product.account_product|product_svc_01.product.address_product|product_svc_01.product.event_product|product_svc_01.product.history_product|product_svc_01.product.mapping_product|product_svc_01.product.preference_product|product_svc_01.product.profile_product|product_svc_01.product.rule_product|product_svc_01.product.session_product|product_svc_01.product.status_product,10,0,applications/backend/services/product/product-01,/api/v1/product/01,domain-product,product-01,DOMAIN_POLICY_PENDING,PLANNED
232,4,product,product-platform,svc-0032,product-02,team-004,10,pg-cluster-311|pg-cluster-312|pg-cluster-313|pg-cluster-314|pg-cluster-315|pg-cluster-316|pg-cluster-317|pg-cluster-318|pg-cluster-319|pg-cluster-320,product_svc_02,product,10,product_svc_02.product.allocation_product|product_svc_02.product.attempt_product|product_svc_02.product.detail_product|product_svc_02.product.item_product|product_svc_02.product.movement_product|product_svc_02.product.request_product|product_svc_02.product.reservation_product|product_svc_02.product.response_product|product_svc_02.product.snapshot_product|product_svc_02.product.transaction_product,10,0,applications/backend/services/product/product-02,/api/v1/product/02,domain-product,product-02,DOMAIN_POLICY_PENDING,PLANNED
233,4,product,product-platform,svc-0033,product-03,team-004,10,pg-cluster-321|pg-cluster-322|pg-cluster-323|pg-cluster-324|pg-cluster-325|pg-cluster-326|pg-cluster-327|pg-cluster-328|pg-cluster-329|pg-cluster-330,product_svc_03,product,10,product_svc_03.product.adjustment_product|product_svc_03.product.campaign_product|product_svc_03.product.configuration_product|product_svc_03.product.document_product|product_svc_03.product.metric_product|product_svc_03.product.offer_product|product_svc_03.product.policy_product|product_svc_03.product.redemption_product|product_svc_03.product.score_product|product_svc_03.product.segment_product,10,0,applications/backend/services/product/product-03,/api/v1/product/03,domain-product,product-03,DOMAIN_POLICY_PENDING,PLANNED
234,4,product,product-platform,svc-0034,product-04,team-004,10,pg-cluster-331|pg-cluster-332|pg-cluster-333|pg-cluster-334|pg-cluster-335|pg-cluster-336|pg-cluster-337|pg-cluster-338|pg-cluster-339|pg-cluster-340,product_svc_04,product,10,product_svc_04.product.balance_product|product_svc_04.product.batch_product|product_svc_04.product.checkpoint_product|product_svc_04.product.exception_product|product_svc_04.product.invoice_product|product_svc_04.product.job_product|product_svc_04.product.ledger_product|product_svc_04.product.line_product|product_svc_04.product.run_product|product_svc_04.product.task_product,10,0,applications/backend/services/product/product-04,/api/v1/product/04,domain-product,product-04,DOMAIN_POLICY_PENDING,PLANNED
235,4,product,product-platform,svc-0035,product-05,team-004,10,pg-cluster-341|pg-cluster-342|pg-cluster-343|pg-cluster-344|pg-cluster-345|pg-cluster-346|pg-cluster-347|pg-cluster-348|pg-cluster-349|pg-cluster-350,product_svc_05,product,10,product_svc_05.product.alert_product|product_svc_05.product.approval_product|product_svc_05.product.assignment_product|product_svc_05.product.availability_product|product_svc_05.product.capacity_product|product_svc_05.product.case_product|product_svc_05.product.decision_product|product_svc_05.product.forecast_product|product_svc_05.product.schedule_product|product_svc_05.product.workflow_product,10,0,applications/backend/services/product/product-05,/api/v1/product/05,domain-product,product-05,DOMAIN_POLICY_PENDING,PLANNED
236,4,product,product-platform,svc-0036,product-06,team-004,10,pg-cluster-351|pg-cluster-352|pg-cluster-353|pg-cluster-354|pg-cluster-355|pg-cluster-356|pg-cluster-357|pg-cluster-358|pg-cluster-359|pg-cluster-360,product_svc_06,product,10,product_svc_06.product.attribute_product|product_svc_06.product.category_product|product_svc_06.product.collection_product|product_svc_06.product.media_product|product_svc_06.product.plan_product|product_svc_06.product.ranking_product|product_svc_06.product.relationship_product|product_svc_06.product.target_product|product_svc_06.product.threshold_product|product_svc_06.product.variant_product,10,0,applications/backend/services/product/product-06,/api/v1/product/06,domain-product,product-06,DOMAIN_POLICY_PENDING,PLANNED
237,4,product,product-platform,svc-0037,product-07,team-004,10,pg-cluster-361|pg-cluster-362|pg-cluster-363|pg-cluster-364|pg-cluster-365|pg-cluster-366|pg-cluster-367|pg-cluster-368|pg-cluster-369|pg-cluster-370,product_svc_07,product,10,product_svc_07.product.attribution_product|product_svc_07.product.channel_product|product_svc_07.product.click_product|product_svc_07.product.conversion_product|product_svc_07.product.delivery_product|product_svc_07.product.impression_product|product_svc_07.product.message_product|product_svc_07.product.query_product|product_svc_07.product.result_product|product_svc_07.product.template_product,10,0,applications/backend/services/product/product-07,/api/v1/product/07,domain-product,product-07,DOMAIN_POLICY_PENDING,PLANNED
238,4,product,product-platform,svc-0038,product-08,team-004,10,pg-cluster-371|pg-cluster-372|pg-cluster-373|pg-cluster-374|pg-cluster-375|pg-cluster-376|pg-cluster-377|pg-cluster-378|pg-cluster-379|pg-cluster-380,product_svc_08,product,10,product_svc_08.product.contract_product|product_svc_08.product.fee_product|product_svc_08.product.partner_product|product_svc_08.product.payout_product|product_svc_08.product.price_product|product_svc_08.product.provider_product|product_svc_08.product.rate_product|product_svc_08.product.reconciliation_product|product_svc_08.product.settlement_product|product_svc_08.product.tax_product,10,0,applications/backend/services/product/product-08,/api/v1/product/08,domain-product,product-08,DOMAIN_POLICY_PENDING,PLANNED
239,4,product,product-platform,svc-0039,product-09,team-004,10,pg-cluster-381|pg-cluster-382|pg-cluster-383|pg-cluster-384|pg-cluster-385|pg-cluster-386|pg-cluster-387|pg-cluster-388|pg-cluster-389|pg-cluster-390,product_svc_09,product,10,product_svc_09.product.bin_product|product_svc_09.product.package_product|product_svc_09.product.refund_product|product_svc_09.product.return_product|product_svc_09.product.route_product|product_svc_09.product.shipment_product|product_svc_09.product.stock_product|product_svc_09.product.stop_product|product_svc_09.product.tracking_product|product_svc_09.product.warehouse_product,10,0,applications/backend/services/product/product-09,/api/v1/product/09,domain-product,product-09,DOMAIN_POLICY_PENDING,PLANNED
240,4,product,product-platform,svc-0040,product-10,team-004,10,pg-cluster-391|pg-cluster-392|pg-cluster-393|pg-cluster-394|pg-cluster-395|pg-cluster-396|pg-cluster-397|pg-cluster-398|pg-cluster-399|pg-cluster-400,product_svc_10,product,10,product_svc_10.product.consent_product|product_svc_10.product.device_product|product_svc_10.product.feedback_product|product_svc_10.product.location_product|product_svc_10.product.owner_product|product_svc_10.product.permission_product|product_svc_10.product.rating_product|product_svc_10.product.review_product|product_svc_10.product.role_product|product_svc_10.product.token_product,10,0,applications/backend/services/product/product-10,/api/v1/product/10,domain-product,product-10,DOMAIN_POLICY_PENDING,PLANNED
241,5,listing,listing-platform,svc-0041,listing-01,team-005,10,pg-cluster-401|pg-cluster-402|pg-cluster-403|pg-cluster-404|pg-cluster-405|pg-cluster-406|pg-cluster-407|pg-cluster-408|pg-cluster-409|pg-cluster-410,listing_svc_01,listing,10,listing_svc_01.listing.account_listing|listing_svc_01.listing.address_listing|listing_svc_01.listing.event_listing|listing_svc_01.listing.history_listing|listing_svc_01.listing.mapping_listing|listing_svc_01.listing.preference_listing|listing_svc_01.listing.profile_listing|listing_svc_01.listing.rule_listing|listing_svc_01.listing.session_listing|listing_svc_01.listing.status_listing,10,0,applications/backend/services/listing/listing-01,/api/v1/listing/01,domain-listing,listing-01,DOMAIN_POLICY_PENDING,PLANNED
242,5,listing,listing-platform,svc-0042,listing-02,team-005,10,pg-cluster-411|pg-cluster-412|pg-cluster-413|pg-cluster-414|pg-cluster-415|pg-cluster-416|pg-cluster-417|pg-cluster-418|pg-cluster-419|pg-cluster-420,listing_svc_02,listing,10,listing_svc_02.listing.allocation_listing|listing_svc_02.listing.attempt_listing|listing_svc_02.listing.detail_listing|listing_svc_02.listing.item_listing|listing_svc_02.listing.movement_listing|listing_svc_02.listing.request_listing|listing_svc_02.listing.reservation_listing|listing_svc_02.listing.response_listing|listing_svc_02.listing.snapshot_listing|listing_svc_02.listing.transaction_listing,10,0,applications/backend/services/listing/listing-02,/api/v1/listing/02,domain-listing,listing-02,DOMAIN_POLICY_PENDING,PLANNED
243,5,listing,listing-platform,svc-0043,listing-03,team-005,10,pg-cluster-421|pg-cluster-422|pg-cluster-423|pg-cluster-424|pg-cluster-425|pg-cluster-426|pg-cluster-427|pg-cluster-428|pg-cluster-429|pg-cluster-430,listing_svc_03,listing,10,listing_svc_03.listing.adjustment_listing|listing_svc_03.listing.campaign_listing|listing_svc_03.listing.configuration_listing|listing_svc_03.listing.document_listing|listing_svc_03.listing.metric_listing|listing_svc_03.listing.offer_listing|listing_svc_03.listing.policy_listing|listing_svc_03.listing.redemption_listing|listing_svc_03.listing.score_listing|listing_svc_03.listing.segment_listing,10,0,applications/backend/services/listing/listing-03,/api/v1/listing/03,domain-listing,listing-03,DOMAIN_POLICY_PENDING,PLANNED
244,5,listing,listing-platform,svc-0044,listing-04,team-005,10,pg-cluster-431|pg-cluster-432|pg-cluster-433|pg-cluster-434|pg-cluster-435|pg-cluster-436|pg-cluster-437|pg-cluster-438|pg-cluster-439|pg-cluster-440,listing_svc_04,listing,10,listing_svc_04.listing.balance_listing|listing_svc_04.listing.batch_listing|listing_svc_04.listing.checkpoint_listing|listing_svc_04.listing.exception_listing|listing_svc_04.listing.invoice_listing|listing_svc_04.listing.job_listing|listing_svc_04.listing.ledger_listing|listing_svc_04.listing.line_listing|listing_svc_04.listing.run_listing|listing_svc_04.listing.task_listing,10,0,applications/backend/services/listing/listing-04,/api/v1/listing/04,domain-listing,listing-04,DOMAIN_POLICY_PENDING,PLANNED
245,5,listing,listing-platform,svc-0045,listing-05,team-005,10,pg-cluster-441|pg-cluster-442|pg-cluster-443|pg-cluster-444|pg-cluster-445|pg-cluster-446|pg-cluster-447|pg-cluster-448|pg-cluster-449|pg-cluster-450,listing_svc_05,listing,10,listing_svc_05.listing.alert_listing|listing_svc_05.listing.approval_listing|listing_svc_05.listing.assignment_listing|listing_svc_05.listing.availability_listing|listing_svc_05.listing.capacity_listing|listing_svc_05.listing.case_listing|listing_svc_05.listing.decision_listing|listing_svc_05.listing.forecast_listing|listing_svc_05.listing.schedule_listing|listing_svc_05.listing.workflow_listing,10,0,applications/backend/services/listing/listing-05,/api/v1/listing/05,domain-listing,listing-05,DOMAIN_POLICY_PENDING,PLANNED
246,5,listing,listing-platform,svc-0046,listing-06,team-005,10,pg-cluster-451|pg-cluster-452|pg-cluster-453|pg-cluster-454|pg-cluster-455|pg-cluster-456|pg-cluster-457|pg-cluster-458|pg-cluster-459|pg-cluster-460,listing_svc_06,listing,10,listing_svc_06.listing.attribute_listing|listing_svc_06.listing.category_listing|listing_svc_06.listing.collection_listing|listing_svc_06.listing.media_listing|listing_svc_06.listing.plan_listing|listing_svc_06.listing.ranking_listing|listing_svc_06.listing.relationship_listing|listing_svc_06.listing.target_listing|listing_svc_06.listing.threshold_listing|listing_svc_06.listing.variant_listing,10,0,applications/backend/services/listing/listing-06,/api/v1/listing/06,domain-listing,listing-06,DOMAIN_POLICY_PENDING,PLANNED
247,5,listing,listing-platform,svc-0047,listing-07,team-005,10,pg-cluster-461|pg-cluster-462|pg-cluster-463|pg-cluster-464|pg-cluster-465|pg-cluster-466|pg-cluster-467|pg-cluster-468|pg-cluster-469|pg-cluster-470,listing_svc_07,listing,10,listing_svc_07.listing.attribution_listing|listing_svc_07.listing.channel_listing|listing_svc_07.listing.click_listing|listing_svc_07.listing.conversion_listing|listing_svc_07.listing.delivery_listing|listing_svc_07.listing.impression_listing|listing_svc_07.listing.message_listing|listing_svc_07.listing.query_listing|listing_svc_07.listing.result_listing|listing_svc_07.listing.template_listing,10,0,applications/backend/services/listing/listing-07,/api/v1/listing/07,domain-listing,listing-07,DOMAIN_POLICY_PENDING,PLANNED
248,5,listing,listing-platform,svc-0048,listing-08,team-005,10,pg-cluster-471|pg-cluster-472|pg-cluster-473|pg-cluster-474|pg-cluster-475|pg-cluster-476|pg-cluster-477|pg-cluster-478|pg-cluster-479|pg-cluster-480,listing_svc_08,listing,10,listing_svc_08.listing.contract_listing|listing_svc_08.listing.fee_listing|listing_svc_08.listing.partner_listing|listing_svc_08.listing.payout_listing|listing_svc_08.listing.price_listing|listing_svc_08.listing.provider_listing|listing_svc_08.listing.rate_listing|listing_svc_08.listing.reconciliation_listing|listing_svc_08.listing.settlement_listing|listing_svc_08.listing.tax_listing,10,0,applications/backend/services/listing/listing-08,/api/v1/listing/08,domain-listing,listing-08,DOMAIN_POLICY_PENDING,PLANNED
249,5,listing,listing-platform,svc-0049,listing-09,team-005,10,pg-cluster-481|pg-cluster-482|pg-cluster-483|pg-cluster-484|pg-cluster-485|pg-cluster-486|pg-cluster-487|pg-cluster-488|pg-cluster-489|pg-cluster-490,listing_svc_09,listing,10,listing_svc_09.listing.bin_listing|listing_svc_09.listing.package_listing|listing_svc_09.listing.refund_listing|listing_svc_09.listing.return_listing|listing_svc_09.listing.route_listing|listing_svc_09.listing.shipment_listing|listing_svc_09.listing.stock_listing|listing_svc_09.listing.stop_listing|listing_svc_09.listing.tracking_listing|listing_svc_09.listing.warehouse_listing,10,0,applications/backend/services/listing/listing-09,/api/v1/listing/09,domain-listing,listing-09,DOMAIN_POLICY_PENDING,PLANNED
250,5,listing,listing-platform,svc-0050,listing-10,team-005,10,pg-cluster-491|pg-cluster-492|pg-cluster-493|pg-cluster-494|pg-cluster-495|pg-cluster-496|pg-cluster-497|pg-cluster-498|pg-cluster-499|pg-cluster-500,listing_svc_10,listing,10,listing_svc_10.listing.consent_listing|listing_svc_10.listing.device_listing|listing_svc_10.listing.feedback_listing|listing_svc_10.listing.location_listing|listing_svc_10.listing.owner_listing|listing_svc_10.listing.permission_listing|listing_svc_10.listing.rating_listing|listing_svc_10.listing.review_listing|listing_svc_10.listing.role_listing|listing_svc_10.listing.token_listing,10,0,applications/backend/services/listing/listing-10,/api/v1/listing/10,domain-listing,listing-10,DOMAIN_POLICY_PENDING,PLANNED
251,6,seller,seller-platform,svc-0051,seller-01,team-006,10,pg-cluster-501|pg-cluster-502|pg-cluster-503|pg-cluster-504|pg-cluster-505|pg-cluster-506|pg-cluster-507|pg-cluster-508|pg-cluster-509|pg-cluster-510,seller_svc_01,seller,10,seller_svc_01.seller.account_seller|seller_svc_01.seller.address_seller|seller_svc_01.seller.event_seller|seller_svc_01.seller.history_seller|seller_svc_01.seller.mapping_seller|seller_svc_01.seller.preference_seller|seller_svc_01.seller.profile_seller|seller_svc_01.seller.rule_seller|seller_svc_01.seller.session_seller|seller_svc_01.seller.status_seller,10,0,applications/backend/services/seller/seller-01,/api/v1/seller/01,domain-seller,seller-01,DOMAIN_POLICY_PENDING,PLANNED
252,6,seller,seller-platform,svc-0052,seller-02,team-006,10,pg-cluster-511|pg-cluster-512|pg-cluster-513|pg-cluster-514|pg-cluster-515|pg-cluster-516|pg-cluster-517|pg-cluster-518|pg-cluster-519|pg-cluster-520,seller_svc_02,seller,10,seller_svc_02.seller.allocation_seller|seller_svc_02.seller.attempt_seller|seller_svc_02.seller.detail_seller|seller_svc_02.seller.item_seller|seller_svc_02.seller.movement_seller|seller_svc_02.seller.request_seller|seller_svc_02.seller.reservation_seller|seller_svc_02.seller.response_seller|seller_svc_02.seller.snapshot_seller|seller_svc_02.seller.transaction_seller,10,0,applications/backend/services/seller/seller-02,/api/v1/seller/02,domain-seller,seller-02,DOMAIN_POLICY_PENDING,PLANNED
253,6,seller,seller-platform,svc-0053,seller-03,team-006,10,pg-cluster-521|pg-cluster-522|pg-cluster-523|pg-cluster-524|pg-cluster-525|pg-cluster-526|pg-cluster-527|pg-cluster-528|pg-cluster-529|pg-cluster-530,seller_svc_03,seller,10,seller_svc_03.seller.adjustment_seller|seller_svc_03.seller.campaign_seller|seller_svc_03.seller.configuration_seller|seller_svc_03.seller.document_seller|seller_svc_03.seller.metric_seller|seller_svc_03.seller.offer_seller|seller_svc_03.seller.policy_seller|seller_svc_03.seller.redemption_seller|seller_svc_03.seller.score_seller|seller_svc_03.seller.segment_seller,10,0,applications/backend/services/seller/seller-03,/api/v1/seller/03,domain-seller,seller-03,DOMAIN_POLICY_PENDING,PLANNED
254,6,seller,seller-platform,svc-0054,seller-04,team-006,10,pg-cluster-531|pg-cluster-532|pg-cluster-533|pg-cluster-534|pg-cluster-535|pg-cluster-536|pg-cluster-537|pg-cluster-538|pg-cluster-539|pg-cluster-540,seller_svc_04,seller,10,seller_svc_04.seller.balance_seller|seller_svc_04.seller.batch_seller|seller_svc_04.seller.checkpoint_seller|seller_svc_04.seller.exception_seller|seller_svc_04.seller.invoice_seller|seller_svc_04.seller.job_seller|seller_svc_04.seller.ledger_seller|seller_svc_04.seller.line_seller|seller_svc_04.seller.run_seller|seller_svc_04.seller.task_seller,10,0,applications/backend/services/seller/seller-04,/api/v1/seller/04,domain-seller,seller-04,DOMAIN_POLICY_PENDING,PLANNED
255,6,seller,seller-platform,svc-0055,seller-05,team-006,10,pg-cluster-541|pg-cluster-542|pg-cluster-543|pg-cluster-544|pg-cluster-545|pg-cluster-546|pg-cluster-547|pg-cluster-548|pg-cluster-549|pg-cluster-550,seller_svc_05,seller,10,seller_svc_05.seller.alert_seller|seller_svc_05.seller.approval_seller|seller_svc_05.seller.assignment_seller|seller_svc_05.seller.availability_seller|seller_svc_05.seller.capacity_seller|seller_svc_05.seller.case_seller|seller_svc_05.seller.decision_seller|seller_svc_05.seller.forecast_seller|seller_svc_05.seller.schedule_seller|seller_svc_05.seller.workflow_seller,10,0,applications/backend/services/seller/seller-05,/api/v1/seller/05,domain-seller,seller-05,DOMAIN_POLICY_PENDING,PLANNED
256,6,seller,seller-platform,svc-0056,seller-06,team-006,10,pg-cluster-551|pg-cluster-552|pg-cluster-553|pg-cluster-554|pg-cluster-555|pg-cluster-556|pg-cluster-557|pg-cluster-558|pg-cluster-559|pg-cluster-560,seller_svc_06,seller,10,seller_svc_06.seller.attribute_seller|seller_svc_06.seller.category_seller|seller_svc_06.seller.collection_seller|seller_svc_06.seller.media_seller|seller_svc_06.seller.plan_seller|seller_svc_06.seller.ranking_seller|seller_svc_06.seller.relationship_seller|seller_svc_06.seller.target_seller|seller_svc_06.seller.threshold_seller|seller_svc_06.seller.variant_seller,10,0,applications/backend/services/seller/seller-06,/api/v1/seller/06,domain-seller,seller-06,DOMAIN_POLICY_PENDING,PLANNED
257,6,seller,seller-platform,svc-0057,seller-07,team-006,10,pg-cluster-561|pg-cluster-562|pg-cluster-563|pg-cluster-564|pg-cluster-565|pg-cluster-566|pg-cluster-567|pg-cluster-568|pg-cluster-569|pg-cluster-570,seller_svc_07,seller,10,seller_svc_07.seller.attribution_seller|seller_svc_07.seller.channel_seller|seller_svc_07.seller.click_seller|seller_svc_07.seller.conversion_seller|seller_svc_07.seller.delivery_seller|seller_svc_07.seller.impression_seller|seller_svc_07.seller.message_seller|seller_svc_07.seller.query_seller|seller_svc_07.seller.result_seller|seller_svc_07.seller.template_seller,10,0,applications/backend/services/seller/seller-07,/api/v1/seller/07,domain-seller,seller-07,DOMAIN_POLICY_PENDING,PLANNED
258,6,seller,seller-platform,svc-0058,seller-08,team-006,10,pg-cluster-571|pg-cluster-572|pg-cluster-573|pg-cluster-574|pg-cluster-575|pg-cluster-576|pg-cluster-577|pg-cluster-578|pg-cluster-579|pg-cluster-580,seller_svc_08,seller,10,seller_svc_08.seller.contract_seller|seller_svc_08.seller.fee_seller|seller_svc_08.seller.partner_seller|seller_svc_08.seller.payout_seller|seller_svc_08.seller.price_seller|seller_svc_08.seller.provider_seller|seller_svc_08.seller.rate_seller|seller_svc_08.seller.reconciliation_seller|seller_svc_08.seller.settlement_seller|seller_svc_08.seller.tax_seller,10,0,applications/backend/services/seller/seller-08,/api/v1/seller/08,domain-seller,seller-08,DOMAIN_POLICY_PENDING,PLANNED
259,6,seller,seller-platform,svc-0059,seller-09,team-006,10,pg-cluster-581|pg-cluster-582|pg-cluster-583|pg-cluster-584|pg-cluster-585|pg-cluster-586|pg-cluster-587|pg-cluster-588|pg-cluster-589|pg-cluster-590,seller_svc_09,seller,10,seller_svc_09.seller.bin_seller|seller_svc_09.seller.package_seller|seller_svc_09.seller.refund_seller|seller_svc_09.seller.return_seller|seller_svc_09.seller.route_seller|seller_svc_09.seller.shipment_seller|seller_svc_09.seller.stock_seller|seller_svc_09.seller.stop_seller|seller_svc_09.seller.tracking_seller|seller_svc_09.seller.warehouse_seller,10,0,applications/backend/services/seller/seller-09,/api/v1/seller/09,domain-seller,seller-09,DOMAIN_POLICY_PENDING,PLANNED
260,6,seller,seller-platform,svc-0060,seller-10,team-006,10,pg-cluster-591|pg-cluster-592|pg-cluster-593|pg-cluster-594|pg-cluster-595|pg-cluster-596|pg-cluster-597|pg-cluster-598|pg-cluster-599|pg-cluster-600,seller_svc_10,seller,10,seller_svc_10.seller.consent_seller|seller_svc_10.seller.device_seller|seller_svc_10.seller.feedback_seller|seller_svc_10.seller.location_seller|seller_svc_10.seller.owner_seller|seller_svc_10.seller.permission_seller|seller_svc_10.seller.rating_seller|seller_svc_10.seller.review_seller|seller_svc_10.seller.role_seller|seller_svc_10.seller.token_seller,10,0,applications/backend/services/seller/seller-10,/api/v1/seller/10,domain-seller,seller-10,DOMAIN_POLICY_PENDING,PLANNED
261,7,pricing,pricing-platform,svc-0061,pricing-01,team-007,10,pg-cluster-601|pg-cluster-602|pg-cluster-603|pg-cluster-604|pg-cluster-605|pg-cluster-606|pg-cluster-607|pg-cluster-608|pg-cluster-609|pg-cluster-610,pricing_svc_01,pricing,10,pricing_svc_01.pricing.account_pricing|pricing_svc_01.pricing.address_pricing|pricing_svc_01.pricing.event_pricing|pricing_svc_01.pricing.history_pricing|pricing_svc_01.pricing.mapping_pricing|pricing_svc_01.pricing.preference_pricing|pricing_svc_01.pricing.profile_pricing|pricing_svc_01.pricing.rule_pricing|pricing_svc_01.pricing.session_pricing|pricing_svc_01.pricing.status_pricing,10,0,applications/backend/services/pricing/pricing-01,/api/v1/pricing/01,domain-pricing,pricing-01,DOMAIN_POLICY_PENDING,PLANNED
262,7,pricing,pricing-platform,svc-0062,pricing-02,team-007,10,pg-cluster-611|pg-cluster-612|pg-cluster-613|pg-cluster-614|pg-cluster-615|pg-cluster-616|pg-cluster-617|pg-cluster-618|pg-cluster-619|pg-cluster-620,pricing_svc_02,pricing,10,pricing_svc_02.pricing.allocation_pricing|pricing_svc_02.pricing.attempt_pricing|pricing_svc_02.pricing.detail_pricing|pricing_svc_02.pricing.item_pricing|pricing_svc_02.pricing.movement_pricing|pricing_svc_02.pricing.request_pricing|pricing_svc_02.pricing.reservation_pricing|pricing_svc_02.pricing.response_pricing|pricing_svc_02.pricing.snapshot_pricing|pricing_svc_02.pricing.transaction_pricing,10,0,applications/backend/services/pricing/pricing-02,/api/v1/pricing/02,domain-pricing,pricing-02,DOMAIN_POLICY_PENDING,PLANNED
263,7,pricing,pricing-platform,svc-0063,pricing-03,team-007,10,pg-cluster-621|pg-cluster-622|pg-cluster-623|pg-cluster-624|pg-cluster-625|pg-cluster-626|pg-cluster-627|pg-cluster-628|pg-cluster-629|pg-cluster-630,pricing_svc_03,pricing,10,pricing_svc_03.pricing.adjustment_pricing|pricing_svc_03.pricing.campaign_pricing|pricing_svc_03.pricing.configuration_pricing|pricing_svc_03.pricing.document_pricing|pricing_svc_03.pricing.metric_pricing|pricing_svc_03.pricing.offer_pricing|pricing_svc_03.pricing.policy_pricing|pricing_svc_03.pricing.redemption_pricing|pricing_svc_03.pricing.score_pricing|pricing_svc_03.pricing.segment_pricing,10,0,applications/backend/services/pricing/pricing-03,/api/v1/pricing/03,domain-pricing,pricing-03,DOMAIN_POLICY_PENDING,PLANNED
264,7,pricing,pricing-platform,svc-0064,pricing-04,team-007,10,pg-cluster-631|pg-cluster-632|pg-cluster-633|pg-cluster-634|pg-cluster-635|pg-cluster-636|pg-cluster-637|pg-cluster-638|pg-cluster-639|pg-cluster-640,pricing_svc_04,pricing,10,pricing_svc_04.pricing.balance_pricing|pricing_svc_04.pricing.batch_pricing|pricing_svc_04.pricing.checkpoint_pricing|pricing_svc_04.pricing.exception_pricing|pricing_svc_04.pricing.invoice_pricing|pricing_svc_04.pricing.job_pricing|pricing_svc_04.pricing.ledger_pricing|pricing_svc_04.pricing.line_pricing|pricing_svc_04.pricing.run_pricing|pricing_svc_04.pricing.task_pricing,10,0,applications/backend/services/pricing/pricing-04,/api/v1/pricing/04,domain-pricing,pricing-04,DOMAIN_POLICY_PENDING,PLANNED
265,7,pricing,pricing-platform,svc-0065,pricing-05,team-007,10,pg-cluster-641|pg-cluster-642|pg-cluster-643|pg-cluster-644|pg-cluster-645|pg-cluster-646|pg-cluster-647|pg-cluster-648|pg-cluster-649|pg-cluster-650,pricing_svc_05,pricing,10,pricing_svc_05.pricing.alert_pricing|pricing_svc_05.pricing.approval_pricing|pricing_svc_05.pricing.assignment_pricing|pricing_svc_05.pricing.availability_pricing|pricing_svc_05.pricing.capacity_pricing|pricing_svc_05.pricing.case_pricing|pricing_svc_05.pricing.decision_pricing|pricing_svc_05.pricing.forecast_pricing|pricing_svc_05.pricing.schedule_pricing|pricing_svc_05.pricing.workflow_pricing,10,0,applications/backend/services/pricing/pricing-05,/api/v1/pricing/05,domain-pricing,pricing-05,DOMAIN_POLICY_PENDING,PLANNED
266,7,pricing,pricing-platform,svc-0066,pricing-06,team-007,10,pg-cluster-651|pg-cluster-652|pg-cluster-653|pg-cluster-654|pg-cluster-655|pg-cluster-656|pg-cluster-657|pg-cluster-658|pg-cluster-659|pg-cluster-660,pricing_svc_06,pricing,10,pricing_svc_06.pricing.attribute_pricing|pricing_svc_06.pricing.category_pricing|pricing_svc_06.pricing.collection_pricing|pricing_svc_06.pricing.media_pricing|pricing_svc_06.pricing.plan_pricing|pricing_svc_06.pricing.ranking_pricing|pricing_svc_06.pricing.relationship_pricing|pricing_svc_06.pricing.target_pricing|pricing_svc_06.pricing.threshold_pricing|pricing_svc_06.pricing.variant_pricing,10,0,applications/backend/services/pricing/pricing-06,/api/v1/pricing/06,domain-pricing,pricing-06,DOMAIN_POLICY_PENDING,PLANNED
267,7,pricing,pricing-platform,svc-0067,pricing-07,team-007,10,pg-cluster-661|pg-cluster-662|pg-cluster-663|pg-cluster-664|pg-cluster-665|pg-cluster-666|pg-cluster-667|pg-cluster-668|pg-cluster-669|pg-cluster-670,pricing_svc_07,pricing,10,pricing_svc_07.pricing.attribution_pricing|pricing_svc_07.pricing.channel_pricing|pricing_svc_07.pricing.click_pricing|pricing_svc_07.pricing.conversion_pricing|pricing_svc_07.pricing.delivery_pricing|pricing_svc_07.pricing.impression_pricing|pricing_svc_07.pricing.message_pricing|pricing_svc_07.pricing.query_pricing|pricing_svc_07.pricing.result_pricing|pricing_svc_07.pricing.template_pricing,10,0,applications/backend/services/pricing/pricing-07,/api/v1/pricing/07,domain-pricing,pricing-07,DOMAIN_POLICY_PENDING,PLANNED
268,7,pricing,pricing-platform,svc-0068,pricing-08,team-007,10,pg-cluster-671|pg-cluster-672|pg-cluster-673|pg-cluster-674|pg-cluster-675|pg-cluster-676|pg-cluster-677|pg-cluster-678|pg-cluster-679|pg-cluster-680,pricing_svc_08,pricing,10,pricing_svc_08.pricing.contract_pricing|pricing_svc_08.pricing.fee_pricing|pricing_svc_08.pricing.partner_pricing|pricing_svc_08.pricing.payout_pricing|pricing_svc_08.pricing.price_pricing|pricing_svc_08.pricing.provider_pricing|pricing_svc_08.pricing.rate_pricing|pricing_svc_08.pricing.reconciliation_pricing|pricing_svc_08.pricing.settlement_pricing|pricing_svc_08.pricing.tax_pricing,10,0,applications/backend/services/pricing/pricing-08,/api/v1/pricing/08,domain-pricing,pricing-08,DOMAIN_POLICY_PENDING,PLANNED
269,7,pricing,pricing-platform,svc-0069,pricing-09,team-007,10,pg-cluster-681|pg-cluster-682|pg-cluster-683|pg-cluster-684|pg-cluster-685|pg-cluster-686|pg-cluster-687|pg-cluster-688|pg-cluster-689|pg-cluster-690,pricing_svc_09,pricing,10,pricing_svc_09.pricing.bin_pricing|pricing_svc_09.pricing.package_pricing|pricing_svc_09.pricing.refund_pricing|pricing_svc_09.pricing.return_pricing|pricing_svc_09.pricing.route_pricing|pricing_svc_09.pricing.shipment_pricing|pricing_svc_09.pricing.stock_pricing|pricing_svc_09.pricing.stop_pricing|pricing_svc_09.pricing.tracking_pricing|pricing_svc_09.pricing.warehouse_pricing,10,0,applications/backend/services/pricing/pricing-09,/api/v1/pricing/09,domain-pricing,pricing-09,DOMAIN_POLICY_PENDING,PLANNED
270,7,pricing,pricing-platform,svc-0070,pricing-10,team-007,10,pg-cluster-691|pg-cluster-692|pg-cluster-693|pg-cluster-694|pg-cluster-695|pg-cluster-696|pg-cluster-697|pg-cluster-698|pg-cluster-699|pg-cluster-700,pricing_svc_10,pricing,10,pricing_svc_10.pricing.consent_pricing|pricing_svc_10.pricing.device_pricing|pricing_svc_10.pricing.feedback_pricing|pricing_svc_10.pricing.location_pricing|pricing_svc_10.pricing.owner_pricing|pricing_svc_10.pricing.permission_pricing|pricing_svc_10.pricing.rating_pricing|pricing_svc_10.pricing.review_pricing|pricing_svc_10.pricing.role_pricing|pricing_svc_10.pricing.token_pricing,10,0,applications/backend/services/pricing/pricing-10,/api/v1/pricing/10,domain-pricing,pricing-10,DOMAIN_POLICY_PENDING,PLANNED
271,8,promotion,promotion-platform,svc-0071,promotion-01,team-008,10,pg-cluster-701|pg-cluster-702|pg-cluster-703|pg-cluster-704|pg-cluster-705|pg-cluster-706|pg-cluster-707|pg-cluster-708|pg-cluster-709|pg-cluster-710,promotion_svc_01,promotion,10,promotion_svc_01.promotion.account_promotion|promotion_svc_01.promotion.address_promotion|promotion_svc_01.promotion.event_promotion|promotion_svc_01.promotion.history_promotion|promotion_svc_01.promotion.mapping_promotion|promotion_svc_01.promotion.preference_promotion|promotion_svc_01.promotion.profile_promotion|promotion_svc_01.promotion.rule_promotion|promotion_svc_01.promotion.session_promotion|promotion_svc_01.promotion.status_promotion,10,0,applications/backend/services/promotion/promotion-01,/api/v1/promotion/01,domain-promotion,promotion-01,DOMAIN_POLICY_PENDING,PLANNED
272,8,promotion,promotion-platform,svc-0072,promotion-02,team-008,10,pg-cluster-711|pg-cluster-712|pg-cluster-713|pg-cluster-714|pg-cluster-715|pg-cluster-716|pg-cluster-717|pg-cluster-718|pg-cluster-719|pg-cluster-720,promotion_svc_02,promotion,10,promotion_svc_02.promotion.allocation_promotion|promotion_svc_02.promotion.attempt_promotion|promotion_svc_02.promotion.detail_promotion|promotion_svc_02.promotion.item_promotion|promotion_svc_02.promotion.movement_promotion|promotion_svc_02.promotion.request_promotion|promotion_svc_02.promotion.reservation_promotion|promotion_svc_02.promotion.response_promotion|promotion_svc_02.promotion.snapshot_promotion|promotion_svc_02.promotion.transaction_promotion,10,0,applications/backend/services/promotion/promotion-02,/api/v1/promotion/02,domain-promotion,promotion-02,DOMAIN_POLICY_PENDING,PLANNED
273,8,promotion,promotion-platform,svc-0073,promotion-03,team-008,10,pg-cluster-721|pg-cluster-722|pg-cluster-723|pg-cluster-724|pg-cluster-725|pg-cluster-726|pg-cluster-727|pg-cluster-728|pg-cluster-729|pg-cluster-730,promotion_svc_03,promotion,10,promotion_svc_03.promotion.adjustment_promotion|promotion_svc_03.promotion.campaign_promotion|promotion_svc_03.promotion.configuration_promotion|promotion_svc_03.promotion.document_promotion|promotion_svc_03.promotion.metric_promotion|promotion_svc_03.promotion.offer_promotion|promotion_svc_03.promotion.policy_promotion|promotion_svc_03.promotion.redemption_promotion|promotion_svc_03.promotion.score_promotion|promotion_svc_03.promotion.segment_promotion,10,0,applications/backend/services/promotion/promotion-03,/api/v1/promotion/03,domain-promotion,promotion-03,DOMAIN_POLICY_PENDING,PLANNED
274,8,promotion,promotion-platform,svc-0074,promotion-04,team-008,10,pg-cluster-731|pg-cluster-732|pg-cluster-733|pg-cluster-734|pg-cluster-735|pg-cluster-736|pg-cluster-737|pg-cluster-738|pg-cluster-739|pg-cluster-740,promotion_svc_04,promotion,10,promotion_svc_04.promotion.balance_promotion|promotion_svc_04.promotion.batch_promotion|promotion_svc_04.promotion.checkpoint_promotion|promotion_svc_04.promotion.exception_promotion|promotion_svc_04.promotion.invoice_promotion|promotion_svc_04.promotion.job_promotion|promotion_svc_04.promotion.ledger_promotion|promotion_svc_04.promotion.line_promotion|promotion_svc_04.promotion.run_promotion|promotion_svc_04.promotion.task_promotion,10,0,applications/backend/services/promotion/promotion-04,/api/v1/promotion/04,domain-promotion,promotion-04,DOMAIN_POLICY_PENDING,PLANNED
275,8,promotion,promotion-platform,svc-0075,promotion-05,team-008,10,pg-cluster-741|pg-cluster-742|pg-cluster-743|pg-cluster-744|pg-cluster-745|pg-cluster-746|pg-cluster-747|pg-cluster-748|pg-cluster-749|pg-cluster-750,promotion_svc_05,promotion,10,promotion_svc_05.promotion.alert_promotion|promotion_svc_05.promotion.approval_promotion|promotion_svc_05.promotion.assignment_promotion|promotion_svc_05.promotion.availability_promotion|promotion_svc_05.promotion.capacity_promotion|promotion_svc_05.promotion.case_promotion|promotion_svc_05.promotion.decision_promotion|promotion_svc_05.promotion.forecast_promotion|promotion_svc_05.promotion.schedule_promotion|promotion_svc_05.promotion.workflow_promotion,10,0,applications/backend/services/promotion/promotion-05,/api/v1/promotion/05,domain-promotion,promotion-05,DOMAIN_POLICY_PENDING,PLANNED
276,8,promotion,promotion-platform,svc-0076,promotion-06,team-008,10,pg-cluster-751|pg-cluster-752|pg-cluster-753|pg-cluster-754|pg-cluster-755|pg-cluster-756|pg-cluster-757|pg-cluster-758|pg-cluster-759|pg-cluster-760,promotion_svc_06,promotion,10,promotion_svc_06.promotion.attribute_promotion|promotion_svc_06.promotion.category_promotion|promotion_svc_06.promotion.collection_promotion|promotion_svc_06.promotion.media_promotion|promotion_svc_06.promotion.plan_promotion|promotion_svc_06.promotion.ranking_promotion|promotion_svc_06.promotion.relationship_promotion|promotion_svc_06.promotion.target_promotion|promotion_svc_06.promotion.threshold_promotion|promotion_svc_06.promotion.variant_promotion,10,0,applications/backend/services/promotion/promotion-06,/api/v1/promotion/06,domain-promotion,promotion-06,DOMAIN_POLICY_PENDING,PLANNED
277,8,promotion,promotion-platform,svc-0077,promotion-07,team-008,10,pg-cluster-761|pg-cluster-762|pg-cluster-763|pg-cluster-764|pg-cluster-765|pg-cluster-766|pg-cluster-767|pg-cluster-768|pg-cluster-769|pg-cluster-770,promotion_svc_07,promotion,10,promotion_svc_07.promotion.attribution_promotion|promotion_svc_07.promotion.channel_promotion|promotion_svc_07.promotion.click_promotion|promotion_svc_07.promotion.conversion_promotion|promotion_svc_07.promotion.delivery_promotion|promotion_svc_07.promotion.impression_promotion|promotion_svc_07.promotion.message_promotion|promotion_svc_07.promotion.query_promotion|promotion_svc_07.promotion.result_promotion|promotion_svc_07.promotion.template_promotion,10,0,applications/backend/services/promotion/promotion-07,/api/v1/promotion/07,domain-promotion,promotion-07,DOMAIN_POLICY_PENDING,PLANNED
278,8,promotion,promotion-platform,svc-0078,promotion-08,team-008,10,pg-cluster-771|pg-cluster-772|pg-cluster-773|pg-cluster-774|pg-cluster-775|pg-cluster-776|pg-cluster-777|pg-cluster-778|pg-cluster-779|pg-cluster-780,promotion_svc_08,promotion,10,promotion_svc_08.promotion.contract_promotion|promotion_svc_08.promotion.fee_promotion|promotion_svc_08.promotion.partner_promotion|promotion_svc_08.promotion.payout_promotion|promotion_svc_08.promotion.price_promotion|promotion_svc_08.promotion.provider_promotion|promotion_svc_08.promotion.rate_promotion|promotion_svc_08.promotion.reconciliation_promotion|promotion_svc_08.promotion.settlement_promotion|promotion_svc_08.promotion.tax_promotion,10,0,applications/backend/services/promotion/promotion-08,/api/v1/promotion/08,domain-promotion,promotion-08,DOMAIN_POLICY_PENDING,PLANNED
279,8,promotion,promotion-platform,svc-0079,promotion-09,team-008,10,pg-cluster-781|pg-cluster-782|pg-cluster-783|pg-cluster-784|pg-cluster-785|pg-cluster-786|pg-cluster-787|pg-cluster-788|pg-cluster-789|pg-cluster-790,promotion_svc_09,promotion,10,promotion_svc_09.promotion.bin_promotion|promotion_svc_09.promotion.package_promotion|promotion_svc_09.promotion.refund_promotion|promotion_svc_09.promotion.return_promotion|promotion_svc_09.promotion.route_promotion|promotion_svc_09.promotion.shipment_promotion|promotion_svc_09.promotion.stock_promotion|promotion_svc_09.promotion.stop_promotion|promotion_svc_09.promotion.tracking_promotion|promotion_svc_09.promotion.warehouse_promotion,10,0,applications/backend/services/promotion/promotion-09,/api/v1/promotion/09,domain-promotion,promotion-09,DOMAIN_POLICY_PENDING,PLANNED
280,8,promotion,promotion-platform,svc-0080,promotion-10,team-008,10,pg-cluster-791|pg-cluster-792|pg-cluster-793|pg-cluster-794|pg-cluster-795|pg-cluster-796|pg-cluster-797|pg-cluster-798|pg-cluster-799|pg-cluster-800,promotion_svc_10,promotion,10,promotion_svc_10.promotion.consent_promotion|promotion_svc_10.promotion.device_promotion|promotion_svc_10.promotion.feedback_promotion|promotion_svc_10.promotion.location_promotion|promotion_svc_10.promotion.owner_promotion|promotion_svc_10.promotion.permission_promotion|promotion_svc_10.promotion.rating_promotion|promotion_svc_10.promotion.review_promotion|promotion_svc_10.promotion.role_promotion|promotion_svc_10.promotion.token_promotion,10,0,applications/backend/services/promotion/promotion-10,/api/v1/promotion/10,domain-promotion,promotion-10,DOMAIN_POLICY_PENDING,PLANNED
281,9,inventory,inventory-platform,svc-0081,inventory-01,team-009,10,pg-cluster-001|pg-cluster-002|pg-cluster-003|pg-cluster-004|pg-cluster-005|pg-cluster-006|pg-cluster-007|pg-cluster-008|pg-cluster-009|pg-cluster-010,inventory_svc_01,inventory,10,inventory_svc_01.inventory.account_inventory|inventory_svc_01.inventory.address_inventory|inventory_svc_01.inventory.event_inventory|inventory_svc_01.inventory.history_inventory|inventory_svc_01.inventory.mapping_inventory|inventory_svc_01.inventory.preference_inventory|inventory_svc_01.inventory.profile_inventory|inventory_svc_01.inventory.rule_inventory|inventory_svc_01.inventory.session_inventory|inventory_svc_01.inventory.status_inventory,10,0,applications/backend/services/inventory/inventory-01,/api/v1/inventory/01,domain-inventory,inventory-01,DOMAIN_POLICY_PENDING,PLANNED
282,9,inventory,inventory-platform,svc-0082,inventory-02,team-009,10,pg-cluster-011|pg-cluster-012|pg-cluster-013|pg-cluster-014|pg-cluster-015|pg-cluster-016|pg-cluster-017|pg-cluster-018|pg-cluster-019|pg-cluster-020,inventory_svc_02,inventory,10,inventory_svc_02.inventory.allocation_inventory|inventory_svc_02.inventory.attempt_inventory|inventory_svc_02.inventory.detail_inventory|inventory_svc_02.inventory.item_inventory|inventory_svc_02.inventory.movement_inventory|inventory_svc_02.inventory.request_inventory|inventory_svc_02.inventory.reservation_inventory|inventory_svc_02.inventory.response_inventory|inventory_svc_02.inventory.snapshot_inventory|inventory_svc_02.inventory.transaction_inventory,10,0,applications/backend/services/inventory/inventory-02,/api/v1/inventory/02,domain-inventory,inventory-02,DOMAIN_POLICY_PENDING,PLANNED
283,9,inventory,inventory-platform,svc-0083,inventory-03,team-009,10,pg-cluster-021|pg-cluster-022|pg-cluster-023|pg-cluster-024|pg-cluster-025|pg-cluster-026|pg-cluster-027|pg-cluster-028|pg-cluster-029|pg-cluster-030,inventory_svc_03,inventory,10,inventory_svc_03.inventory.adjustment_inventory|inventory_svc_03.inventory.campaign_inventory|inventory_svc_03.inventory.configuration_inventory|inventory_svc_03.inventory.document_inventory|inventory_svc_03.inventory.metric_inventory|inventory_svc_03.inventory.offer_inventory|inventory_svc_03.inventory.policy_inventory|inventory_svc_03.inventory.redemption_inventory|inventory_svc_03.inventory.score_inventory|inventory_svc_03.inventory.segment_inventory,10,0,applications/backend/services/inventory/inventory-03,/api/v1/inventory/03,domain-inventory,inventory-03,DOMAIN_POLICY_PENDING,PLANNED
284,9,inventory,inventory-platform,svc-0084,inventory-04,team-009,10,pg-cluster-031|pg-cluster-032|pg-cluster-033|pg-cluster-034|pg-cluster-035|pg-cluster-036|pg-cluster-037|pg-cluster-038|pg-cluster-039|pg-cluster-040,inventory_svc_04,inventory,10,inventory_svc_04.inventory.balance_inventory|inventory_svc_04.inventory.batch_inventory|inventory_svc_04.inventory.checkpoint_inventory|inventory_svc_04.inventory.exception_inventory|inventory_svc_04.inventory.invoice_inventory|inventory_svc_04.inventory.job_inventory|inventory_svc_04.inventory.ledger_inventory|inventory_svc_04.inventory.line_inventory|inventory_svc_04.inventory.run_inventory|inventory_svc_04.inventory.task_inventory,10,0,applications/backend/services/inventory/inventory-04,/api/v1/inventory/04,domain-inventory,inventory-04,DOMAIN_POLICY_PENDING,PLANNED
285,9,inventory,inventory-platform,svc-0085,inventory-05,team-009,10,pg-cluster-041|pg-cluster-042|pg-cluster-043|pg-cluster-044|pg-cluster-045|pg-cluster-046|pg-cluster-047|pg-cluster-048|pg-cluster-049|pg-cluster-050,inventory_svc_05,inventory,10,inventory_svc_05.inventory.alert_inventory|inventory_svc_05.inventory.approval_inventory|inventory_svc_05.inventory.assignment_inventory|inventory_svc_05.inventory.availability_inventory|inventory_svc_05.inventory.capacity_inventory|inventory_svc_05.inventory.case_inventory|inventory_svc_05.inventory.decision_inventory|inventory_svc_05.inventory.forecast_inventory|inventory_svc_05.inventory.schedule_inventory|inventory_svc_05.inventory.workflow_inventory,10,0,applications/backend/services/inventory/inventory-05,/api/v1/inventory/05,domain-inventory,inventory-05,DOMAIN_POLICY_PENDING,PLANNED
286,9,inventory,inventory-platform,svc-0086,inventory-06,team-009,10,pg-cluster-051|pg-cluster-052|pg-cluster-053|pg-cluster-054|pg-cluster-055|pg-cluster-056|pg-cluster-057|pg-cluster-058|pg-cluster-059|pg-cluster-060,inventory_svc_06,inventory,10,inventory_svc_06.inventory.attribute_inventory|inventory_svc_06.inventory.category_inventory|inventory_svc_06.inventory.collection_inventory|inventory_svc_06.inventory.media_inventory|inventory_svc_06.inventory.plan_inventory|inventory_svc_06.inventory.ranking_inventory|inventory_svc_06.inventory.relationship_inventory|inventory_svc_06.inventory.target_inventory|inventory_svc_06.inventory.threshold_inventory|inventory_svc_06.inventory.variant_inventory,10,0,applications/backend/services/inventory/inventory-06,/api/v1/inventory/06,domain-inventory,inventory-06,DOMAIN_POLICY_PENDING,PLANNED
287,9,inventory,inventory-platform,svc-0087,inventory-07,team-009,10,pg-cluster-061|pg-cluster-062|pg-cluster-063|pg-cluster-064|pg-cluster-065|pg-cluster-066|pg-cluster-067|pg-cluster-068|pg-cluster-069|pg-cluster-070,inventory_svc_07,inventory,10,inventory_svc_07.inventory.attribution_inventory|inventory_svc_07.inventory.channel_inventory|inventory_svc_07.inventory.click_inventory|inventory_svc_07.inventory.conversion_inventory|inventory_svc_07.inventory.delivery_inventory|inventory_svc_07.inventory.impression_inventory|inventory_svc_07.inventory.message_inventory|inventory_svc_07.inventory.query_inventory|inventory_svc_07.inventory.result_inventory|inventory_svc_07.inventory.template_inventory,10,0,applications/backend/services/inventory/inventory-07,/api/v1/inventory/07,domain-inventory,inventory-07,DOMAIN_POLICY_PENDING,PLANNED
288,9,inventory,inventory-platform,svc-0088,inventory-08,team-009,10,pg-cluster-071|pg-cluster-072|pg-cluster-073|pg-cluster-074|pg-cluster-075|pg-cluster-076|pg-cluster-077|pg-cluster-078|pg-cluster-079|pg-cluster-080,inventory_svc_08,inventory,10,inventory_svc_08.inventory.contract_inventory|inventory_svc_08.inventory.fee_inventory|inventory_svc_08.inventory.partner_inventory|inventory_svc_08.inventory.payout_inventory|inventory_svc_08.inventory.price_inventory|inventory_svc_08.inventory.provider_inventory|inventory_svc_08.inventory.rate_inventory|inventory_svc_08.inventory.reconciliation_inventory|inventory_svc_08.inventory.settlement_inventory|inventory_svc_08.inventory.tax_inventory,10,0,applications/backend/services/inventory/inventory-08,/api/v1/inventory/08,domain-inventory,inventory-08,DOMAIN_POLICY_PENDING,PLANNED
289,9,inventory,inventory-platform,svc-0089,inventory-09,team-009,10,pg-cluster-081|pg-cluster-082|pg-cluster-083|pg-cluster-084|pg-cluster-085|pg-cluster-086|pg-cluster-087|pg-cluster-088|pg-cluster-089|pg-cluster-090,inventory_svc_09,inventory,10,inventory_svc_09.inventory.bin_inventory|inventory_svc_09.inventory.package_inventory|inventory_svc_09.inventory.refund_inventory|inventory_svc_09.inventory.return_inventory|inventory_svc_09.inventory.route_inventory|inventory_svc_09.inventory.shipment_inventory|inventory_svc_09.inventory.stock_inventory|inventory_svc_09.inventory.stop_inventory|inventory_svc_09.inventory.tracking_inventory|inventory_svc_09.inventory.warehouse_inventory,10,0,applications/backend/services/inventory/inventory-09,/api/v1/inventory/09,domain-inventory,inventory-09,DOMAIN_POLICY_PENDING,PLANNED
290,9,inventory,inventory-platform,svc-0090,inventory-10,team-009,10,pg-cluster-091|pg-cluster-092|pg-cluster-093|pg-cluster-094|pg-cluster-095|pg-cluster-096|pg-cluster-097|pg-cluster-098|pg-cluster-099|pg-cluster-100,inventory_svc_10,inventory,10,inventory_svc_10.inventory.consent_inventory|inventory_svc_10.inventory.device_inventory|inventory_svc_10.inventory.feedback_inventory|inventory_svc_10.inventory.location_inventory|inventory_svc_10.inventory.owner_inventory|inventory_svc_10.inventory.permission_inventory|inventory_svc_10.inventory.rating_inventory|inventory_svc_10.inventory.review_inventory|inventory_svc_10.inventory.role_inventory|inventory_svc_10.inventory.token_inventory,10,0,applications/backend/services/inventory/inventory-10,/api/v1/inventory/10,domain-inventory,inventory-10,DOMAIN_POLICY_PENDING,PLANNED
291,10,warehouse,warehouse-platform,svc-0091,warehouse-01,team-010,10,pg-cluster-101|pg-cluster-102|pg-cluster-103|pg-cluster-104|pg-cluster-105|pg-cluster-106|pg-cluster-107|pg-cluster-108|pg-cluster-109|pg-cluster-110,warehouse_svc_01,warehouse,10,warehouse_svc_01.warehouse.account_warehouse|warehouse_svc_01.warehouse.address_warehouse|warehouse_svc_01.warehouse.event_warehouse|warehouse_svc_01.warehouse.history_warehouse|warehouse_svc_01.warehouse.mapping_warehouse|warehouse_svc_01.warehouse.preference_warehouse|warehouse_svc_01.warehouse.profile_warehouse|warehouse_svc_01.warehouse.rule_warehouse|warehouse_svc_01.warehouse.session_warehouse|warehouse_svc_01.warehouse.status_warehouse,10,0,applications/backend/services/warehouse/warehouse-01,/api/v1/warehouse/01,domain-warehouse,warehouse-01,DOMAIN_POLICY_PENDING,PLANNED
292,10,warehouse,warehouse-platform,svc-0092,warehouse-02,team-010,10,pg-cluster-111|pg-cluster-112|pg-cluster-113|pg-cluster-114|pg-cluster-115|pg-cluster-116|pg-cluster-117|pg-cluster-118|pg-cluster-119|pg-cluster-120,warehouse_svc_02,warehouse,10,warehouse_svc_02.warehouse.allocation_warehouse|warehouse_svc_02.warehouse.attempt_warehouse|warehouse_svc_02.warehouse.detail_warehouse|warehouse_svc_02.warehouse.item_warehouse|warehouse_svc_02.warehouse.movement_warehouse|warehouse_svc_02.warehouse.request_warehouse|warehouse_svc_02.warehouse.reservation_warehouse|warehouse_svc_02.warehouse.response_warehouse|warehouse_svc_02.warehouse.snapshot_warehouse|warehouse_svc_02.warehouse.transaction_warehouse,10,0,applications/backend/services/warehouse/warehouse-02,/api/v1/warehouse/02,domain-warehouse,warehouse-02,DOMAIN_POLICY_PENDING,PLANNED
293,10,warehouse,warehouse-platform,svc-0093,warehouse-03,team-010,10,pg-cluster-121|pg-cluster-122|pg-cluster-123|pg-cluster-124|pg-cluster-125|pg-cluster-126|pg-cluster-127|pg-cluster-128|pg-cluster-129|pg-cluster-130,warehouse_svc_03,warehouse,10,warehouse_svc_03.warehouse.adjustment_warehouse|warehouse_svc_03.warehouse.campaign_warehouse|warehouse_svc_03.warehouse.configuration_warehouse|warehouse_svc_03.warehouse.document_warehouse|warehouse_svc_03.warehouse.metric_warehouse|warehouse_svc_03.warehouse.offer_warehouse|warehouse_svc_03.warehouse.policy_warehouse|warehouse_svc_03.warehouse.redemption_warehouse|warehouse_svc_03.warehouse.score_warehouse|warehouse_svc_03.warehouse.segment_warehouse,10,0,applications/backend/services/warehouse/warehouse-03,/api/v1/warehouse/03,domain-warehouse,warehouse-03,DOMAIN_POLICY_PENDING,PLANNED
294,10,warehouse,warehouse-platform,svc-0094,warehouse-04,team-010,10,pg-cluster-131|pg-cluster-132|pg-cluster-133|pg-cluster-134|pg-cluster-135|pg-cluster-136|pg-cluster-137|pg-cluster-138|pg-cluster-139|pg-cluster-140,warehouse_svc_04,warehouse,10,warehouse_svc_04.warehouse.balance_warehouse|warehouse_svc_04.warehouse.batch_warehouse|warehouse_svc_04.warehouse.checkpoint_warehouse|warehouse_svc_04.warehouse.exception_warehouse|warehouse_svc_04.warehouse.invoice_warehouse|warehouse_svc_04.warehouse.job_warehouse|warehouse_svc_04.warehouse.ledger_warehouse|warehouse_svc_04.warehouse.line_warehouse|warehouse_svc_04.warehouse.run_warehouse|warehouse_svc_04.warehouse.task_warehouse,10,0,applications/backend/services/warehouse/warehouse-04,/api/v1/warehouse/04,domain-warehouse,warehouse-04,DOMAIN_POLICY_PENDING,PLANNED
295,10,warehouse,warehouse-platform,svc-0095,warehouse-05,team-010,10,pg-cluster-141|pg-cluster-142|pg-cluster-143|pg-cluster-144|pg-cluster-145|pg-cluster-146|pg-cluster-147|pg-cluster-148|pg-cluster-149|pg-cluster-150,warehouse_svc_05,warehouse,10,warehouse_svc_05.warehouse.alert_warehouse|warehouse_svc_05.warehouse.approval_warehouse|warehouse_svc_05.warehouse.assignment_warehouse|warehouse_svc_05.warehouse.availability_warehouse|warehouse_svc_05.warehouse.capacity_warehouse|warehouse_svc_05.warehouse.case_warehouse|warehouse_svc_05.warehouse.decision_warehouse|warehouse_svc_05.warehouse.forecast_warehouse|warehouse_svc_05.warehouse.schedule_warehouse|warehouse_svc_05.warehouse.workflow_warehouse,10,0,applications/backend/services/warehouse/warehouse-05,/api/v1/warehouse/05,domain-warehouse,warehouse-05,DOMAIN_POLICY_PENDING,PLANNED
296,10,warehouse,warehouse-platform,svc-0096,warehouse-06,team-010,10,pg-cluster-151|pg-cluster-152|pg-cluster-153|pg-cluster-154|pg-cluster-155|pg-cluster-156|pg-cluster-157|pg-cluster-158|pg-cluster-159|pg-cluster-160,warehouse_svc_06,warehouse,10,warehouse_svc_06.warehouse.attribute_warehouse|warehouse_svc_06.warehouse.category_warehouse|warehouse_svc_06.warehouse.collection_warehouse|warehouse_svc_06.warehouse.media_warehouse|warehouse_svc_06.warehouse.plan_warehouse|warehouse_svc_06.warehouse.ranking_warehouse|warehouse_svc_06.warehouse.relationship_warehouse|warehouse_svc_06.warehouse.target_warehouse|warehouse_svc_06.warehouse.threshold_warehouse|warehouse_svc_06.warehouse.variant_warehouse,10,0,applications/backend/services/warehouse/warehouse-06,/api/v1/warehouse/06,domain-warehouse,warehouse-06,DOMAIN_POLICY_PENDING,PLANNED
297,10,warehouse,warehouse-platform,svc-0097,warehouse-07,team-010,10,pg-cluster-161|pg-cluster-162|pg-cluster-163|pg-cluster-164|pg-cluster-165|pg-cluster-166|pg-cluster-167|pg-cluster-168|pg-cluster-169|pg-cluster-170,warehouse_svc_07,warehouse,10,warehouse_svc_07.warehouse.attribution_warehouse|warehouse_svc_07.warehouse.channel_warehouse|warehouse_svc_07.warehouse.click_warehouse|warehouse_svc_07.warehouse.conversion_warehouse|warehouse_svc_07.warehouse.delivery_warehouse|warehouse_svc_07.warehouse.impression_warehouse|warehouse_svc_07.warehouse.message_warehouse|warehouse_svc_07.warehouse.query_warehouse|warehouse_svc_07.warehouse.result_warehouse|warehouse_svc_07.warehouse.template_warehouse,10,0,applications/backend/services/warehouse/warehouse-07,/api/v1/warehouse/07,domain-warehouse,warehouse-07,DOMAIN_POLICY_PENDING,PLANNED
298,10,warehouse,warehouse-platform,svc-0098,warehouse-08,team-010,10,pg-cluster-171|pg-cluster-172|pg-cluster-173|pg-cluster-174|pg-cluster-175|pg-cluster-176|pg-cluster-177|pg-cluster-178|pg-cluster-179|pg-cluster-180,warehouse_svc_08,warehouse,10,warehouse_svc_08.warehouse.contract_warehouse|warehouse_svc_08.warehouse.fee_warehouse|warehouse_svc_08.warehouse.partner_warehouse|warehouse_svc_08.warehouse.payout_warehouse|warehouse_svc_08.warehouse.price_warehouse|warehouse_svc_08.warehouse.provider_warehouse|warehouse_svc_08.warehouse.rate_warehouse|warehouse_svc_08.warehouse.reconciliation_warehouse|warehouse_svc_08.warehouse.settlement_warehouse|warehouse_svc_08.warehouse.tax_warehouse,10,0,applications/backend/services/warehouse/warehouse-08,/api/v1/warehouse/08,domain-warehouse,warehouse-08,DOMAIN_POLICY_PENDING,PLANNED
299,10,warehouse,warehouse-platform,svc-0099,warehouse-09,team-010,10,pg-cluster-181|pg-cluster-182|pg-cluster-183|pg-cluster-184|pg-cluster-185|pg-cluster-186|pg-cluster-187|pg-cluster-188|pg-cluster-189|pg-cluster-190,warehouse_svc_09,warehouse,10,warehouse_svc_09.warehouse.bin_warehouse|warehouse_svc_09.warehouse.package_warehouse|warehouse_svc_09.warehouse.refund_warehouse|warehouse_svc_09.warehouse.return_warehouse|warehouse_svc_09.warehouse.route_warehouse|warehouse_svc_09.warehouse.shipment_warehouse|warehouse_svc_09.warehouse.stock_warehouse|warehouse_svc_09.warehouse.stop_warehouse|warehouse_svc_09.warehouse.tracking_warehouse|warehouse_svc_09.warehouse.warehouse_master,10,0,applications/backend/services/warehouse/warehouse-09,/api/v1/warehouse/09,domain-warehouse,warehouse-09,DOMAIN_POLICY_PENDING,PLANNED
300,10,warehouse,warehouse-platform,svc-0100,warehouse-10,team-010,10,pg-cluster-191|pg-cluster-192|pg-cluster-193|pg-cluster-194|pg-cluster-195|pg-cluster-196|pg-cluster-197|pg-cluster-198|pg-cluster-199|pg-cluster-200,warehouse_svc_10,warehouse,10,warehouse_svc_10.warehouse.consent_warehouse|warehouse_svc_10.warehouse.device_warehouse|warehouse_svc_10.warehouse.feedback_warehouse|warehouse_svc_10.warehouse.location_warehouse|warehouse_svc_10.warehouse.owner_warehouse|warehouse_svc_10.warehouse.permission_warehouse|warehouse_svc_10.warehouse.rating_warehouse|warehouse_svc_10.warehouse.review_warehouse|warehouse_svc_10.warehouse.role_warehouse|warehouse_svc_10.warehouse.token_warehouse,10,0,applications/backend/services/warehouse/warehouse-10,/api/v1/warehouse/10,domain-warehouse,warehouse-10,DOMAIN_POLICY_PENDING,PLANNED
301,11,procurement,procurement-platform,svc-0101,procurement-01,team-011,10,pg-cluster-201|pg-cluster-202|pg-cluster-203|pg-cluster-204|pg-cluster-205|pg-cluster-206|pg-cluster-207|pg-cluster-208|pg-cluster-209|pg-cluster-210,procurement_svc_01,procurement,10,procurement_svc_01.procurement.account_procurement|procurement_svc_01.procurement.address_procurement|procurement_svc_01.procurement.event_procurement|procurement_svc_01.procurement.history_procurement|procurement_svc_01.procurement.mapping_procurement|procurement_svc_01.procurement.preference_procurement|procurement_svc_01.procurement.profile_procurement|procurement_svc_01.procurement.rule_procurement|procurement_svc_01.procurement.session_procurement|procurement_svc_01.procurement.status_procurement,10,0,applications/backend/services/procurement/procurement-01,/api/v1/procurement/01,domain-procurement,procurement-01,DOMAIN_POLICY_PENDING,PLANNED
302,11,procurement,procurement-platform,svc-0102,procurement-02,team-011,10,pg-cluster-211|pg-cluster-212|pg-cluster-213|pg-cluster-214|pg-cluster-215|pg-cluster-216|pg-cluster-217|pg-cluster-218|pg-cluster-219|pg-cluster-220,procurement_svc_02,procurement,10,procurement_svc_02.procurement.allocation_procurement|procurement_svc_02.procurement.attempt_procurement|procurement_svc_02.procurement.detail_procurement|procurement_svc_02.procurement.item_procurement|procurement_svc_02.procurement.movement_procurement|procurement_svc_02.procurement.request_procurement|procurement_svc_02.procurement.reservation_procurement|procurement_svc_02.procurement.response_procurement|procurement_svc_02.procurement.snapshot_procurement|procurement_svc_02.procurement.transaction_procurement,10,0,applications/backend/services/procurement/procurement-02,/api/v1/procurement/02,domain-procurement,procurement-02,DOMAIN_POLICY_PENDING,PLANNED
303,11,procurement,procurement-platform,svc-0103,procurement-03,team-011,10,pg-cluster-221|pg-cluster-222|pg-cluster-223|pg-cluster-224|pg-cluster-225|pg-cluster-226|pg-cluster-227|pg-cluster-228|pg-cluster-229|pg-cluster-230,procurement_svc_03,procurement,10,procurement_svc_03.procurement.adjustment_procurement|procurement_svc_03.procurement.campaign_procurement|procurement_svc_03.procurement.configuration_procurement|procurement_svc_03.procurement.document_procurement|procurement_svc_03.procurement.metric_procurement|procurement_svc_03.procurement.offer_procurement|procurement_svc_03.procurement.policy_procurement|procurement_svc_03.procurement.redemption_procurement|procurement_svc_03.procurement.score_procurement|procurement_svc_03.procurement.segment_procurement,10,0,applications/backend/services/procurement/procurement-03,/api/v1/procurement/03,domain-procurement,procurement-03,DOMAIN_POLICY_PENDING,PLANNED
304,11,procurement,procurement-platform,svc-0104,procurement-04,team-011,10,pg-cluster-231|pg-cluster-232|pg-cluster-233|pg-cluster-234|pg-cluster-235|pg-cluster-236|pg-cluster-237|pg-cluster-238|pg-cluster-239|pg-cluster-240,procurement_svc_04,procurement,10,procurement_svc_04.procurement.balance_procurement|procurement_svc_04.procurement.batch_procurement|procurement_svc_04.procurement.checkpoint_procurement|procurement_svc_04.procurement.exception_procurement|procurement_svc_04.procurement.invoice_procurement|procurement_svc_04.procurement.job_procurement|procurement_svc_04.procurement.ledger_procurement|procurement_svc_04.procurement.line_procurement|procurement_svc_04.procurement.run_procurement|procurement_svc_04.procurement.task_procurement,10,0,applications/backend/services/procurement/procurement-04,/api/v1/procurement/04,domain-procurement,procurement-04,DOMAIN_POLICY_PENDING,PLANNED
305,11,procurement,procurement-platform,svc-0105,procurement-05,team-011,10,pg-cluster-241|pg-cluster-242|pg-cluster-243|pg-cluster-244|pg-cluster-245|pg-cluster-246|pg-cluster-247|pg-cluster-248|pg-cluster-249|pg-cluster-250,procurement_svc_05,procurement,10,procurement_svc_05.procurement.alert_procurement|procurement_svc_05.procurement.approval_procurement|procurement_svc_05.procurement.assignment_procurement|procurement_svc_05.procurement.availability_procurement|procurement_svc_05.procurement.capacity_procurement|procurement_svc_05.procurement.case_procurement|procurement_svc_05.procurement.decision_procurement|procurement_svc_05.procurement.forecast_procurement|procurement_svc_05.procurement.schedule_procurement|procurement_svc_05.procurement.workflow_procurement,10,0,applications/backend/services/procurement/procurement-05,/api/v1/procurement/05,domain-procurement,procurement-05,DOMAIN_POLICY_PENDING,PLANNED
306,11,procurement,procurement-platform,svc-0106,procurement-06,team-011,10,pg-cluster-251|pg-cluster-252|pg-cluster-253|pg-cluster-254|pg-cluster-255|pg-cluster-256|pg-cluster-257|pg-cluster-258|pg-cluster-259|pg-cluster-260,procurement_svc_06,procurement,10,procurement_svc_06.procurement.attribute_procurement|procurement_svc_06.procurement.category_procurement|procurement_svc_06.procurement.collection_procurement|procurement_svc_06.procurement.media_procurement|procurement_svc_06.procurement.plan_procurement|procurement_svc_06.procurement.ranking_procurement|procurement_svc_06.procurement.relationship_procurement|procurement_svc_06.procurement.target_procurement|procurement_svc_06.procurement.threshold_procurement|procurement_svc_06.procurement.variant_procurement,10,0,applications/backend/services/procurement/procurement-06,/api/v1/procurement/06,domain-procurement,procurement-06,DOMAIN_POLICY_PENDING,PLANNED
307,11,procurement,procurement-platform,svc-0107,procurement-07,team-011,10,pg-cluster-261|pg-cluster-262|pg-cluster-263|pg-cluster-264|pg-cluster-265|pg-cluster-266|pg-cluster-267|pg-cluster-268|pg-cluster-269|pg-cluster-270,procurement_svc_07,procurement,10,procurement_svc_07.procurement.attribution_procurement|procurement_svc_07.procurement.channel_procurement|procurement_svc_07.procurement.click_procurement|procurement_svc_07.procurement.conversion_procurement|procurement_svc_07.procurement.delivery_procurement|procurement_svc_07.procurement.impression_procurement|procurement_svc_07.procurement.message_procurement|procurement_svc_07.procurement.query_procurement|procurement_svc_07.procurement.result_procurement|procurement_svc_07.procurement.template_procurement,10,0,applications/backend/services/procurement/procurement-07,/api/v1/procurement/07,domain-procurement,procurement-07,DOMAIN_POLICY_PENDING,PLANNED
308,11,procurement,procurement-platform,svc-0108,procurement-08,team-011,10,pg-cluster-271|pg-cluster-272|pg-cluster-273|pg-cluster-274|pg-cluster-275|pg-cluster-276|pg-cluster-277|pg-cluster-278|pg-cluster-279|pg-cluster-280,procurement_svc_08,procurement,10,procurement_svc_08.procurement.contract_procurement|procurement_svc_08.procurement.fee_procurement|procurement_svc_08.procurement.partner_procurement|procurement_svc_08.procurement.payout_procurement|procurement_svc_08.procurement.price_procurement|procurement_svc_08.procurement.provider_procurement|procurement_svc_08.procurement.rate_procurement|procurement_svc_08.procurement.reconciliation_procurement|procurement_svc_08.procurement.settlement_procurement|procurement_svc_08.procurement.tax_procurement,10,0,applications/backend/services/procurement/procurement-08,/api/v1/procurement/08,domain-procurement,procurement-08,DOMAIN_POLICY_PENDING,PLANNED
309,11,procurement,procurement-platform,svc-0109,procurement-09,team-011,10,pg-cluster-281|pg-cluster-282|pg-cluster-283|pg-cluster-284|pg-cluster-285|pg-cluster-286|pg-cluster-287|pg-cluster-288|pg-cluster-289|pg-cluster-290,procurement_svc_09,procurement,10,procurement_svc_09.procurement.bin_procurement|procurement_svc_09.procurement.package_procurement|procurement_svc_09.procurement.refund_procurement|procurement_svc_09.procurement.return_procurement|procurement_svc_09.procurement.route_procurement|procurement_svc_09.procurement.shipment_procurement|procurement_svc_09.procurement.stock_procurement|procurement_svc_09.procurement.stop_procurement|procurement_svc_09.procurement.tracking_procurement|procurement_svc_09.procurement.warehouse_procurement,10,0,applications/backend/services/procurement/procurement-09,/api/v1/procurement/09,domain-procurement,procurement-09,DOMAIN_POLICY_PENDING,PLANNED
310,11,procurement,procurement-platform,svc-0110,procurement-10,team-011,10,pg-cluster-291|pg-cluster-292|pg-cluster-293|pg-cluster-294|pg-cluster-295|pg-cluster-296|pg-cluster-297|pg-cluster-298|pg-cluster-299|pg-cluster-300,procurement_svc_10,procurement,10,procurement_svc_10.procurement.consent_procurement|procurement_svc_10.procurement.device_procurement|procurement_svc_10.procurement.feedback_procurement|procurement_svc_10.procurement.location_procurement|procurement_svc_10.procurement.owner_procurement|procurement_svc_10.procurement.permission_procurement|procurement_svc_10.procurement.rating_procurement|procurement_svc_10.procurement.review_procurement|procurement_svc_10.procurement.role_procurement|procurement_svc_10.procurement.token_procurement,10,0,applications/backend/services/procurement/procurement-10,/api/v1/procurement/10,domain-procurement,procurement-10,DOMAIN_POLICY_PENDING,PLANNED
311,12,cart,cart-platform,svc-0111,cart-01,team-012,10,pg-cluster-301|pg-cluster-302|pg-cluster-303|pg-cluster-304|pg-cluster-305|pg-cluster-306|pg-cluster-307|pg-cluster-308|pg-cluster-309|pg-cluster-310,cart_svc_01,cart,10,cart_svc_01.cart.account_cart|cart_svc_01.cart.address_cart|cart_svc_01.cart.event_cart|cart_svc_01.cart.history_cart|cart_svc_01.cart.mapping_cart|cart_svc_01.cart.preference_cart|cart_svc_01.cart.profile_cart|cart_svc_01.cart.rule_cart|cart_svc_01.cart.session_cart|cart_svc_01.cart.status_cart,10,0,applications/backend/services/cart/cart-01,/api/v1/cart/01,domain-cart,cart-01,DOMAIN_POLICY_PENDING,PLANNED
312,12,cart,cart-platform,svc-0112,cart-02,team-012,10,pg-cluster-311|pg-cluster-312|pg-cluster-313|pg-cluster-314|pg-cluster-315|pg-cluster-316|pg-cluster-317|pg-cluster-318|pg-cluster-319|pg-cluster-320,cart_svc_02,cart,10,cart_svc_02.cart.allocation_cart|cart_svc_02.cart.attempt_cart|cart_svc_02.cart.detail_cart|cart_svc_02.cart.item_cart|cart_svc_02.cart.movement_cart|cart_svc_02.cart.request_cart|cart_svc_02.cart.reservation_cart|cart_svc_02.cart.response_cart|cart_svc_02.cart.snapshot_cart|cart_svc_02.cart.transaction_cart,10,0,applications/backend/services/cart/cart-02,/api/v1/cart/02,domain-cart,cart-02,DOMAIN_POLICY_PENDING,PLANNED
313,12,cart,cart-platform,svc-0113,cart-03,team-012,10,pg-cluster-321|pg-cluster-322|pg-cluster-323|pg-cluster-324|pg-cluster-325|pg-cluster-326|pg-cluster-327|pg-cluster-328|pg-cluster-329|pg-cluster-330,cart_svc_03,cart,10,cart_svc_03.cart.adjustment_cart|cart_svc_03.cart.campaign_cart|cart_svc_03.cart.configuration_cart|cart_svc_03.cart.document_cart|cart_svc_03.cart.metric_cart|cart_svc_03.cart.offer_cart|cart_svc_03.cart.policy_cart|cart_svc_03.cart.redemption_cart|cart_svc_03.cart.score_cart|cart_svc_03.cart.segment_cart,10,0,applications/backend/services/cart/cart-03,/api/v1/cart/03,domain-cart,cart-03,DOMAIN_POLICY_PENDING,PLANNED
314,12,cart,cart-platform,svc-0114,cart-04,team-012,10,pg-cluster-331|pg-cluster-332|pg-cluster-333|pg-cluster-334|pg-cluster-335|pg-cluster-336|pg-cluster-337|pg-cluster-338|pg-cluster-339|pg-cluster-340,cart_svc_04,cart,10,cart_svc_04.cart.balance_cart|cart_svc_04.cart.batch_cart|cart_svc_04.cart.checkpoint_cart|cart_svc_04.cart.exception_cart|cart_svc_04.cart.invoice_cart|cart_svc_04.cart.job_cart|cart_svc_04.cart.ledger_cart|cart_svc_04.cart.line_cart|cart_svc_04.cart.run_cart|cart_svc_04.cart.task_cart,10,0,applications/backend/services/cart/cart-04,/api/v1/cart/04,domain-cart,cart-04,DOMAIN_POLICY_PENDING,PLANNED
315,12,cart,cart-platform,svc-0115,cart-05,team-012,10,pg-cluster-341|pg-cluster-342|pg-cluster-343|pg-cluster-344|pg-cluster-345|pg-cluster-346|pg-cluster-347|pg-cluster-348|pg-cluster-349|pg-cluster-350,cart_svc_05,cart,10,cart_svc_05.cart.alert_cart|cart_svc_05.cart.approval_cart|cart_svc_05.cart.assignment_cart|cart_svc_05.cart.availability_cart|cart_svc_05.cart.capacity_cart|cart_svc_05.cart.case_cart|cart_svc_05.cart.decision_cart|cart_svc_05.cart.forecast_cart|cart_svc_05.cart.schedule_cart|cart_svc_05.cart.workflow_cart,10,0,applications/backend/services/cart/cart-05,/api/v1/cart/05,domain-cart,cart-05,DOMAIN_POLICY_PENDING,PLANNED
316,12,cart,cart-platform,svc-0116,cart-06,team-012,10,pg-cluster-351|pg-cluster-352|pg-cluster-353|pg-cluster-354|pg-cluster-355|pg-cluster-356|pg-cluster-357|pg-cluster-358|pg-cluster-359|pg-cluster-360,cart_svc_06,cart,10,cart_svc_06.cart.attribute_cart|cart_svc_06.cart.category_cart|cart_svc_06.cart.collection_cart|cart_svc_06.cart.media_cart|cart_svc_06.cart.plan_cart|cart_svc_06.cart.ranking_cart|cart_svc_06.cart.relationship_cart|cart_svc_06.cart.target_cart|cart_svc_06.cart.threshold_cart|cart_svc_06.cart.variant_cart,10,0,applications/backend/services/cart/cart-06,/api/v1/cart/06,domain-cart,cart-06,DOMAIN_POLICY_PENDING,PLANNED
317,12,cart,cart-platform,svc-0117,cart-07,team-012,10,pg-cluster-361|pg-cluster-362|pg-cluster-363|pg-cluster-364|pg-cluster-365|pg-cluster-366|pg-cluster-367|pg-cluster-368|pg-cluster-369|pg-cluster-370,cart_svc_07,cart,10,cart_svc_07.cart.attribution_cart|cart_svc_07.cart.channel_cart|cart_svc_07.cart.click_cart|cart_svc_07.cart.conversion_cart|cart_svc_07.cart.delivery_cart|cart_svc_07.cart.impression_cart|cart_svc_07.cart.message_cart|cart_svc_07.cart.query_cart|cart_svc_07.cart.result_cart|cart_svc_07.cart.template_cart,10,0,applications/backend/services/cart/cart-07,/api/v1/cart/07,domain-cart,cart-07,DOMAIN_POLICY_PENDING,PLANNED
318,12,cart,cart-platform,svc-0118,cart-08,team-012,10,pg-cluster-371|pg-cluster-372|pg-cluster-373|pg-cluster-374|pg-cluster-375|pg-cluster-376|pg-cluster-377|pg-cluster-378|pg-cluster-379|pg-cluster-380,cart_svc_08,cart,10,cart_svc_08.cart.contract_cart|cart_svc_08.cart.fee_cart|cart_svc_08.cart.partner_cart|cart_svc_08.cart.payout_cart|cart_svc_08.cart.price_cart|cart_svc_08.cart.provider_cart|cart_svc_08.cart.rate_cart|cart_svc_08.cart.reconciliation_cart|cart_svc_08.cart.settlement_cart|cart_svc_08.cart.tax_cart,10,0,applications/backend/services/cart/cart-08,/api/v1/cart/08,domain-cart,cart-08,DOMAIN_POLICY_PENDING,PLANNED
319,12,cart,cart-platform,svc-0119,cart-09,team-012,10,pg-cluster-381|pg-cluster-382|pg-cluster-383|pg-cluster-384|pg-cluster-385|pg-cluster-386|pg-cluster-387|pg-cluster-388|pg-cluster-389|pg-cluster-390,cart_svc_09,cart,10,cart_svc_09.cart.bin_cart|cart_svc_09.cart.package_cart|cart_svc_09.cart.refund_cart|cart_svc_09.cart.return_cart|cart_svc_09.cart.route_cart|cart_svc_09.cart.shipment_cart|cart_svc_09.cart.stock_cart|cart_svc_09.cart.stop_cart|cart_svc_09.cart.tracking_cart|cart_svc_09.cart.warehouse_cart,10,0,applications/backend/services/cart/cart-09,/api/v1/cart/09,domain-cart,cart-09,DOMAIN_POLICY_PENDING,PLANNED
320,12,cart,cart-platform,svc-0120,cart-10,team-012,10,pg-cluster-391|pg-cluster-392|pg-cluster-393|pg-cluster-394|pg-cluster-395|pg-cluster-396|pg-cluster-397|pg-cluster-398|pg-cluster-399|pg-cluster-400,cart_svc_10,cart,10,cart_svc_10.cart.consent_cart|cart_svc_10.cart.device_cart|cart_svc_10.cart.feedback_cart|cart_svc_10.cart.location_cart|cart_svc_10.cart.owner_cart|cart_svc_10.cart.permission_cart|cart_svc_10.cart.rating_cart|cart_svc_10.cart.review_cart|cart_svc_10.cart.role_cart|cart_svc_10.cart.token_cart,10,0,applications/backend/services/cart/cart-10,/api/v1/cart/10,domain-cart,cart-10,DOMAIN_POLICY_PENDING,PLANNED
321,13,checkout,checkout-platform,svc-0121,checkout-01,team-013,10,pg-cluster-401|pg-cluster-402|pg-cluster-403|pg-cluster-404|pg-cluster-405|pg-cluster-406|pg-cluster-407|pg-cluster-408|pg-cluster-409|pg-cluster-410,checkout_svc_01,checkout,10,checkout_svc_01.checkout.account_checkout|checkout_svc_01.checkout.address_checkout|checkout_svc_01.checkout.event_checkout|checkout_svc_01.checkout.history_checkout|checkout_svc_01.checkout.mapping_checkout|checkout_svc_01.checkout.preference_checkout|checkout_svc_01.checkout.profile_checkout|checkout_svc_01.checkout.rule_checkout|checkout_svc_01.checkout.session_checkout|checkout_svc_01.checkout.status_checkout,10,0,applications/backend/services/checkout/checkout-01,/api/v1/checkout/01,domain-checkout,checkout-01,DOMAIN_POLICY_PENDING,PLANNED
322,13,checkout,checkout-platform,svc-0122,checkout-02,team-013,10,pg-cluster-411|pg-cluster-412|pg-cluster-413|pg-cluster-414|pg-cluster-415|pg-cluster-416|pg-cluster-417|pg-cluster-418|pg-cluster-419|pg-cluster-420,checkout_svc_02,checkout,10,checkout_svc_02.checkout.allocation_checkout|checkout_svc_02.checkout.attempt_checkout|checkout_svc_02.checkout.detail_checkout|checkout_svc_02.checkout.item_checkout|checkout_svc_02.checkout.movement_checkout|checkout_svc_02.checkout.request_checkout|checkout_svc_02.checkout.reservation_checkout|checkout_svc_02.checkout.response_checkout|checkout_svc_02.checkout.snapshot_checkout|checkout_svc_02.checkout.transaction_checkout,10,0,applications/backend/services/checkout/checkout-02,/api/v1/checkout/02,domain-checkout,checkout-02,DOMAIN_POLICY_PENDING,PLANNED
323,13,checkout,checkout-platform,svc-0123,checkout-03,team-013,10,pg-cluster-421|pg-cluster-422|pg-cluster-423|pg-cluster-424|pg-cluster-425|pg-cluster-426|pg-cluster-427|pg-cluster-428|pg-cluster-429|pg-cluster-430,checkout_svc_03,checkout,10,checkout_svc_03.checkout.adjustment_checkout|checkout_svc_03.checkout.campaign_checkout|checkout_svc_03.checkout.configuration_checkout|checkout_svc_03.checkout.document_checkout|checkout_svc_03.checkout.metric_checkout|checkout_svc_03.checkout.offer_checkout|checkout_svc_03.checkout.policy_checkout|checkout_svc_03.checkout.redemption_checkout|checkout_svc_03.checkout.score_checkout|checkout_svc_03.checkout.segment_checkout,10,0,applications/backend/services/checkout/checkout-03,/api/v1/checkout/03,domain-checkout,checkout-03,DOMAIN_POLICY_PENDING,PLANNED
324,13,checkout,checkout-platform,svc-0124,checkout-04,team-013,10,pg-cluster-431|pg-cluster-432|pg-cluster-433|pg-cluster-434|pg-cluster-435|pg-cluster-436|pg-cluster-437|pg-cluster-438|pg-cluster-439|pg-cluster-440,checkout_svc_04,checkout,10,checkout_svc_04.checkout.balance_checkout|checkout_svc_04.checkout.batch_checkout|checkout_svc_04.checkout.checkpoint_checkout|checkout_svc_04.checkout.exception_checkout|checkout_svc_04.checkout.invoice_checkout|checkout_svc_04.checkout.job_checkout|checkout_svc_04.checkout.ledger_checkout|checkout_svc_04.checkout.line_checkout|checkout_svc_04.checkout.run_checkout|checkout_svc_04.checkout.task_checkout,10,0,applications/backend/services/checkout/checkout-04,/api/v1/checkout/04,domain-checkout,checkout-04,DOMAIN_POLICY_PENDING,PLANNED
325,13,checkout,checkout-platform,svc-0125,checkout-05,team-013,10,pg-cluster-441|pg-cluster-442|pg-cluster-443|pg-cluster-444|pg-cluster-445|pg-cluster-446|pg-cluster-447|pg-cluster-448|pg-cluster-449|pg-cluster-450,checkout_svc_05,checkout,10,checkout_svc_05.checkout.alert_checkout|checkout_svc_05.checkout.approval_checkout|checkout_svc_05.checkout.assignment_checkout|checkout_svc_05.checkout.availability_checkout|checkout_svc_05.checkout.capacity_checkout|checkout_svc_05.checkout.case_checkout|checkout_svc_05.checkout.decision_checkout|checkout_svc_05.checkout.forecast_checkout|checkout_svc_05.checkout.schedule_checkout|checkout_svc_05.checkout.workflow_checkout,10,0,applications/backend/services/checkout/checkout-05,/api/v1/checkout/05,domain-checkout,checkout-05,DOMAIN_POLICY_PENDING,PLANNED
326,13,checkout,checkout-platform,svc-0126,checkout-06,team-013,10,pg-cluster-451|pg-cluster-452|pg-cluster-453|pg-cluster-454|pg-cluster-455|pg-cluster-456|pg-cluster-457|pg-cluster-458|pg-cluster-459|pg-cluster-460,checkout_svc_06,checkout,10,checkout_svc_06.checkout.attribute_checkout|checkout_svc_06.checkout.category_checkout|checkout_svc_06.checkout.collection_checkout|checkout_svc_06.checkout.media_checkout|checkout_svc_06.checkout.plan_checkout|checkout_svc_06.checkout.ranking_checkout|checkout_svc_06.checkout.relationship_checkout|checkout_svc_06.checkout.target_checkout|checkout_svc_06.checkout.threshold_checkout|checkout_svc_06.checkout.variant_checkout,10,0,applications/backend/services/checkout/checkout-06,/api/v1/checkout/06,domain-checkout,checkout-06,DOMAIN_POLICY_PENDING,PLANNED
327,13,checkout,checkout-platform,svc-0127,checkout-07,team-013,10,pg-cluster-461|pg-cluster-462|pg-cluster-463|pg-cluster-464|pg-cluster-465|pg-cluster-466|pg-cluster-467|pg-cluster-468|pg-cluster-469|pg-cluster-470,checkout_svc_07,checkout,10,checkout_svc_07.checkout.attribution_checkout|checkout_svc_07.checkout.channel_checkout|checkout_svc_07.checkout.click_checkout|checkout_svc_07.checkout.conversion_checkout|checkout_svc_07.checkout.delivery_checkout|checkout_svc_07.checkout.impression_checkout|checkout_svc_07.checkout.message_checkout|checkout_svc_07.checkout.query_checkout|checkout_svc_07.checkout.result_checkout|checkout_svc_07.checkout.template_checkout,10,0,applications/backend/services/checkout/checkout-07,/api/v1/checkout/07,domain-checkout,checkout-07,DOMAIN_POLICY_PENDING,PLANNED
328,13,checkout,checkout-platform,svc-0128,checkout-08,team-013,10,pg-cluster-471|pg-cluster-472|pg-cluster-473|pg-cluster-474|pg-cluster-475|pg-cluster-476|pg-cluster-477|pg-cluster-478|pg-cluster-479|pg-cluster-480,checkout_svc_08,checkout,10,checkout_svc_08.checkout.contract_checkout|checkout_svc_08.checkout.fee_checkout|checkout_svc_08.checkout.partner_checkout|checkout_svc_08.checkout.payout_checkout|checkout_svc_08.checkout.price_checkout|checkout_svc_08.checkout.provider_checkout|checkout_svc_08.checkout.rate_checkout|checkout_svc_08.checkout.reconciliation_checkout|checkout_svc_08.checkout.settlement_checkout|checkout_svc_08.checkout.tax_checkout,10,0,applications/backend/services/checkout/checkout-08,/api/v1/checkout/08,domain-checkout,checkout-08,DOMAIN_POLICY_PENDING,PLANNED
329,13,checkout,checkout-platform,svc-0129,checkout-09,team-013,10,pg-cluster-481|pg-cluster-482|pg-cluster-483|pg-cluster-484|pg-cluster-485|pg-cluster-486|pg-cluster-487|pg-cluster-488|pg-cluster-489|pg-cluster-490,checkout_svc_09,checkout,10,checkout_svc_09.checkout.bin_checkout|checkout_svc_09.checkout.package_checkout|checkout_svc_09.checkout.refund_checkout|checkout_svc_09.checkout.return_checkout|checkout_svc_09.checkout.route_checkout|checkout_svc_09.checkout.shipment_checkout|checkout_svc_09.checkout.stock_checkout|checkout_svc_09.checkout.stop_checkout|checkout_svc_09.checkout.tracking_checkout|checkout_svc_09.checkout.warehouse_checkout,10,0,applications/backend/services/checkout/checkout-09,/api/v1/checkout/09,domain-checkout,checkout-09,DOMAIN_POLICY_PENDING,PLANNED
330,13,checkout,checkout-platform,svc-0130,checkout-10,team-013,10,pg-cluster-491|pg-cluster-492|pg-cluster-493|pg-cluster-494|pg-cluster-495|pg-cluster-496|pg-cluster-497|pg-cluster-498|pg-cluster-499|pg-cluster-500,checkout_svc_10,checkout,10,checkout_svc_10.checkout.consent_checkout|checkout_svc_10.checkout.device_checkout|checkout_svc_10.checkout.feedback_checkout|checkout_svc_10.checkout.location_checkout|checkout_svc_10.checkout.owner_checkout|checkout_svc_10.checkout.permission_checkout|checkout_svc_10.checkout.rating_checkout|checkout_svc_10.checkout.review_checkout|checkout_svc_10.checkout.role_checkout|checkout_svc_10.checkout.token_checkout,10,0,applications/backend/services/checkout/checkout-10,/api/v1/checkout/10,domain-checkout,checkout-10,DOMAIN_POLICY_PENDING,PLANNED
331,14,order,order-platform,svc-0131,order-01,team-014,10,pg-cluster-501|pg-cluster-502|pg-cluster-503|pg-cluster-504|pg-cluster-505|pg-cluster-506|pg-cluster-507|pg-cluster-508|pg-cluster-509|pg-cluster-510,order_svc_01,order,10,order_svc_01.order.account_order|order_svc_01.order.address_order|order_svc_01.order.event_order|order_svc_01.order.history_order|order_svc_01.order.mapping_order|order_svc_01.order.preference_order|order_svc_01.order.profile_order|order_svc_01.order.rule_order|order_svc_01.order.session_order|order_svc_01.order.status_order,10,0,applications/backend/services/order/order-01,/api/v1/order/01,domain-order,order-01,DOMAIN_POLICY_PENDING,PLANNED
332,14,order,order-platform,svc-0132,order-02,team-014,10,pg-cluster-511|pg-cluster-512|pg-cluster-513|pg-cluster-514|pg-cluster-515|pg-cluster-516|pg-cluster-517|pg-cluster-518|pg-cluster-519|pg-cluster-520,order_svc_02,order,10,order_svc_02.order.allocation_order|order_svc_02.order.attempt_order|order_svc_02.order.detail_order|order_svc_02.order.item_order|order_svc_02.order.movement_order|order_svc_02.order.request_order|order_svc_02.order.reservation_order|order_svc_02.order.response_order|order_svc_02.order.snapshot_order|order_svc_02.order.transaction_order,10,0,applications/backend/services/order/order-02,/api/v1/order/02,domain-order,order-02,DOMAIN_POLICY_PENDING,PLANNED
333,14,order,order-platform,svc-0133,order-03,team-014,10,pg-cluster-521|pg-cluster-522|pg-cluster-523|pg-cluster-524|pg-cluster-525|pg-cluster-526|pg-cluster-527|pg-cluster-528|pg-cluster-529|pg-cluster-530,order_svc_03,order,10,order_svc_03.order.adjustment_order|order_svc_03.order.campaign_order|order_svc_03.order.configuration_order|order_svc_03.order.document_order|order_svc_03.order.metric_order|order_svc_03.order.offer_order|order_svc_03.order.policy_order|order_svc_03.order.redemption_order|order_svc_03.order.score_order|order_svc_03.order.segment_order,10,0,applications/backend/services/order/order-03,/api/v1/order/03,domain-order,order-03,DOMAIN_POLICY_PENDING,PLANNED
334,14,order,order-platform,svc-0134,order-04,team-014,10,pg-cluster-531|pg-cluster-532|pg-cluster-533|pg-cluster-534|pg-cluster-535|pg-cluster-536|pg-cluster-537|pg-cluster-538|pg-cluster-539|pg-cluster-540,order_svc_04,order,10,order_svc_04.order.balance_order|order_svc_04.order.batch_order|order_svc_04.order.checkpoint_order|order_svc_04.order.exception_order|order_svc_04.order.invoice_order|order_svc_04.order.job_order|order_svc_04.order.ledger_order|order_svc_04.order.line_order|order_svc_04.order.run_order|order_svc_04.order.task_order,10,0,applications/backend/services/order/order-04,/api/v1/order/04,domain-order,order-04,DOMAIN_POLICY_PENDING,PLANNED
335,14,order,order-platform,svc-0135,order-05,team-014,10,pg-cluster-541|pg-cluster-542|pg-cluster-543|pg-cluster-544|pg-cluster-545|pg-cluster-546|pg-cluster-547|pg-cluster-548|pg-cluster-549|pg-cluster-550,order_svc_05,order,10,order_svc_05.order.alert_order|order_svc_05.order.approval_order|order_svc_05.order.assignment_order|order_svc_05.order.availability_order|order_svc_05.order.capacity_order|order_svc_05.order.case_order|order_svc_05.order.decision_order|order_svc_05.order.forecast_order|order_svc_05.order.schedule_order|order_svc_05.order.workflow_order,10,0,applications/backend/services/order/order-05,/api/v1/order/05,domain-order,order-05,DOMAIN_POLICY_PENDING,PLANNED
336,14,order,order-platform,svc-0136,order-06,team-014,10,pg-cluster-551|pg-cluster-552|pg-cluster-553|pg-cluster-554|pg-cluster-555|pg-cluster-556|pg-cluster-557|pg-cluster-558|pg-cluster-559|pg-cluster-560,order_svc_06,order,10,order_svc_06.order.attribute_order|order_svc_06.order.category_order|order_svc_06.order.collection_order|order_svc_06.order.media_order|order_svc_06.order.plan_order|order_svc_06.order.ranking_order|order_svc_06.order.relationship_order|order_svc_06.order.target_order|order_svc_06.order.threshold_order|order_svc_06.order.variant_order,10,0,applications/backend/services/order/order-06,/api/v1/order/06,domain-order,order-06,DOMAIN_POLICY_PENDING,PLANNED
337,14,order,order-platform,svc-0137,order-07,team-014,10,pg-cluster-561|pg-cluster-562|pg-cluster-563|pg-cluster-564|pg-cluster-565|pg-cluster-566|pg-cluster-567|pg-cluster-568|pg-cluster-569|pg-cluster-570,order_svc_07,order,10,order_svc_07.order.attribution_order|order_svc_07.order.channel_order|order_svc_07.order.click_order|order_svc_07.order.conversion_order|order_svc_07.order.delivery_order|order_svc_07.order.impression_order|order_svc_07.order.message_order|order_svc_07.order.query_order|order_svc_07.order.result_order|order_svc_07.order.template_order,10,0,applications/backend/services/order/order-07,/api/v1/order/07,domain-order,order-07,DOMAIN_POLICY_PENDING,PLANNED
338,14,order,order-platform,svc-0138,order-08,team-014,10,pg-cluster-571|pg-cluster-572|pg-cluster-573|pg-cluster-574|pg-cluster-575|pg-cluster-576|pg-cluster-577|pg-cluster-578|pg-cluster-579|pg-cluster-580,order_svc_08,order,10,order_svc_08.order.contract_order|order_svc_08.order.fee_order|order_svc_08.order.partner_order|order_svc_08.order.payout_order|order_svc_08.order.price_order|order_svc_08.order.provider_order|order_svc_08.order.rate_order|order_svc_08.order.reconciliation_order|order_svc_08.order.settlement_order|order_svc_08.order.tax_order,10,0,applications/backend/services/order/order-08,/api/v1/order/08,domain-order,order-08,DOMAIN_POLICY_PENDING,PLANNED
339,14,order,order-platform,svc-0139,order-09,team-014,10,pg-cluster-581|pg-cluster-582|pg-cluster-583|pg-cluster-584|pg-cluster-585|pg-cluster-586|pg-cluster-587|pg-cluster-588|pg-cluster-589|pg-cluster-590,order_svc_09,order,10,order_svc_09.order.bin_order|order_svc_09.order.package_order|order_svc_09.order.refund_order|order_svc_09.order.return_order|order_svc_09.order.route_order|order_svc_09.order.shipment_order|order_svc_09.order.stock_order|order_svc_09.order.stop_order|order_svc_09.order.tracking_order|order_svc_09.order.warehouse_order,10,0,applications/backend/services/order/order-09,/api/v1/order/09,domain-order,order-09,DOMAIN_POLICY_PENDING,PLANNED
340,14,order,order-platform,svc-0140,order-10,team-014,10,pg-cluster-591|pg-cluster-592|pg-cluster-593|pg-cluster-594|pg-cluster-595|pg-cluster-596|pg-cluster-597|pg-cluster-598|pg-cluster-599|pg-cluster-600,order_svc_10,order,10,order_svc_10.order.consent_order|order_svc_10.order.device_order|order_svc_10.order.feedback_order|order_svc_10.order.location_order|order_svc_10.order.owner_order|order_svc_10.order.permission_order|order_svc_10.order.rating_order|order_svc_10.order.review_order|order_svc_10.order.role_order|order_svc_10.order.token_order,10,0,applications/backend/services/order/order-10,/api/v1/order/10,domain-order,order-10,DOMAIN_POLICY_PENDING,PLANNED
341,15,payment,payment-platform,svc-0141,payment-01,team-015,10,pg-cluster-601|pg-cluster-602|pg-cluster-603|pg-cluster-604|pg-cluster-605|pg-cluster-606|pg-cluster-607|pg-cluster-608|pg-cluster-609|pg-cluster-610,payment_svc_01,payment,10,payment_svc_01.payment.account_payment|payment_svc_01.payment.address_payment|payment_svc_01.payment.event_payment|payment_svc_01.payment.history_payment|payment_svc_01.payment.mapping_payment|payment_svc_01.payment.preference_payment|payment_svc_01.payment.profile_payment|payment_svc_01.payment.rule_payment|payment_svc_01.payment.session_payment|payment_svc_01.payment.status_payment,7,3,applications/backend/services/payment/payment-01,/api/v1/payment/01,domain-payment,payment-01,DOMAIN_POLICY_PENDING,PLANNED
342,15,payment,payment-platform,svc-0142,payment-02,team-015,10,pg-cluster-611|pg-cluster-612|pg-cluster-613|pg-cluster-614|pg-cluster-615|pg-cluster-616|pg-cluster-617|pg-cluster-618|pg-cluster-619|pg-cluster-620,payment_svc_02,payment,10,payment_svc_02.payment.allocation_payment|payment_svc_02.payment.attempt_payment|payment_svc_02.payment.detail_payment|payment_svc_02.payment.item_payment|payment_svc_02.payment.movement_payment|payment_svc_02.payment.request_payment|payment_svc_02.payment.reservation_payment|payment_svc_02.payment.response_payment|payment_svc_02.payment.snapshot_payment|payment_svc_02.payment.transaction_payment,7,3,applications/backend/services/payment/payment-02,/api/v1/payment/02,domain-payment,payment-02,DOMAIN_POLICY_PENDING,PLANNED
343,15,payment,payment-platform,svc-0143,payment-03,team-015,10,pg-cluster-621|pg-cluster-622|pg-cluster-623|pg-cluster-624|pg-cluster-625|pg-cluster-626|pg-cluster-627|pg-cluster-628|pg-cluster-629|pg-cluster-630,payment_svc_03,payment,10,payment_svc_03.payment.adjustment_payment|payment_svc_03.payment.campaign_payment|payment_svc_03.payment.configuration_payment|payment_svc_03.payment.document_payment|payment_svc_03.payment.metric_payment|payment_svc_03.payment.offer_payment|payment_svc_03.payment.policy_payment|payment_svc_03.payment.redemption_payment|payment_svc_03.payment.score_payment|payment_svc_03.payment.segment_payment,6,4,applications/backend/services/payment/payment-03,/api/v1/payment/03,domain-payment,payment-03,DOMAIN_POLICY_PENDING,PLANNED
344,15,payment,payment-platform,svc-0144,payment-04,team-015,10,pg-cluster-631|pg-cluster-632|pg-cluster-633|pg-cluster-634|pg-cluster-635|pg-cluster-636|pg-cluster-637|pg-cluster-638|pg-cluster-639|pg-cluster-640,payment_svc_04,payment,10,payment_svc_04.payment.balance_payment|payment_svc_04.payment.batch_payment|payment_svc_04.payment.checkpoint_payment|payment_svc_04.payment.exception_payment|payment_svc_04.payment.invoice_payment|payment_svc_04.payment.job_payment|payment_svc_04.payment.ledger_payment|payment_svc_04.payment.line_payment|payment_svc_04.payment.run_payment|payment_svc_04.payment.task_payment,7,3,applications/backend/services/payment/payment-04,/api/v1/payment/04,domain-payment,payment-04,DOMAIN_POLICY_PENDING,PLANNED
345,15,payment,payment-platform,svc-0145,payment-05,team-015,10,pg-cluster-641|pg-cluster-642|pg-cluster-643|pg-cluster-644|pg-cluster-645|pg-cluster-646|pg-cluster-647|pg-cluster-648|pg-cluster-649|pg-cluster-650,payment_svc_05,payment,10,payment_svc_05.payment.alert_payment|payment_svc_05.payment.approval_payment|payment_svc_05.payment.assignment_payment|payment_svc_05.payment.availability_payment|payment_svc_05.payment.capacity_payment|payment_svc_05.payment.case_payment|payment_svc_05.payment.decision_payment|payment_svc_05.payment.forecast_payment|payment_svc_05.payment.schedule_payment|payment_svc_05.payment.workflow_payment,7,3,applications/backend/services/payment/payment-05,/api/v1/payment/05,domain-payment,payment-05,DOMAIN_POLICY_PENDING,PLANNED
346,15,payment,payment-platform,svc-0146,payment-06,team-015,10,pg-cluster-651|pg-cluster-652|pg-cluster-653|pg-cluster-654|pg-cluster-655|pg-cluster-656|pg-cluster-657|pg-cluster-658|pg-cluster-659|pg-cluster-660,payment_svc_06,payment,10,payment_svc_06.payment.attribute_payment|payment_svc_06.payment.category_payment|payment_svc_06.payment.collection_payment|payment_svc_06.payment.media_payment|payment_svc_06.payment.plan_payment|payment_svc_06.payment.ranking_payment|payment_svc_06.payment.relationship_payment|payment_svc_06.payment.target_payment|payment_svc_06.payment.threshold_payment|payment_svc_06.payment.variant_payment,6,4,applications/backend/services/payment/payment-06,/api/v1/payment/06,domain-payment,payment-06,DOMAIN_POLICY_PENDING,PLANNED
347,15,payment,payment-platform,svc-0147,payment-07,team-015,10,pg-cluster-661|pg-cluster-662|pg-cluster-663|pg-cluster-664|pg-cluster-665|pg-cluster-666|pg-cluster-667|pg-cluster-668|pg-cluster-669|pg-cluster-670,payment_svc_07,payment,10,payment_svc_07.payment.attribution_payment|payment_svc_07.payment.channel_payment|payment_svc_07.payment.click_payment|payment_svc_07.payment.conversion_payment|payment_svc_07.payment.delivery_payment|payment_svc_07.payment.impression_payment|payment_svc_07.payment.message_payment|payment_svc_07.payment.query_payment|payment_svc_07.payment.result_payment|payment_svc_07.payment.template_payment,7,3,applications/backend/services/payment/payment-07,/api/v1/payment/07,domain-payment,payment-07,DOMAIN_POLICY_PENDING,PLANNED
348,15,payment,payment-platform,svc-0148,payment-08,team-015,10,pg-cluster-671|pg-cluster-672|pg-cluster-673|pg-cluster-674|pg-cluster-675|pg-cluster-676|pg-cluster-677|pg-cluster-678|pg-cluster-679|pg-cluster-680,payment_svc_08,payment,10,payment_svc_08.payment.contract_payment|payment_svc_08.payment.fee_payment|payment_svc_08.payment.partner_payment|payment_svc_08.payment.payout_payment|payment_svc_08.payment.price_payment|payment_svc_08.payment.provider_payment|payment_svc_08.payment.rate_payment|payment_svc_08.payment.reconciliation_payment|payment_svc_08.payment.settlement_payment|payment_svc_08.payment.tax_payment,7,3,applications/backend/services/payment/payment-08,/api/v1/payment/08,domain-payment,payment-08,DOMAIN_POLICY_PENDING,PLANNED
349,15,payment,payment-platform,svc-0149,payment-09,team-015,10,pg-cluster-681|pg-cluster-682|pg-cluster-683|pg-cluster-684|pg-cluster-685|pg-cluster-686|pg-cluster-687|pg-cluster-688|pg-cluster-689|pg-cluster-690,payment_svc_09,payment,10,payment_svc_09.payment.bin_payment|payment_svc_09.payment.package_payment|payment_svc_09.payment.refund_payment|payment_svc_09.payment.return_payment|payment_svc_09.payment.route_payment|payment_svc_09.payment.shipment_payment|payment_svc_09.payment.stock_payment|payment_svc_09.payment.stop_payment|payment_svc_09.payment.tracking_payment|payment_svc_09.payment.warehouse_payment,6,4,applications/backend/services/payment/payment-09,/api/v1/payment/09,domain-payment,payment-09,DOMAIN_POLICY_PENDING,PLANNED
350,15,payment,payment-platform,svc-0150,payment-10,team-015,10,pg-cluster-691|pg-cluster-692|pg-cluster-693|pg-cluster-694|pg-cluster-695|pg-cluster-696|pg-cluster-697|pg-cluster-698|pg-cluster-699|pg-cluster-700,payment_svc_10,payment,10,payment_svc_10.payment.consent_payment|payment_svc_10.payment.device_payment|payment_svc_10.payment.feedback_payment|payment_svc_10.payment.location_payment|payment_svc_10.payment.owner_payment|payment_svc_10.payment.permission_payment|payment_svc_10.payment.rating_payment|payment_svc_10.payment.review_payment|payment_svc_10.payment.role_payment|payment_svc_10.payment.token_payment,7,3,applications/backend/services/payment/payment-10,/api/v1/payment/10,domain-payment,payment-10,DOMAIN_POLICY_PENDING,PLANNED
351,16,fraud,fraud-platform,svc-0151,fraud-01,team-016,10,pg-cluster-701|pg-cluster-702|pg-cluster-703|pg-cluster-704|pg-cluster-705|pg-cluster-706|pg-cluster-707|pg-cluster-708|pg-cluster-709|pg-cluster-710,fraud_svc_01,fraud,10,fraud_svc_01.fraud.account_fraud|fraud_svc_01.fraud.address_fraud|fraud_svc_01.fraud.event_fraud|fraud_svc_01.fraud.history_fraud|fraud_svc_01.fraud.mapping_fraud|fraud_svc_01.fraud.preference_fraud|fraud_svc_01.fraud.profile_fraud|fraud_svc_01.fraud.rule_fraud|fraud_svc_01.fraud.session_fraud|fraud_svc_01.fraud.status_fraud,10,0,applications/backend/services/fraud/fraud-01,/api/v1/fraud/01,domain-fraud,fraud-01,DOMAIN_POLICY_PENDING,PLANNED
352,16,fraud,fraud-platform,svc-0152,fraud-02,team-016,10,pg-cluster-711|pg-cluster-712|pg-cluster-713|pg-cluster-714|pg-cluster-715|pg-cluster-716|pg-cluster-717|pg-cluster-718|pg-cluster-719|pg-cluster-720,fraud_svc_02,fraud,10,fraud_svc_02.fraud.allocation_fraud|fraud_svc_02.fraud.attempt_fraud|fraud_svc_02.fraud.detail_fraud|fraud_svc_02.fraud.item_fraud|fraud_svc_02.fraud.movement_fraud|fraud_svc_02.fraud.request_fraud|fraud_svc_02.fraud.reservation_fraud|fraud_svc_02.fraud.response_fraud|fraud_svc_02.fraud.snapshot_fraud|fraud_svc_02.fraud.transaction_fraud,10,0,applications/backend/services/fraud/fraud-02,/api/v1/fraud/02,domain-fraud,fraud-02,DOMAIN_POLICY_PENDING,PLANNED
353,16,fraud,fraud-platform,svc-0153,fraud-03,team-016,10,pg-cluster-721|pg-cluster-722|pg-cluster-723|pg-cluster-724|pg-cluster-725|pg-cluster-726|pg-cluster-727|pg-cluster-728|pg-cluster-729|pg-cluster-730,fraud_svc_03,fraud,10,fraud_svc_03.fraud.adjustment_fraud|fraud_svc_03.fraud.campaign_fraud|fraud_svc_03.fraud.configuration_fraud|fraud_svc_03.fraud.document_fraud|fraud_svc_03.fraud.metric_fraud|fraud_svc_03.fraud.offer_fraud|fraud_svc_03.fraud.policy_fraud|fraud_svc_03.fraud.redemption_fraud|fraud_svc_03.fraud.score_fraud|fraud_svc_03.fraud.segment_fraud,10,0,applications/backend/services/fraud/fraud-03,/api/v1/fraud/03,domain-fraud,fraud-03,DOMAIN_POLICY_PENDING,PLANNED
354,16,fraud,fraud-platform,svc-0154,fraud-04,team-016,10,pg-cluster-731|pg-cluster-732|pg-cluster-733|pg-cluster-734|pg-cluster-735|pg-cluster-736|pg-cluster-737|pg-cluster-738|pg-cluster-739|pg-cluster-740,fraud_svc_04,fraud,10,fraud_svc_04.fraud.balance_fraud|fraud_svc_04.fraud.batch_fraud|fraud_svc_04.fraud.checkpoint_fraud|fraud_svc_04.fraud.exception_fraud|fraud_svc_04.fraud.invoice_fraud|fraud_svc_04.fraud.job_fraud|fraud_svc_04.fraud.ledger_fraud|fraud_svc_04.fraud.line_fraud|fraud_svc_04.fraud.run_fraud|fraud_svc_04.fraud.task_fraud,10,0,applications/backend/services/fraud/fraud-04,/api/v1/fraud/04,domain-fraud,fraud-04,DOMAIN_POLICY_PENDING,PLANNED
355,16,fraud,fraud-platform,svc-0155,fraud-05,team-016,10,pg-cluster-741|pg-cluster-742|pg-cluster-743|pg-cluster-744|pg-cluster-745|pg-cluster-746|pg-cluster-747|pg-cluster-748|pg-cluster-749|pg-cluster-750,fraud_svc_05,fraud,10,fraud_svc_05.fraud.alert_fraud|fraud_svc_05.fraud.approval_fraud|fraud_svc_05.fraud.assignment_fraud|fraud_svc_05.fraud.availability_fraud|fraud_svc_05.fraud.capacity_fraud|fraud_svc_05.fraud.case_fraud|fraud_svc_05.fraud.decision_fraud|fraud_svc_05.fraud.forecast_fraud|fraud_svc_05.fraud.schedule_fraud|fraud_svc_05.fraud.workflow_fraud,10,0,applications/backend/services/fraud/fraud-05,/api/v1/fraud/05,domain-fraud,fraud-05,DOMAIN_POLICY_PENDING,PLANNED
356,16,fraud,fraud-platform,svc-0156,fraud-06,team-016,10,pg-cluster-751|pg-cluster-752|pg-cluster-753|pg-cluster-754|pg-cluster-755|pg-cluster-756|pg-cluster-757|pg-cluster-758|pg-cluster-759|pg-cluster-760,fraud_svc_06,fraud,10,fraud_svc_06.fraud.attribute_fraud|fraud_svc_06.fraud.category_fraud|fraud_svc_06.fraud.collection_fraud|fraud_svc_06.fraud.media_fraud|fraud_svc_06.fraud.plan_fraud|fraud_svc_06.fraud.ranking_fraud|fraud_svc_06.fraud.relationship_fraud|fraud_svc_06.fraud.target_fraud|fraud_svc_06.fraud.threshold_fraud|fraud_svc_06.fraud.variant_fraud,10,0,applications/backend/services/fraud/fraud-06,/api/v1/fraud/06,domain-fraud,fraud-06,DOMAIN_POLICY_PENDING,PLANNED
357,16,fraud,fraud-platform,svc-0157,fraud-07,team-016,10,pg-cluster-761|pg-cluster-762|pg-cluster-763|pg-cluster-764|pg-cluster-765|pg-cluster-766|pg-cluster-767|pg-cluster-768|pg-cluster-769|pg-cluster-770,fraud_svc_07,fraud,10,fraud_svc_07.fraud.attribution_fraud|fraud_svc_07.fraud.channel_fraud|fraud_svc_07.fraud.click_fraud|fraud_svc_07.fraud.conversion_fraud|fraud_svc_07.fraud.delivery_fraud|fraud_svc_07.fraud.impression_fraud|fraud_svc_07.fraud.message_fraud|fraud_svc_07.fraud.query_fraud|fraud_svc_07.fraud.result_fraud|fraud_svc_07.fraud.template_fraud,10,0,applications/backend/services/fraud/fraud-07,/api/v1/fraud/07,domain-fraud,fraud-07,DOMAIN_POLICY_PENDING,PLANNED
358,16,fraud,fraud-platform,svc-0158,fraud-08,team-016,10,pg-cluster-771|pg-cluster-772|pg-cluster-773|pg-cluster-774|pg-cluster-775|pg-cluster-776|pg-cluster-777|pg-cluster-778|pg-cluster-779|pg-cluster-780,fraud_svc_08,fraud,10,fraud_svc_08.fraud.contract_fraud|fraud_svc_08.fraud.fee_fraud|fraud_svc_08.fraud.partner_fraud|fraud_svc_08.fraud.payout_fraud|fraud_svc_08.fraud.price_fraud|fraud_svc_08.fraud.provider_fraud|fraud_svc_08.fraud.rate_fraud|fraud_svc_08.fraud.reconciliation_fraud|fraud_svc_08.fraud.settlement_fraud|fraud_svc_08.fraud.tax_fraud,10,0,applications/backend/services/fraud/fraud-08,/api/v1/fraud/08,domain-fraud,fraud-08,DOMAIN_POLICY_PENDING,PLANNED
359,16,fraud,fraud-platform,svc-0159,fraud-09,team-016,10,pg-cluster-781|pg-cluster-782|pg-cluster-783|pg-cluster-784|pg-cluster-785|pg-cluster-786|pg-cluster-787|pg-cluster-788|pg-cluster-789|pg-cluster-790,fraud_svc_09,fraud,10,fraud_svc_09.fraud.bin_fraud|fraud_svc_09.fraud.package_fraud|fraud_svc_09.fraud.refund_fraud|fraud_svc_09.fraud.return_fraud|fraud_svc_09.fraud.route_fraud|fraud_svc_09.fraud.shipment_fraud|fraud_svc_09.fraud.stock_fraud|fraud_svc_09.fraud.stop_fraud|fraud_svc_09.fraud.tracking_fraud|fraud_svc_09.fraud.warehouse_fraud,10,0,applications/backend/services/fraud/fraud-09,/api/v1/fraud/09,domain-fraud,fraud-09,DOMAIN_POLICY_PENDING,PLANNED
360,16,fraud,fraud-platform,svc-0160,fraud-10,team-016,10,pg-cluster-791|pg-cluster-792|pg-cluster-793|pg-cluster-794|pg-cluster-795|pg-cluster-796|pg-cluster-797|pg-cluster-798|pg-cluster-799|pg-cluster-800,fraud_svc_10,fraud,10,fraud_svc_10.fraud.consent_fraud|fraud_svc_10.fraud.device_fraud|fraud_svc_10.fraud.feedback_fraud|fraud_svc_10.fraud.location_fraud|fraud_svc_10.fraud.owner_fraud|fraud_svc_10.fraud.permission_fraud|fraud_svc_10.fraud.rating_fraud|fraud_svc_10.fraud.review_fraud|fraud_svc_10.fraud.role_fraud|fraud_svc_10.fraud.token_fraud,10,0,applications/backend/services/fraud/fraud-10,/api/v1/fraud/10,domain-fraud,fraud-10,DOMAIN_POLICY_PENDING,PLANNED
361,17,tax,tax-platform,svc-0161,tax-01,team-017,10,pg-cluster-001|pg-cluster-002|pg-cluster-003|pg-cluster-004|pg-cluster-005|pg-cluster-006|pg-cluster-007|pg-cluster-008|pg-cluster-009|pg-cluster-010,tax_svc_01,tax,10,tax_svc_01.tax.account_tax|tax_svc_01.tax.address_tax|tax_svc_01.tax.event_tax|tax_svc_01.tax.history_tax|tax_svc_01.tax.mapping_tax|tax_svc_01.tax.preference_tax|tax_svc_01.tax.profile_tax|tax_svc_01.tax.rule_tax|tax_svc_01.tax.session_tax|tax_svc_01.tax.status_tax,10,0,applications/backend/services/tax/tax-01,/api/v1/tax/01,domain-tax,tax-01,DOMAIN_POLICY_PENDING,PLANNED
362,17,tax,tax-platform,svc-0162,tax-02,team-017,10,pg-cluster-011|pg-cluster-012|pg-cluster-013|pg-cluster-014|pg-cluster-015|pg-cluster-016|pg-cluster-017|pg-cluster-018|pg-cluster-019|pg-cluster-020,tax_svc_02,tax,10,tax_svc_02.tax.allocation_tax|tax_svc_02.tax.attempt_tax|tax_svc_02.tax.detail_tax|tax_svc_02.tax.item_tax|tax_svc_02.tax.movement_tax|tax_svc_02.tax.request_tax|tax_svc_02.tax.reservation_tax|tax_svc_02.tax.response_tax|tax_svc_02.tax.snapshot_tax|tax_svc_02.tax.transaction_tax,10,0,applications/backend/services/tax/tax-02,/api/v1/tax/02,domain-tax,tax-02,DOMAIN_POLICY_PENDING,PLANNED
363,17,tax,tax-platform,svc-0163,tax-03,team-017,10,pg-cluster-021|pg-cluster-022|pg-cluster-023|pg-cluster-024|pg-cluster-025|pg-cluster-026|pg-cluster-027|pg-cluster-028|pg-cluster-029|pg-cluster-030,tax_svc_03,tax,10,tax_svc_03.tax.adjustment_tax|tax_svc_03.tax.campaign_tax|tax_svc_03.tax.configuration_tax|tax_svc_03.tax.document_tax|tax_svc_03.tax.metric_tax|tax_svc_03.tax.offer_tax|tax_svc_03.tax.policy_tax|tax_svc_03.tax.redemption_tax|tax_svc_03.tax.score_tax|tax_svc_03.tax.segment_tax,10,0,applications/backend/services/tax/tax-03,/api/v1/tax/03,domain-tax,tax-03,DOMAIN_POLICY_PENDING,PLANNED
364,17,tax,tax-platform,svc-0164,tax-04,team-017,10,pg-cluster-031|pg-cluster-032|pg-cluster-033|pg-cluster-034|pg-cluster-035|pg-cluster-036|pg-cluster-037|pg-cluster-038|pg-cluster-039|pg-cluster-040,tax_svc_04,tax,10,tax_svc_04.tax.balance_tax|tax_svc_04.tax.batch_tax|tax_svc_04.tax.checkpoint_tax|tax_svc_04.tax.exception_tax|tax_svc_04.tax.invoice_tax|tax_svc_04.tax.job_tax|tax_svc_04.tax.ledger_tax|tax_svc_04.tax.line_tax|tax_svc_04.tax.run_tax|tax_svc_04.tax.task_tax,10,0,applications/backend/services/tax/tax-04,/api/v1/tax/04,domain-tax,tax-04,DOMAIN_POLICY_PENDING,PLANNED
365,17,tax,tax-platform,svc-0165,tax-05,team-017,10,pg-cluster-041|pg-cluster-042|pg-cluster-043|pg-cluster-044|pg-cluster-045|pg-cluster-046|pg-cluster-047|pg-cluster-048|pg-cluster-049|pg-cluster-050,tax_svc_05,tax,10,tax_svc_05.tax.alert_tax|tax_svc_05.tax.approval_tax|tax_svc_05.tax.assignment_tax|tax_svc_05.tax.availability_tax|tax_svc_05.tax.capacity_tax|tax_svc_05.tax.case_tax|tax_svc_05.tax.decision_tax|tax_svc_05.tax.forecast_tax|tax_svc_05.tax.schedule_tax|tax_svc_05.tax.workflow_tax,10,0,applications/backend/services/tax/tax-05,/api/v1/tax/05,domain-tax,tax-05,DOMAIN_POLICY_PENDING,PLANNED
366,17,tax,tax-platform,svc-0166,tax-06,team-017,10,pg-cluster-051|pg-cluster-052|pg-cluster-053|pg-cluster-054|pg-cluster-055|pg-cluster-056|pg-cluster-057|pg-cluster-058|pg-cluster-059|pg-cluster-060,tax_svc_06,tax,10,tax_svc_06.tax.attribute_tax|tax_svc_06.tax.category_tax|tax_svc_06.tax.collection_tax|tax_svc_06.tax.media_tax|tax_svc_06.tax.plan_tax|tax_svc_06.tax.ranking_tax|tax_svc_06.tax.relationship_tax|tax_svc_06.tax.target_tax|tax_svc_06.tax.threshold_tax|tax_svc_06.tax.variant_tax,10,0,applications/backend/services/tax/tax-06,/api/v1/tax/06,domain-tax,tax-06,DOMAIN_POLICY_PENDING,PLANNED
367,17,tax,tax-platform,svc-0167,tax-07,team-017,10,pg-cluster-061|pg-cluster-062|pg-cluster-063|pg-cluster-064|pg-cluster-065|pg-cluster-066|pg-cluster-067|pg-cluster-068|pg-cluster-069|pg-cluster-070,tax_svc_07,tax,10,tax_svc_07.tax.attribution_tax|tax_svc_07.tax.channel_tax|tax_svc_07.tax.click_tax|tax_svc_07.tax.conversion_tax|tax_svc_07.tax.delivery_tax|tax_svc_07.tax.impression_tax|tax_svc_07.tax.message_tax|tax_svc_07.tax.query_tax|tax_svc_07.tax.result_tax|tax_svc_07.tax.template_tax,10,0,applications/backend/services/tax/tax-07,/api/v1/tax/07,domain-tax,tax-07,DOMAIN_POLICY_PENDING,PLANNED
368,17,tax,tax-platform,svc-0168,tax-08,team-017,10,pg-cluster-071|pg-cluster-072|pg-cluster-073|pg-cluster-074|pg-cluster-075|pg-cluster-076|pg-cluster-077|pg-cluster-078|pg-cluster-079|pg-cluster-080,tax_svc_08,tax,10,tax_svc_08.tax.contract_tax|tax_svc_08.tax.fee_tax|tax_svc_08.tax.partner_tax|tax_svc_08.tax.payout_tax|tax_svc_08.tax.price_tax|tax_svc_08.tax.provider_tax|tax_svc_08.tax.rate_tax|tax_svc_08.tax.reconciliation_tax|tax_svc_08.tax.settlement_tax|tax_svc_08.tax.tax_master,10,0,applications/backend/services/tax/tax-08,/api/v1/tax/08,domain-tax,tax-08,DOMAIN_POLICY_PENDING,PLANNED
369,17,tax,tax-platform,svc-0169,tax-09,team-017,10,pg-cluster-081|pg-cluster-082|pg-cluster-083|pg-cluster-084|pg-cluster-085|pg-cluster-086|pg-cluster-087|pg-cluster-088|pg-cluster-089|pg-cluster-090,tax_svc_09,tax,10,tax_svc_09.tax.bin_tax|tax_svc_09.tax.package_tax|tax_svc_09.tax.refund_tax|tax_svc_09.tax.return_tax|tax_svc_09.tax.route_tax|tax_svc_09.tax.shipment_tax|tax_svc_09.tax.stock_tax|tax_svc_09.tax.stop_tax|tax_svc_09.tax.tracking_tax|tax_svc_09.tax.warehouse_tax,10,0,applications/backend/services/tax/tax-09,/api/v1/tax/09,domain-tax,tax-09,DOMAIN_POLICY_PENDING,PLANNED
370,17,tax,tax-platform,svc-0170,tax-10,team-017,10,pg-cluster-091|pg-cluster-092|pg-cluster-093|pg-cluster-094|pg-cluster-095|pg-cluster-096|pg-cluster-097|pg-cluster-098|pg-cluster-099|pg-cluster-100,tax_svc_10,tax,10,tax_svc_10.tax.consent_tax|tax_svc_10.tax.device_tax|tax_svc_10.tax.feedback_tax|tax_svc_10.tax.location_tax|tax_svc_10.tax.owner_tax|tax_svc_10.tax.permission_tax|tax_svc_10.tax.rating_tax|tax_svc_10.tax.review_tax|tax_svc_10.tax.role_tax|tax_svc_10.tax.token_tax,10,0,applications/backend/services/tax/tax-10,/api/v1/tax/10,domain-tax,tax-10,DOMAIN_POLICY_PENDING,PLANNED
371,18,shipping,shipping-platform,svc-0171,shipping-01,team-018,10,pg-cluster-101|pg-cluster-102|pg-cluster-103|pg-cluster-104|pg-cluster-105|pg-cluster-106|pg-cluster-107|pg-cluster-108|pg-cluster-109|pg-cluster-110,shipping_svc_01,shipping,10,shipping_svc_01.shipping.account_shipping|shipping_svc_01.shipping.address_shipping|shipping_svc_01.shipping.event_shipping|shipping_svc_01.shipping.history_shipping|shipping_svc_01.shipping.mapping_shipping|shipping_svc_01.shipping.preference_shipping|shipping_svc_01.shipping.profile_shipping|shipping_svc_01.shipping.rule_shipping|shipping_svc_01.shipping.session_shipping|shipping_svc_01.shipping.status_shipping,10,0,applications/backend/services/shipping/shipping-01,/api/v1/shipping/01,domain-shipping,shipping-01,DOMAIN_POLICY_PENDING,PLANNED
372,18,shipping,shipping-platform,svc-0172,shipping-02,team-018,10,pg-cluster-111|pg-cluster-112|pg-cluster-113|pg-cluster-114|pg-cluster-115|pg-cluster-116|pg-cluster-117|pg-cluster-118|pg-cluster-119|pg-cluster-120,shipping_svc_02,shipping,10,shipping_svc_02.shipping.allocation_shipping|shipping_svc_02.shipping.attempt_shipping|shipping_svc_02.shipping.detail_shipping|shipping_svc_02.shipping.item_shipping|shipping_svc_02.shipping.movement_shipping|shipping_svc_02.shipping.request_shipping|shipping_svc_02.shipping.reservation_shipping|shipping_svc_02.shipping.response_shipping|shipping_svc_02.shipping.snapshot_shipping|shipping_svc_02.shipping.transaction_shipping,10,0,applications/backend/services/shipping/shipping-02,/api/v1/shipping/02,domain-shipping,shipping-02,DOMAIN_POLICY_PENDING,PLANNED
373,18,shipping,shipping-platform,svc-0173,shipping-03,team-018,10,pg-cluster-121|pg-cluster-122|pg-cluster-123|pg-cluster-124|pg-cluster-125|pg-cluster-126|pg-cluster-127|pg-cluster-128|pg-cluster-129|pg-cluster-130,shipping_svc_03,shipping,10,shipping_svc_03.shipping.adjustment_shipping|shipping_svc_03.shipping.campaign_shipping|shipping_svc_03.shipping.configuration_shipping|shipping_svc_03.shipping.document_shipping|shipping_svc_03.shipping.metric_shipping|shipping_svc_03.shipping.offer_shipping|shipping_svc_03.shipping.policy_shipping|shipping_svc_03.shipping.redemption_shipping|shipping_svc_03.shipping.score_shipping|shipping_svc_03.shipping.segment_shipping,10,0,applications/backend/services/shipping/shipping-03,/api/v1/shipping/03,domain-shipping,shipping-03,DOMAIN_POLICY_PENDING,PLANNED
374,18,shipping,shipping-platform,svc-0174,shipping-04,team-018,10,pg-cluster-131|pg-cluster-132|pg-cluster-133|pg-cluster-134|pg-cluster-135|pg-cluster-136|pg-cluster-137|pg-cluster-138|pg-cluster-139|pg-cluster-140,shipping_svc_04,shipping,10,shipping_svc_04.shipping.balance_shipping|shipping_svc_04.shipping.batch_shipping|shipping_svc_04.shipping.checkpoint_shipping|shipping_svc_04.shipping.exception_shipping|shipping_svc_04.shipping.invoice_shipping|shipping_svc_04.shipping.job_shipping|shipping_svc_04.shipping.ledger_shipping|shipping_svc_04.shipping.line_shipping|shipping_svc_04.shipping.run_shipping|shipping_svc_04.shipping.task_shipping,10,0,applications/backend/services/shipping/shipping-04,/api/v1/shipping/04,domain-shipping,shipping-04,DOMAIN_POLICY_PENDING,PLANNED
375,18,shipping,shipping-platform,svc-0175,shipping-05,team-018,10,pg-cluster-141|pg-cluster-142|pg-cluster-143|pg-cluster-144|pg-cluster-145|pg-cluster-146|pg-cluster-147|pg-cluster-148|pg-cluster-149|pg-cluster-150,shipping_svc_05,shipping,10,shipping_svc_05.shipping.alert_shipping|shipping_svc_05.shipping.approval_shipping|shipping_svc_05.shipping.assignment_shipping|shipping_svc_05.shipping.availability_shipping|shipping_svc_05.shipping.capacity_shipping|shipping_svc_05.shipping.case_shipping|shipping_svc_05.shipping.decision_shipping|shipping_svc_05.shipping.forecast_shipping|shipping_svc_05.shipping.schedule_shipping|shipping_svc_05.shipping.workflow_shipping,10,0,applications/backend/services/shipping/shipping-05,/api/v1/shipping/05,domain-shipping,shipping-05,DOMAIN_POLICY_PENDING,PLANNED
376,18,shipping,shipping-platform,svc-0176,shipping-06,team-018,10,pg-cluster-151|pg-cluster-152|pg-cluster-153|pg-cluster-154|pg-cluster-155|pg-cluster-156|pg-cluster-157|pg-cluster-158|pg-cluster-159|pg-cluster-160,shipping_svc_06,shipping,10,shipping_svc_06.shipping.attribute_shipping|shipping_svc_06.shipping.category_shipping|shipping_svc_06.shipping.collection_shipping|shipping_svc_06.shipping.media_shipping|shipping_svc_06.shipping.plan_shipping|shipping_svc_06.shipping.ranking_shipping|shipping_svc_06.shipping.relationship_shipping|shipping_svc_06.shipping.target_shipping|shipping_svc_06.shipping.threshold_shipping|shipping_svc_06.shipping.variant_shipping,10,0,applications/backend/services/shipping/shipping-06,/api/v1/shipping/06,domain-shipping,shipping-06,DOMAIN_POLICY_PENDING,PLANNED
377,18,shipping,shipping-platform,svc-0177,shipping-07,team-018,10,pg-cluster-161|pg-cluster-162|pg-cluster-163|pg-cluster-164|pg-cluster-165|pg-cluster-166|pg-cluster-167|pg-cluster-168|pg-cluster-169|pg-cluster-170,shipping_svc_07,shipping,10,shipping_svc_07.shipping.attribution_shipping|shipping_svc_07.shipping.channel_shipping|shipping_svc_07.shipping.click_shipping|shipping_svc_07.shipping.conversion_shipping|shipping_svc_07.shipping.delivery_shipping|shipping_svc_07.shipping.impression_shipping|shipping_svc_07.shipping.message_shipping|shipping_svc_07.shipping.query_shipping|shipping_svc_07.shipping.result_shipping|shipping_svc_07.shipping.template_shipping,10,0,applications/backend/services/shipping/shipping-07,/api/v1/shipping/07,domain-shipping,shipping-07,DOMAIN_POLICY_PENDING,PLANNED
378,18,shipping,shipping-platform,svc-0178,shipping-08,team-018,10,pg-cluster-171|pg-cluster-172|pg-cluster-173|pg-cluster-174|pg-cluster-175|pg-cluster-176|pg-cluster-177|pg-cluster-178|pg-cluster-179|pg-cluster-180,shipping_svc_08,shipping,10,shipping_svc_08.shipping.contract_shipping|shipping_svc_08.shipping.fee_shipping|shipping_svc_08.shipping.partner_shipping|shipping_svc_08.shipping.payout_shipping|shipping_svc_08.shipping.price_shipping|shipping_svc_08.shipping.provider_shipping|shipping_svc_08.shipping.rate_shipping|shipping_svc_08.shipping.reconciliation_shipping|shipping_svc_08.shipping.settlement_shipping|shipping_svc_08.shipping.tax_shipping,10,0,applications/backend/services/shipping/shipping-08,/api/v1/shipping/08,domain-shipping,shipping-08,DOMAIN_POLICY_PENDING,PLANNED
379,18,shipping,shipping-platform,svc-0179,shipping-09,team-018,10,pg-cluster-181|pg-cluster-182|pg-cluster-183|pg-cluster-184|pg-cluster-185|pg-cluster-186|pg-cluster-187|pg-cluster-188|pg-cluster-189|pg-cluster-190,shipping_svc_09,shipping,10,shipping_svc_09.shipping.bin_shipping|shipping_svc_09.shipping.package_shipping|shipping_svc_09.shipping.refund_shipping|shipping_svc_09.shipping.return_shipping|shipping_svc_09.shipping.route_shipping|shipping_svc_09.shipping.shipment_shipping|shipping_svc_09.shipping.stock_shipping|shipping_svc_09.shipping.stop_shipping|shipping_svc_09.shipping.tracking_shipping|shipping_svc_09.shipping.warehouse_shipping,10,0,applications/backend/services/shipping/shipping-09,/api/v1/shipping/09,domain-shipping,shipping-09,DOMAIN_POLICY_PENDING,PLANNED
380,18,shipping,shipping-platform,svc-0180,shipping-10,team-018,10,pg-cluster-191|pg-cluster-192|pg-cluster-193|pg-cluster-194|pg-cluster-195|pg-cluster-196|pg-cluster-197|pg-cluster-198|pg-cluster-199|pg-cluster-200,shipping_svc_10,shipping,10,shipping_svc_10.shipping.consent_shipping|shipping_svc_10.shipping.device_shipping|shipping_svc_10.shipping.feedback_shipping|shipping_svc_10.shipping.location_shipping|shipping_svc_10.shipping.owner_shipping|shipping_svc_10.shipping.permission_shipping|shipping_svc_10.shipping.rating_shipping|shipping_svc_10.shipping.review_shipping|shipping_svc_10.shipping.role_shipping|shipping_svc_10.shipping.token_shipping,10,0,applications/backend/services/shipping/shipping-10,/api/v1/shipping/10,domain-shipping,shipping-10,DOMAIN_POLICY_PENDING,PLANNED
381,19,fulfillment,fulfillment-platform,svc-0181,fulfillment-01,team-019,10,pg-cluster-201|pg-cluster-202|pg-cluster-203|pg-cluster-204|pg-cluster-205|pg-cluster-206|pg-cluster-207|pg-cluster-208|pg-cluster-209|pg-cluster-210,fulfillment_svc_01,fulfillment,10,fulfillment_svc_01.fulfillment.account_fulfillment|fulfillment_svc_01.fulfillment.address_fulfillment|fulfillment_svc_01.fulfillment.event_fulfillment|fulfillment_svc_01.fulfillment.history_fulfillment|fulfillment_svc_01.fulfillment.mapping_fulfillment|fulfillment_svc_01.fulfillment.preference_fulfillment|fulfillment_svc_01.fulfillment.profile_fulfillment|fulfillment_svc_01.fulfillment.rule_fulfillment|fulfillment_svc_01.fulfillment.session_fulfillment|fulfillment_svc_01.fulfillment.status_fulfillment,10,0,applications/backend/services/fulfillment/fulfillment-01,/api/v1/fulfillment/01,domain-fulfillment,fulfillment-01,DOMAIN_POLICY_PENDING,PLANNED
382,19,fulfillment,fulfillment-platform,svc-0182,fulfillment-02,team-019,10,pg-cluster-211|pg-cluster-212|pg-cluster-213|pg-cluster-214|pg-cluster-215|pg-cluster-216|pg-cluster-217|pg-cluster-218|pg-cluster-219|pg-cluster-220,fulfillment_svc_02,fulfillment,10,fulfillment_svc_02.fulfillment.allocation_fulfillment|fulfillment_svc_02.fulfillment.attempt_fulfillment|fulfillment_svc_02.fulfillment.detail_fulfillment|fulfillment_svc_02.fulfillment.item_fulfillment|fulfillment_svc_02.fulfillment.movement_fulfillment|fulfillment_svc_02.fulfillment.request_fulfillment|fulfillment_svc_02.fulfillment.reservation_fulfillment|fulfillment_svc_02.fulfillment.response_fulfillment|fulfillment_svc_02.fulfillment.snapshot_fulfillment|fulfillment_svc_02.fulfillment.transaction_fulfillment,10,0,applications/backend/services/fulfillment/fulfillment-02,/api/v1/fulfillment/02,domain-fulfillment,fulfillment-02,DOMAIN_POLICY_PENDING,PLANNED
383,19,fulfillment,fulfillment-platform,svc-0183,fulfillment-03,team-019,10,pg-cluster-221|pg-cluster-222|pg-cluster-223|pg-cluster-224|pg-cluster-225|pg-cluster-226|pg-cluster-227|pg-cluster-228|pg-cluster-229|pg-cluster-230,fulfillment_svc_03,fulfillment,10,fulfillment_svc_03.fulfillment.adjustment_fulfillment|fulfillment_svc_03.fulfillment.campaign_fulfillment|fulfillment_svc_03.fulfillment.configuration_fulfillment|fulfillment_svc_03.fulfillment.document_fulfillment|fulfillment_svc_03.fulfillment.metric_fulfillment|fulfillment_svc_03.fulfillment.offer_fulfillment|fulfillment_svc_03.fulfillment.policy_fulfillment|fulfillment_svc_03.fulfillment.redemption_fulfillment|fulfillment_svc_03.fulfillment.score_fulfillment|fulfillment_svc_03.fulfillment.segment_fulfillment,10,0,applications/backend/services/fulfillment/fulfillment-03,/api/v1/fulfillment/03,domain-fulfillment,fulfillment-03,DOMAIN_POLICY_PENDING,PLANNED
384,19,fulfillment,fulfillment-platform,svc-0184,fulfillment-04,team-019,10,pg-cluster-231|pg-cluster-232|pg-cluster-233|pg-cluster-234|pg-cluster-235|pg-cluster-236|pg-cluster-237|pg-cluster-238|pg-cluster-239|pg-cluster-240,fulfillment_svc_04,fulfillment,10,fulfillment_svc_04.fulfillment.balance_fulfillment|fulfillment_svc_04.fulfillment.batch_fulfillment|fulfillment_svc_04.fulfillment.checkpoint_fulfillment|fulfillment_svc_04.fulfillment.exception_fulfillment|fulfillment_svc_04.fulfillment.invoice_fulfillment|fulfillment_svc_04.fulfillment.job_fulfillment|fulfillment_svc_04.fulfillment.ledger_fulfillment|fulfillment_svc_04.fulfillment.line_fulfillment|fulfillment_svc_04.fulfillment.run_fulfillment|fulfillment_svc_04.fulfillment.task_fulfillment,10,0,applications/backend/services/fulfillment/fulfillment-04,/api/v1/fulfillment/04,domain-fulfillment,fulfillment-04,DOMAIN_POLICY_PENDING,PLANNED
385,19,fulfillment,fulfillment-platform,svc-0185,fulfillment-05,team-019,10,pg-cluster-241|pg-cluster-242|pg-cluster-243|pg-cluster-244|pg-cluster-245|pg-cluster-246|pg-cluster-247|pg-cluster-248|pg-cluster-249|pg-cluster-250,fulfillment_svc_05,fulfillment,10,fulfillment_svc_05.fulfillment.alert_fulfillment|fulfillment_svc_05.fulfillment.approval_fulfillment|fulfillment_svc_05.fulfillment.assignment_fulfillment|fulfillment_svc_05.fulfillment.availability_fulfillment|fulfillment_svc_05.fulfillment.capacity_fulfillment|fulfillment_svc_05.fulfillment.case_fulfillment|fulfillment_svc_05.fulfillment.decision_fulfillment|fulfillment_svc_05.fulfillment.forecast_fulfillment|fulfillment_svc_05.fulfillment.schedule_fulfillment|fulfillment_svc_05.fulfillment.workflow_fulfillment,10,0,applications/backend/services/fulfillment/fulfillment-05,/api/v1/fulfillment/05,domain-fulfillment,fulfillment-05,DOMAIN_POLICY_PENDING,PLANNED
386,19,fulfillment,fulfillment-platform,svc-0186,fulfillment-06,team-019,10,pg-cluster-251|pg-cluster-252|pg-cluster-253|pg-cluster-254|pg-cluster-255|pg-cluster-256|pg-cluster-257|pg-cluster-258|pg-cluster-259|pg-cluster-260,fulfillment_svc_06,fulfillment,10,fulfillment_svc_06.fulfillment.attribute_fulfillment|fulfillment_svc_06.fulfillment.category_fulfillment|fulfillment_svc_06.fulfillment.collection_fulfillment|fulfillment_svc_06.fulfillment.media_fulfillment|fulfillment_svc_06.fulfillment.plan_fulfillment|fulfillment_svc_06.fulfillment.ranking_fulfillment|fulfillment_svc_06.fulfillment.relationship_fulfillment|fulfillment_svc_06.fulfillment.target_fulfillment|fulfillment_svc_06.fulfillment.threshold_fulfillment|fulfillment_svc_06.fulfillment.variant_fulfillment,10,0,applications/backend/services/fulfillment/fulfillment-06,/api/v1/fulfillment/06,domain-fulfillment,fulfillment-06,DOMAIN_POLICY_PENDING,PLANNED
387,19,fulfillment,fulfillment-platform,svc-0187,fulfillment-07,team-019,10,pg-cluster-261|pg-cluster-262|pg-cluster-263|pg-cluster-264|pg-cluster-265|pg-cluster-266|pg-cluster-267|pg-cluster-268|pg-cluster-269|pg-cluster-270,fulfillment_svc_07,fulfillment,10,fulfillment_svc_07.fulfillment.attribution_fulfillment|fulfillment_svc_07.fulfillment.channel_fulfillment|fulfillment_svc_07.fulfillment.click_fulfillment|fulfillment_svc_07.fulfillment.conversion_fulfillment|fulfillment_svc_07.fulfillment.delivery_fulfillment|fulfillment_svc_07.fulfillment.impression_fulfillment|fulfillment_svc_07.fulfillment.message_fulfillment|fulfillment_svc_07.fulfillment.query_fulfillment|fulfillment_svc_07.fulfillment.result_fulfillment|fulfillment_svc_07.fulfillment.template_fulfillment,10,0,applications/backend/services/fulfillment/fulfillment-07,/api/v1/fulfillment/07,domain-fulfillment,fulfillment-07,DOMAIN_POLICY_PENDING,PLANNED
388,19,fulfillment,fulfillment-platform,svc-0188,fulfillment-08,team-019,10,pg-cluster-271|pg-cluster-272|pg-cluster-273|pg-cluster-274|pg-cluster-275|pg-cluster-276|pg-cluster-277|pg-cluster-278|pg-cluster-279|pg-cluster-280,fulfillment_svc_08,fulfillment,10,fulfillment_svc_08.fulfillment.contract_fulfillment|fulfillment_svc_08.fulfillment.fee_fulfillment|fulfillment_svc_08.fulfillment.partner_fulfillment|fulfillment_svc_08.fulfillment.payout_fulfillment|fulfillment_svc_08.fulfillment.price_fulfillment|fulfillment_svc_08.fulfillment.provider_fulfillment|fulfillment_svc_08.fulfillment.rate_fulfillment|fulfillment_svc_08.fulfillment.reconciliation_fulfillment|fulfillment_svc_08.fulfillment.settlement_fulfillment|fulfillment_svc_08.fulfillment.tax_fulfillment,10,0,applications/backend/services/fulfillment/fulfillment-08,/api/v1/fulfillment/08,domain-fulfillment,fulfillment-08,DOMAIN_POLICY_PENDING,PLANNED
389,19,fulfillment,fulfillment-platform,svc-0189,fulfillment-09,team-019,10,pg-cluster-281|pg-cluster-282|pg-cluster-283|pg-cluster-284|pg-cluster-285|pg-cluster-286|pg-cluster-287|pg-cluster-288|pg-cluster-289|pg-cluster-290,fulfillment_svc_09,fulfillment,10,fulfillment_svc_09.fulfillment.bin_fulfillment|fulfillment_svc_09.fulfillment.package_fulfillment|fulfillment_svc_09.fulfillment.refund_fulfillment|fulfillment_svc_09.fulfillment.return_fulfillment|fulfillment_svc_09.fulfillment.route_fulfillment|fulfillment_svc_09.fulfillment.shipment_fulfillment|fulfillment_svc_09.fulfillment.stock_fulfillment|fulfillment_svc_09.fulfillment.stop_fulfillment|fulfillment_svc_09.fulfillment.tracking_fulfillment|fulfillment_svc_09.fulfillment.warehouse_fulfillment,10,0,applications/backend/services/fulfillment/fulfillment-09,/api/v1/fulfillment/09,domain-fulfillment,fulfillment-09,DOMAIN_POLICY_PENDING,PLANNED
390,19,fulfillment,fulfillment-platform,svc-0190,fulfillment-10,team-019,10,pg-cluster-291|pg-cluster-292|pg-cluster-293|pg-cluster-294|pg-cluster-295|pg-cluster-296|pg-cluster-297|pg-cluster-298|pg-cluster-299|pg-cluster-300,fulfillment_svc_10,fulfillment,10,fulfillment_svc_10.fulfillment.consent_fulfillment|fulfillment_svc_10.fulfillment.device_fulfillment|fulfillment_svc_10.fulfillment.feedback_fulfillment|fulfillment_svc_10.fulfillment.location_fulfillment|fulfillment_svc_10.fulfillment.owner_fulfillment|fulfillment_svc_10.fulfillment.permission_fulfillment|fulfillment_svc_10.fulfillment.rating_fulfillment|fulfillment_svc_10.fulfillment.review_fulfillment|fulfillment_svc_10.fulfillment.role_fulfillment|fulfillment_svc_10.fulfillment.token_fulfillment,10,0,applications/backend/services/fulfillment/fulfillment-10,/api/v1/fulfillment/10,domain-fulfillment,fulfillment-10,DOMAIN_POLICY_PENDING,PLANNED
391,20,delivery,delivery-platform,svc-0191,delivery-01,team-020,10,pg-cluster-301|pg-cluster-302|pg-cluster-303|pg-cluster-304|pg-cluster-305|pg-cluster-306|pg-cluster-307|pg-cluster-308|pg-cluster-309|pg-cluster-310,delivery_svc_01,delivery,10,delivery_svc_01.delivery.account_delivery|delivery_svc_01.delivery.address_delivery|delivery_svc_01.delivery.event_delivery|delivery_svc_01.delivery.history_delivery|delivery_svc_01.delivery.mapping_delivery|delivery_svc_01.delivery.preference_delivery|delivery_svc_01.delivery.profile_delivery|delivery_svc_01.delivery.rule_delivery|delivery_svc_01.delivery.session_delivery|delivery_svc_01.delivery.status_delivery,10,0,applications/backend/services/delivery/delivery-01,/api/v1/delivery/01,domain-delivery,delivery-01,DOMAIN_POLICY_PENDING,PLANNED
392,20,delivery,delivery-platform,svc-0192,delivery-02,team-020,10,pg-cluster-311|pg-cluster-312|pg-cluster-313|pg-cluster-314|pg-cluster-315|pg-cluster-316|pg-cluster-317|pg-cluster-318|pg-cluster-319|pg-cluster-320,delivery_svc_02,delivery,10,delivery_svc_02.delivery.allocation_delivery|delivery_svc_02.delivery.attempt_delivery|delivery_svc_02.delivery.detail_delivery|delivery_svc_02.delivery.item_delivery|delivery_svc_02.delivery.movement_delivery|delivery_svc_02.delivery.request_delivery|delivery_svc_02.delivery.reservation_delivery|delivery_svc_02.delivery.response_delivery|delivery_svc_02.delivery.snapshot_delivery|delivery_svc_02.delivery.transaction_delivery,10,0,applications/backend/services/delivery/delivery-02,/api/v1/delivery/02,domain-delivery,delivery-02,DOMAIN_POLICY_PENDING,PLANNED
393,20,delivery,delivery-platform,svc-0193,delivery-03,team-020,10,pg-cluster-321|pg-cluster-322|pg-cluster-323|pg-cluster-324|pg-cluster-325|pg-cluster-326|pg-cluster-327|pg-cluster-328|pg-cluster-329|pg-cluster-330,delivery_svc_03,delivery,10,delivery_svc_03.delivery.adjustment_delivery|delivery_svc_03.delivery.campaign_delivery|delivery_svc_03.delivery.configuration_delivery|delivery_svc_03.delivery.document_delivery|delivery_svc_03.delivery.metric_delivery|delivery_svc_03.delivery.offer_delivery|delivery_svc_03.delivery.policy_delivery|delivery_svc_03.delivery.redemption_delivery|delivery_svc_03.delivery.score_delivery|delivery_svc_03.delivery.segment_delivery,10,0,applications/backend/services/delivery/delivery-03,/api/v1/delivery/03,domain-delivery,delivery-03,DOMAIN_POLICY_PENDING,PLANNED
394,20,delivery,delivery-platform,svc-0194,delivery-04,team-020,10,pg-cluster-331|pg-cluster-332|pg-cluster-333|pg-cluster-334|pg-cluster-335|pg-cluster-336|pg-cluster-337|pg-cluster-338|pg-cluster-339|pg-cluster-340,delivery_svc_04,delivery,10,delivery_svc_04.delivery.balance_delivery|delivery_svc_04.delivery.batch_delivery|delivery_svc_04.delivery.checkpoint_delivery|delivery_svc_04.delivery.exception_delivery|delivery_svc_04.delivery.invoice_delivery|delivery_svc_04.delivery.job_delivery|delivery_svc_04.delivery.ledger_delivery|delivery_svc_04.delivery.line_delivery|delivery_svc_04.delivery.run_delivery|delivery_svc_04.delivery.task_delivery,10,0,applications/backend/services/delivery/delivery-04,/api/v1/delivery/04,domain-delivery,delivery-04,DOMAIN_POLICY_PENDING,PLANNED
395,20,delivery,delivery-platform,svc-0195,delivery-05,team-020,10,pg-cluster-341|pg-cluster-342|pg-cluster-343|pg-cluster-344|pg-cluster-345|pg-cluster-346|pg-cluster-347|pg-cluster-348|pg-cluster-349|pg-cluster-350,delivery_svc_05,delivery,10,delivery_svc_05.delivery.alert_delivery|delivery_svc_05.delivery.approval_delivery|delivery_svc_05.delivery.assignment_delivery|delivery_svc_05.delivery.availability_delivery|delivery_svc_05.delivery.capacity_delivery|delivery_svc_05.delivery.case_delivery|delivery_svc_05.delivery.decision_delivery|delivery_svc_05.delivery.forecast_delivery|delivery_svc_05.delivery.schedule_delivery|delivery_svc_05.delivery.workflow_delivery,10,0,applications/backend/services/delivery/delivery-05,/api/v1/delivery/05,domain-delivery,delivery-05,DOMAIN_POLICY_PENDING,PLANNED
396,20,delivery,delivery-platform,svc-0196,delivery-06,team-020,10,pg-cluster-351|pg-cluster-352|pg-cluster-353|pg-cluster-354|pg-cluster-355|pg-cluster-356|pg-cluster-357|pg-cluster-358|pg-cluster-359|pg-cluster-360,delivery_svc_06,delivery,10,delivery_svc_06.delivery.attribute_delivery|delivery_svc_06.delivery.category_delivery|delivery_svc_06.delivery.collection_delivery|delivery_svc_06.delivery.media_delivery|delivery_svc_06.delivery.plan_delivery|delivery_svc_06.delivery.ranking_delivery|delivery_svc_06.delivery.relationship_delivery|delivery_svc_06.delivery.target_delivery|delivery_svc_06.delivery.threshold_delivery|delivery_svc_06.delivery.variant_delivery,10,0,applications/backend/services/delivery/delivery-06,/api/v1/delivery/06,domain-delivery,delivery-06,DOMAIN_POLICY_PENDING,PLANNED
397,20,delivery,delivery-platform,svc-0197,delivery-07,team-020,10,pg-cluster-361|pg-cluster-362|pg-cluster-363|pg-cluster-364|pg-cluster-365|pg-cluster-366|pg-cluster-367|pg-cluster-368|pg-cluster-369|pg-cluster-370,delivery_svc_07,delivery,10,delivery_svc_07.delivery.attribution_delivery|delivery_svc_07.delivery.channel_delivery|delivery_svc_07.delivery.click_delivery|delivery_svc_07.delivery.conversion_delivery|delivery_svc_07.delivery.delivery_master|delivery_svc_07.delivery.impression_delivery|delivery_svc_07.delivery.message_delivery|delivery_svc_07.delivery.query_delivery|delivery_svc_07.delivery.result_delivery|delivery_svc_07.delivery.template_delivery,10,0,applications/backend/services/delivery/delivery-07,/api/v1/delivery/07,domain-delivery,delivery-07,DOMAIN_POLICY_PENDING,PLANNED
398,20,delivery,delivery-platform,svc-0198,delivery-08,team-020,10,pg-cluster-371|pg-cluster-372|pg-cluster-373|pg-cluster-374|pg-cluster-375|pg-cluster-376|pg-cluster-377|pg-cluster-378|pg-cluster-379|pg-cluster-380,delivery_svc_08,delivery,10,delivery_svc_08.delivery.contract_delivery|delivery_svc_08.delivery.fee_delivery|delivery_svc_08.delivery.partner_delivery|delivery_svc_08.delivery.payout_delivery|delivery_svc_08.delivery.price_delivery|delivery_svc_08.delivery.provider_delivery|delivery_svc_08.delivery.rate_delivery|delivery_svc_08.delivery.reconciliation_delivery|delivery_svc_08.delivery.settlement_delivery|delivery_svc_08.delivery.tax_delivery,10,0,applications/backend/services/delivery/delivery-08,/api/v1/delivery/08,domain-delivery,delivery-08,DOMAIN_POLICY_PENDING,PLANNED
399,20,delivery,delivery-platform,svc-0199,delivery-09,team-020,10,pg-cluster-381|pg-cluster-382|pg-cluster-383|pg-cluster-384|pg-cluster-385|pg-cluster-386|pg-cluster-387|pg-cluster-388|pg-cluster-389|pg-cluster-390,delivery_svc_09,delivery,10,delivery_svc_09.delivery.bin_delivery|delivery_svc_09.delivery.package_delivery|delivery_svc_09.delivery.refund_delivery|delivery_svc_09.delivery.return_delivery|delivery_svc_09.delivery.route_delivery|delivery_svc_09.delivery.shipment_delivery|delivery_svc_09.delivery.stock_delivery|delivery_svc_09.delivery.stop_delivery|delivery_svc_09.delivery.tracking_delivery|delivery_svc_09.delivery.warehouse_delivery,10,0,applications/backend/services/delivery/delivery-09,/api/v1/delivery/09,domain-delivery,delivery-09,DOMAIN_POLICY_PENDING,PLANNED
400,20,delivery,delivery-platform,svc-0200,delivery-10,team-020,10,pg-cluster-391|pg-cluster-392|pg-cluster-393|pg-cluster-394|pg-cluster-395|pg-cluster-396|pg-cluster-397|pg-cluster-398|pg-cluster-399|pg-cluster-400,delivery_svc_10,delivery,10,delivery_svc_10.delivery.consent_delivery|delivery_svc_10.delivery.device_delivery|delivery_svc_10.delivery.feedback_delivery|delivery_svc_10.delivery.location_delivery|delivery_svc_10.delivery.owner_delivery|delivery_svc_10.delivery.permission_delivery|delivery_svc_10.delivery.rating_delivery|delivery_svc_10.delivery.review_delivery|delivery_svc_10.delivery.role_delivery|delivery_svc_10.delivery.token_delivery,10,0,applications/backend/services/delivery/delivery-10,/api/v1/delivery/10,domain-delivery,delivery-10,DOMAIN_POLICY_PENDING,PLANNED
401,21,returns,returns-platform,svc-0201,returns-01,team-021,10,pg-cluster-401|pg-cluster-402|pg-cluster-403|pg-cluster-404|pg-cluster-405|pg-cluster-406|pg-cluster-407|pg-cluster-408|pg-cluster-409|pg-cluster-410,returns_svc_01,returns,10,returns_svc_01.returns.account_returns|returns_svc_01.returns.address_returns|returns_svc_01.returns.event_returns|returns_svc_01.returns.history_returns|returns_svc_01.returns.mapping_returns|returns_svc_01.returns.preference_returns|returns_svc_01.returns.profile_returns|returns_svc_01.returns.rule_returns|returns_svc_01.returns.session_returns|returns_svc_01.returns.status_returns,10,0,applications/backend/services/returns/returns-01,/api/v1/returns/01,domain-returns,returns-01,DOMAIN_POLICY_PENDING,PLANNED
402,21,returns,returns-platform,svc-0202,returns-02,team-021,10,pg-cluster-411|pg-cluster-412|pg-cluster-413|pg-cluster-414|pg-cluster-415|pg-cluster-416|pg-cluster-417|pg-cluster-418|pg-cluster-419|pg-cluster-420,returns_svc_02,returns,10,returns_svc_02.returns.allocation_returns|returns_svc_02.returns.attempt_returns|returns_svc_02.returns.detail_returns|returns_svc_02.returns.item_returns|returns_svc_02.returns.movement_returns|returns_svc_02.returns.request_returns|returns_svc_02.returns.reservation_returns|returns_svc_02.returns.response_returns|returns_svc_02.returns.snapshot_returns|returns_svc_02.returns.transaction_returns,10,0,applications/backend/services/returns/returns-02,/api/v1/returns/02,domain-returns,returns-02,DOMAIN_POLICY_PENDING,PLANNED
403,21,returns,returns-platform,svc-0203,returns-03,team-021,10,pg-cluster-421|pg-cluster-422|pg-cluster-423|pg-cluster-424|pg-cluster-425|pg-cluster-426|pg-cluster-427|pg-cluster-428|pg-cluster-429|pg-cluster-430,returns_svc_03,returns,10,returns_svc_03.returns.adjustment_returns|returns_svc_03.returns.campaign_returns|returns_svc_03.returns.configuration_returns|returns_svc_03.returns.document_returns|returns_svc_03.returns.metric_returns|returns_svc_03.returns.offer_returns|returns_svc_03.returns.policy_returns|returns_svc_03.returns.redemption_returns|returns_svc_03.returns.score_returns|returns_svc_03.returns.segment_returns,10,0,applications/backend/services/returns/returns-03,/api/v1/returns/03,domain-returns,returns-03,DOMAIN_POLICY_PENDING,PLANNED
404,21,returns,returns-platform,svc-0204,returns-04,team-021,10,pg-cluster-431|pg-cluster-432|pg-cluster-433|pg-cluster-434|pg-cluster-435|pg-cluster-436|pg-cluster-437|pg-cluster-438|pg-cluster-439|pg-cluster-440,returns_svc_04,returns,10,returns_svc_04.returns.balance_returns|returns_svc_04.returns.batch_returns|returns_svc_04.returns.checkpoint_returns|returns_svc_04.returns.exception_returns|returns_svc_04.returns.invoice_returns|returns_svc_04.returns.job_returns|returns_svc_04.returns.ledger_returns|returns_svc_04.returns.line_returns|returns_svc_04.returns.run_returns|returns_svc_04.returns.task_returns,10,0,applications/backend/services/returns/returns-04,/api/v1/returns/04,domain-returns,returns-04,DOMAIN_POLICY_PENDING,PLANNED
405,21,returns,returns-platform,svc-0205,returns-05,team-021,10,pg-cluster-441|pg-cluster-442|pg-cluster-443|pg-cluster-444|pg-cluster-445|pg-cluster-446|pg-cluster-447|pg-cluster-448|pg-cluster-449|pg-cluster-450,returns_svc_05,returns,10,returns_svc_05.returns.alert_returns|returns_svc_05.returns.approval_returns|returns_svc_05.returns.assignment_returns|returns_svc_05.returns.availability_returns|returns_svc_05.returns.capacity_returns|returns_svc_05.returns.case_returns|returns_svc_05.returns.decision_returns|returns_svc_05.returns.forecast_returns|returns_svc_05.returns.schedule_returns|returns_svc_05.returns.workflow_returns,10,0,applications/backend/services/returns/returns-05,/api/v1/returns/05,domain-returns,returns-05,DOMAIN_POLICY_PENDING,PLANNED
406,21,returns,returns-platform,svc-0206,returns-06,team-021,10,pg-cluster-451|pg-cluster-452|pg-cluster-453|pg-cluster-454|pg-cluster-455|pg-cluster-456|pg-cluster-457|pg-cluster-458|pg-cluster-459|pg-cluster-460,returns_svc_06,returns,10,returns_svc_06.returns.attribute_returns|returns_svc_06.returns.category_returns|returns_svc_06.returns.collection_returns|returns_svc_06.returns.media_returns|returns_svc_06.returns.plan_returns|returns_svc_06.returns.ranking_returns|returns_svc_06.returns.relationship_returns|returns_svc_06.returns.target_returns|returns_svc_06.returns.threshold_returns|returns_svc_06.returns.variant_returns,10,0,applications/backend/services/returns/returns-06,/api/v1/returns/06,domain-returns,returns-06,DOMAIN_POLICY_PENDING,PLANNED
407,21,returns,returns-platform,svc-0207,returns-07,team-021,10,pg-cluster-461|pg-cluster-462|pg-cluster-463|pg-cluster-464|pg-cluster-465|pg-cluster-466|pg-cluster-467|pg-cluster-468|pg-cluster-469|pg-cluster-470,returns_svc_07,returns,10,returns_svc_07.returns.attribution_returns|returns_svc_07.returns.channel_returns|returns_svc_07.returns.click_returns|returns_svc_07.returns.conversion_returns|returns_svc_07.returns.delivery_returns|returns_svc_07.returns.impression_returns|returns_svc_07.returns.message_returns|returns_svc_07.returns.query_returns|returns_svc_07.returns.result_returns|returns_svc_07.returns.template_returns,10,0,applications/backend/services/returns/returns-07,/api/v1/returns/07,domain-returns,returns-07,DOMAIN_POLICY_PENDING,PLANNED
408,21,returns,returns-platform,svc-0208,returns-08,team-021,10,pg-cluster-471|pg-cluster-472|pg-cluster-473|pg-cluster-474|pg-cluster-475|pg-cluster-476|pg-cluster-477|pg-cluster-478|pg-cluster-479|pg-cluster-480,returns_svc_08,returns,10,returns_svc_08.returns.contract_returns|returns_svc_08.returns.fee_returns|returns_svc_08.returns.partner_returns|returns_svc_08.returns.payout_returns|returns_svc_08.returns.price_returns|returns_svc_08.returns.provider_returns|returns_svc_08.returns.rate_returns|returns_svc_08.returns.reconciliation_returns|returns_svc_08.returns.settlement_returns|returns_svc_08.returns.tax_returns,10,0,applications/backend/services/returns/returns-08,/api/v1/returns/08,domain-returns,returns-08,DOMAIN_POLICY_PENDING,PLANNED
409,21,returns,returns-platform,svc-0209,returns-09,team-021,10,pg-cluster-481|pg-cluster-482|pg-cluster-483|pg-cluster-484|pg-cluster-485|pg-cluster-486|pg-cluster-487|pg-cluster-488|pg-cluster-489|pg-cluster-490,returns_svc_09,returns,10,returns_svc_09.returns.bin_returns|returns_svc_09.returns.package_returns|returns_svc_09.returns.refund_returns|returns_svc_09.returns.return_returns|returns_svc_09.returns.route_returns|returns_svc_09.returns.shipment_returns|returns_svc_09.returns.stock_returns|returns_svc_09.returns.stop_returns|returns_svc_09.returns.tracking_returns|returns_svc_09.returns.warehouse_returns,10,0,applications/backend/services/returns/returns-09,/api/v1/returns/09,domain-returns,returns-09,DOMAIN_POLICY_PENDING,PLANNED
410,21,returns,returns-platform,svc-0210,returns-10,team-021,10,pg-cluster-491|pg-cluster-492|pg-cluster-493|pg-cluster-494|pg-cluster-495|pg-cluster-496|pg-cluster-497|pg-cluster-498|pg-cluster-499|pg-cluster-500,returns_svc_10,returns,10,returns_svc_10.returns.consent_returns|returns_svc_10.returns.device_returns|returns_svc_10.returns.feedback_returns|returns_svc_10.returns.location_returns|returns_svc_10.returns.owner_returns|returns_svc_10.returns.permission_returns|returns_svc_10.returns.rating_returns|returns_svc_10.returns.review_returns|returns_svc_10.returns.role_returns|returns_svc_10.returns.token_returns,10,0,applications/backend/services/returns/returns-10,/api/v1/returns/10,domain-returns,returns-10,DOMAIN_POLICY_PENDING,PLANNED
411,22,refund,refund-platform,svc-0211,refund-01,team-022,10,pg-cluster-501|pg-cluster-502|pg-cluster-503|pg-cluster-504|pg-cluster-505|pg-cluster-506|pg-cluster-507|pg-cluster-508|pg-cluster-509|pg-cluster-510,refund_svc_01,refund,10,refund_svc_01.refund.account_refund|refund_svc_01.refund.address_refund|refund_svc_01.refund.event_refund|refund_svc_01.refund.history_refund|refund_svc_01.refund.mapping_refund|refund_svc_01.refund.preference_refund|refund_svc_01.refund.profile_refund|refund_svc_01.refund.rule_refund|refund_svc_01.refund.session_refund|refund_svc_01.refund.status_refund,10,0,applications/backend/services/refund/refund-01,/api/v1/refund/01,domain-refund,refund-01,DOMAIN_POLICY_PENDING,PLANNED
412,22,refund,refund-platform,svc-0212,refund-02,team-022,10,pg-cluster-511|pg-cluster-512|pg-cluster-513|pg-cluster-514|pg-cluster-515|pg-cluster-516|pg-cluster-517|pg-cluster-518|pg-cluster-519|pg-cluster-520,refund_svc_02,refund,10,refund_svc_02.refund.allocation_refund|refund_svc_02.refund.attempt_refund|refund_svc_02.refund.detail_refund|refund_svc_02.refund.item_refund|refund_svc_02.refund.movement_refund|refund_svc_02.refund.request_refund|refund_svc_02.refund.reservation_refund|refund_svc_02.refund.response_refund|refund_svc_02.refund.snapshot_refund|refund_svc_02.refund.transaction_refund,10,0,applications/backend/services/refund/refund-02,/api/v1/refund/02,domain-refund,refund-02,DOMAIN_POLICY_PENDING,PLANNED
413,22,refund,refund-platform,svc-0213,refund-03,team-022,10,pg-cluster-521|pg-cluster-522|pg-cluster-523|pg-cluster-524|pg-cluster-525|pg-cluster-526|pg-cluster-527|pg-cluster-528|pg-cluster-529|pg-cluster-530,refund_svc_03,refund,10,refund_svc_03.refund.adjustment_refund|refund_svc_03.refund.campaign_refund|refund_svc_03.refund.configuration_refund|refund_svc_03.refund.document_refund|refund_svc_03.refund.metric_refund|refund_svc_03.refund.offer_refund|refund_svc_03.refund.policy_refund|refund_svc_03.refund.redemption_refund|refund_svc_03.refund.score_refund|refund_svc_03.refund.segment_refund,10,0,applications/backend/services/refund/refund-03,/api/v1/refund/03,domain-refund,refund-03,DOMAIN_POLICY_PENDING,PLANNED
414,22,refund,refund-platform,svc-0214,refund-04,team-022,10,pg-cluster-531|pg-cluster-532|pg-cluster-533|pg-cluster-534|pg-cluster-535|pg-cluster-536|pg-cluster-537|pg-cluster-538|pg-cluster-539|pg-cluster-540,refund_svc_04,refund,10,refund_svc_04.refund.balance_refund|refund_svc_04.refund.batch_refund|refund_svc_04.refund.checkpoint_refund|refund_svc_04.refund.exception_refund|refund_svc_04.refund.invoice_refund|refund_svc_04.refund.job_refund|refund_svc_04.refund.ledger_refund|refund_svc_04.refund.line_refund|refund_svc_04.refund.run_refund|refund_svc_04.refund.task_refund,10,0,applications/backend/services/refund/refund-04,/api/v1/refund/04,domain-refund,refund-04,DOMAIN_POLICY_PENDING,PLANNED
415,22,refund,refund-platform,svc-0215,refund-05,team-022,10,pg-cluster-541|pg-cluster-542|pg-cluster-543|pg-cluster-544|pg-cluster-545|pg-cluster-546|pg-cluster-547|pg-cluster-548|pg-cluster-549|pg-cluster-550,refund_svc_05,refund,10,refund_svc_05.refund.alert_refund|refund_svc_05.refund.approval_refund|refund_svc_05.refund.assignment_refund|refund_svc_05.refund.availability_refund|refund_svc_05.refund.capacity_refund|refund_svc_05.refund.case_refund|refund_svc_05.refund.decision_refund|refund_svc_05.refund.forecast_refund|refund_svc_05.refund.schedule_refund|refund_svc_05.refund.workflow_refund,10,0,applications/backend/services/refund/refund-05,/api/v1/refund/05,domain-refund,refund-05,DOMAIN_POLICY_PENDING,PLANNED
416,22,refund,refund-platform,svc-0216,refund-06,team-022,10,pg-cluster-551|pg-cluster-552|pg-cluster-553|pg-cluster-554|pg-cluster-555|pg-cluster-556|pg-cluster-557|pg-cluster-558|pg-cluster-559|pg-cluster-560,refund_svc_06,refund,10,refund_svc_06.refund.attribute_refund|refund_svc_06.refund.category_refund|refund_svc_06.refund.collection_refund|refund_svc_06.refund.media_refund|refund_svc_06.refund.plan_refund|refund_svc_06.refund.ranking_refund|refund_svc_06.refund.relationship_refund|refund_svc_06.refund.target_refund|refund_svc_06.refund.threshold_refund|refund_svc_06.refund.variant_refund,10,0,applications/backend/services/refund/refund-06,/api/v1/refund/06,domain-refund,refund-06,DOMAIN_POLICY_PENDING,PLANNED
417,22,refund,refund-platform,svc-0217,refund-07,team-022,10,pg-cluster-561|pg-cluster-562|pg-cluster-563|pg-cluster-564|pg-cluster-565|pg-cluster-566|pg-cluster-567|pg-cluster-568|pg-cluster-569|pg-cluster-570,refund_svc_07,refund,10,refund_svc_07.refund.attribution_refund|refund_svc_07.refund.channel_refund|refund_svc_07.refund.click_refund|refund_svc_07.refund.conversion_refund|refund_svc_07.refund.delivery_refund|refund_svc_07.refund.impression_refund|refund_svc_07.refund.message_refund|refund_svc_07.refund.query_refund|refund_svc_07.refund.result_refund|refund_svc_07.refund.template_refund,10,0,applications/backend/services/refund/refund-07,/api/v1/refund/07,domain-refund,refund-07,DOMAIN_POLICY_PENDING,PLANNED
418,22,refund,refund-platform,svc-0218,refund-08,team-022,10,pg-cluster-571|pg-cluster-572|pg-cluster-573|pg-cluster-574|pg-cluster-575|pg-cluster-576|pg-cluster-577|pg-cluster-578|pg-cluster-579|pg-cluster-580,refund_svc_08,refund,10,refund_svc_08.refund.contract_refund|refund_svc_08.refund.fee_refund|refund_svc_08.refund.partner_refund|refund_svc_08.refund.payout_refund|refund_svc_08.refund.price_refund|refund_svc_08.refund.provider_refund|refund_svc_08.refund.rate_refund|refund_svc_08.refund.reconciliation_refund|refund_svc_08.refund.settlement_refund|refund_svc_08.refund.tax_refund,10,0,applications/backend/services/refund/refund-08,/api/v1/refund/08,domain-refund,refund-08,DOMAIN_POLICY_PENDING,PLANNED
419,22,refund,refund-platform,svc-0219,refund-09,team-022,10,pg-cluster-581|pg-cluster-582|pg-cluster-583|pg-cluster-584|pg-cluster-585|pg-cluster-586|pg-cluster-587|pg-cluster-588|pg-cluster-589|pg-cluster-590,refund_svc_09,refund,10,refund_svc_09.refund.bin_refund|refund_svc_09.refund.package_refund|refund_svc_09.refund.refund_master|refund_svc_09.refund.return_refund|refund_svc_09.refund.route_refund|refund_svc_09.refund.shipment_refund|refund_svc_09.refund.stock_refund|refund_svc_09.refund.stop_refund|refund_svc_09.refund.tracking_refund|refund_svc_09.refund.warehouse_refund,10,0,applications/backend/services/refund/refund-09,/api/v1/refund/09,domain-refund,refund-09,DOMAIN_POLICY_PENDING,PLANNED
420,22,refund,refund-platform,svc-0220,refund-10,team-022,10,pg-cluster-591|pg-cluster-592|pg-cluster-593|pg-cluster-594|pg-cluster-595|pg-cluster-596|pg-cluster-597|pg-cluster-598|pg-cluster-599|pg-cluster-600,refund_svc_10,refund,10,refund_svc_10.refund.consent_refund|refund_svc_10.refund.device_refund|refund_svc_10.refund.feedback_refund|refund_svc_10.refund.location_refund|refund_svc_10.refund.owner_refund|refund_svc_10.refund.permission_refund|refund_svc_10.refund.rating_refund|refund_svc_10.refund.review_refund|refund_svc_10.refund.role_refund|refund_svc_10.refund.token_refund,10,0,applications/backend/services/refund/refund-10,/api/v1/refund/10,domain-refund,refund-10,DOMAIN_POLICY_PENDING,PLANNED
421,23,exchange,exchange-platform,svc-0221,exchange-01,team-023,10,pg-cluster-601|pg-cluster-602|pg-cluster-603|pg-cluster-604|pg-cluster-605|pg-cluster-606|pg-cluster-607|pg-cluster-608|pg-cluster-609|pg-cluster-610,exchange_svc_01,exchange,10,exchange_svc_01.exchange.account_exchange|exchange_svc_01.exchange.address_exchange|exchange_svc_01.exchange.event_exchange|exchange_svc_01.exchange.history_exchange|exchange_svc_01.exchange.mapping_exchange|exchange_svc_01.exchange.preference_exchange|exchange_svc_01.exchange.profile_exchange|exchange_svc_01.exchange.rule_exchange|exchange_svc_01.exchange.session_exchange|exchange_svc_01.exchange.status_exchange,10,0,applications/backend/services/exchange/exchange-01,/api/v1/exchange/01,domain-exchange,exchange-01,DOMAIN_POLICY_PENDING,PLANNED
422,23,exchange,exchange-platform,svc-0222,exchange-02,team-023,10,pg-cluster-611|pg-cluster-612|pg-cluster-613|pg-cluster-614|pg-cluster-615|pg-cluster-616|pg-cluster-617|pg-cluster-618|pg-cluster-619|pg-cluster-620,exchange_svc_02,exchange,10,exchange_svc_02.exchange.allocation_exchange|exchange_svc_02.exchange.attempt_exchange|exchange_svc_02.exchange.detail_exchange|exchange_svc_02.exchange.item_exchange|exchange_svc_02.exchange.movement_exchange|exchange_svc_02.exchange.request_exchange|exchange_svc_02.exchange.reservation_exchange|exchange_svc_02.exchange.response_exchange|exchange_svc_02.exchange.snapshot_exchange|exchange_svc_02.exchange.transaction_exchange,10,0,applications/backend/services/exchange/exchange-02,/api/v1/exchange/02,domain-exchange,exchange-02,DOMAIN_POLICY_PENDING,PLANNED
423,23,exchange,exchange-platform,svc-0223,exchange-03,team-023,10,pg-cluster-621|pg-cluster-622|pg-cluster-623|pg-cluster-624|pg-cluster-625|pg-cluster-626|pg-cluster-627|pg-cluster-628|pg-cluster-629|pg-cluster-630,exchange_svc_03,exchange,10,exchange_svc_03.exchange.adjustment_exchange|exchange_svc_03.exchange.campaign_exchange|exchange_svc_03.exchange.configuration_exchange|exchange_svc_03.exchange.document_exchange|exchange_svc_03.exchange.metric_exchange|exchange_svc_03.exchange.offer_exchange|exchange_svc_03.exchange.policy_exchange|exchange_svc_03.exchange.redemption_exchange|exchange_svc_03.exchange.score_exchange|exchange_svc_03.exchange.segment_exchange,10,0,applications/backend/services/exchange/exchange-03,/api/v1/exchange/03,domain-exchange,exchange-03,DOMAIN_POLICY_PENDING,PLANNED
424,23,exchange,exchange-platform,svc-0224,exchange-04,team-023,10,pg-cluster-631|pg-cluster-632|pg-cluster-633|pg-cluster-634|pg-cluster-635|pg-cluster-636|pg-cluster-637|pg-cluster-638|pg-cluster-639|pg-cluster-640,exchange_svc_04,exchange,10,exchange_svc_04.exchange.balance_exchange|exchange_svc_04.exchange.batch_exchange|exchange_svc_04.exchange.checkpoint_exchange|exchange_svc_04.exchange.exception_exchange|exchange_svc_04.exchange.invoice_exchange|exchange_svc_04.exchange.job_exchange|exchange_svc_04.exchange.ledger_exchange|exchange_svc_04.exchange.line_exchange|exchange_svc_04.exchange.run_exchange|exchange_svc_04.exchange.task_exchange,10,0,applications/backend/services/exchange/exchange-04,/api/v1/exchange/04,domain-exchange,exchange-04,DOMAIN_POLICY_PENDING,PLANNED
425,23,exchange,exchange-platform,svc-0225,exchange-05,team-023,10,pg-cluster-641|pg-cluster-642|pg-cluster-643|pg-cluster-644|pg-cluster-645|pg-cluster-646|pg-cluster-647|pg-cluster-648|pg-cluster-649|pg-cluster-650,exchange_svc_05,exchange,10,exchange_svc_05.exchange.alert_exchange|exchange_svc_05.exchange.approval_exchange|exchange_svc_05.exchange.assignment_exchange|exchange_svc_05.exchange.availability_exchange|exchange_svc_05.exchange.capacity_exchange|exchange_svc_05.exchange.case_exchange|exchange_svc_05.exchange.decision_exchange|exchange_svc_05.exchange.forecast_exchange|exchange_svc_05.exchange.schedule_exchange|exchange_svc_05.exchange.workflow_exchange,10,0,applications/backend/services/exchange/exchange-05,/api/v1/exchange/05,domain-exchange,exchange-05,DOMAIN_POLICY_PENDING,PLANNED
426,23,exchange,exchange-platform,svc-0226,exchange-06,team-023,10,pg-cluster-651|pg-cluster-652|pg-cluster-653|pg-cluster-654|pg-cluster-655|pg-cluster-656|pg-cluster-657|pg-cluster-658|pg-cluster-659|pg-cluster-660,exchange_svc_06,exchange,10,exchange_svc_06.exchange.attribute_exchange|exchange_svc_06.exchange.category_exchange|exchange_svc_06.exchange.collection_exchange|exchange_svc_06.exchange.media_exchange|exchange_svc_06.exchange.plan_exchange|exchange_svc_06.exchange.ranking_exchange|exchange_svc_06.exchange.relationship_exchange|exchange_svc_06.exchange.target_exchange|exchange_svc_06.exchange.threshold_exchange|exchange_svc_06.exchange.variant_exchange,10,0,applications/backend/services/exchange/exchange-06,/api/v1/exchange/06,domain-exchange,exchange-06,DOMAIN_POLICY_PENDING,PLANNED
427,23,exchange,exchange-platform,svc-0227,exchange-07,team-023,10,pg-cluster-661|pg-cluster-662|pg-cluster-663|pg-cluster-664|pg-cluster-665|pg-cluster-666|pg-cluster-667|pg-cluster-668|pg-cluster-669|pg-cluster-670,exchange_svc_07,exchange,10,exchange_svc_07.exchange.attribution_exchange|exchange_svc_07.exchange.channel_exchange|exchange_svc_07.exchange.click_exchange|exchange_svc_07.exchange.conversion_exchange|exchange_svc_07.exchange.delivery_exchange|exchange_svc_07.exchange.impression_exchange|exchange_svc_07.exchange.message_exchange|exchange_svc_07.exchange.query_exchange|exchange_svc_07.exchange.result_exchange|exchange_svc_07.exchange.template_exchange,10,0,applications/backend/services/exchange/exchange-07,/api/v1/exchange/07,domain-exchange,exchange-07,DOMAIN_POLICY_PENDING,PLANNED
428,23,exchange,exchange-platform,svc-0228,exchange-08,team-023,10,pg-cluster-671|pg-cluster-672|pg-cluster-673|pg-cluster-674|pg-cluster-675|pg-cluster-676|pg-cluster-677|pg-cluster-678|pg-cluster-679|pg-cluster-680,exchange_svc_08,exchange,10,exchange_svc_08.exchange.contract_exchange|exchange_svc_08.exchange.fee_exchange|exchange_svc_08.exchange.partner_exchange|exchange_svc_08.exchange.payout_exchange|exchange_svc_08.exchange.price_exchange|exchange_svc_08.exchange.provider_exchange|exchange_svc_08.exchange.rate_exchange|exchange_svc_08.exchange.reconciliation_exchange|exchange_svc_08.exchange.settlement_exchange|exchange_svc_08.exchange.tax_exchange,10,0,applications/backend/services/exchange/exchange-08,/api/v1/exchange/08,domain-exchange,exchange-08,DOMAIN_POLICY_PENDING,PLANNED
429,23,exchange,exchange-platform,svc-0229,exchange-09,team-023,10,pg-cluster-681|pg-cluster-682|pg-cluster-683|pg-cluster-684|pg-cluster-685|pg-cluster-686|pg-cluster-687|pg-cluster-688|pg-cluster-689|pg-cluster-690,exchange_svc_09,exchange,10,exchange_svc_09.exchange.bin_exchange|exchange_svc_09.exchange.package_exchange|exchange_svc_09.exchange.refund_exchange|exchange_svc_09.exchange.return_exchange|exchange_svc_09.exchange.route_exchange|exchange_svc_09.exchange.shipment_exchange|exchange_svc_09.exchange.stock_exchange|exchange_svc_09.exchange.stop_exchange|exchange_svc_09.exchange.tracking_exchange|exchange_svc_09.exchange.warehouse_exchange,10,0,applications/backend/services/exchange/exchange-09,/api/v1/exchange/09,domain-exchange,exchange-09,DOMAIN_POLICY_PENDING,PLANNED
430,23,exchange,exchange-platform,svc-0230,exchange-10,team-023,10,pg-cluster-691|pg-cluster-692|pg-cluster-693|pg-cluster-694|pg-cluster-695|pg-cluster-696|pg-cluster-697|pg-cluster-698|pg-cluster-699|pg-cluster-700,exchange_svc_10,exchange,10,exchange_svc_10.exchange.consent_exchange|exchange_svc_10.exchange.device_exchange|exchange_svc_10.exchange.feedback_exchange|exchange_svc_10.exchange.location_exchange|exchange_svc_10.exchange.owner_exchange|exchange_svc_10.exchange.permission_exchange|exchange_svc_10.exchange.rating_exchange|exchange_svc_10.exchange.review_exchange|exchange_svc_10.exchange.role_exchange|exchange_svc_10.exchange.token_exchange,10,0,applications/backend/services/exchange/exchange-10,/api/v1/exchange/10,domain-exchange,exchange-10,DOMAIN_POLICY_PENDING,PLANNED
431,24,loyalty,loyalty-platform,svc-0231,loyalty-01,team-024,10,pg-cluster-701|pg-cluster-702|pg-cluster-703|pg-cluster-704|pg-cluster-705|pg-cluster-706|pg-cluster-707|pg-cluster-708|pg-cluster-709|pg-cluster-710,loyalty_svc_01,loyalty,10,loyalty_svc_01.loyalty.account_loyalty|loyalty_svc_01.loyalty.address_loyalty|loyalty_svc_01.loyalty.event_loyalty|loyalty_svc_01.loyalty.history_loyalty|loyalty_svc_01.loyalty.mapping_loyalty|loyalty_svc_01.loyalty.preference_loyalty|loyalty_svc_01.loyalty.profile_loyalty|loyalty_svc_01.loyalty.rule_loyalty|loyalty_svc_01.loyalty.session_loyalty|loyalty_svc_01.loyalty.status_loyalty,10,0,applications/backend/services/loyalty/loyalty-01,/api/v1/loyalty/01,domain-loyalty,loyalty-01,DOMAIN_POLICY_PENDING,PLANNED
432,24,loyalty,loyalty-platform,svc-0232,loyalty-02,team-024,10,pg-cluster-711|pg-cluster-712|pg-cluster-713|pg-cluster-714|pg-cluster-715|pg-cluster-716|pg-cluster-717|pg-cluster-718|pg-cluster-719|pg-cluster-720,loyalty_svc_02,loyalty,10,loyalty_svc_02.loyalty.allocation_loyalty|loyalty_svc_02.loyalty.attempt_loyalty|loyalty_svc_02.loyalty.detail_loyalty|loyalty_svc_02.loyalty.item_loyalty|loyalty_svc_02.loyalty.movement_loyalty|loyalty_svc_02.loyalty.request_loyalty|loyalty_svc_02.loyalty.reservation_loyalty|loyalty_svc_02.loyalty.response_loyalty|loyalty_svc_02.loyalty.snapshot_loyalty|loyalty_svc_02.loyalty.transaction_loyalty,10,0,applications/backend/services/loyalty/loyalty-02,/api/v1/loyalty/02,domain-loyalty,loyalty-02,DOMAIN_POLICY_PENDING,PLANNED
433,24,loyalty,loyalty-platform,svc-0233,loyalty-03,team-024,10,pg-cluster-721|pg-cluster-722|pg-cluster-723|pg-cluster-724|pg-cluster-725|pg-cluster-726|pg-cluster-727|pg-cluster-728|pg-cluster-729|pg-cluster-730,loyalty_svc_03,loyalty,10,loyalty_svc_03.loyalty.adjustment_loyalty|loyalty_svc_03.loyalty.campaign_loyalty|loyalty_svc_03.loyalty.configuration_loyalty|loyalty_svc_03.loyalty.document_loyalty|loyalty_svc_03.loyalty.metric_loyalty|loyalty_svc_03.loyalty.offer_loyalty|loyalty_svc_03.loyalty.policy_loyalty|loyalty_svc_03.loyalty.redemption_loyalty|loyalty_svc_03.loyalty.score_loyalty|loyalty_svc_03.loyalty.segment_loyalty,10,0,applications/backend/services/loyalty/loyalty-03,/api/v1/loyalty/03,domain-loyalty,loyalty-03,DOMAIN_POLICY_PENDING,PLANNED
434,24,loyalty,loyalty-platform,svc-0234,loyalty-04,team-024,10,pg-cluster-731|pg-cluster-732|pg-cluster-733|pg-cluster-734|pg-cluster-735|pg-cluster-736|pg-cluster-737|pg-cluster-738|pg-cluster-739|pg-cluster-740,loyalty_svc_04,loyalty,10,loyalty_svc_04.loyalty.balance_loyalty|loyalty_svc_04.loyalty.batch_loyalty|loyalty_svc_04.loyalty.checkpoint_loyalty|loyalty_svc_04.loyalty.exception_loyalty|loyalty_svc_04.loyalty.invoice_loyalty|loyalty_svc_04.loyalty.job_loyalty|loyalty_svc_04.loyalty.ledger_loyalty|loyalty_svc_04.loyalty.line_loyalty|loyalty_svc_04.loyalty.run_loyalty|loyalty_svc_04.loyalty.task_loyalty,10,0,applications/backend/services/loyalty/loyalty-04,/api/v1/loyalty/04,domain-loyalty,loyalty-04,DOMAIN_POLICY_PENDING,PLANNED
435,24,loyalty,loyalty-platform,svc-0235,loyalty-05,team-024,10,pg-cluster-741|pg-cluster-742|pg-cluster-743|pg-cluster-744|pg-cluster-745|pg-cluster-746|pg-cluster-747|pg-cluster-748|pg-cluster-749|pg-cluster-750,loyalty_svc_05,loyalty,10,loyalty_svc_05.loyalty.alert_loyalty|loyalty_svc_05.loyalty.approval_loyalty|loyalty_svc_05.loyalty.assignment_loyalty|loyalty_svc_05.loyalty.availability_loyalty|loyalty_svc_05.loyalty.capacity_loyalty|loyalty_svc_05.loyalty.case_loyalty|loyalty_svc_05.loyalty.decision_loyalty|loyalty_svc_05.loyalty.forecast_loyalty|loyalty_svc_05.loyalty.schedule_loyalty|loyalty_svc_05.loyalty.workflow_loyalty,10,0,applications/backend/services/loyalty/loyalty-05,/api/v1/loyalty/05,domain-loyalty,loyalty-05,DOMAIN_POLICY_PENDING,PLANNED
436,24,loyalty,loyalty-platform,svc-0236,loyalty-06,team-024,10,pg-cluster-751|pg-cluster-752|pg-cluster-753|pg-cluster-754|pg-cluster-755|pg-cluster-756|pg-cluster-757|pg-cluster-758|pg-cluster-759|pg-cluster-760,loyalty_svc_06,loyalty,10,loyalty_svc_06.loyalty.attribute_loyalty|loyalty_svc_06.loyalty.category_loyalty|loyalty_svc_06.loyalty.collection_loyalty|loyalty_svc_06.loyalty.media_loyalty|loyalty_svc_06.loyalty.plan_loyalty|loyalty_svc_06.loyalty.ranking_loyalty|loyalty_svc_06.loyalty.relationship_loyalty|loyalty_svc_06.loyalty.target_loyalty|loyalty_svc_06.loyalty.threshold_loyalty|loyalty_svc_06.loyalty.variant_loyalty,10,0,applications/backend/services/loyalty/loyalty-06,/api/v1/loyalty/06,domain-loyalty,loyalty-06,DOMAIN_POLICY_PENDING,PLANNED
437,24,loyalty,loyalty-platform,svc-0237,loyalty-07,team-024,10,pg-cluster-761|pg-cluster-762|pg-cluster-763|pg-cluster-764|pg-cluster-765|pg-cluster-766|pg-cluster-767|pg-cluster-768|pg-cluster-769|pg-cluster-770,loyalty_svc_07,loyalty,10,loyalty_svc_07.loyalty.attribution_loyalty|loyalty_svc_07.loyalty.channel_loyalty|loyalty_svc_07.loyalty.click_loyalty|loyalty_svc_07.loyalty.conversion_loyalty|loyalty_svc_07.loyalty.delivery_loyalty|loyalty_svc_07.loyalty.impression_loyalty|loyalty_svc_07.loyalty.message_loyalty|loyalty_svc_07.loyalty.query_loyalty|loyalty_svc_07.loyalty.result_loyalty|loyalty_svc_07.loyalty.template_loyalty,10,0,applications/backend/services/loyalty/loyalty-07,/api/v1/loyalty/07,domain-loyalty,loyalty-07,DOMAIN_POLICY_PENDING,PLANNED
438,24,loyalty,loyalty-platform,svc-0238,loyalty-08,team-024,10,pg-cluster-771|pg-cluster-772|pg-cluster-773|pg-cluster-774|pg-cluster-775|pg-cluster-776|pg-cluster-777|pg-cluster-778|pg-cluster-779|pg-cluster-780,loyalty_svc_08,loyalty,10,loyalty_svc_08.loyalty.contract_loyalty|loyalty_svc_08.loyalty.fee_loyalty|loyalty_svc_08.loyalty.partner_loyalty|loyalty_svc_08.loyalty.payout_loyalty|loyalty_svc_08.loyalty.price_loyalty|loyalty_svc_08.loyalty.provider_loyalty|loyalty_svc_08.loyalty.rate_loyalty|loyalty_svc_08.loyalty.reconciliation_loyalty|loyalty_svc_08.loyalty.settlement_loyalty|loyalty_svc_08.loyalty.tax_loyalty,10,0,applications/backend/services/loyalty/loyalty-08,/api/v1/loyalty/08,domain-loyalty,loyalty-08,DOMAIN_POLICY_PENDING,PLANNED
439,24,loyalty,loyalty-platform,svc-0239,loyalty-09,team-024,10,pg-cluster-781|pg-cluster-782|pg-cluster-783|pg-cluster-784|pg-cluster-785|pg-cluster-786|pg-cluster-787|pg-cluster-788|pg-cluster-789|pg-cluster-790,loyalty_svc_09,loyalty,10,loyalty_svc_09.loyalty.bin_loyalty|loyalty_svc_09.loyalty.package_loyalty|loyalty_svc_09.loyalty.refund_loyalty|loyalty_svc_09.loyalty.return_loyalty|loyalty_svc_09.loyalty.route_loyalty|loyalty_svc_09.loyalty.shipment_loyalty|loyalty_svc_09.loyalty.stock_loyalty|loyalty_svc_09.loyalty.stop_loyalty|loyalty_svc_09.loyalty.tracking_loyalty|loyalty_svc_09.loyalty.warehouse_loyalty,10,0,applications/backend/services/loyalty/loyalty-09,/api/v1/loyalty/09,domain-loyalty,loyalty-09,DOMAIN_POLICY_PENDING,PLANNED
440,24,loyalty,loyalty-platform,svc-0240,loyalty-10,team-024,10,pg-cluster-791|pg-cluster-792|pg-cluster-793|pg-cluster-794|pg-cluster-795|pg-cluster-796|pg-cluster-797|pg-cluster-798|pg-cluster-799|pg-cluster-800,loyalty_svc_10,loyalty,10,loyalty_svc_10.loyalty.consent_loyalty|loyalty_svc_10.loyalty.device_loyalty|loyalty_svc_10.loyalty.feedback_loyalty|loyalty_svc_10.loyalty.location_loyalty|loyalty_svc_10.loyalty.owner_loyalty|loyalty_svc_10.loyalty.permission_loyalty|loyalty_svc_10.loyalty.rating_loyalty|loyalty_svc_10.loyalty.review_loyalty|loyalty_svc_10.loyalty.role_loyalty|loyalty_svc_10.loyalty.token_loyalty,10,0,applications/backend/services/loyalty/loyalty-10,/api/v1/loyalty/10,domain-loyalty,loyalty-10,DOMAIN_POLICY_PENDING,PLANNED
441,25,gift_card,gift_card-platform,svc-0241,gift_card-01,team-025,10,pg-cluster-001|pg-cluster-002|pg-cluster-003|pg-cluster-004|pg-cluster-005|pg-cluster-006|pg-cluster-007|pg-cluster-008|pg-cluster-009|pg-cluster-010,gift_card_svc_01,gift_card,10,gift_card_svc_01.gift_card.account_gift_card|gift_card_svc_01.gift_card.address_gift_card|gift_card_svc_01.gift_card.event_gift_card|gift_card_svc_01.gift_card.history_gift_card|gift_card_svc_01.gift_card.mapping_gift_card|gift_card_svc_01.gift_card.preference_gift_card|gift_card_svc_01.gift_card.profile_gift_card|gift_card_svc_01.gift_card.rule_gift_card|gift_card_svc_01.gift_card.session_gift_card|gift_card_svc_01.gift_card.status_gift_card,10,0,applications/backend/services/gift_card/gift_card-01,/api/v1/gift_card/01,domain-gift_card,gift_card-01,DOMAIN_POLICY_PENDING,PLANNED
442,25,gift_card,gift_card-platform,svc-0242,gift_card-02,team-025,10,pg-cluster-011|pg-cluster-012|pg-cluster-013|pg-cluster-014|pg-cluster-015|pg-cluster-016|pg-cluster-017|pg-cluster-018|pg-cluster-019|pg-cluster-020,gift_card_svc_02,gift_card,10,gift_card_svc_02.gift_card.allocation_gift_card|gift_card_svc_02.gift_card.attempt_gift_card|gift_card_svc_02.gift_card.detail_gift_card|gift_card_svc_02.gift_card.item_gift_card|gift_card_svc_02.gift_card.movement_gift_card|gift_card_svc_02.gift_card.request_gift_card|gift_card_svc_02.gift_card.reservation_gift_card|gift_card_svc_02.gift_card.response_gift_card|gift_card_svc_02.gift_card.snapshot_gift_card|gift_card_svc_02.gift_card.transaction_gift_card,10,0,applications/backend/services/gift_card/gift_card-02,/api/v1/gift_card/02,domain-gift_card,gift_card-02,DOMAIN_POLICY_PENDING,PLANNED
443,25,gift_card,gift_card-platform,svc-0243,gift_card-03,team-025,10,pg-cluster-021|pg-cluster-022|pg-cluster-023|pg-cluster-024|pg-cluster-025|pg-cluster-026|pg-cluster-027|pg-cluster-028|pg-cluster-029|pg-cluster-030,gift_card_svc_03,gift_card,10,gift_card_svc_03.gift_card.adjustment_gift_card|gift_card_svc_03.gift_card.campaign_gift_card|gift_card_svc_03.gift_card.configuration_gift_card|gift_card_svc_03.gift_card.document_gift_card|gift_card_svc_03.gift_card.metric_gift_card|gift_card_svc_03.gift_card.offer_gift_card|gift_card_svc_03.gift_card.policy_gift_card|gift_card_svc_03.gift_card.redemption_gift_card|gift_card_svc_03.gift_card.score_gift_card|gift_card_svc_03.gift_card.segment_gift_card,10,0,applications/backend/services/gift_card/gift_card-03,/api/v1/gift_card/03,domain-gift_card,gift_card-03,DOMAIN_POLICY_PENDING,PLANNED
444,25,gift_card,gift_card-platform,svc-0244,gift_card-04,team-025,10,pg-cluster-031|pg-cluster-032|pg-cluster-033|pg-cluster-034|pg-cluster-035|pg-cluster-036|pg-cluster-037|pg-cluster-038|pg-cluster-039|pg-cluster-040,gift_card_svc_04,gift_card,10,gift_card_svc_04.gift_card.balance_gift_card|gift_card_svc_04.gift_card.batch_gift_card|gift_card_svc_04.gift_card.checkpoint_gift_card|gift_card_svc_04.gift_card.exception_gift_card|gift_card_svc_04.gift_card.invoice_gift_card|gift_card_svc_04.gift_card.job_gift_card|gift_card_svc_04.gift_card.ledger_gift_card|gift_card_svc_04.gift_card.line_gift_card|gift_card_svc_04.gift_card.run_gift_card|gift_card_svc_04.gift_card.task_gift_card,10,0,applications/backend/services/gift_card/gift_card-04,/api/v1/gift_card/04,domain-gift_card,gift_card-04,DOMAIN_POLICY_PENDING,PLANNED
445,25,gift_card,gift_card-platform,svc-0245,gift_card-05,team-025,10,pg-cluster-041|pg-cluster-042|pg-cluster-043|pg-cluster-044|pg-cluster-045|pg-cluster-046|pg-cluster-047|pg-cluster-048|pg-cluster-049|pg-cluster-050,gift_card_svc_05,gift_card,10,gift_card_svc_05.gift_card.alert_gift_card|gift_card_svc_05.gift_card.approval_gift_card|gift_card_svc_05.gift_card.assignment_gift_card|gift_card_svc_05.gift_card.availability_gift_card|gift_card_svc_05.gift_card.capacity_gift_card|gift_card_svc_05.gift_card.case_gift_card|gift_card_svc_05.gift_card.decision_gift_card|gift_card_svc_05.gift_card.forecast_gift_card|gift_card_svc_05.gift_card.schedule_gift_card|gift_card_svc_05.gift_card.workflow_gift_card,10,0,applications/backend/services/gift_card/gift_card-05,/api/v1/gift_card/05,domain-gift_card,gift_card-05,DOMAIN_POLICY_PENDING,PLANNED
446,25,gift_card,gift_card-platform,svc-0246,gift_card-06,team-025,10,pg-cluster-051|pg-cluster-052|pg-cluster-053|pg-cluster-054|pg-cluster-055|pg-cluster-056|pg-cluster-057|pg-cluster-058|pg-cluster-059|pg-cluster-060,gift_card_svc_06,gift_card,10,gift_card_svc_06.gift_card.attribute_gift_card|gift_card_svc_06.gift_card.category_gift_card|gift_card_svc_06.gift_card.collection_gift_card|gift_card_svc_06.gift_card.media_gift_card|gift_card_svc_06.gift_card.plan_gift_card|gift_card_svc_06.gift_card.ranking_gift_card|gift_card_svc_06.gift_card.relationship_gift_card|gift_card_svc_06.gift_card.target_gift_card|gift_card_svc_06.gift_card.threshold_gift_card|gift_card_svc_06.gift_card.variant_gift_card,10,0,applications/backend/services/gift_card/gift_card-06,/api/v1/gift_card/06,domain-gift_card,gift_card-06,DOMAIN_POLICY_PENDING,PLANNED
447,25,gift_card,gift_card-platform,svc-0247,gift_card-07,team-025,10,pg-cluster-061|pg-cluster-062|pg-cluster-063|pg-cluster-064|pg-cluster-065|pg-cluster-066|pg-cluster-067|pg-cluster-068|pg-cluster-069|pg-cluster-070,gift_card_svc_07,gift_card,10,gift_card_svc_07.gift_card.attribution_gift_card|gift_card_svc_07.gift_card.channel_gift_card|gift_card_svc_07.gift_card.click_gift_card|gift_card_svc_07.gift_card.conversion_gift_card|gift_card_svc_07.gift_card.delivery_gift_card|gift_card_svc_07.gift_card.impression_gift_card|gift_card_svc_07.gift_card.message_gift_card|gift_card_svc_07.gift_card.query_gift_card|gift_card_svc_07.gift_card.result_gift_card|gift_card_svc_07.gift_card.template_gift_card,10,0,applications/backend/services/gift_card/gift_card-07,/api/v1/gift_card/07,domain-gift_card,gift_card-07,DOMAIN_POLICY_PENDING,PLANNED
448,25,gift_card,gift_card-platform,svc-0248,gift_card-08,team-025,10,pg-cluster-071|pg-cluster-072|pg-cluster-073|pg-cluster-074|pg-cluster-075|pg-cluster-076|pg-cluster-077|pg-cluster-078|pg-cluster-079|pg-cluster-080,gift_card_svc_08,gift_card,10,gift_card_svc_08.gift_card.contract_gift_card|gift_card_svc_08.gift_card.fee_gift_card|gift_card_svc_08.gift_card.partner_gift_card|gift_card_svc_08.gift_card.payout_gift_card|gift_card_svc_08.gift_card.price_gift_card|gift_card_svc_08.gift_card.provider_gift_card|gift_card_svc_08.gift_card.rate_gift_card|gift_card_svc_08.gift_card.reconciliation_gift_card|gift_card_svc_08.gift_card.settlement_gift_card|gift_card_svc_08.gift_card.tax_gift_card,10,0,applications/backend/services/gift_card/gift_card-08,/api/v1/gift_card/08,domain-gift_card,gift_card-08,DOMAIN_POLICY_PENDING,PLANNED
449,25,gift_card,gift_card-platform,svc-0249,gift_card-09,team-025,10,pg-cluster-081|pg-cluster-082|pg-cluster-083|pg-cluster-084|pg-cluster-085|pg-cluster-086|pg-cluster-087|pg-cluster-088|pg-cluster-089|pg-cluster-090,gift_card_svc_09,gift_card,10,gift_card_svc_09.gift_card.bin_gift_card|gift_card_svc_09.gift_card.package_gift_card|gift_card_svc_09.gift_card.refund_gift_card|gift_card_svc_09.gift_card.return_gift_card|gift_card_svc_09.gift_card.route_gift_card|gift_card_svc_09.gift_card.shipment_gift_card|gift_card_svc_09.gift_card.stock_gift_card|gift_card_svc_09.gift_card.stop_gift_card|gift_card_svc_09.gift_card.tracking_gift_card|gift_card_svc_09.gift_card.warehouse_gift_card,10,0,applications/backend/services/gift_card/gift_card-09,/api/v1/gift_card/09,domain-gift_card,gift_card-09,DOMAIN_POLICY_PENDING,PLANNED
450,25,gift_card,gift_card-platform,svc-0250,gift_card-10,team-025,10,pg-cluster-091|pg-cluster-092|pg-cluster-093|pg-cluster-094|pg-cluster-095|pg-cluster-096|pg-cluster-097|pg-cluster-098|pg-cluster-099|pg-cluster-100,gift_card_svc_10,gift_card,10,gift_card_svc_10.gift_card.consent_gift_card|gift_card_svc_10.gift_card.device_gift_card|gift_card_svc_10.gift_card.feedback_gift_card|gift_card_svc_10.gift_card.location_gift_card|gift_card_svc_10.gift_card.owner_gift_card|gift_card_svc_10.gift_card.permission_gift_card|gift_card_svc_10.gift_card.rating_gift_card|gift_card_svc_10.gift_card.review_gift_card|gift_card_svc_10.gift_card.role_gift_card|gift_card_svc_10.gift_card.token_gift_card,10,0,applications/backend/services/gift_card/gift_card-10,/api/v1/gift_card/10,domain-gift_card,gift_card-10,DOMAIN_POLICY_PENDING,PLANNED
451,26,search,search-platform,svc-0251,search-01,team-026,10,pg-cluster-101|pg-cluster-102|pg-cluster-103|pg-cluster-104|pg-cluster-105|pg-cluster-106|pg-cluster-107|pg-cluster-108|pg-cluster-109|pg-cluster-110,search_svc_01,search,10,search_svc_01.search.account_search|search_svc_01.search.address_search|search_svc_01.search.event_search|search_svc_01.search.history_search|search_svc_01.search.mapping_search|search_svc_01.search.preference_search|search_svc_01.search.profile_search|search_svc_01.search.rule_search|search_svc_01.search.session_search|search_svc_01.search.status_search,10,0,applications/backend/services/search/search-01,/api/v1/search/01,domain-search,search-01,DOMAIN_POLICY_PENDING,PLANNED
452,26,search,search-platform,svc-0252,search-02,team-026,10,pg-cluster-111|pg-cluster-112|pg-cluster-113|pg-cluster-114|pg-cluster-115|pg-cluster-116|pg-cluster-117|pg-cluster-118|pg-cluster-119|pg-cluster-120,search_svc_02,search,10,search_svc_02.search.allocation_search|search_svc_02.search.attempt_search|search_svc_02.search.detail_search|search_svc_02.search.item_search|search_svc_02.search.movement_search|search_svc_02.search.request_search|search_svc_02.search.reservation_search|search_svc_02.search.response_search|search_svc_02.search.snapshot_search|search_svc_02.search.transaction_search,10,0,applications/backend/services/search/search-02,/api/v1/search/02,domain-search,search-02,DOMAIN_POLICY_PENDING,PLANNED
453,26,search,search-platform,svc-0253,search-03,team-026,10,pg-cluster-121|pg-cluster-122|pg-cluster-123|pg-cluster-124|pg-cluster-125|pg-cluster-126|pg-cluster-127|pg-cluster-128|pg-cluster-129|pg-cluster-130,search_svc_03,search,10,search_svc_03.search.adjustment_search|search_svc_03.search.campaign_search|search_svc_03.search.configuration_search|search_svc_03.search.document_search|search_svc_03.search.metric_search|search_svc_03.search.offer_search|search_svc_03.search.policy_search|search_svc_03.search.redemption_search|search_svc_03.search.score_search|search_svc_03.search.segment_search,10,0,applications/backend/services/search/search-03,/api/v1/search/03,domain-search,search-03,DOMAIN_POLICY_PENDING,PLANNED
454,26,search,search-platform,svc-0254,search-04,team-026,10,pg-cluster-131|pg-cluster-132|pg-cluster-133|pg-cluster-134|pg-cluster-135|pg-cluster-136|pg-cluster-137|pg-cluster-138|pg-cluster-139|pg-cluster-140,search_svc_04,search,10,search_svc_04.search.balance_search|search_svc_04.search.batch_search|search_svc_04.search.checkpoint_search|search_svc_04.search.exception_search|search_svc_04.search.invoice_search|search_svc_04.search.job_search|search_svc_04.search.ledger_search|search_svc_04.search.line_search|search_svc_04.search.run_search|search_svc_04.search.task_search,10,0,applications/backend/services/search/search-04,/api/v1/search/04,domain-search,search-04,DOMAIN_POLICY_PENDING,PLANNED
455,26,search,search-platform,svc-0255,search-05,team-026,10,pg-cluster-141|pg-cluster-142|pg-cluster-143|pg-cluster-144|pg-cluster-145|pg-cluster-146|pg-cluster-147|pg-cluster-148|pg-cluster-149|pg-cluster-150,search_svc_05,search,10,search_svc_05.search.alert_search|search_svc_05.search.approval_search|search_svc_05.search.assignment_search|search_svc_05.search.availability_search|search_svc_05.search.capacity_search|search_svc_05.search.case_search|search_svc_05.search.decision_search|search_svc_05.search.forecast_search|search_svc_05.search.schedule_search|search_svc_05.search.workflow_search,10,0,applications/backend/services/search/search-05,/api/v1/search/05,domain-search,search-05,DOMAIN_POLICY_PENDING,PLANNED
456,26,search,search-platform,svc-0256,search-06,team-026,10,pg-cluster-151|pg-cluster-152|pg-cluster-153|pg-cluster-154|pg-cluster-155|pg-cluster-156|pg-cluster-157|pg-cluster-158|pg-cluster-159|pg-cluster-160,search_svc_06,search,10,search_svc_06.search.attribute_search|search_svc_06.search.category_search|search_svc_06.search.collection_search|search_svc_06.search.media_search|search_svc_06.search.plan_search|search_svc_06.search.ranking_search|search_svc_06.search.relationship_search|search_svc_06.search.target_search|search_svc_06.search.threshold_search|search_svc_06.search.variant_search,10,0,applications/backend/services/search/search-06,/api/v1/search/06,domain-search,search-06,DOMAIN_POLICY_PENDING,PLANNED
457,26,search,search-platform,svc-0257,search-07,team-026,10,pg-cluster-161|pg-cluster-162|pg-cluster-163|pg-cluster-164|pg-cluster-165|pg-cluster-166|pg-cluster-167|pg-cluster-168|pg-cluster-169|pg-cluster-170,search_svc_07,search,10,search_svc_07.search.attribution_search|search_svc_07.search.channel_search|search_svc_07.search.click_search|search_svc_07.search.conversion_search|search_svc_07.search.delivery_search|search_svc_07.search.impression_search|search_svc_07.search.message_search|search_svc_07.search.query_search|search_svc_07.search.result_search|search_svc_07.search.template_search,10,0,applications/backend/services/search/search-07,/api/v1/search/07,domain-search,search-07,DOMAIN_POLICY_PENDING,PLANNED
458,26,search,search-platform,svc-0258,search-08,team-026,10,pg-cluster-171|pg-cluster-172|pg-cluster-173|pg-cluster-174|pg-cluster-175|pg-cluster-176|pg-cluster-177|pg-cluster-178|pg-cluster-179|pg-cluster-180,search_svc_08,search,10,search_svc_08.search.contract_search|search_svc_08.search.fee_search|search_svc_08.search.partner_search|search_svc_08.search.payout_search|search_svc_08.search.price_search|search_svc_08.search.provider_search|search_svc_08.search.rate_search|search_svc_08.search.reconciliation_search|search_svc_08.search.settlement_search|search_svc_08.search.tax_search,10,0,applications/backend/services/search/search-08,/api/v1/search/08,domain-search,search-08,DOMAIN_POLICY_PENDING,PLANNED
459,26,search,search-platform,svc-0259,search-09,team-026,10,pg-cluster-181|pg-cluster-182|pg-cluster-183|pg-cluster-184|pg-cluster-185|pg-cluster-186|pg-cluster-187|pg-cluster-188|pg-cluster-189|pg-cluster-190,search_svc_09,search,10,search_svc_09.search.bin_search|search_svc_09.search.package_search|search_svc_09.search.refund_search|search_svc_09.search.return_search|search_svc_09.search.route_search|search_svc_09.search.shipment_search|search_svc_09.search.stock_search|search_svc_09.search.stop_search|search_svc_09.search.tracking_search|search_svc_09.search.warehouse_search,10,0,applications/backend/services/search/search-09,/api/v1/search/09,domain-search,search-09,DOMAIN_POLICY_PENDING,PLANNED
460,26,search,search-platform,svc-0260,search-10,team-026,10,pg-cluster-191|pg-cluster-192|pg-cluster-193|pg-cluster-194|pg-cluster-195|pg-cluster-196|pg-cluster-197|pg-cluster-198|pg-cluster-199|pg-cluster-200,search_svc_10,search,10,search_svc_10.search.consent_search|search_svc_10.search.device_search|search_svc_10.search.feedback_search|search_svc_10.search.location_search|search_svc_10.search.owner_search|search_svc_10.search.permission_search|search_svc_10.search.rating_search|search_svc_10.search.review_search|search_svc_10.search.role_search|search_svc_10.search.token_search,10,0,applications/backend/services/search/search-10,/api/v1/search/10,domain-search,search-10,DOMAIN_POLICY_PENDING,PLANNED
461,27,recommendation,recommendation-platform,svc-0261,recommendation-01,team-027,10,pg-cluster-201|pg-cluster-202|pg-cluster-203|pg-cluster-204|pg-cluster-205|pg-cluster-206|pg-cluster-207|pg-cluster-208|pg-cluster-209|pg-cluster-210,recommendation_svc_01,recommendation,10,recommendation_svc_01.recommendation.account_recommendation|recommendation_svc_01.recommendation.address_recommendation|recommendation_svc_01.recommendation.event_recommendation|recommendation_svc_01.recommendation.history_recommendation|recommendation_svc_01.recommendation.mapping_recommendation|recommendation_svc_01.recommendation.preference_recommendation|recommendation_svc_01.recommendation.profile_recommendation|recommendation_svc_01.recommendation.rule_recommendation|recommendation_svc_01.recommendation.session_recommendation|recommendation_svc_01.recommendation.status_recommendation,10,0,applications/backend/services/recommendation/recommendation-01,/api/v1/recommendation/01,domain-recommendation,recommendation-01,DOMAIN_POLICY_PENDING,PLANNED
462,27,recommendation,recommendation-platform,svc-0262,recommendation-02,team-027,10,pg-cluster-211|pg-cluster-212|pg-cluster-213|pg-cluster-214|pg-cluster-215|pg-cluster-216|pg-cluster-217|pg-cluster-218|pg-cluster-219|pg-cluster-220,recommendation_svc_02,recommendation,10,recommendation_svc_02.recommendation.allocation_recommendation|recommendation_svc_02.recommendation.attempt_recommendation|recommendation_svc_02.recommendation.detail_recommendation|recommendation_svc_02.recommendation.item_recommendation|recommendation_svc_02.recommendation.movement_recommendation|recommendation_svc_02.recommendation.request_recommendation|recommendation_svc_02.recommendation.reservation_recommendation|recommendation_svc_02.recommendation.response_recommendation|recommendation_svc_02.recommendation.snapshot_recommendation|recommendation_svc_02.recommendation.transaction_recommendation,10,0,applications/backend/services/recommendation/recommendation-02,/api/v1/recommendation/02,domain-recommendation,recommendation-02,DOMAIN_POLICY_PENDING,PLANNED
463,27,recommendation,recommendation-platform,svc-0263,recommendation-03,team-027,10,pg-cluster-221|pg-cluster-222|pg-cluster-223|pg-cluster-224|pg-cluster-225|pg-cluster-226|pg-cluster-227|pg-cluster-228|pg-cluster-229|pg-cluster-230,recommendation_svc_03,recommendation,10,recommendation_svc_03.recommendation.adjustment_recommendation|recommendation_svc_03.recommendation.campaign_recommendation|recommendation_svc_03.recommendation.configuration_recommendation|recommendation_svc_03.recommendation.document_recommendation|recommendation_svc_03.recommendation.metric_recommendation|recommendation_svc_03.recommendation.offer_recommendation|recommendation_svc_03.recommendation.policy_recommendation|recommendation_svc_03.recommendation.redemption_recommendation|recommendation_svc_03.recommendation.score_recommendation|recommendation_svc_03.recommendation.segment_recommendation,10,0,applications/backend/services/recommendation/recommendation-03,/api/v1/recommendation/03,domain-recommendation,recommendation-03,DOMAIN_POLICY_PENDING,PLANNED
464,27,recommendation,recommendation-platform,svc-0264,recommendation-04,team-027,10,pg-cluster-231|pg-cluster-232|pg-cluster-233|pg-cluster-234|pg-cluster-235|pg-cluster-236|pg-cluster-237|pg-cluster-238|pg-cluster-239|pg-cluster-240,recommendation_svc_04,recommendation,10,recommendation_svc_04.recommendation.balance_recommendation|recommendation_svc_04.recommendation.batch_recommendation|recommendation_svc_04.recommendation.checkpoint_recommendation|recommendation_svc_04.recommendation.exception_recommendation|recommendation_svc_04.recommendation.invoice_recommendation|recommendation_svc_04.recommendation.job_recommendation|recommendation_svc_04.recommendation.ledger_recommendation|recommendation_svc_04.recommendation.line_recommendation|recommendation_svc_04.recommendation.run_recommendation|recommendation_svc_04.recommendation.task_recommendation,10,0,applications/backend/services/recommendation/recommendation-04,/api/v1/recommendation/04,domain-recommendation,recommendation-04,DOMAIN_POLICY_PENDING,PLANNED
465,27,recommendation,recommendation-platform,svc-0265,recommendation-05,team-027,10,pg-cluster-241|pg-cluster-242|pg-cluster-243|pg-cluster-244|pg-cluster-245|pg-cluster-246|pg-cluster-247|pg-cluster-248|pg-cluster-249|pg-cluster-250,recommendation_svc_05,recommendation,10,recommendation_svc_05.recommendation.alert_recommendation|recommendation_svc_05.recommendation.approval_recommendation|recommendation_svc_05.recommendation.assignment_recommendation|recommendation_svc_05.recommendation.availability_recommendation|recommendation_svc_05.recommendation.capacity_recommendation|recommendation_svc_05.recommendation.case_recommendation|recommendation_svc_05.recommendation.decision_recommendation|recommendation_svc_05.recommendation.forecast_recommendation|recommendation_svc_05.recommendation.schedule_recommendation|recommendation_svc_05.recommendation.workflow_recommendation,10,0,applications/backend/services/recommendation/recommendation-05,/api/v1/recommendation/05,domain-recommendation,recommendation-05,DOMAIN_POLICY_PENDING,PLANNED
466,27,recommendation,recommendation-platform,svc-0266,recommendation-06,team-027,10,pg-cluster-251|pg-cluster-252|pg-cluster-253|pg-cluster-254|pg-cluster-255|pg-cluster-256|pg-cluster-257|pg-cluster-258|pg-cluster-259|pg-cluster-260,recommendation_svc_06,recommendation,10,recommendation_svc_06.recommendation.attribute_recommendation|recommendation_svc_06.recommendation.category_recommendation|recommendation_svc_06.recommendation.collection_recommendation|recommendation_svc_06.recommendation.media_recommendation|recommendation_svc_06.recommendation.plan_recommendation|recommendation_svc_06.recommendation.ranking_recommendation|recommendation_svc_06.recommendation.relationship_recommendation|recommendation_svc_06.recommendation.target_recommendation|recommendation_svc_06.recommendation.threshold_recommendation|recommendation_svc_06.recommendation.variant_recommendation,10,0,applications/backend/services/recommendation/recommendation-06,/api/v1/recommendation/06,domain-recommendation,recommendation-06,DOMAIN_POLICY_PENDING,PLANNED
467,27,recommendation,recommendation-platform,svc-0267,recommendation-07,team-027,10,pg-cluster-261|pg-cluster-262|pg-cluster-263|pg-cluster-264|pg-cluster-265|pg-cluster-266|pg-cluster-267|pg-cluster-268|pg-cluster-269|pg-cluster-270,recommendation_svc_07,recommendation,10,recommendation_svc_07.recommendation.attribution_recommendation|recommendation_svc_07.recommendation.channel_recommendation|recommendation_svc_07.recommendation.click_recommendation|recommendation_svc_07.recommendation.conversion_recommendation|recommendation_svc_07.recommendation.delivery_recommendation|recommendation_svc_07.recommendation.impression_recommendation|recommendation_svc_07.recommendation.message_recommendation|recommendation_svc_07.recommendation.query_recommendation|recommendation_svc_07.recommendation.result_recommendation|recommendation_svc_07.recommendation.template_recommendation,10,0,applications/backend/services/recommendation/recommendation-07,/api/v1/recommendation/07,domain-recommendation,recommendation-07,DOMAIN_POLICY_PENDING,PLANNED
468,27,recommendation,recommendation-platform,svc-0268,recommendation-08,team-027,10,pg-cluster-271|pg-cluster-272|pg-cluster-273|pg-cluster-274|pg-cluster-275|pg-cluster-276|pg-cluster-277|pg-cluster-278|pg-cluster-279|pg-cluster-280,recommendation_svc_08,recommendation,10,recommendation_svc_08.recommendation.contract_recommendation|recommendation_svc_08.recommendation.fee_recommendation|recommendation_svc_08.recommendation.partner_recommendation|recommendation_svc_08.recommendation.payout_recommendation|recommendation_svc_08.recommendation.price_recommendation|recommendation_svc_08.recommendation.provider_recommendation|recommendation_svc_08.recommendation.rate_recommendation|recommendation_svc_08.recommendation.reconciliation_recommendation|recommendation_svc_08.recommendation.settlement_recommendation|recommendation_svc_08.recommendation.tax_recommendation,10,0,applications/backend/services/recommendation/recommendation-08,/api/v1/recommendation/08,domain-recommendation,recommendation-08,DOMAIN_POLICY_PENDING,PLANNED
469,27,recommendation,recommendation-platform,svc-0269,recommendation-09,team-027,10,pg-cluster-281|pg-cluster-282|pg-cluster-283|pg-cluster-284|pg-cluster-285|pg-cluster-286|pg-cluster-287|pg-cluster-288|pg-cluster-289|pg-cluster-290,recommendation_svc_09,recommendation,10,recommendation_svc_09.recommendation.bin_recommendation|recommendation_svc_09.recommendation.package_recommendation|recommendation_svc_09.recommendation.refund_recommendation|recommendation_svc_09.recommendation.return_recommendation|recommendation_svc_09.recommendation.route_recommendation|recommendation_svc_09.recommendation.shipment_recommendation|recommendation_svc_09.recommendation.stock_recommendation|recommendation_svc_09.recommendation.stop_recommendation|recommendation_svc_09.recommendation.tracking_recommendation|recommendation_svc_09.recommendation.warehouse_recommendation,10,0,applications/backend/services/recommendation/recommendation-09,/api/v1/recommendation/09,domain-recommendation,recommendation-09,DOMAIN_POLICY_PENDING,PLANNED
470,27,recommendation,recommendation-platform,svc-0270,recommendation-10,team-027,10,pg-cluster-291|pg-cluster-292|pg-cluster-293|pg-cluster-294|pg-cluster-295|pg-cluster-296|pg-cluster-297|pg-cluster-298|pg-cluster-299|pg-cluster-300,recommendation_svc_10,recommendation,10,recommendation_svc_10.recommendation.consent_recommendation|recommendation_svc_10.recommendation.device_recommendation|recommendation_svc_10.recommendation.feedback_recommendation|recommendation_svc_10.recommendation.location_recommendation|recommendation_svc_10.recommendation.owner_recommendation|recommendation_svc_10.recommendation.permission_recommendation|recommendation_svc_10.recommendation.rating_recommendation|recommendation_svc_10.recommendation.review_recommendation|recommendation_svc_10.recommendation.role_recommendation|recommendation_svc_10.recommendation.token_recommendation,10,0,applications/backend/services/recommendation/recommendation-10,/api/v1/recommendation/10,domain-recommendation,recommendation-10,DOMAIN_POLICY_PENDING,PLANNED
471,28,advertising,advertising-platform,svc-0271,advertising-01,team-028,10,pg-cluster-301|pg-cluster-302|pg-cluster-303|pg-cluster-304|pg-cluster-305|pg-cluster-306|pg-cluster-307|pg-cluster-308|pg-cluster-309|pg-cluster-310,advertising_svc_01,advertising,10,advertising_svc_01.advertising.account_advertising|advertising_svc_01.advertising.address_advertising|advertising_svc_01.advertising.event_advertising|advertising_svc_01.advertising.history_advertising|advertising_svc_01.advertising.mapping_advertising|advertising_svc_01.advertising.preference_advertising|advertising_svc_01.advertising.profile_advertising|advertising_svc_01.advertising.rule_advertising|advertising_svc_01.advertising.session_advertising|advertising_svc_01.advertising.status_advertising,10,0,applications/backend/services/advertising/advertising-01,/api/v1/advertising/01,domain-advertising,advertising-01,DOMAIN_POLICY_PENDING,PLANNED
472,28,advertising,advertising-platform,svc-0272,advertising-02,team-028,10,pg-cluster-311|pg-cluster-312|pg-cluster-313|pg-cluster-314|pg-cluster-315|pg-cluster-316|pg-cluster-317|pg-cluster-318|pg-cluster-319|pg-cluster-320,advertising_svc_02,advertising,10,advertising_svc_02.advertising.allocation_advertising|advertising_svc_02.advertising.attempt_advertising|advertising_svc_02.advertising.detail_advertising|advertising_svc_02.advertising.item_advertising|advertising_svc_02.advertising.movement_advertising|advertising_svc_02.advertising.request_advertising|advertising_svc_02.advertising.reservation_advertising|advertising_svc_02.advertising.response_advertising|advertising_svc_02.advertising.snapshot_advertising|advertising_svc_02.advertising.transaction_advertising,10,0,applications/backend/services/advertising/advertising-02,/api/v1/advertising/02,domain-advertising,advertising-02,DOMAIN_POLICY_PENDING,PLANNED
473,28,advertising,advertising-platform,svc-0273,advertising-03,team-028,10,pg-cluster-321|pg-cluster-322|pg-cluster-323|pg-cluster-324|pg-cluster-325|pg-cluster-326|pg-cluster-327|pg-cluster-328|pg-cluster-329|pg-cluster-330,advertising_svc_03,advertising,10,advertising_svc_03.advertising.adjustment_advertising|advertising_svc_03.advertising.campaign_advertising|advertising_svc_03.advertising.configuration_advertising|advertising_svc_03.advertising.document_advertising|advertising_svc_03.advertising.metric_advertising|advertising_svc_03.advertising.offer_advertising|advertising_svc_03.advertising.policy_advertising|advertising_svc_03.advertising.redemption_advertising|advertising_svc_03.advertising.score_advertising|advertising_svc_03.advertising.segment_advertising,10,0,applications/backend/services/advertising/advertising-03,/api/v1/advertising/03,domain-advertising,advertising-03,DOMAIN_POLICY_PENDING,PLANNED
474,28,advertising,advertising-platform,svc-0274,advertising-04,team-028,10,pg-cluster-331|pg-cluster-332|pg-cluster-333|pg-cluster-334|pg-cluster-335|pg-cluster-336|pg-cluster-337|pg-cluster-338|pg-cluster-339|pg-cluster-340,advertising_svc_04,advertising,10,advertising_svc_04.advertising.balance_advertising|advertising_svc_04.advertising.batch_advertising|advertising_svc_04.advertising.checkpoint_advertising|advertising_svc_04.advertising.exception_advertising|advertising_svc_04.advertising.invoice_advertising|advertising_svc_04.advertising.job_advertising|advertising_svc_04.advertising.ledger_advertising|advertising_svc_04.advertising.line_advertising|advertising_svc_04.advertising.run_advertising|advertising_svc_04.advertising.task_advertising,10,0,applications/backend/services/advertising/advertising-04,/api/v1/advertising/04,domain-advertising,advertising-04,DOMAIN_POLICY_PENDING,PLANNED
475,28,advertising,advertising-platform,svc-0275,advertising-05,team-028,10,pg-cluster-341|pg-cluster-342|pg-cluster-343|pg-cluster-344|pg-cluster-345|pg-cluster-346|pg-cluster-347|pg-cluster-348|pg-cluster-349|pg-cluster-350,advertising_svc_05,advertising,10,advertising_svc_05.advertising.alert_advertising|advertising_svc_05.advertising.approval_advertising|advertising_svc_05.advertising.assignment_advertising|advertising_svc_05.advertising.availability_advertising|advertising_svc_05.advertising.capacity_advertising|advertising_svc_05.advertising.case_advertising|advertising_svc_05.advertising.decision_advertising|advertising_svc_05.advertising.forecast_advertising|advertising_svc_05.advertising.schedule_advertising|advertising_svc_05.advertising.workflow_advertising,10,0,applications/backend/services/advertising/advertising-05,/api/v1/advertising/05,domain-advertising,advertising-05,DOMAIN_POLICY_PENDING,PLANNED
476,28,advertising,advertising-platform,svc-0276,advertising-06,team-028,10,pg-cluster-351|pg-cluster-352|pg-cluster-353|pg-cluster-354|pg-cluster-355|pg-cluster-356|pg-cluster-357|pg-cluster-358|pg-cluster-359|pg-cluster-360,advertising_svc_06,advertising,10,advertising_svc_06.advertising.attribute_advertising|advertising_svc_06.advertising.category_advertising|advertising_svc_06.advertising.collection_advertising|advertising_svc_06.advertising.media_advertising|advertising_svc_06.advertising.plan_advertising|advertising_svc_06.advertising.ranking_advertising|advertising_svc_06.advertising.relationship_advertising|advertising_svc_06.advertising.target_advertising|advertising_svc_06.advertising.threshold_advertising|advertising_svc_06.advertising.variant_advertising,10,0,applications/backend/services/advertising/advertising-06,/api/v1/advertising/06,domain-advertising,advertising-06,DOMAIN_POLICY_PENDING,PLANNED
477,28,advertising,advertising-platform,svc-0277,advertising-07,team-028,10,pg-cluster-361|pg-cluster-362|pg-cluster-363|pg-cluster-364|pg-cluster-365|pg-cluster-366|pg-cluster-367|pg-cluster-368|pg-cluster-369|pg-cluster-370,advertising_svc_07,advertising,10,advertising_svc_07.advertising.attribution_advertising|advertising_svc_07.advertising.channel_advertising|advertising_svc_07.advertising.click_advertising|advertising_svc_07.advertising.conversion_advertising|advertising_svc_07.advertising.delivery_advertising|advertising_svc_07.advertising.impression_advertising|advertising_svc_07.advertising.message_advertising|advertising_svc_07.advertising.query_advertising|advertising_svc_07.advertising.result_advertising|advertising_svc_07.advertising.template_advertising,10,0,applications/backend/services/advertising/advertising-07,/api/v1/advertising/07,domain-advertising,advertising-07,DOMAIN_POLICY_PENDING,PLANNED
478,28,advertising,advertising-platform,svc-0278,advertising-08,team-028,10,pg-cluster-371|pg-cluster-372|pg-cluster-373|pg-cluster-374|pg-cluster-375|pg-cluster-376|pg-cluster-377|pg-cluster-378|pg-cluster-379|pg-cluster-380,advertising_svc_08,advertising,10,advertising_svc_08.advertising.contract_advertising|advertising_svc_08.advertising.fee_advertising|advertising_svc_08.advertising.partner_advertising|advertising_svc_08.advertising.payout_advertising|advertising_svc_08.advertising.price_advertising|advertising_svc_08.advertising.provider_advertising|advertising_svc_08.advertising.rate_advertising|advertising_svc_08.advertising.reconciliation_advertising|advertising_svc_08.advertising.settlement_advertising|advertising_svc_08.advertising.tax_advertising,10,0,applications/backend/services/advertising/advertising-08,/api/v1/advertising/08,domain-advertising,advertising-08,DOMAIN_POLICY_PENDING,PLANNED
479,28,advertising,advertising-platform,svc-0279,advertising-09,team-028,10,pg-cluster-381|pg-cluster-382|pg-cluster-383|pg-cluster-384|pg-cluster-385|pg-cluster-386|pg-cluster-387|pg-cluster-388|pg-cluster-389|pg-cluster-390,advertising_svc_09,advertising,10,advertising_svc_09.advertising.bin_advertising|advertising_svc_09.advertising.package_advertising|advertising_svc_09.advertising.refund_advertising|advertising_svc_09.advertising.return_advertising|advertising_svc_09.advertising.route_advertising|advertising_svc_09.advertising.shipment_advertising|advertising_svc_09.advertising.stock_advertising|advertising_svc_09.advertising.stop_advertising|advertising_svc_09.advertising.tracking_advertising|advertising_svc_09.advertising.warehouse_advertising,10,0,applications/backend/services/advertising/advertising-09,/api/v1/advertising/09,domain-advertising,advertising-09,DOMAIN_POLICY_PENDING,PLANNED
480,28,advertising,advertising-platform,svc-0280,advertising-10,team-028,10,pg-cluster-391|pg-cluster-392|pg-cluster-393|pg-cluster-394|pg-cluster-395|pg-cluster-396|pg-cluster-397|pg-cluster-398|pg-cluster-399|pg-cluster-400,advertising_svc_10,advertising,10,advertising_svc_10.advertising.consent_advertising|advertising_svc_10.advertising.device_advertising|advertising_svc_10.advertising.feedback_advertising|advertising_svc_10.advertising.location_advertising|advertising_svc_10.advertising.owner_advertising|advertising_svc_10.advertising.permission_advertising|advertising_svc_10.advertising.rating_advertising|advertising_svc_10.advertising.review_advertising|advertising_svc_10.advertising.role_advertising|advertising_svc_10.advertising.token_advertising,10,0,applications/backend/services/advertising/advertising-10,/api/v1/advertising/10,domain-advertising,advertising-10,DOMAIN_POLICY_PENDING,PLANNED
481,29,marketing,marketing-platform,svc-0281,marketing-01,team-029,10,pg-cluster-401|pg-cluster-402|pg-cluster-403|pg-cluster-404|pg-cluster-405|pg-cluster-406|pg-cluster-407|pg-cluster-408|pg-cluster-409|pg-cluster-410,marketing_svc_01,marketing,10,marketing_svc_01.marketing.account_marketing|marketing_svc_01.marketing.address_marketing|marketing_svc_01.marketing.event_marketing|marketing_svc_01.marketing.history_marketing|marketing_svc_01.marketing.mapping_marketing|marketing_svc_01.marketing.preference_marketing|marketing_svc_01.marketing.profile_marketing|marketing_svc_01.marketing.rule_marketing|marketing_svc_01.marketing.session_marketing|marketing_svc_01.marketing.status_marketing,10,0,applications/backend/services/marketing/marketing-01,/api/v1/marketing/01,domain-marketing,marketing-01,DOMAIN_POLICY_PENDING,PLANNED
482,29,marketing,marketing-platform,svc-0282,marketing-02,team-029,10,pg-cluster-411|pg-cluster-412|pg-cluster-413|pg-cluster-414|pg-cluster-415|pg-cluster-416|pg-cluster-417|pg-cluster-418|pg-cluster-419|pg-cluster-420,marketing_svc_02,marketing,10,marketing_svc_02.marketing.allocation_marketing|marketing_svc_02.marketing.attempt_marketing|marketing_svc_02.marketing.detail_marketing|marketing_svc_02.marketing.item_marketing|marketing_svc_02.marketing.movement_marketing|marketing_svc_02.marketing.request_marketing|marketing_svc_02.marketing.reservation_marketing|marketing_svc_02.marketing.response_marketing|marketing_svc_02.marketing.snapshot_marketing|marketing_svc_02.marketing.transaction_marketing,10,0,applications/backend/services/marketing/marketing-02,/api/v1/marketing/02,domain-marketing,marketing-02,DOMAIN_POLICY_PENDING,PLANNED
483,29,marketing,marketing-platform,svc-0283,marketing-03,team-029,10,pg-cluster-421|pg-cluster-422|pg-cluster-423|pg-cluster-424|pg-cluster-425|pg-cluster-426|pg-cluster-427|pg-cluster-428|pg-cluster-429|pg-cluster-430,marketing_svc_03,marketing,10,marketing_svc_03.marketing.adjustment_marketing|marketing_svc_03.marketing.campaign_marketing|marketing_svc_03.marketing.configuration_marketing|marketing_svc_03.marketing.document_marketing|marketing_svc_03.marketing.metric_marketing|marketing_svc_03.marketing.offer_marketing|marketing_svc_03.marketing.policy_marketing|marketing_svc_03.marketing.redemption_marketing|marketing_svc_03.marketing.score_marketing|marketing_svc_03.marketing.segment_marketing,10,0,applications/backend/services/marketing/marketing-03,/api/v1/marketing/03,domain-marketing,marketing-03,DOMAIN_POLICY_PENDING,PLANNED
484,29,marketing,marketing-platform,svc-0284,marketing-04,team-029,10,pg-cluster-431|pg-cluster-432|pg-cluster-433|pg-cluster-434|pg-cluster-435|pg-cluster-436|pg-cluster-437|pg-cluster-438|pg-cluster-439|pg-cluster-440,marketing_svc_04,marketing,10,marketing_svc_04.marketing.balance_marketing|marketing_svc_04.marketing.batch_marketing|marketing_svc_04.marketing.checkpoint_marketing|marketing_svc_04.marketing.exception_marketing|marketing_svc_04.marketing.invoice_marketing|marketing_svc_04.marketing.job_marketing|marketing_svc_04.marketing.ledger_marketing|marketing_svc_04.marketing.line_marketing|marketing_svc_04.marketing.run_marketing|marketing_svc_04.marketing.task_marketing,10,0,applications/backend/services/marketing/marketing-04,/api/v1/marketing/04,domain-marketing,marketing-04,DOMAIN_POLICY_PENDING,PLANNED
485,29,marketing,marketing-platform,svc-0285,marketing-05,team-029,10,pg-cluster-441|pg-cluster-442|pg-cluster-443|pg-cluster-444|pg-cluster-445|pg-cluster-446|pg-cluster-447|pg-cluster-448|pg-cluster-449|pg-cluster-450,marketing_svc_05,marketing,10,marketing_svc_05.marketing.alert_marketing|marketing_svc_05.marketing.approval_marketing|marketing_svc_05.marketing.assignment_marketing|marketing_svc_05.marketing.availability_marketing|marketing_svc_05.marketing.capacity_marketing|marketing_svc_05.marketing.case_marketing|marketing_svc_05.marketing.decision_marketing|marketing_svc_05.marketing.forecast_marketing|marketing_svc_05.marketing.schedule_marketing|marketing_svc_05.marketing.workflow_marketing,10,0,applications/backend/services/marketing/marketing-05,/api/v1/marketing/05,domain-marketing,marketing-05,DOMAIN_POLICY_PENDING,PLANNED
486,29,marketing,marketing-platform,svc-0286,marketing-06,team-029,10,pg-cluster-451|pg-cluster-452|pg-cluster-453|pg-cluster-454|pg-cluster-455|pg-cluster-456|pg-cluster-457|pg-cluster-458|pg-cluster-459|pg-cluster-460,marketing_svc_06,marketing,10,marketing_svc_06.marketing.attribute_marketing|marketing_svc_06.marketing.category_marketing|marketing_svc_06.marketing.collection_marketing|marketing_svc_06.marketing.media_marketing|marketing_svc_06.marketing.plan_marketing|marketing_svc_06.marketing.ranking_marketing|marketing_svc_06.marketing.relationship_marketing|marketing_svc_06.marketing.target_marketing|marketing_svc_06.marketing.threshold_marketing|marketing_svc_06.marketing.variant_marketing,10,0,applications/backend/services/marketing/marketing-06,/api/v1/marketing/06,domain-marketing,marketing-06,DOMAIN_POLICY_PENDING,PLANNED
487,29,marketing,marketing-platform,svc-0287,marketing-07,team-029,10,pg-cluster-461|pg-cluster-462|pg-cluster-463|pg-cluster-464|pg-cluster-465|pg-cluster-466|pg-cluster-467|pg-cluster-468|pg-cluster-469|pg-cluster-470,marketing_svc_07,marketing,10,marketing_svc_07.marketing.attribution_marketing|marketing_svc_07.marketing.channel_marketing|marketing_svc_07.marketing.click_marketing|marketing_svc_07.marketing.conversion_marketing|marketing_svc_07.marketing.delivery_marketing|marketing_svc_07.marketing.impression_marketing|marketing_svc_07.marketing.message_marketing|marketing_svc_07.marketing.query_marketing|marketing_svc_07.marketing.result_marketing|marketing_svc_07.marketing.template_marketing,10,0,applications/backend/services/marketing/marketing-07,/api/v1/marketing/07,domain-marketing,marketing-07,DOMAIN_POLICY_PENDING,PLANNED
488,29,marketing,marketing-platform,svc-0288,marketing-08,team-029,10,pg-cluster-471|pg-cluster-472|pg-cluster-473|pg-cluster-474|pg-cluster-475|pg-cluster-476|pg-cluster-477|pg-cluster-478|pg-cluster-479|pg-cluster-480,marketing_svc_08,marketing,10,marketing_svc_08.marketing.contract_marketing|marketing_svc_08.marketing.fee_marketing|marketing_svc_08.marketing.partner_marketing|marketing_svc_08.marketing.payout_marketing|marketing_svc_08.marketing.price_marketing|marketing_svc_08.marketing.provider_marketing|marketing_svc_08.marketing.rate_marketing|marketing_svc_08.marketing.reconciliation_marketing|marketing_svc_08.marketing.settlement_marketing|marketing_svc_08.marketing.tax_marketing,10,0,applications/backend/services/marketing/marketing-08,/api/v1/marketing/08,domain-marketing,marketing-08,DOMAIN_POLICY_PENDING,PLANNED
489,29,marketing,marketing-platform,svc-0289,marketing-09,team-029,10,pg-cluster-481|pg-cluster-482|pg-cluster-483|pg-cluster-484|pg-cluster-485|pg-cluster-486|pg-cluster-487|pg-cluster-488|pg-cluster-489|pg-cluster-490,marketing_svc_09,marketing,10,marketing_svc_09.marketing.bin_marketing|marketing_svc_09.marketing.package_marketing|marketing_svc_09.marketing.refund_marketing|marketing_svc_09.marketing.return_marketing|marketing_svc_09.marketing.route_marketing|marketing_svc_09.marketing.shipment_marketing|marketing_svc_09.marketing.stock_marketing|marketing_svc_09.marketing.stop_marketing|marketing_svc_09.marketing.tracking_marketing|marketing_svc_09.marketing.warehouse_marketing,10,0,applications/backend/services/marketing/marketing-09,/api/v1/marketing/09,domain-marketing,marketing-09,DOMAIN_POLICY_PENDING,PLANNED
490,29,marketing,marketing-platform,svc-0290,marketing-10,team-029,10,pg-cluster-491|pg-cluster-492|pg-cluster-493|pg-cluster-494|pg-cluster-495|pg-cluster-496|pg-cluster-497|pg-cluster-498|pg-cluster-499|pg-cluster-500,marketing_svc_10,marketing,10,marketing_svc_10.marketing.consent_marketing|marketing_svc_10.marketing.device_marketing|marketing_svc_10.marketing.feedback_marketing|marketing_svc_10.marketing.location_marketing|marketing_svc_10.marketing.owner_marketing|marketing_svc_10.marketing.permission_marketing|marketing_svc_10.marketing.rating_marketing|marketing_svc_10.marketing.review_marketing|marketing_svc_10.marketing.role_marketing|marketing_svc_10.marketing.token_marketing,10,0,applications/backend/services/marketing/marketing-10,/api/v1/marketing/10,domain-marketing,marketing-10,DOMAIN_POLICY_PENDING,PLANNED
491,30,engagement,engagement-platform,svc-0291,engagement-01,team-030,10,pg-cluster-501|pg-cluster-502|pg-cluster-503|pg-cluster-504|pg-cluster-505|pg-cluster-506|pg-cluster-507|pg-cluster-508|pg-cluster-509|pg-cluster-510,engagement_svc_01,engagement,10,engagement_svc_01.engagement.account_engagement|engagement_svc_01.engagement.address_engagement|engagement_svc_01.engagement.event_engagement|engagement_svc_01.engagement.history_engagement|engagement_svc_01.engagement.mapping_engagement|engagement_svc_01.engagement.preference_engagement|engagement_svc_01.engagement.profile_engagement|engagement_svc_01.engagement.rule_engagement|engagement_svc_01.engagement.session_engagement|engagement_svc_01.engagement.status_engagement,10,0,applications/backend/services/engagement/engagement-01,/api/v1/engagement/01,domain-engagement,engagement-01,DOMAIN_POLICY_PENDING,PLANNED
492,30,engagement,engagement-platform,svc-0292,engagement-02,team-030,10,pg-cluster-511|pg-cluster-512|pg-cluster-513|pg-cluster-514|pg-cluster-515|pg-cluster-516|pg-cluster-517|pg-cluster-518|pg-cluster-519|pg-cluster-520,engagement_svc_02,engagement,10,engagement_svc_02.engagement.allocation_engagement|engagement_svc_02.engagement.attempt_engagement|engagement_svc_02.engagement.detail_engagement|engagement_svc_02.engagement.item_engagement|engagement_svc_02.engagement.movement_engagement|engagement_svc_02.engagement.request_engagement|engagement_svc_02.engagement.reservation_engagement|engagement_svc_02.engagement.response_engagement|engagement_svc_02.engagement.snapshot_engagement|engagement_svc_02.engagement.transaction_engagement,10,0,applications/backend/services/engagement/engagement-02,/api/v1/engagement/02,domain-engagement,engagement-02,DOMAIN_POLICY_PENDING,PLANNED
493,30,engagement,engagement-platform,svc-0293,engagement-03,team-030,10,pg-cluster-521|pg-cluster-522|pg-cluster-523|pg-cluster-524|pg-cluster-525|pg-cluster-526|pg-cluster-527|pg-cluster-528|pg-cluster-529|pg-cluster-530,engagement_svc_03,engagement,10,engagement_svc_03.engagement.adjustment_engagement|engagement_svc_03.engagement.campaign_engagement|engagement_svc_03.engagement.configuration_engagement|engagement_svc_03.engagement.document_engagement|engagement_svc_03.engagement.metric_engagement|engagement_svc_03.engagement.offer_engagement|engagement_svc_03.engagement.policy_engagement|engagement_svc_03.engagement.redemption_engagement|engagement_svc_03.engagement.score_engagement|engagement_svc_03.engagement.segment_engagement,10,0,applications/backend/services/engagement/engagement-03,/api/v1/engagement/03,domain-engagement,engagement-03,DOMAIN_POLICY_PENDING,PLANNED
494,30,engagement,engagement-platform,svc-0294,engagement-04,team-030,10,pg-cluster-531|pg-cluster-532|pg-cluster-533|pg-cluster-534|pg-cluster-535|pg-cluster-536|pg-cluster-537|pg-cluster-538|pg-cluster-539|pg-cluster-540,engagement_svc_04,engagement,10,engagement_svc_04.engagement.balance_engagement|engagement_svc_04.engagement.batch_engagement|engagement_svc_04.engagement.checkpoint_engagement|engagement_svc_04.engagement.exception_engagement|engagement_svc_04.engagement.invoice_engagement|engagement_svc_04.engagement.job_engagement|engagement_svc_04.engagement.ledger_engagement|engagement_svc_04.engagement.line_engagement|engagement_svc_04.engagement.run_engagement|engagement_svc_04.engagement.task_engagement,10,0,applications/backend/services/engagement/engagement-04,/api/v1/engagement/04,domain-engagement,engagement-04,DOMAIN_POLICY_PENDING,PLANNED
495,30,engagement,engagement-platform,svc-0295,engagement-05,team-030,10,pg-cluster-541|pg-cluster-542|pg-cluster-543|pg-cluster-544|pg-cluster-545|pg-cluster-546|pg-cluster-547|pg-cluster-548|pg-cluster-549|pg-cluster-550,engagement_svc_05,engagement,10,engagement_svc_05.engagement.alert_engagement|engagement_svc_05.engagement.approval_engagement|engagement_svc_05.engagement.assignment_engagement|engagement_svc_05.engagement.availability_engagement|engagement_svc_05.engagement.capacity_engagement|engagement_svc_05.engagement.case_engagement|engagement_svc_05.engagement.decision_engagement|engagement_svc_05.engagement.forecast_engagement|engagement_svc_05.engagement.schedule_engagement|engagement_svc_05.engagement.workflow_engagement,10,0,applications/backend/services/engagement/engagement-05,/api/v1/engagement/05,domain-engagement,engagement-05,DOMAIN_POLICY_PENDING,PLANNED
496,30,engagement,engagement-platform,svc-0296,engagement-06,team-030,10,pg-cluster-551|pg-cluster-552|pg-cluster-553|pg-cluster-554|pg-cluster-555|pg-cluster-556|pg-cluster-557|pg-cluster-558|pg-cluster-559|pg-cluster-560,engagement_svc_06,engagement,10,engagement_svc_06.engagement.attribute_engagement|engagement_svc_06.engagement.category_engagement|engagement_svc_06.engagement.collection_engagement|engagement_svc_06.engagement.media_engagement|engagement_svc_06.engagement.plan_engagement|engagement_svc_06.engagement.ranking_engagement|engagement_svc_06.engagement.relationship_engagement|engagement_svc_06.engagement.target_engagement|engagement_svc_06.engagement.threshold_engagement|engagement_svc_06.engagement.variant_engagement,10,0,applications/backend/services/engagement/engagement-06,/api/v1/engagement/06,domain-engagement,engagement-06,DOMAIN_POLICY_PENDING,PLANNED
497,30,engagement,engagement-platform,svc-0297,engagement-07,team-030,10,pg-cluster-561|pg-cluster-562|pg-cluster-563|pg-cluster-564|pg-cluster-565|pg-cluster-566|pg-cluster-567|pg-cluster-568|pg-cluster-569|pg-cluster-570,engagement_svc_07,engagement,10,engagement_svc_07.engagement.attribution_engagement|engagement_svc_07.engagement.channel_engagement|engagement_svc_07.engagement.click_engagement|engagement_svc_07.engagement.conversion_engagement|engagement_svc_07.engagement.delivery_engagement|engagement_svc_07.engagement.impression_engagement|engagement_svc_07.engagement.message_engagement|engagement_svc_07.engagement.query_engagement|engagement_svc_07.engagement.result_engagement|engagement_svc_07.engagement.template_engagement,10,0,applications/backend/services/engagement/engagement-07,/api/v1/engagement/07,domain-engagement,engagement-07,DOMAIN_POLICY_PENDING,PLANNED
498,30,engagement,engagement-platform,svc-0298,engagement-08,team-030,10,pg-cluster-571|pg-cluster-572|pg-cluster-573|pg-cluster-574|pg-cluster-575|pg-cluster-576|pg-cluster-577|pg-cluster-578|pg-cluster-579|pg-cluster-580,engagement_svc_08,engagement,10,engagement_svc_08.engagement.contract_engagement|engagement_svc_08.engagement.fee_engagement|engagement_svc_08.engagement.partner_engagement|engagement_svc_08.engagement.payout_engagement|engagement_svc_08.engagement.price_engagement|engagement_svc_08.engagement.provider_engagement|engagement_svc_08.engagement.rate_engagement|engagement_svc_08.engagement.reconciliation_engagement|engagement_svc_08.engagement.settlement_engagement|engagement_svc_08.engagement.tax_engagement,10,0,applications/backend/services/engagement/engagement-08,/api/v1/engagement/08,domain-engagement,engagement-08,DOMAIN_POLICY_PENDING,PLANNED
499,30,engagement,engagement-platform,svc-0299,engagement-09,team-030,10,pg-cluster-581|pg-cluster-582|pg-cluster-583|pg-cluster-584|pg-cluster-585|pg-cluster-586|pg-cluster-587|pg-cluster-588|pg-cluster-589|pg-cluster-590,engagement_svc_09,engagement,10,engagement_svc_09.engagement.bin_engagement|engagement_svc_09.engagement.package_engagement|engagement_svc_09.engagement.refund_engagement|engagement_svc_09.engagement.return_engagement|engagement_svc_09.engagement.route_engagement|engagement_svc_09.engagement.shipment_engagement|engagement_svc_09.engagement.stock_engagement|engagement_svc_09.engagement.stop_engagement|engagement_svc_09.engagement.tracking_engagement|engagement_svc_09.engagement.warehouse_engagement,10,0,applications/backend/services/engagement/engagement-09,/api/v1/engagement/09,domain-engagement,engagement-09,DOMAIN_POLICY_PENDING,PLANNED
500,30,engagement,engagement-platform,svc-0300,engagement-10,team-030,10,pg-cluster-591|pg-cluster-592|pg-cluster-593|pg-cluster-594|pg-cluster-595|pg-cluster-596|pg-cluster-597|pg-cluster-598|pg-cluster-599|pg-cluster-600,engagement_svc_10,engagement,10,engagement_svc_10.engagement.consent_engagement|engagement_svc_10.engagement.device_engagement|engagement_svc_10.engagement.feedback_engagement|engagement_svc_10.engagement.location_engagement|engagement_svc_10.engagement.owner_engagement|engagement_svc_10.engagement.permission_engagement|engagement_svc_10.engagement.rating_engagement|engagement_svc_10.engagement.review_engagement|engagement_svc_10.engagement.role_engagement|engagement_svc_10.engagement.token_engagement,10,0,applications/backend/services/engagement/engagement-10,/api/v1/engagement/10,domain-engagement,engagement-10,DOMAIN_POLICY_PENDING,PLANNED
501,31,reviews,reviews-platform,svc-0301,reviews-01,team-031,10,pg-cluster-601|pg-cluster-602|pg-cluster-603|pg-cluster-604|pg-cluster-605|pg-cluster-606|pg-cluster-607|pg-cluster-608|pg-cluster-609|pg-cluster-610,reviews_svc_01,reviews,10,reviews_svc_01.reviews.account_reviews|reviews_svc_01.reviews.address_reviews|reviews_svc_01.reviews.event_reviews|reviews_svc_01.reviews.history_reviews|reviews_svc_01.reviews.mapping_reviews|reviews_svc_01.reviews.preference_reviews|reviews_svc_01.reviews.profile_reviews|reviews_svc_01.reviews.rule_reviews|reviews_svc_01.reviews.session_reviews|reviews_svc_01.reviews.status_reviews,10,0,applications/backend/services/reviews/reviews-01,/api/v1/reviews/01,domain-reviews,reviews-01,DOMAIN_POLICY_PENDING,PLANNED
502,31,reviews,reviews-platform,svc-0302,reviews-02,team-031,10,pg-cluster-611|pg-cluster-612|pg-cluster-613|pg-cluster-614|pg-cluster-615|pg-cluster-616|pg-cluster-617|pg-cluster-618|pg-cluster-619|pg-cluster-620,reviews_svc_02,reviews,10,reviews_svc_02.reviews.allocation_reviews|reviews_svc_02.reviews.attempt_reviews|reviews_svc_02.reviews.detail_reviews|reviews_svc_02.reviews.item_reviews|reviews_svc_02.reviews.movement_reviews|reviews_svc_02.reviews.request_reviews|reviews_svc_02.reviews.reservation_reviews|reviews_svc_02.reviews.response_reviews|reviews_svc_02.reviews.snapshot_reviews|reviews_svc_02.reviews.transaction_reviews,10,0,applications/backend/services/reviews/reviews-02,/api/v1/reviews/02,domain-reviews,reviews-02,DOMAIN_POLICY_PENDING,PLANNED
503,31,reviews,reviews-platform,svc-0303,reviews-03,team-031,10,pg-cluster-621|pg-cluster-622|pg-cluster-623|pg-cluster-624|pg-cluster-625|pg-cluster-626|pg-cluster-627|pg-cluster-628|pg-cluster-629|pg-cluster-630,reviews_svc_03,reviews,10,reviews_svc_03.reviews.adjustment_reviews|reviews_svc_03.reviews.campaign_reviews|reviews_svc_03.reviews.configuration_reviews|reviews_svc_03.reviews.document_reviews|reviews_svc_03.reviews.metric_reviews|reviews_svc_03.reviews.offer_reviews|reviews_svc_03.reviews.policy_reviews|reviews_svc_03.reviews.redemption_reviews|reviews_svc_03.reviews.score_reviews|reviews_svc_03.reviews.segment_reviews,10,0,applications/backend/services/reviews/reviews-03,/api/v1/reviews/03,domain-reviews,reviews-03,DOMAIN_POLICY_PENDING,PLANNED
504,31,reviews,reviews-platform,svc-0304,reviews-04,team-031,10,pg-cluster-631|pg-cluster-632|pg-cluster-633|pg-cluster-634|pg-cluster-635|pg-cluster-636|pg-cluster-637|pg-cluster-638|pg-cluster-639|pg-cluster-640,reviews_svc_04,reviews,10,reviews_svc_04.reviews.balance_reviews|reviews_svc_04.reviews.batch_reviews|reviews_svc_04.reviews.checkpoint_reviews|reviews_svc_04.reviews.exception_reviews|reviews_svc_04.reviews.invoice_reviews|reviews_svc_04.reviews.job_reviews|reviews_svc_04.reviews.ledger_reviews|reviews_svc_04.reviews.line_reviews|reviews_svc_04.reviews.run_reviews|reviews_svc_04.reviews.task_reviews,10,0,applications/backend/services/reviews/reviews-04,/api/v1/reviews/04,domain-reviews,reviews-04,DOMAIN_POLICY_PENDING,PLANNED
505,31,reviews,reviews-platform,svc-0305,reviews-05,team-031,10,pg-cluster-641|pg-cluster-642|pg-cluster-643|pg-cluster-644|pg-cluster-645|pg-cluster-646|pg-cluster-647|pg-cluster-648|pg-cluster-649|pg-cluster-650,reviews_svc_05,reviews,10,reviews_svc_05.reviews.alert_reviews|reviews_svc_05.reviews.approval_reviews|reviews_svc_05.reviews.assignment_reviews|reviews_svc_05.reviews.availability_reviews|reviews_svc_05.reviews.capacity_reviews|reviews_svc_05.reviews.case_reviews|reviews_svc_05.reviews.decision_reviews|reviews_svc_05.reviews.forecast_reviews|reviews_svc_05.reviews.schedule_reviews|reviews_svc_05.reviews.workflow_reviews,10,0,applications/backend/services/reviews/reviews-05,/api/v1/reviews/05,domain-reviews,reviews-05,DOMAIN_POLICY_PENDING,PLANNED
506,31,reviews,reviews-platform,svc-0306,reviews-06,team-031,10,pg-cluster-651|pg-cluster-652|pg-cluster-653|pg-cluster-654|pg-cluster-655|pg-cluster-656|pg-cluster-657|pg-cluster-658|pg-cluster-659|pg-cluster-660,reviews_svc_06,reviews,10,reviews_svc_06.reviews.attribute_reviews|reviews_svc_06.reviews.category_reviews|reviews_svc_06.reviews.collection_reviews|reviews_svc_06.reviews.media_reviews|reviews_svc_06.reviews.plan_reviews|reviews_svc_06.reviews.ranking_reviews|reviews_svc_06.reviews.relationship_reviews|reviews_svc_06.reviews.target_reviews|reviews_svc_06.reviews.threshold_reviews|reviews_svc_06.reviews.variant_reviews,10,0,applications/backend/services/reviews/reviews-06,/api/v1/reviews/06,domain-reviews,reviews-06,DOMAIN_POLICY_PENDING,PLANNED
507,31,reviews,reviews-platform,svc-0307,reviews-07,team-031,10,pg-cluster-661|pg-cluster-662|pg-cluster-663|pg-cluster-664|pg-cluster-665|pg-cluster-666|pg-cluster-667|pg-cluster-668|pg-cluster-669|pg-cluster-670,reviews_svc_07,reviews,10,reviews_svc_07.reviews.attribution_reviews|reviews_svc_07.reviews.channel_reviews|reviews_svc_07.reviews.click_reviews|reviews_svc_07.reviews.conversion_reviews|reviews_svc_07.reviews.delivery_reviews|reviews_svc_07.reviews.impression_reviews|reviews_svc_07.reviews.message_reviews|reviews_svc_07.reviews.query_reviews|reviews_svc_07.reviews.result_reviews|reviews_svc_07.reviews.template_reviews,10,0,applications/backend/services/reviews/reviews-07,/api/v1/reviews/07,domain-reviews,reviews-07,DOMAIN_POLICY_PENDING,PLANNED
508,31,reviews,reviews-platform,svc-0308,reviews-08,team-031,10,pg-cluster-671|pg-cluster-672|pg-cluster-673|pg-cluster-674|pg-cluster-675|pg-cluster-676|pg-cluster-677|pg-cluster-678|pg-cluster-679|pg-cluster-680,reviews_svc_08,reviews,10,reviews_svc_08.reviews.contract_reviews|reviews_svc_08.reviews.fee_reviews|reviews_svc_08.reviews.partner_reviews|reviews_svc_08.reviews.payout_reviews|reviews_svc_08.reviews.price_reviews|reviews_svc_08.reviews.provider_reviews|reviews_svc_08.reviews.rate_reviews|reviews_svc_08.reviews.reconciliation_reviews|reviews_svc_08.reviews.settlement_reviews|reviews_svc_08.reviews.tax_reviews,10,0,applications/backend/services/reviews/reviews-08,/api/v1/reviews/08,domain-reviews,reviews-08,DOMAIN_POLICY_PENDING,PLANNED
509,31,reviews,reviews-platform,svc-0309,reviews-09,team-031,10,pg-cluster-681|pg-cluster-682|pg-cluster-683|pg-cluster-684|pg-cluster-685|pg-cluster-686|pg-cluster-687|pg-cluster-688|pg-cluster-689|pg-cluster-690,reviews_svc_09,reviews,10,reviews_svc_09.reviews.bin_reviews|reviews_svc_09.reviews.package_reviews|reviews_svc_09.reviews.refund_reviews|reviews_svc_09.reviews.return_reviews|reviews_svc_09.reviews.route_reviews|reviews_svc_09.reviews.shipment_reviews|reviews_svc_09.reviews.stock_reviews|reviews_svc_09.reviews.stop_reviews|reviews_svc_09.reviews.tracking_reviews|reviews_svc_09.reviews.warehouse_reviews,10,0,applications/backend/services/reviews/reviews-09,/api/v1/reviews/09,domain-reviews,reviews-09,DOMAIN_POLICY_PENDING,PLANNED
510,31,reviews,reviews-platform,svc-0310,reviews-10,team-031,10,pg-cluster-691|pg-cluster-692|pg-cluster-693|pg-cluster-694|pg-cluster-695|pg-cluster-696|pg-cluster-697|pg-cluster-698|pg-cluster-699|pg-cluster-700,reviews_svc_10,reviews,10,reviews_svc_10.reviews.consent_reviews|reviews_svc_10.reviews.device_reviews|reviews_svc_10.reviews.feedback_reviews|reviews_svc_10.reviews.location_reviews|reviews_svc_10.reviews.owner_reviews|reviews_svc_10.reviews.permission_reviews|reviews_svc_10.reviews.rating_reviews|reviews_svc_10.reviews.review_reviews|reviews_svc_10.reviews.role_reviews|reviews_svc_10.reviews.token_reviews,10,0,applications/backend/services/reviews/reviews-10,/api/v1/reviews/10,domain-reviews,reviews-10,DOMAIN_POLICY_PENDING,PLANNED
511,32,content,content-platform,svc-0311,content-01,team-032,10,pg-cluster-701|pg-cluster-702|pg-cluster-703|pg-cluster-704|pg-cluster-705|pg-cluster-706|pg-cluster-707|pg-cluster-708|pg-cluster-709|pg-cluster-710,content_svc_01,content,10,content_svc_01.content.account_content|content_svc_01.content.address_content|content_svc_01.content.event_content|content_svc_01.content.history_content|content_svc_01.content.mapping_content|content_svc_01.content.preference_content|content_svc_01.content.profile_content|content_svc_01.content.rule_content|content_svc_01.content.session_content|content_svc_01.content.status_content,10,0,applications/backend/services/content/content-01,/api/v1/content/01,domain-content,content-01,DOMAIN_POLICY_PENDING,PLANNED
512,32,content,content-platform,svc-0312,content-02,team-032,10,pg-cluster-711|pg-cluster-712|pg-cluster-713|pg-cluster-714|pg-cluster-715|pg-cluster-716|pg-cluster-717|pg-cluster-718|pg-cluster-719|pg-cluster-720,content_svc_02,content,10,content_svc_02.content.allocation_content|content_svc_02.content.attempt_content|content_svc_02.content.detail_content|content_svc_02.content.item_content|content_svc_02.content.movement_content|content_svc_02.content.request_content|content_svc_02.content.reservation_content|content_svc_02.content.response_content|content_svc_02.content.snapshot_content|content_svc_02.content.transaction_content,10,0,applications/backend/services/content/content-02,/api/v1/content/02,domain-content,content-02,DOMAIN_POLICY_PENDING,PLANNED
513,32,content,content-platform,svc-0313,content-03,team-032,10,pg-cluster-721|pg-cluster-722|pg-cluster-723|pg-cluster-724|pg-cluster-725|pg-cluster-726|pg-cluster-727|pg-cluster-728|pg-cluster-729|pg-cluster-730,content_svc_03,content,10,content_svc_03.content.adjustment_content|content_svc_03.content.campaign_content|content_svc_03.content.configuration_content|content_svc_03.content.document_content|content_svc_03.content.metric_content|content_svc_03.content.offer_content|content_svc_03.content.policy_content|content_svc_03.content.redemption_content|content_svc_03.content.score_content|content_svc_03.content.segment_content,10,0,applications/backend/services/content/content-03,/api/v1/content/03,domain-content,content-03,DOMAIN_POLICY_PENDING,PLANNED
514,32,content,content-platform,svc-0314,content-04,team-032,10,pg-cluster-731|pg-cluster-732|pg-cluster-733|pg-cluster-734|pg-cluster-735|pg-cluster-736|pg-cluster-737|pg-cluster-738|pg-cluster-739|pg-cluster-740,content_svc_04,content,10,content_svc_04.content.balance_content|content_svc_04.content.batch_content|content_svc_04.content.checkpoint_content|content_svc_04.content.exception_content|content_svc_04.content.invoice_content|content_svc_04.content.job_content|content_svc_04.content.ledger_content|content_svc_04.content.line_content|content_svc_04.content.run_content|content_svc_04.content.task_content,10,0,applications/backend/services/content/content-04,/api/v1/content/04,domain-content,content-04,DOMAIN_POLICY_PENDING,PLANNED
515,32,content,content-platform,svc-0315,content-05,team-032,10,pg-cluster-741|pg-cluster-742|pg-cluster-743|pg-cluster-744|pg-cluster-745|pg-cluster-746|pg-cluster-747|pg-cluster-748|pg-cluster-749|pg-cluster-750,content_svc_05,content,10,content_svc_05.content.alert_content|content_svc_05.content.approval_content|content_svc_05.content.assignment_content|content_svc_05.content.availability_content|content_svc_05.content.capacity_content|content_svc_05.content.case_content|content_svc_05.content.decision_content|content_svc_05.content.forecast_content|content_svc_05.content.schedule_content|content_svc_05.content.workflow_content,10,0,applications/backend/services/content/content-05,/api/v1/content/05,domain-content,content-05,DOMAIN_POLICY_PENDING,PLANNED
516,32,content,content-platform,svc-0316,content-06,team-032,10,pg-cluster-751|pg-cluster-752|pg-cluster-753|pg-cluster-754|pg-cluster-755|pg-cluster-756|pg-cluster-757|pg-cluster-758|pg-cluster-759|pg-cluster-760,content_svc_06,content,10,content_svc_06.content.attribute_content|content_svc_06.content.category_content|content_svc_06.content.collection_content|content_svc_06.content.media_content|content_svc_06.content.plan_content|content_svc_06.content.ranking_content|content_svc_06.content.relationship_content|content_svc_06.content.target_content|content_svc_06.content.threshold_content|content_svc_06.content.variant_content,10,0,applications/backend/services/content/content-06,/api/v1/content/06,domain-content,content-06,DOMAIN_POLICY_PENDING,PLANNED
517,32,content,content-platform,svc-0317,content-07,team-032,10,pg-cluster-761|pg-cluster-762|pg-cluster-763|pg-cluster-764|pg-cluster-765|pg-cluster-766|pg-cluster-767|pg-cluster-768|pg-cluster-769|pg-cluster-770,content_svc_07,content,10,content_svc_07.content.attribution_content|content_svc_07.content.channel_content|content_svc_07.content.click_content|content_svc_07.content.conversion_content|content_svc_07.content.delivery_content|content_svc_07.content.impression_content|content_svc_07.content.message_content|content_svc_07.content.query_content|content_svc_07.content.result_content|content_svc_07.content.template_content,10,0,applications/backend/services/content/content-07,/api/v1/content/07,domain-content,content-07,DOMAIN_POLICY_PENDING,PLANNED
518,32,content,content-platform,svc-0318,content-08,team-032,10,pg-cluster-771|pg-cluster-772|pg-cluster-773|pg-cluster-774|pg-cluster-775|pg-cluster-776|pg-cluster-777|pg-cluster-778|pg-cluster-779|pg-cluster-780,content_svc_08,content,10,content_svc_08.content.contract_content|content_svc_08.content.fee_content|content_svc_08.content.partner_content|content_svc_08.content.payout_content|content_svc_08.content.price_content|content_svc_08.content.provider_content|content_svc_08.content.rate_content|content_svc_08.content.reconciliation_content|content_svc_08.content.settlement_content|content_svc_08.content.tax_content,10,0,applications/backend/services/content/content-08,/api/v1/content/08,domain-content,content-08,DOMAIN_POLICY_PENDING,PLANNED
519,32,content,content-platform,svc-0319,content-09,team-032,10,pg-cluster-781|pg-cluster-782|pg-cluster-783|pg-cluster-784|pg-cluster-785|pg-cluster-786|pg-cluster-787|pg-cluster-788|pg-cluster-789|pg-cluster-790,content_svc_09,content,10,content_svc_09.content.bin_content|content_svc_09.content.package_content|content_svc_09.content.refund_content|content_svc_09.content.return_content|content_svc_09.content.route_content|content_svc_09.content.shipment_content|content_svc_09.content.stock_content|content_svc_09.content.stop_content|content_svc_09.content.tracking_content|content_svc_09.content.warehouse_content,10,0,applications/backend/services/content/content-09,/api/v1/content/09,domain-content,content-09,DOMAIN_POLICY_PENDING,PLANNED
520,32,content,content-platform,svc-0320,content-10,team-032,10,pg-cluster-791|pg-cluster-792|pg-cluster-793|pg-cluster-794|pg-cluster-795|pg-cluster-796|pg-cluster-797|pg-cluster-798|pg-cluster-799|pg-cluster-800,content_svc_10,content,10,content_svc_10.content.consent_content|content_svc_10.content.device_content|content_svc_10.content.feedback_content|content_svc_10.content.location_content|content_svc_10.content.owner_content|content_svc_10.content.permission_content|content_svc_10.content.rating_content|content_svc_10.content.review_content|content_svc_10.content.role_content|content_svc_10.content.token_content,10,0,applications/backend/services/content/content-10,/api/v1/content/10,domain-content,content-10,DOMAIN_POLICY_PENDING,PLANNED
521,33,notification,notification-platform,svc-0321,notification-01,team-033,10,pg-cluster-001|pg-cluster-002|pg-cluster-003|pg-cluster-004|pg-cluster-005|pg-cluster-006|pg-cluster-007|pg-cluster-008|pg-cluster-009|pg-cluster-010,notification_svc_01,notification,10,notification_svc_01.notification.account_notification|notification_svc_01.notification.address_notification|notification_svc_01.notification.event_notification|notification_svc_01.notification.history_notification|notification_svc_01.notification.mapping_notification|notification_svc_01.notification.preference_notification|notification_svc_01.notification.profile_notification|notification_svc_01.notification.rule_notification|notification_svc_01.notification.session_notification|notification_svc_01.notification.status_notification,10,0,applications/backend/services/notification/notification-01,/api/v1/notification/01,domain-notification,notification-01,DOMAIN_POLICY_PENDING,PLANNED
522,33,notification,notification-platform,svc-0322,notification-02,team-033,10,pg-cluster-011|pg-cluster-012|pg-cluster-013|pg-cluster-014|pg-cluster-015|pg-cluster-016|pg-cluster-017|pg-cluster-018|pg-cluster-019|pg-cluster-020,notification_svc_02,notification,10,notification_svc_02.notification.allocation_notification|notification_svc_02.notification.attempt_notification|notification_svc_02.notification.detail_notification|notification_svc_02.notification.item_notification|notification_svc_02.notification.movement_notification|notification_svc_02.notification.request_notification|notification_svc_02.notification.reservation_notification|notification_svc_02.notification.response_notification|notification_svc_02.notification.snapshot_notification|notification_svc_02.notification.transaction_notification,10,0,applications/backend/services/notification/notification-02,/api/v1/notification/02,domain-notification,notification-02,DOMAIN_POLICY_PENDING,PLANNED
523,33,notification,notification-platform,svc-0323,notification-03,team-033,10,pg-cluster-021|pg-cluster-022|pg-cluster-023|pg-cluster-024|pg-cluster-025|pg-cluster-026|pg-cluster-027|pg-cluster-028|pg-cluster-029|pg-cluster-030,notification_svc_03,notification,10,notification_svc_03.notification.adjustment_notification|notification_svc_03.notification.campaign_notification|notification_svc_03.notification.configuration_notification|notification_svc_03.notification.document_notification|notification_svc_03.notification.metric_notification|notification_svc_03.notification.offer_notification|notification_svc_03.notification.policy_notification|notification_svc_03.notification.redemption_notification|notification_svc_03.notification.score_notification|notification_svc_03.notification.segment_notification,10,0,applications/backend/services/notification/notification-03,/api/v1/notification/03,domain-notification,notification-03,DOMAIN_POLICY_PENDING,PLANNED
524,33,notification,notification-platform,svc-0324,notification-04,team-033,10,pg-cluster-031|pg-cluster-032|pg-cluster-033|pg-cluster-034|pg-cluster-035|pg-cluster-036|pg-cluster-037|pg-cluster-038|pg-cluster-039|pg-cluster-040,notification_svc_04,notification,10,notification_svc_04.notification.balance_notification|notification_svc_04.notification.batch_notification|notification_svc_04.notification.checkpoint_notification|notification_svc_04.notification.exception_notification|notification_svc_04.notification.invoice_notification|notification_svc_04.notification.job_notification|notification_svc_04.notification.ledger_notification|notification_svc_04.notification.line_notification|notification_svc_04.notification.run_notification|notification_svc_04.notification.task_notification,10,0,applications/backend/services/notification/notification-04,/api/v1/notification/04,domain-notification,notification-04,DOMAIN_POLICY_PENDING,PLANNED
525,33,notification,notification-platform,svc-0325,notification-05,team-033,10,pg-cluster-041|pg-cluster-042|pg-cluster-043|pg-cluster-044|pg-cluster-045|pg-cluster-046|pg-cluster-047|pg-cluster-048|pg-cluster-049|pg-cluster-050,notification_svc_05,notification,10,notification_svc_05.notification.alert_notification|notification_svc_05.notification.approval_notification|notification_svc_05.notification.assignment_notification|notification_svc_05.notification.availability_notification|notification_svc_05.notification.capacity_notification|notification_svc_05.notification.case_notification|notification_svc_05.notification.decision_notification|notification_svc_05.notification.forecast_notification|notification_svc_05.notification.schedule_notification|notification_svc_05.notification.workflow_notification,10,0,applications/backend/services/notification/notification-05,/api/v1/notification/05,domain-notification,notification-05,DOMAIN_POLICY_PENDING,PLANNED
526,33,notification,notification-platform,svc-0326,notification-06,team-033,10,pg-cluster-051|pg-cluster-052|pg-cluster-053|pg-cluster-054|pg-cluster-055|pg-cluster-056|pg-cluster-057|pg-cluster-058|pg-cluster-059|pg-cluster-060,notification_svc_06,notification,10,notification_svc_06.notification.attribute_notification|notification_svc_06.notification.category_notification|notification_svc_06.notification.collection_notification|notification_svc_06.notification.media_notification|notification_svc_06.notification.plan_notification|notification_svc_06.notification.ranking_notification|notification_svc_06.notification.relationship_notification|notification_svc_06.notification.target_notification|notification_svc_06.notification.threshold_notification|notification_svc_06.notification.variant_notification,10,0,applications/backend/services/notification/notification-06,/api/v1/notification/06,domain-notification,notification-06,DOMAIN_POLICY_PENDING,PLANNED
527,33,notification,notification-platform,svc-0327,notification-07,team-033,10,pg-cluster-061|pg-cluster-062|pg-cluster-063|pg-cluster-064|pg-cluster-065|pg-cluster-066|pg-cluster-067|pg-cluster-068|pg-cluster-069|pg-cluster-070,notification_svc_07,notification,10,notification_svc_07.notification.attribution_notification|notification_svc_07.notification.channel_notification|notification_svc_07.notification.click_notification|notification_svc_07.notification.conversion_notification|notification_svc_07.notification.delivery_notification|notification_svc_07.notification.impression_notification|notification_svc_07.notification.message_notification|notification_svc_07.notification.query_notification|notification_svc_07.notification.result_notification|notification_svc_07.notification.template_notification,10,0,applications/backend/services/notification/notification-07,/api/v1/notification/07,domain-notification,notification-07,DOMAIN_POLICY_PENDING,PLANNED
528,33,notification,notification-platform,svc-0328,notification-08,team-033,10,pg-cluster-071|pg-cluster-072|pg-cluster-073|pg-cluster-074|pg-cluster-075|pg-cluster-076|pg-cluster-077|pg-cluster-078|pg-cluster-079|pg-cluster-080,notification_svc_08,notification,10,notification_svc_08.notification.contract_notification|notification_svc_08.notification.fee_notification|notification_svc_08.notification.partner_notification|notification_svc_08.notification.payout_notification|notification_svc_08.notification.price_notification|notification_svc_08.notification.provider_notification|notification_svc_08.notification.rate_notification|notification_svc_08.notification.reconciliation_notification|notification_svc_08.notification.settlement_notification|notification_svc_08.notification.tax_notification,10,0,applications/backend/services/notification/notification-08,/api/v1/notification/08,domain-notification,notification-08,DOMAIN_POLICY_PENDING,PLANNED
529,33,notification,notification-platform,svc-0329,notification-09,team-033,10,pg-cluster-081|pg-cluster-082|pg-cluster-083|pg-cluster-084|pg-cluster-085|pg-cluster-086|pg-cluster-087|pg-cluster-088|pg-cluster-089|pg-cluster-090,notification_svc_09,notification,10,notification_svc_09.notification.bin_notification|notification_svc_09.notification.package_notification|notification_svc_09.notification.refund_notification|notification_svc_09.notification.return_notification|notification_svc_09.notification.route_notification|notification_svc_09.notification.shipment_notification|notification_svc_09.notification.stock_notification|notification_svc_09.notification.stop_notification|notification_svc_09.notification.tracking_notification|notification_svc_09.notification.warehouse_notification,10,0,applications/backend/services/notification/notification-09,/api/v1/notification/09,domain-notification,notification-09,DOMAIN_POLICY_PENDING,PLANNED
530,33,notification,notification-platform,svc-0330,notification-10,team-033,10,pg-cluster-091|pg-cluster-092|pg-cluster-093|pg-cluster-094|pg-cluster-095|pg-cluster-096|pg-cluster-097|pg-cluster-098|pg-cluster-099|pg-cluster-100,notification_svc_10,notification,10,notification_svc_10.notification.consent_notification|notification_svc_10.notification.device_notification|notification_svc_10.notification.feedback_notification|notification_svc_10.notification.location_notification|notification_svc_10.notification.owner_notification|notification_svc_10.notification.permission_notification|notification_svc_10.notification.rating_notification|notification_svc_10.notification.review_notification|notification_svc_10.notification.role_notification|notification_svc_10.notification.token_notification,10,0,applications/backend/services/notification/notification-10,/api/v1/notification/10,domain-notification,notification-10,DOMAIN_POLICY_PENDING,PLANNED
531,34,support,support-platform,svc-0331,support-01,team-034,10,pg-cluster-101|pg-cluster-102|pg-cluster-103|pg-cluster-104|pg-cluster-105|pg-cluster-106|pg-cluster-107|pg-cluster-108|pg-cluster-109|pg-cluster-110,support_svc_01,support,10,support_svc_01.support.account_support|support_svc_01.support.address_support|support_svc_01.support.event_support|support_svc_01.support.history_support|support_svc_01.support.mapping_support|support_svc_01.support.preference_support|support_svc_01.support.profile_support|support_svc_01.support.rule_support|support_svc_01.support.session_support|support_svc_01.support.status_support,10,0,applications/backend/services/support/support-01,/api/v1/support/01,domain-support,support-01,DOMAIN_POLICY_PENDING,PLANNED
532,34,support,support-platform,svc-0332,support-02,team-034,10,pg-cluster-111|pg-cluster-112|pg-cluster-113|pg-cluster-114|pg-cluster-115|pg-cluster-116|pg-cluster-117|pg-cluster-118|pg-cluster-119|pg-cluster-120,support_svc_02,support,10,support_svc_02.support.allocation_support|support_svc_02.support.attempt_support|support_svc_02.support.detail_support|support_svc_02.support.item_support|support_svc_02.support.movement_support|support_svc_02.support.request_support|support_svc_02.support.reservation_support|support_svc_02.support.response_support|support_svc_02.support.snapshot_support|support_svc_02.support.transaction_support,10,0,applications/backend/services/support/support-02,/api/v1/support/02,domain-support,support-02,DOMAIN_POLICY_PENDING,PLANNED
533,34,support,support-platform,svc-0333,support-03,team-034,10,pg-cluster-121|pg-cluster-122|pg-cluster-123|pg-cluster-124|pg-cluster-125|pg-cluster-126|pg-cluster-127|pg-cluster-128|pg-cluster-129|pg-cluster-130,support_svc_03,support,10,support_svc_03.support.adjustment_support|support_svc_03.support.campaign_support|support_svc_03.support.configuration_support|support_svc_03.support.document_support|support_svc_03.support.metric_support|support_svc_03.support.offer_support|support_svc_03.support.policy_support|support_svc_03.support.redemption_support|support_svc_03.support.score_support|support_svc_03.support.segment_support,10,0,applications/backend/services/support/support-03,/api/v1/support/03,domain-support,support-03,DOMAIN_POLICY_PENDING,PLANNED
534,34,support,support-platform,svc-0334,support-04,team-034,10,pg-cluster-131|pg-cluster-132|pg-cluster-133|pg-cluster-134|pg-cluster-135|pg-cluster-136|pg-cluster-137|pg-cluster-138|pg-cluster-139|pg-cluster-140,support_svc_04,support,10,support_svc_04.support.balance_support|support_svc_04.support.batch_support|support_svc_04.support.checkpoint_support|support_svc_04.support.exception_support|support_svc_04.support.invoice_support|support_svc_04.support.job_support|support_svc_04.support.ledger_support|support_svc_04.support.line_support|support_svc_04.support.run_support|support_svc_04.support.task_support,10,0,applications/backend/services/support/support-04,/api/v1/support/04,domain-support,support-04,DOMAIN_POLICY_PENDING,PLANNED
535,34,support,support-platform,svc-0335,support-05,team-034,10,pg-cluster-141|pg-cluster-142|pg-cluster-143|pg-cluster-144|pg-cluster-145|pg-cluster-146|pg-cluster-147|pg-cluster-148|pg-cluster-149|pg-cluster-150,support_svc_05,support,10,support_svc_05.support.alert_support|support_svc_05.support.approval_support|support_svc_05.support.assignment_support|support_svc_05.support.availability_support|support_svc_05.support.capacity_support|support_svc_05.support.case_support|support_svc_05.support.decision_support|support_svc_05.support.forecast_support|support_svc_05.support.schedule_support|support_svc_05.support.workflow_support,10,0,applications/backend/services/support/support-05,/api/v1/support/05,domain-support,support-05,DOMAIN_POLICY_PENDING,PLANNED
536,34,support,support-platform,svc-0336,support-06,team-034,10,pg-cluster-151|pg-cluster-152|pg-cluster-153|pg-cluster-154|pg-cluster-155|pg-cluster-156|pg-cluster-157|pg-cluster-158|pg-cluster-159|pg-cluster-160,support_svc_06,support,10,support_svc_06.support.attribute_support|support_svc_06.support.category_support|support_svc_06.support.collection_support|support_svc_06.support.media_support|support_svc_06.support.plan_support|support_svc_06.support.ranking_support|support_svc_06.support.relationship_support|support_svc_06.support.target_support|support_svc_06.support.threshold_support|support_svc_06.support.variant_support,10,0,applications/backend/services/support/support-06,/api/v1/support/06,domain-support,support-06,DOMAIN_POLICY_PENDING,PLANNED
537,34,support,support-platform,svc-0337,support-07,team-034,10,pg-cluster-161|pg-cluster-162|pg-cluster-163|pg-cluster-164|pg-cluster-165|pg-cluster-166|pg-cluster-167|pg-cluster-168|pg-cluster-169|pg-cluster-170,support_svc_07,support,10,support_svc_07.support.attribution_support|support_svc_07.support.channel_support|support_svc_07.support.click_support|support_svc_07.support.conversion_support|support_svc_07.support.delivery_support|support_svc_07.support.impression_support|support_svc_07.support.message_support|support_svc_07.support.query_support|support_svc_07.support.result_support|support_svc_07.support.template_support,10,0,applications/backend/services/support/support-07,/api/v1/support/07,domain-support,support-07,DOMAIN_POLICY_PENDING,PLANNED
538,34,support,support-platform,svc-0338,support-08,team-034,10,pg-cluster-171|pg-cluster-172|pg-cluster-173|pg-cluster-174|pg-cluster-175|pg-cluster-176|pg-cluster-177|pg-cluster-178|pg-cluster-179|pg-cluster-180,support_svc_08,support,10,support_svc_08.support.contract_support|support_svc_08.support.fee_support|support_svc_08.support.partner_support|support_svc_08.support.payout_support|support_svc_08.support.price_support|support_svc_08.support.provider_support|support_svc_08.support.rate_support|support_svc_08.support.reconciliation_support|support_svc_08.support.settlement_support|support_svc_08.support.tax_support,10,0,applications/backend/services/support/support-08,/api/v1/support/08,domain-support,support-08,DOMAIN_POLICY_PENDING,PLANNED
539,34,support,support-platform,svc-0339,support-09,team-034,10,pg-cluster-181|pg-cluster-182|pg-cluster-183|pg-cluster-184|pg-cluster-185|pg-cluster-186|pg-cluster-187|pg-cluster-188|pg-cluster-189|pg-cluster-190,support_svc_09,support,10,support_svc_09.support.bin_support|support_svc_09.support.package_support|support_svc_09.support.refund_support|support_svc_09.support.return_support|support_svc_09.support.route_support|support_svc_09.support.shipment_support|support_svc_09.support.stock_support|support_svc_09.support.stop_support|support_svc_09.support.tracking_support|support_svc_09.support.warehouse_support,10,0,applications/backend/services/support/support-09,/api/v1/support/09,domain-support,support-09,DOMAIN_POLICY_PENDING,PLANNED
540,34,support,support-platform,svc-0340,support-10,team-034,10,pg-cluster-191|pg-cluster-192|pg-cluster-193|pg-cluster-194|pg-cluster-195|pg-cluster-196|pg-cluster-197|pg-cluster-198|pg-cluster-199|pg-cluster-200,support_svc_10,support,10,support_svc_10.support.consent_support|support_svc_10.support.device_support|support_svc_10.support.feedback_support|support_svc_10.support.location_support|support_svc_10.support.owner_support|support_svc_10.support.permission_support|support_svc_10.support.rating_support|support_svc_10.support.review_support|support_svc_10.support.role_support|support_svc_10.support.token_support,10,0,applications/backend/services/support/support-10,/api/v1/support/10,domain-support,support-10,DOMAIN_POLICY_PENDING,PLANNED
541,35,crm,crm-platform,svc-0341,crm-01,team-035,10,pg-cluster-201|pg-cluster-202|pg-cluster-203|pg-cluster-204|pg-cluster-205|pg-cluster-206|pg-cluster-207|pg-cluster-208|pg-cluster-209|pg-cluster-210,crm_svc_01,crm,10,crm_svc_01.crm.account_crm|crm_svc_01.crm.address_crm|crm_svc_01.crm.event_crm|crm_svc_01.crm.history_crm|crm_svc_01.crm.mapping_crm|crm_svc_01.crm.preference_crm|crm_svc_01.crm.profile_crm|crm_svc_01.crm.rule_crm|crm_svc_01.crm.session_crm|crm_svc_01.crm.status_crm,10,0,applications/backend/services/crm/crm-01,/api/v1/crm/01,domain-crm,crm-01,DOMAIN_POLICY_PENDING,PLANNED
542,35,crm,crm-platform,svc-0342,crm-02,team-035,10,pg-cluster-211|pg-cluster-212|pg-cluster-213|pg-cluster-214|pg-cluster-215|pg-cluster-216|pg-cluster-217|pg-cluster-218|pg-cluster-219|pg-cluster-220,crm_svc_02,crm,10,crm_svc_02.crm.allocation_crm|crm_svc_02.crm.attempt_crm|crm_svc_02.crm.detail_crm|crm_svc_02.crm.item_crm|crm_svc_02.crm.movement_crm|crm_svc_02.crm.request_crm|crm_svc_02.crm.reservation_crm|crm_svc_02.crm.response_crm|crm_svc_02.crm.snapshot_crm|crm_svc_02.crm.transaction_crm,10,0,applications/backend/services/crm/crm-02,/api/v1/crm/02,domain-crm,crm-02,DOMAIN_POLICY_PENDING,PLANNED
543,35,crm,crm-platform,svc-0343,crm-03,team-035,10,pg-cluster-221|pg-cluster-222|pg-cluster-223|pg-cluster-224|pg-cluster-225|pg-cluster-226|pg-cluster-227|pg-cluster-228|pg-cluster-229|pg-cluster-230,crm_svc_03,crm,10,crm_svc_03.crm.adjustment_crm|crm_svc_03.crm.campaign_crm|crm_svc_03.crm.configuration_crm|crm_svc_03.crm.document_crm|crm_svc_03.crm.metric_crm|crm_svc_03.crm.offer_crm|crm_svc_03.crm.policy_crm|crm_svc_03.crm.redemption_crm|crm_svc_03.crm.score_crm|crm_svc_03.crm.segment_crm,10,0,applications/backend/services/crm/crm-03,/api/v1/crm/03,domain-crm,crm-03,DOMAIN_POLICY_PENDING,PLANNED
544,35,crm,crm-platform,svc-0344,crm-04,team-035,10,pg-cluster-231|pg-cluster-232|pg-cluster-233|pg-cluster-234|pg-cluster-235|pg-cluster-236|pg-cluster-237|pg-cluster-238|pg-cluster-239|pg-cluster-240,crm_svc_04,crm,10,crm_svc_04.crm.balance_crm|crm_svc_04.crm.batch_crm|crm_svc_04.crm.checkpoint_crm|crm_svc_04.crm.exception_crm|crm_svc_04.crm.invoice_crm|crm_svc_04.crm.job_crm|crm_svc_04.crm.ledger_crm|crm_svc_04.crm.line_crm|crm_svc_04.crm.run_crm|crm_svc_04.crm.task_crm,10,0,applications/backend/services/crm/crm-04,/api/v1/crm/04,domain-crm,crm-04,DOMAIN_POLICY_PENDING,PLANNED
545,35,crm,crm-platform,svc-0345,crm-05,team-035,10,pg-cluster-241|pg-cluster-242|pg-cluster-243|pg-cluster-244|pg-cluster-245|pg-cluster-246|pg-cluster-247|pg-cluster-248|pg-cluster-249|pg-cluster-250,crm_svc_05,crm,10,crm_svc_05.crm.alert_crm|crm_svc_05.crm.approval_crm|crm_svc_05.crm.assignment_crm|crm_svc_05.crm.availability_crm|crm_svc_05.crm.capacity_crm|crm_svc_05.crm.case_crm|crm_svc_05.crm.decision_crm|crm_svc_05.crm.forecast_crm|crm_svc_05.crm.schedule_crm|crm_svc_05.crm.workflow_crm,10,0,applications/backend/services/crm/crm-05,/api/v1/crm/05,domain-crm,crm-05,DOMAIN_POLICY_PENDING,PLANNED
546,35,crm,crm-platform,svc-0346,crm-06,team-035,10,pg-cluster-251|pg-cluster-252|pg-cluster-253|pg-cluster-254|pg-cluster-255|pg-cluster-256|pg-cluster-257|pg-cluster-258|pg-cluster-259|pg-cluster-260,crm_svc_06,crm,10,crm_svc_06.crm.attribute_crm|crm_svc_06.crm.category_crm|crm_svc_06.crm.collection_crm|crm_svc_06.crm.media_crm|crm_svc_06.crm.plan_crm|crm_svc_06.crm.ranking_crm|crm_svc_06.crm.relationship_crm|crm_svc_06.crm.target_crm|crm_svc_06.crm.threshold_crm|crm_svc_06.crm.variant_crm,10,0,applications/backend/services/crm/crm-06,/api/v1/crm/06,domain-crm,crm-06,DOMAIN_POLICY_PENDING,PLANNED
547,35,crm,crm-platform,svc-0347,crm-07,team-035,10,pg-cluster-261|pg-cluster-262|pg-cluster-263|pg-cluster-264|pg-cluster-265|pg-cluster-266|pg-cluster-267|pg-cluster-268|pg-cluster-269|pg-cluster-270,crm_svc_07,crm,10,crm_svc_07.crm.attribution_crm|crm_svc_07.crm.channel_crm|crm_svc_07.crm.click_crm|crm_svc_07.crm.conversion_crm|crm_svc_07.crm.delivery_crm|crm_svc_07.crm.impression_crm|crm_svc_07.crm.message_crm|crm_svc_07.crm.query_crm|crm_svc_07.crm.result_crm|crm_svc_07.crm.template_crm,10,0,applications/backend/services/crm/crm-07,/api/v1/crm/07,domain-crm,crm-07,DOMAIN_POLICY_PENDING,PLANNED
548,35,crm,crm-platform,svc-0348,crm-08,team-035,10,pg-cluster-271|pg-cluster-272|pg-cluster-273|pg-cluster-274|pg-cluster-275|pg-cluster-276|pg-cluster-277|pg-cluster-278|pg-cluster-279|pg-cluster-280,crm_svc_08,crm,10,crm_svc_08.crm.contract_crm|crm_svc_08.crm.fee_crm|crm_svc_08.crm.partner_crm|crm_svc_08.crm.payout_crm|crm_svc_08.crm.price_crm|crm_svc_08.crm.provider_crm|crm_svc_08.crm.rate_crm|crm_svc_08.crm.reconciliation_crm|crm_svc_08.crm.settlement_crm|crm_svc_08.crm.tax_crm,10,0,applications/backend/services/crm/crm-08,/api/v1/crm/08,domain-crm,crm-08,DOMAIN_POLICY_PENDING,PLANNED
549,35,crm,crm-platform,svc-0349,crm-09,team-035,10,pg-cluster-281|pg-cluster-282|pg-cluster-283|pg-cluster-284|pg-cluster-285|pg-cluster-286|pg-cluster-287|pg-cluster-288|pg-cluster-289|pg-cluster-290,crm_svc_09,crm,10,crm_svc_09.crm.bin_crm|crm_svc_09.crm.package_crm|crm_svc_09.crm.refund_crm|crm_svc_09.crm.return_crm|crm_svc_09.crm.route_crm|crm_svc_09.crm.shipment_crm|crm_svc_09.crm.stock_crm|crm_svc_09.crm.stop_crm|crm_svc_09.crm.tracking_crm|crm_svc_09.crm.warehouse_crm,10,0,applications/backend/services/crm/crm-09,/api/v1/crm/09,domain-crm,crm-09,DOMAIN_POLICY_PENDING,PLANNED
550,35,crm,crm-platform,svc-0350,crm-10,team-035,10,pg-cluster-291|pg-cluster-292|pg-cluster-293|pg-cluster-294|pg-cluster-295|pg-cluster-296|pg-cluster-297|pg-cluster-298|pg-cluster-299|pg-cluster-300,crm_svc_10,crm,10,crm_svc_10.crm.consent_crm|crm_svc_10.crm.device_crm|crm_svc_10.crm.feedback_crm|crm_svc_10.crm.location_crm|crm_svc_10.crm.owner_crm|crm_svc_10.crm.permission_crm|crm_svc_10.crm.rating_crm|crm_svc_10.crm.review_crm|crm_svc_10.crm.role_crm|crm_svc_10.crm.token_crm,10,0,applications/backend/services/crm/crm-10,/api/v1/crm/10,domain-crm,crm-10,DOMAIN_POLICY_PENDING,PLANNED
551,36,marketplace,marketplace-platform,svc-0351,marketplace-01,team-036,10,pg-cluster-301|pg-cluster-302|pg-cluster-303|pg-cluster-304|pg-cluster-305|pg-cluster-306|pg-cluster-307|pg-cluster-308|pg-cluster-309|pg-cluster-310,marketplace_svc_01,marketplace,10,marketplace_svc_01.marketplace.account_marketplace|marketplace_svc_01.marketplace.address_marketplace|marketplace_svc_01.marketplace.event_marketplace|marketplace_svc_01.marketplace.history_marketplace|marketplace_svc_01.marketplace.mapping_marketplace|marketplace_svc_01.marketplace.preference_marketplace|marketplace_svc_01.marketplace.profile_marketplace|marketplace_svc_01.marketplace.rule_marketplace|marketplace_svc_01.marketplace.session_marketplace|marketplace_svc_01.marketplace.status_marketplace,10,0,applications/backend/services/marketplace/marketplace-01,/api/v1/marketplace/01,domain-marketplace,marketplace-01,DOMAIN_POLICY_PENDING,PLANNED
552,36,marketplace,marketplace-platform,svc-0352,marketplace-02,team-036,10,pg-cluster-311|pg-cluster-312|pg-cluster-313|pg-cluster-314|pg-cluster-315|pg-cluster-316|pg-cluster-317|pg-cluster-318|pg-cluster-319|pg-cluster-320,marketplace_svc_02,marketplace,10,marketplace_svc_02.marketplace.allocation_marketplace|marketplace_svc_02.marketplace.attempt_marketplace|marketplace_svc_02.marketplace.detail_marketplace|marketplace_svc_02.marketplace.item_marketplace|marketplace_svc_02.marketplace.movement_marketplace|marketplace_svc_02.marketplace.request_marketplace|marketplace_svc_02.marketplace.reservation_marketplace|marketplace_svc_02.marketplace.response_marketplace|marketplace_svc_02.marketplace.snapshot_marketplace|marketplace_svc_02.marketplace.transaction_marketplace,10,0,applications/backend/services/marketplace/marketplace-02,/api/v1/marketplace/02,domain-marketplace,marketplace-02,DOMAIN_POLICY_PENDING,PLANNED
553,36,marketplace,marketplace-platform,svc-0353,marketplace-03,team-036,10,pg-cluster-321|pg-cluster-322|pg-cluster-323|pg-cluster-324|pg-cluster-325|pg-cluster-326|pg-cluster-327|pg-cluster-328|pg-cluster-329|pg-cluster-330,marketplace_svc_03,marketplace,10,marketplace_svc_03.marketplace.adjustment_marketplace|marketplace_svc_03.marketplace.campaign_marketplace|marketplace_svc_03.marketplace.configuration_marketplace|marketplace_svc_03.marketplace.document_marketplace|marketplace_svc_03.marketplace.metric_marketplace|marketplace_svc_03.marketplace.offer_marketplace|marketplace_svc_03.marketplace.policy_marketplace|marketplace_svc_03.marketplace.redemption_marketplace|marketplace_svc_03.marketplace.score_marketplace|marketplace_svc_03.marketplace.segment_marketplace,10,0,applications/backend/services/marketplace/marketplace-03,/api/v1/marketplace/03,domain-marketplace,marketplace-03,DOMAIN_POLICY_PENDING,PLANNED
554,36,marketplace,marketplace-platform,svc-0354,marketplace-04,team-036,10,pg-cluster-331|pg-cluster-332|pg-cluster-333|pg-cluster-334|pg-cluster-335|pg-cluster-336|pg-cluster-337|pg-cluster-338|pg-cluster-339|pg-cluster-340,marketplace_svc_04,marketplace,10,marketplace_svc_04.marketplace.balance_marketplace|marketplace_svc_04.marketplace.batch_marketplace|marketplace_svc_04.marketplace.checkpoint_marketplace|marketplace_svc_04.marketplace.exception_marketplace|marketplace_svc_04.marketplace.invoice_marketplace|marketplace_svc_04.marketplace.job_marketplace|marketplace_svc_04.marketplace.ledger_marketplace|marketplace_svc_04.marketplace.line_marketplace|marketplace_svc_04.marketplace.run_marketplace|marketplace_svc_04.marketplace.task_marketplace,10,0,applications/backend/services/marketplace/marketplace-04,/api/v1/marketplace/04,domain-marketplace,marketplace-04,DOMAIN_POLICY_PENDING,PLANNED
555,36,marketplace,marketplace-platform,svc-0355,marketplace-05,team-036,10,pg-cluster-341|pg-cluster-342|pg-cluster-343|pg-cluster-344|pg-cluster-345|pg-cluster-346|pg-cluster-347|pg-cluster-348|pg-cluster-349|pg-cluster-350,marketplace_svc_05,marketplace,10,marketplace_svc_05.marketplace.alert_marketplace|marketplace_svc_05.marketplace.approval_marketplace|marketplace_svc_05.marketplace.assignment_marketplace|marketplace_svc_05.marketplace.availability_marketplace|marketplace_svc_05.marketplace.capacity_marketplace|marketplace_svc_05.marketplace.case_marketplace|marketplace_svc_05.marketplace.decision_marketplace|marketplace_svc_05.marketplace.forecast_marketplace|marketplace_svc_05.marketplace.schedule_marketplace|marketplace_svc_05.marketplace.workflow_marketplace,10,0,applications/backend/services/marketplace/marketplace-05,/api/v1/marketplace/05,domain-marketplace,marketplace-05,DOMAIN_POLICY_PENDING,PLANNED
556,36,marketplace,marketplace-platform,svc-0356,marketplace-06,team-036,10,pg-cluster-351|pg-cluster-352|pg-cluster-353|pg-cluster-354|pg-cluster-355|pg-cluster-356|pg-cluster-357|pg-cluster-358|pg-cluster-359|pg-cluster-360,marketplace_svc_06,marketplace,10,marketplace_svc_06.marketplace.attribute_marketplace|marketplace_svc_06.marketplace.category_marketplace|marketplace_svc_06.marketplace.collection_marketplace|marketplace_svc_06.marketplace.media_marketplace|marketplace_svc_06.marketplace.plan_marketplace|marketplace_svc_06.marketplace.ranking_marketplace|marketplace_svc_06.marketplace.relationship_marketplace|marketplace_svc_06.marketplace.target_marketplace|marketplace_svc_06.marketplace.threshold_marketplace|marketplace_svc_06.marketplace.variant_marketplace,10,0,applications/backend/services/marketplace/marketplace-06,/api/v1/marketplace/06,domain-marketplace,marketplace-06,DOMAIN_POLICY_PENDING,PLANNED
557,36,marketplace,marketplace-platform,svc-0357,marketplace-07,team-036,10,pg-cluster-361|pg-cluster-362|pg-cluster-363|pg-cluster-364|pg-cluster-365|pg-cluster-366|pg-cluster-367|pg-cluster-368|pg-cluster-369|pg-cluster-370,marketplace_svc_07,marketplace,10,marketplace_svc_07.marketplace.attribution_marketplace|marketplace_svc_07.marketplace.channel_marketplace|marketplace_svc_07.marketplace.click_marketplace|marketplace_svc_07.marketplace.conversion_marketplace|marketplace_svc_07.marketplace.delivery_marketplace|marketplace_svc_07.marketplace.impression_marketplace|marketplace_svc_07.marketplace.message_marketplace|marketplace_svc_07.marketplace.query_marketplace|marketplace_svc_07.marketplace.result_marketplace|marketplace_svc_07.marketplace.template_marketplace,10,0,applications/backend/services/marketplace/marketplace-07,/api/v1/marketplace/07,domain-marketplace,marketplace-07,DOMAIN_POLICY_PENDING,PLANNED
558,36,marketplace,marketplace-platform,svc-0358,marketplace-08,team-036,10,pg-cluster-371|pg-cluster-372|pg-cluster-373|pg-cluster-374|pg-cluster-375|pg-cluster-376|pg-cluster-377|pg-cluster-378|pg-cluster-379|pg-cluster-380,marketplace_svc_08,marketplace,10,marketplace_svc_08.marketplace.contract_marketplace|marketplace_svc_08.marketplace.fee_marketplace|marketplace_svc_08.marketplace.partner_marketplace|marketplace_svc_08.marketplace.payout_marketplace|marketplace_svc_08.marketplace.price_marketplace|marketplace_svc_08.marketplace.provider_marketplace|marketplace_svc_08.marketplace.rate_marketplace|marketplace_svc_08.marketplace.reconciliation_marketplace|marketplace_svc_08.marketplace.settlement_marketplace|marketplace_svc_08.marketplace.tax_marketplace,10,0,applications/backend/services/marketplace/marketplace-08,/api/v1/marketplace/08,domain-marketplace,marketplace-08,DOMAIN_POLICY_PENDING,PLANNED
559,36,marketplace,marketplace-platform,svc-0359,marketplace-09,team-036,10,pg-cluster-381|pg-cluster-382|pg-cluster-383|pg-cluster-384|pg-cluster-385|pg-cluster-386|pg-cluster-387|pg-cluster-388|pg-cluster-389|pg-cluster-390,marketplace_svc_09,marketplace,10,marketplace_svc_09.marketplace.bin_marketplace|marketplace_svc_09.marketplace.package_marketplace|marketplace_svc_09.marketplace.refund_marketplace|marketplace_svc_09.marketplace.return_marketplace|marketplace_svc_09.marketplace.route_marketplace|marketplace_svc_09.marketplace.shipment_marketplace|marketplace_svc_09.marketplace.stock_marketplace|marketplace_svc_09.marketplace.stop_marketplace|marketplace_svc_09.marketplace.tracking_marketplace|marketplace_svc_09.marketplace.warehouse_marketplace,10,0,applications/backend/services/marketplace/marketplace-09,/api/v1/marketplace/09,domain-marketplace,marketplace-09,DOMAIN_POLICY_PENDING,PLANNED
560,36,marketplace,marketplace-platform,svc-0360,marketplace-10,team-036,10,pg-cluster-391|pg-cluster-392|pg-cluster-393|pg-cluster-394|pg-cluster-395|pg-cluster-396|pg-cluster-397|pg-cluster-398|pg-cluster-399|pg-cluster-400,marketplace_svc_10,marketplace,10,marketplace_svc_10.marketplace.consent_marketplace|marketplace_svc_10.marketplace.device_marketplace|marketplace_svc_10.marketplace.feedback_marketplace|marketplace_svc_10.marketplace.location_marketplace|marketplace_svc_10.marketplace.owner_marketplace|marketplace_svc_10.marketplace.permission_marketplace|marketplace_svc_10.marketplace.rating_marketplace|marketplace_svc_10.marketplace.review_marketplace|marketplace_svc_10.marketplace.role_marketplace|marketplace_svc_10.marketplace.token_marketplace,10,0,applications/backend/services/marketplace/marketplace-10,/api/v1/marketplace/10,domain-marketplace,marketplace-10,DOMAIN_POLICY_PENDING,PLANNED
561,37,b2b,b2b-platform,svc-0361,b2b-01,team-037,10,pg-cluster-401|pg-cluster-402|pg-cluster-403|pg-cluster-404|pg-cluster-405|pg-cluster-406|pg-cluster-407|pg-cluster-408|pg-cluster-409|pg-cluster-410,b2b_svc_01,b2b,10,b2b_svc_01.b2b.account_b2b|b2b_svc_01.b2b.address_b2b|b2b_svc_01.b2b.event_b2b|b2b_svc_01.b2b.history_b2b|b2b_svc_01.b2b.mapping_b2b|b2b_svc_01.b2b.preference_b2b|b2b_svc_01.b2b.profile_b2b|b2b_svc_01.b2b.rule_b2b|b2b_svc_01.b2b.session_b2b|b2b_svc_01.b2b.status_b2b,10,0,applications/backend/services/b2b/b2b-01,/api/v1/b2b/01,domain-b2b,b2b-01,DOMAIN_POLICY_PENDING,PLANNED
562,37,b2b,b2b-platform,svc-0362,b2b-02,team-037,10,pg-cluster-411|pg-cluster-412|pg-cluster-413|pg-cluster-414|pg-cluster-415|pg-cluster-416|pg-cluster-417|pg-cluster-418|pg-cluster-419|pg-cluster-420,b2b_svc_02,b2b,10,b2b_svc_02.b2b.allocation_b2b|b2b_svc_02.b2b.attempt_b2b|b2b_svc_02.b2b.detail_b2b|b2b_svc_02.b2b.item_b2b|b2b_svc_02.b2b.movement_b2b|b2b_svc_02.b2b.request_b2b|b2b_svc_02.b2b.reservation_b2b|b2b_svc_02.b2b.response_b2b|b2b_svc_02.b2b.snapshot_b2b|b2b_svc_02.b2b.transaction_b2b,10,0,applications/backend/services/b2b/b2b-02,/api/v1/b2b/02,domain-b2b,b2b-02,DOMAIN_POLICY_PENDING,PLANNED
563,37,b2b,b2b-platform,svc-0363,b2b-03,team-037,10,pg-cluster-421|pg-cluster-422|pg-cluster-423|pg-cluster-424|pg-cluster-425|pg-cluster-426|pg-cluster-427|pg-cluster-428|pg-cluster-429|pg-cluster-430,b2b_svc_03,b2b,10,b2b_svc_03.b2b.adjustment_b2b|b2b_svc_03.b2b.campaign_b2b|b2b_svc_03.b2b.configuration_b2b|b2b_svc_03.b2b.document_b2b|b2b_svc_03.b2b.metric_b2b|b2b_svc_03.b2b.offer_b2b|b2b_svc_03.b2b.policy_b2b|b2b_svc_03.b2b.redemption_b2b|b2b_svc_03.b2b.score_b2b|b2b_svc_03.b2b.segment_b2b,10,0,applications/backend/services/b2b/b2b-03,/api/v1/b2b/03,domain-b2b,b2b-03,DOMAIN_POLICY_PENDING,PLANNED
564,37,b2b,b2b-platform,svc-0364,b2b-04,team-037,10,pg-cluster-431|pg-cluster-432|pg-cluster-433|pg-cluster-434|pg-cluster-435|pg-cluster-436|pg-cluster-437|pg-cluster-438|pg-cluster-439|pg-cluster-440,b2b_svc_04,b2b,10,b2b_svc_04.b2b.balance_b2b|b2b_svc_04.b2b.batch_b2b|b2b_svc_04.b2b.checkpoint_b2b|b2b_svc_04.b2b.exception_b2b|b2b_svc_04.b2b.invoice_b2b|b2b_svc_04.b2b.job_b2b|b2b_svc_04.b2b.ledger_b2b|b2b_svc_04.b2b.line_b2b|b2b_svc_04.b2b.run_b2b|b2b_svc_04.b2b.task_b2b,10,0,applications/backend/services/b2b/b2b-04,/api/v1/b2b/04,domain-b2b,b2b-04,DOMAIN_POLICY_PENDING,PLANNED
565,37,b2b,b2b-platform,svc-0365,b2b-05,team-037,10,pg-cluster-441|pg-cluster-442|pg-cluster-443|pg-cluster-444|pg-cluster-445|pg-cluster-446|pg-cluster-447|pg-cluster-448|pg-cluster-449|pg-cluster-450,b2b_svc_05,b2b,10,b2b_svc_05.b2b.alert_b2b|b2b_svc_05.b2b.approval_b2b|b2b_svc_05.b2b.assignment_b2b|b2b_svc_05.b2b.availability_b2b|b2b_svc_05.b2b.capacity_b2b|b2b_svc_05.b2b.case_b2b|b2b_svc_05.b2b.decision_b2b|b2b_svc_05.b2b.forecast_b2b|b2b_svc_05.b2b.schedule_b2b|b2b_svc_05.b2b.workflow_b2b,10,0,applications/backend/services/b2b/b2b-05,/api/v1/b2b/05,domain-b2b,b2b-05,DOMAIN_POLICY_PENDING,PLANNED
566,37,b2b,b2b-platform,svc-0366,b2b-06,team-037,10,pg-cluster-451|pg-cluster-452|pg-cluster-453|pg-cluster-454|pg-cluster-455|pg-cluster-456|pg-cluster-457|pg-cluster-458|pg-cluster-459|pg-cluster-460,b2b_svc_06,b2b,10,b2b_svc_06.b2b.attribute_b2b|b2b_svc_06.b2b.category_b2b|b2b_svc_06.b2b.collection_b2b|b2b_svc_06.b2b.media_b2b|b2b_svc_06.b2b.plan_b2b|b2b_svc_06.b2b.ranking_b2b|b2b_svc_06.b2b.relationship_b2b|b2b_svc_06.b2b.target_b2b|b2b_svc_06.b2b.threshold_b2b|b2b_svc_06.b2b.variant_b2b,10,0,applications/backend/services/b2b/b2b-06,/api/v1/b2b/06,domain-b2b,b2b-06,DOMAIN_POLICY_PENDING,PLANNED
567,37,b2b,b2b-platform,svc-0367,b2b-07,team-037,10,pg-cluster-461|pg-cluster-462|pg-cluster-463|pg-cluster-464|pg-cluster-465|pg-cluster-466|pg-cluster-467|pg-cluster-468|pg-cluster-469|pg-cluster-470,b2b_svc_07,b2b,10,b2b_svc_07.b2b.attribution_b2b|b2b_svc_07.b2b.channel_b2b|b2b_svc_07.b2b.click_b2b|b2b_svc_07.b2b.conversion_b2b|b2b_svc_07.b2b.delivery_b2b|b2b_svc_07.b2b.impression_b2b|b2b_svc_07.b2b.message_b2b|b2b_svc_07.b2b.query_b2b|b2b_svc_07.b2b.result_b2b|b2b_svc_07.b2b.template_b2b,10,0,applications/backend/services/b2b/b2b-07,/api/v1/b2b/07,domain-b2b,b2b-07,DOMAIN_POLICY_PENDING,PLANNED
568,37,b2b,b2b-platform,svc-0368,b2b-08,team-037,10,pg-cluster-471|pg-cluster-472|pg-cluster-473|pg-cluster-474|pg-cluster-475|pg-cluster-476|pg-cluster-477|pg-cluster-478|pg-cluster-479|pg-cluster-480,b2b_svc_08,b2b,10,b2b_svc_08.b2b.contract_b2b|b2b_svc_08.b2b.fee_b2b|b2b_svc_08.b2b.partner_b2b|b2b_svc_08.b2b.payout_b2b|b2b_svc_08.b2b.price_b2b|b2b_svc_08.b2b.provider_b2b|b2b_svc_08.b2b.rate_b2b|b2b_svc_08.b2b.reconciliation_b2b|b2b_svc_08.b2b.settlement_b2b|b2b_svc_08.b2b.tax_b2b,10,0,applications/backend/services/b2b/b2b-08,/api/v1/b2b/08,domain-b2b,b2b-08,DOMAIN_POLICY_PENDING,PLANNED
569,37,b2b,b2b-platform,svc-0369,b2b-09,team-037,10,pg-cluster-481|pg-cluster-482|pg-cluster-483|pg-cluster-484|pg-cluster-485|pg-cluster-486|pg-cluster-487|pg-cluster-488|pg-cluster-489|pg-cluster-490,b2b_svc_09,b2b,10,b2b_svc_09.b2b.bin_b2b|b2b_svc_09.b2b.package_b2b|b2b_svc_09.b2b.refund_b2b|b2b_svc_09.b2b.return_b2b|b2b_svc_09.b2b.route_b2b|b2b_svc_09.b2b.shipment_b2b|b2b_svc_09.b2b.stock_b2b|b2b_svc_09.b2b.stop_b2b|b2b_svc_09.b2b.tracking_b2b|b2b_svc_09.b2b.warehouse_b2b,10,0,applications/backend/services/b2b/b2b-09,/api/v1/b2b/09,domain-b2b,b2b-09,DOMAIN_POLICY_PENDING,PLANNED
570,37,b2b,b2b-platform,svc-0370,b2b-10,team-037,10,pg-cluster-491|pg-cluster-492|pg-cluster-493|pg-cluster-494|pg-cluster-495|pg-cluster-496|pg-cluster-497|pg-cluster-498|pg-cluster-499|pg-cluster-500,b2b_svc_10,b2b,10,b2b_svc_10.b2b.consent_b2b|b2b_svc_10.b2b.device_b2b|b2b_svc_10.b2b.feedback_b2b|b2b_svc_10.b2b.location_b2b|b2b_svc_10.b2b.owner_b2b|b2b_svc_10.b2b.permission_b2b|b2b_svc_10.b2b.rating_b2b|b2b_svc_10.b2b.review_b2b|b2b_svc_10.b2b.role_b2b|b2b_svc_10.b2b.token_b2b,10,0,applications/backend/services/b2b/b2b-10,/api/v1/b2b/10,domain-b2b,b2b-10,DOMAIN_POLICY_PENDING,PLANNED
571,38,finance,finance-platform,svc-0371,finance-01,team-038,10,pg-cluster-501|pg-cluster-502|pg-cluster-503|pg-cluster-504|pg-cluster-505|pg-cluster-506|pg-cluster-507|pg-cluster-508|pg-cluster-509|pg-cluster-510,finance_svc_01,finance,10,finance_svc_01.finance.account_finance|finance_svc_01.finance.address_finance|finance_svc_01.finance.event_finance|finance_svc_01.finance.history_finance|finance_svc_01.finance.mapping_finance|finance_svc_01.finance.preference_finance|finance_svc_01.finance.profile_finance|finance_svc_01.finance.rule_finance|finance_svc_01.finance.session_finance|finance_svc_01.finance.status_finance,10,0,applications/backend/services/finance/finance-01,/api/v1/finance/01,domain-finance,finance-01,DOMAIN_POLICY_PENDING,PLANNED
572,38,finance,finance-platform,svc-0372,finance-02,team-038,10,pg-cluster-511|pg-cluster-512|pg-cluster-513|pg-cluster-514|pg-cluster-515|pg-cluster-516|pg-cluster-517|pg-cluster-518|pg-cluster-519|pg-cluster-520,finance_svc_02,finance,10,finance_svc_02.finance.allocation_finance|finance_svc_02.finance.attempt_finance|finance_svc_02.finance.detail_finance|finance_svc_02.finance.item_finance|finance_svc_02.finance.movement_finance|finance_svc_02.finance.request_finance|finance_svc_02.finance.reservation_finance|finance_svc_02.finance.response_finance|finance_svc_02.finance.snapshot_finance|finance_svc_02.finance.transaction_finance,10,0,applications/backend/services/finance/finance-02,/api/v1/finance/02,domain-finance,finance-02,DOMAIN_POLICY_PENDING,PLANNED
573,38,finance,finance-platform,svc-0373,finance-03,team-038,10,pg-cluster-521|pg-cluster-522|pg-cluster-523|pg-cluster-524|pg-cluster-525|pg-cluster-526|pg-cluster-527|pg-cluster-528|pg-cluster-529|pg-cluster-530,finance_svc_03,finance,10,finance_svc_03.finance.adjustment_finance|finance_svc_03.finance.campaign_finance|finance_svc_03.finance.configuration_finance|finance_svc_03.finance.document_finance|finance_svc_03.finance.metric_finance|finance_svc_03.finance.offer_finance|finance_svc_03.finance.policy_finance|finance_svc_03.finance.redemption_finance|finance_svc_03.finance.score_finance|finance_svc_03.finance.segment_finance,10,0,applications/backend/services/finance/finance-03,/api/v1/finance/03,domain-finance,finance-03,DOMAIN_POLICY_PENDING,PLANNED
574,38,finance,finance-platform,svc-0374,finance-04,team-038,10,pg-cluster-531|pg-cluster-532|pg-cluster-533|pg-cluster-534|pg-cluster-535|pg-cluster-536|pg-cluster-537|pg-cluster-538|pg-cluster-539|pg-cluster-540,finance_svc_04,finance,10,finance_svc_04.finance.balance_finance|finance_svc_04.finance.batch_finance|finance_svc_04.finance.checkpoint_finance|finance_svc_04.finance.exception_finance|finance_svc_04.finance.invoice_finance|finance_svc_04.finance.job_finance|finance_svc_04.finance.ledger_finance|finance_svc_04.finance.line_finance|finance_svc_04.finance.run_finance|finance_svc_04.finance.task_finance,10,0,applications/backend/services/finance/finance-04,/api/v1/finance/04,domain-finance,finance-04,DOMAIN_POLICY_PENDING,PLANNED
575,38,finance,finance-platform,svc-0375,finance-05,team-038,10,pg-cluster-541|pg-cluster-542|pg-cluster-543|pg-cluster-544|pg-cluster-545|pg-cluster-546|pg-cluster-547|pg-cluster-548|pg-cluster-549|pg-cluster-550,finance_svc_05,finance,10,finance_svc_05.finance.alert_finance|finance_svc_05.finance.approval_finance|finance_svc_05.finance.assignment_finance|finance_svc_05.finance.availability_finance|finance_svc_05.finance.capacity_finance|finance_svc_05.finance.case_finance|finance_svc_05.finance.decision_finance|finance_svc_05.finance.forecast_finance|finance_svc_05.finance.schedule_finance|finance_svc_05.finance.workflow_finance,10,0,applications/backend/services/finance/finance-05,/api/v1/finance/05,domain-finance,finance-05,DOMAIN_POLICY_PENDING,PLANNED
576,38,finance,finance-platform,svc-0376,finance-06,team-038,10,pg-cluster-551|pg-cluster-552|pg-cluster-553|pg-cluster-554|pg-cluster-555|pg-cluster-556|pg-cluster-557|pg-cluster-558|pg-cluster-559|pg-cluster-560,finance_svc_06,finance,10,finance_svc_06.finance.attribute_finance|finance_svc_06.finance.category_finance|finance_svc_06.finance.collection_finance|finance_svc_06.finance.media_finance|finance_svc_06.finance.plan_finance|finance_svc_06.finance.ranking_finance|finance_svc_06.finance.relationship_finance|finance_svc_06.finance.target_finance|finance_svc_06.finance.threshold_finance|finance_svc_06.finance.variant_finance,10,0,applications/backend/services/finance/finance-06,/api/v1/finance/06,domain-finance,finance-06,DOMAIN_POLICY_PENDING,PLANNED
577,38,finance,finance-platform,svc-0377,finance-07,team-038,10,pg-cluster-561|pg-cluster-562|pg-cluster-563|pg-cluster-564|pg-cluster-565|pg-cluster-566|pg-cluster-567|pg-cluster-568|pg-cluster-569|pg-cluster-570,finance_svc_07,finance,10,finance_svc_07.finance.attribution_finance|finance_svc_07.finance.channel_finance|finance_svc_07.finance.click_finance|finance_svc_07.finance.conversion_finance|finance_svc_07.finance.delivery_finance|finance_svc_07.finance.impression_finance|finance_svc_07.finance.message_finance|finance_svc_07.finance.query_finance|finance_svc_07.finance.result_finance|finance_svc_07.finance.template_finance,10,0,applications/backend/services/finance/finance-07,/api/v1/finance/07,domain-finance,finance-07,DOMAIN_POLICY_PENDING,PLANNED
578,38,finance,finance-platform,svc-0378,finance-08,team-038,10,pg-cluster-571|pg-cluster-572|pg-cluster-573|pg-cluster-574|pg-cluster-575|pg-cluster-576|pg-cluster-577|pg-cluster-578|pg-cluster-579|pg-cluster-580,finance_svc_08,finance,10,finance_svc_08.finance.contract_finance|finance_svc_08.finance.fee_finance|finance_svc_08.finance.partner_finance|finance_svc_08.finance.payout_finance|finance_svc_08.finance.price_finance|finance_svc_08.finance.provider_finance|finance_svc_08.finance.rate_finance|finance_svc_08.finance.reconciliation_finance|finance_svc_08.finance.settlement_finance|finance_svc_08.finance.tax_finance,10,0,applications/backend/services/finance/finance-08,/api/v1/finance/08,domain-finance,finance-08,DOMAIN_POLICY_PENDING,PLANNED
579,38,finance,finance-platform,svc-0379,finance-09,team-038,10,pg-cluster-581|pg-cluster-582|pg-cluster-583|pg-cluster-584|pg-cluster-585|pg-cluster-586|pg-cluster-587|pg-cluster-588|pg-cluster-589|pg-cluster-590,finance_svc_09,finance,10,finance_svc_09.finance.bin_finance|finance_svc_09.finance.package_finance|finance_svc_09.finance.refund_finance|finance_svc_09.finance.return_finance|finance_svc_09.finance.route_finance|finance_svc_09.finance.shipment_finance|finance_svc_09.finance.stock_finance|finance_svc_09.finance.stop_finance|finance_svc_09.finance.tracking_finance|finance_svc_09.finance.warehouse_finance,10,0,applications/backend/services/finance/finance-09,/api/v1/finance/09,domain-finance,finance-09,DOMAIN_POLICY_PENDING,PLANNED
580,38,finance,finance-platform,svc-0380,finance-10,team-038,10,pg-cluster-591|pg-cluster-592|pg-cluster-593|pg-cluster-594|pg-cluster-595|pg-cluster-596|pg-cluster-597|pg-cluster-598|pg-cluster-599|pg-cluster-600,finance_svc_10,finance,10,finance_svc_10.finance.consent_finance|finance_svc_10.finance.device_finance|finance_svc_10.finance.feedback_finance|finance_svc_10.finance.location_finance|finance_svc_10.finance.owner_finance|finance_svc_10.finance.permission_finance|finance_svc_10.finance.rating_finance|finance_svc_10.finance.review_finance|finance_svc_10.finance.role_finance|finance_svc_10.finance.token_finance,10,0,applications/backend/services/finance/finance-10,/api/v1/finance/10,domain-finance,finance-10,DOMAIN_POLICY_PENDING,PLANNED
581,39,accounting,accounting-platform,svc-0381,accounting-01,team-039,10,pg-cluster-601|pg-cluster-602|pg-cluster-603|pg-cluster-604|pg-cluster-605|pg-cluster-606|pg-cluster-607|pg-cluster-608|pg-cluster-609|pg-cluster-610,accounting_svc_01,accounting,10,accounting_svc_01.accounting.account_accounting|accounting_svc_01.accounting.address_accounting|accounting_svc_01.accounting.event_accounting|accounting_svc_01.accounting.history_accounting|accounting_svc_01.accounting.mapping_accounting|accounting_svc_01.accounting.preference_accounting|accounting_svc_01.accounting.profile_accounting|accounting_svc_01.accounting.rule_accounting|accounting_svc_01.accounting.session_accounting|accounting_svc_01.accounting.status_accounting,10,0,applications/backend/services/accounting/accounting-01,/api/v1/accounting/01,domain-accounting,accounting-01,DOMAIN_POLICY_PENDING,PLANNED
582,39,accounting,accounting-platform,svc-0382,accounting-02,team-039,10,pg-cluster-611|pg-cluster-612|pg-cluster-613|pg-cluster-614|pg-cluster-615|pg-cluster-616|pg-cluster-617|pg-cluster-618|pg-cluster-619|pg-cluster-620,accounting_svc_02,accounting,10,accounting_svc_02.accounting.allocation_accounting|accounting_svc_02.accounting.attempt_accounting|accounting_svc_02.accounting.detail_accounting|accounting_svc_02.accounting.item_accounting|accounting_svc_02.accounting.movement_accounting|accounting_svc_02.accounting.request_accounting|accounting_svc_02.accounting.reservation_accounting|accounting_svc_02.accounting.response_accounting|accounting_svc_02.accounting.snapshot_accounting|accounting_svc_02.accounting.transaction_accounting,10,0,applications/backend/services/accounting/accounting-02,/api/v1/accounting/02,domain-accounting,accounting-02,DOMAIN_POLICY_PENDING,PLANNED
583,39,accounting,accounting-platform,svc-0383,accounting-03,team-039,10,pg-cluster-621|pg-cluster-622|pg-cluster-623|pg-cluster-624|pg-cluster-625|pg-cluster-626|pg-cluster-627|pg-cluster-628|pg-cluster-629|pg-cluster-630,accounting_svc_03,accounting,10,accounting_svc_03.accounting.adjustment_accounting|accounting_svc_03.accounting.campaign_accounting|accounting_svc_03.accounting.configuration_accounting|accounting_svc_03.accounting.document_accounting|accounting_svc_03.accounting.metric_accounting|accounting_svc_03.accounting.offer_accounting|accounting_svc_03.accounting.policy_accounting|accounting_svc_03.accounting.redemption_accounting|accounting_svc_03.accounting.score_accounting|accounting_svc_03.accounting.segment_accounting,10,0,applications/backend/services/accounting/accounting-03,/api/v1/accounting/03,domain-accounting,accounting-03,DOMAIN_POLICY_PENDING,PLANNED
584,39,accounting,accounting-platform,svc-0384,accounting-04,team-039,10,pg-cluster-631|pg-cluster-632|pg-cluster-633|pg-cluster-634|pg-cluster-635|pg-cluster-636|pg-cluster-637|pg-cluster-638|pg-cluster-639|pg-cluster-640,accounting_svc_04,accounting,10,accounting_svc_04.accounting.balance_accounting|accounting_svc_04.accounting.batch_accounting|accounting_svc_04.accounting.checkpoint_accounting|accounting_svc_04.accounting.exception_accounting|accounting_svc_04.accounting.invoice_accounting|accounting_svc_04.accounting.job_accounting|accounting_svc_04.accounting.ledger_accounting|accounting_svc_04.accounting.line_accounting|accounting_svc_04.accounting.run_accounting|accounting_svc_04.accounting.task_accounting,10,0,applications/backend/services/accounting/accounting-04,/api/v1/accounting/04,domain-accounting,accounting-04,DOMAIN_POLICY_PENDING,PLANNED
585,39,accounting,accounting-platform,svc-0385,accounting-05,team-039,10,pg-cluster-641|pg-cluster-642|pg-cluster-643|pg-cluster-644|pg-cluster-645|pg-cluster-646|pg-cluster-647|pg-cluster-648|pg-cluster-649|pg-cluster-650,accounting_svc_05,accounting,10,accounting_svc_05.accounting.alert_accounting|accounting_svc_05.accounting.approval_accounting|accounting_svc_05.accounting.assignment_accounting|accounting_svc_05.accounting.availability_accounting|accounting_svc_05.accounting.capacity_accounting|accounting_svc_05.accounting.case_accounting|accounting_svc_05.accounting.decision_accounting|accounting_svc_05.accounting.forecast_accounting|accounting_svc_05.accounting.schedule_accounting|accounting_svc_05.accounting.workflow_accounting,10,0,applications/backend/services/accounting/accounting-05,/api/v1/accounting/05,domain-accounting,accounting-05,DOMAIN_POLICY_PENDING,PLANNED
586,39,accounting,accounting-platform,svc-0386,accounting-06,team-039,10,pg-cluster-651|pg-cluster-652|pg-cluster-653|pg-cluster-654|pg-cluster-655|pg-cluster-656|pg-cluster-657|pg-cluster-658|pg-cluster-659|pg-cluster-660,accounting_svc_06,accounting,10,accounting_svc_06.accounting.attribute_accounting|accounting_svc_06.accounting.category_accounting|accounting_svc_06.accounting.collection_accounting|accounting_svc_06.accounting.media_accounting|accounting_svc_06.accounting.plan_accounting|accounting_svc_06.accounting.ranking_accounting|accounting_svc_06.accounting.relationship_accounting|accounting_svc_06.accounting.target_accounting|accounting_svc_06.accounting.threshold_accounting|accounting_svc_06.accounting.variant_accounting,10,0,applications/backend/services/accounting/accounting-06,/api/v1/accounting/06,domain-accounting,accounting-06,DOMAIN_POLICY_PENDING,PLANNED
587,39,accounting,accounting-platform,svc-0387,accounting-07,team-039,10,pg-cluster-661|pg-cluster-662|pg-cluster-663|pg-cluster-664|pg-cluster-665|pg-cluster-666|pg-cluster-667|pg-cluster-668|pg-cluster-669|pg-cluster-670,accounting_svc_07,accounting,10,accounting_svc_07.accounting.attribution_accounting|accounting_svc_07.accounting.channel_accounting|accounting_svc_07.accounting.click_accounting|accounting_svc_07.accounting.conversion_accounting|accounting_svc_07.accounting.delivery_accounting|accounting_svc_07.accounting.impression_accounting|accounting_svc_07.accounting.message_accounting|accounting_svc_07.accounting.query_accounting|accounting_svc_07.accounting.result_accounting|accounting_svc_07.accounting.template_accounting,10,0,applications/backend/services/accounting/accounting-07,/api/v1/accounting/07,domain-accounting,accounting-07,DOMAIN_POLICY_PENDING,PLANNED
588,39,accounting,accounting-platform,svc-0388,accounting-08,team-039,10,pg-cluster-671|pg-cluster-672|pg-cluster-673|pg-cluster-674|pg-cluster-675|pg-cluster-676|pg-cluster-677|pg-cluster-678|pg-cluster-679|pg-cluster-680,accounting_svc_08,accounting,10,accounting_svc_08.accounting.contract_accounting|accounting_svc_08.accounting.fee_accounting|accounting_svc_08.accounting.partner_accounting|accounting_svc_08.accounting.payout_accounting|accounting_svc_08.accounting.price_accounting|accounting_svc_08.accounting.provider_accounting|accounting_svc_08.accounting.rate_accounting|accounting_svc_08.accounting.reconciliation_accounting|accounting_svc_08.accounting.settlement_accounting|accounting_svc_08.accounting.tax_accounting,10,0,applications/backend/services/accounting/accounting-08,/api/v1/accounting/08,domain-accounting,accounting-08,DOMAIN_POLICY_PENDING,PLANNED
589,39,accounting,accounting-platform,svc-0389,accounting-09,team-039,10,pg-cluster-681|pg-cluster-682|pg-cluster-683|pg-cluster-684|pg-cluster-685|pg-cluster-686|pg-cluster-687|pg-cluster-688|pg-cluster-689|pg-cluster-690,accounting_svc_09,accounting,10,accounting_svc_09.accounting.bin_accounting|accounting_svc_09.accounting.package_accounting|accounting_svc_09.accounting.refund_accounting|accounting_svc_09.accounting.return_accounting|accounting_svc_09.accounting.route_accounting|accounting_svc_09.accounting.shipment_accounting|accounting_svc_09.accounting.stock_accounting|accounting_svc_09.accounting.stop_accounting|accounting_svc_09.accounting.tracking_accounting|accounting_svc_09.accounting.warehouse_accounting,10,0,applications/backend/services/accounting/accounting-09,/api/v1/accounting/09,domain-accounting,accounting-09,DOMAIN_POLICY_PENDING,PLANNED
590,39,accounting,accounting-platform,svc-0390,accounting-10,team-039,10,pg-cluster-691|pg-cluster-692|pg-cluster-693|pg-cluster-694|pg-cluster-695|pg-cluster-696|pg-cluster-697|pg-cluster-698|pg-cluster-699|pg-cluster-700,accounting_svc_10,accounting,10,accounting_svc_10.accounting.consent_accounting|accounting_svc_10.accounting.device_accounting|accounting_svc_10.accounting.feedback_accounting|accounting_svc_10.accounting.location_accounting|accounting_svc_10.accounting.owner_accounting|accounting_svc_10.accounting.permission_accounting|accounting_svc_10.accounting.rating_accounting|accounting_svc_10.accounting.review_accounting|accounting_svc_10.accounting.role_accounting|accounting_svc_10.accounting.token_accounting,10,0,applications/backend/services/accounting/accounting-10,/api/v1/accounting/10,domain-accounting,accounting-10,DOMAIN_POLICY_PENDING,PLANNED
591,40,settlement,settlement-platform,svc-0391,settlement-01,team-040,10,pg-cluster-701|pg-cluster-702|pg-cluster-703|pg-cluster-704|pg-cluster-705|pg-cluster-706|pg-cluster-707|pg-cluster-708|pg-cluster-709|pg-cluster-710,settlement_svc_01,settlement,10,settlement_svc_01.settlement.account_settlement|settlement_svc_01.settlement.address_settlement|settlement_svc_01.settlement.event_settlement|settlement_svc_01.settlement.history_settlement|settlement_svc_01.settlement.mapping_settlement|settlement_svc_01.settlement.preference_settlement|settlement_svc_01.settlement.profile_settlement|settlement_svc_01.settlement.rule_settlement|settlement_svc_01.settlement.session_settlement|settlement_svc_01.settlement.status_settlement,10,0,applications/backend/services/settlement/settlement-01,/api/v1/settlement/01,domain-settlement,settlement-01,DOMAIN_POLICY_PENDING,PLANNED
592,40,settlement,settlement-platform,svc-0392,settlement-02,team-040,10,pg-cluster-711|pg-cluster-712|pg-cluster-713|pg-cluster-714|pg-cluster-715|pg-cluster-716|pg-cluster-717|pg-cluster-718|pg-cluster-719|pg-cluster-720,settlement_svc_02,settlement,10,settlement_svc_02.settlement.allocation_settlement|settlement_svc_02.settlement.attempt_settlement|settlement_svc_02.settlement.detail_settlement|settlement_svc_02.settlement.item_settlement|settlement_svc_02.settlement.movement_settlement|settlement_svc_02.settlement.request_settlement|settlement_svc_02.settlement.reservation_settlement|settlement_svc_02.settlement.response_settlement|settlement_svc_02.settlement.snapshot_settlement|settlement_svc_02.settlement.transaction_settlement,10,0,applications/backend/services/settlement/settlement-02,/api/v1/settlement/02,domain-settlement,settlement-02,DOMAIN_POLICY_PENDING,PLANNED
593,40,settlement,settlement-platform,svc-0393,settlement-03,team-040,10,pg-cluster-721|pg-cluster-722|pg-cluster-723|pg-cluster-724|pg-cluster-725|pg-cluster-726|pg-cluster-727|pg-cluster-728|pg-cluster-729|pg-cluster-730,settlement_svc_03,settlement,10,settlement_svc_03.settlement.adjustment_settlement|settlement_svc_03.settlement.campaign_settlement|settlement_svc_03.settlement.configuration_settlement|settlement_svc_03.settlement.document_settlement|settlement_svc_03.settlement.metric_settlement|settlement_svc_03.settlement.offer_settlement|settlement_svc_03.settlement.policy_settlement|settlement_svc_03.settlement.redemption_settlement|settlement_svc_03.settlement.score_settlement|settlement_svc_03.settlement.segment_settlement,10,0,applications/backend/services/settlement/settlement-03,/api/v1/settlement/03,domain-settlement,settlement-03,DOMAIN_POLICY_PENDING,PLANNED
594,40,settlement,settlement-platform,svc-0394,settlement-04,team-040,10,pg-cluster-731|pg-cluster-732|pg-cluster-733|pg-cluster-734|pg-cluster-735|pg-cluster-736|pg-cluster-737|pg-cluster-738|pg-cluster-739|pg-cluster-740,settlement_svc_04,settlement,10,settlement_svc_04.settlement.balance_settlement|settlement_svc_04.settlement.batch_settlement|settlement_svc_04.settlement.checkpoint_settlement|settlement_svc_04.settlement.exception_settlement|settlement_svc_04.settlement.invoice_settlement|settlement_svc_04.settlement.job_settlement|settlement_svc_04.settlement.ledger_settlement|settlement_svc_04.settlement.line_settlement|settlement_svc_04.settlement.run_settlement|settlement_svc_04.settlement.task_settlement,10,0,applications/backend/services/settlement/settlement-04,/api/v1/settlement/04,domain-settlement,settlement-04,DOMAIN_POLICY_PENDING,PLANNED
595,40,settlement,settlement-platform,svc-0395,settlement-05,team-040,10,pg-cluster-741|pg-cluster-742|pg-cluster-743|pg-cluster-744|pg-cluster-745|pg-cluster-746|pg-cluster-747|pg-cluster-748|pg-cluster-749|pg-cluster-750,settlement_svc_05,settlement,10,settlement_svc_05.settlement.alert_settlement|settlement_svc_05.settlement.approval_settlement|settlement_svc_05.settlement.assignment_settlement|settlement_svc_05.settlement.availability_settlement|settlement_svc_05.settlement.capacity_settlement|settlement_svc_05.settlement.case_settlement|settlement_svc_05.settlement.decision_settlement|settlement_svc_05.settlement.forecast_settlement|settlement_svc_05.settlement.schedule_settlement|settlement_svc_05.settlement.workflow_settlement,10,0,applications/backend/services/settlement/settlement-05,/api/v1/settlement/05,domain-settlement,settlement-05,DOMAIN_POLICY_PENDING,PLANNED
596,40,settlement,settlement-platform,svc-0396,settlement-06,team-040,10,pg-cluster-751|pg-cluster-752|pg-cluster-753|pg-cluster-754|pg-cluster-755|pg-cluster-756|pg-cluster-757|pg-cluster-758|pg-cluster-759|pg-cluster-760,settlement_svc_06,settlement,10,settlement_svc_06.settlement.attribute_settlement|settlement_svc_06.settlement.category_settlement|settlement_svc_06.settlement.collection_settlement|settlement_svc_06.settlement.media_settlement|settlement_svc_06.settlement.plan_settlement|settlement_svc_06.settlement.ranking_settlement|settlement_svc_06.settlement.relationship_settlement|settlement_svc_06.settlement.target_settlement|settlement_svc_06.settlement.threshold_settlement|settlement_svc_06.settlement.variant_settlement,10,0,applications/backend/services/settlement/settlement-06,/api/v1/settlement/06,domain-settlement,settlement-06,DOMAIN_POLICY_PENDING,PLANNED
597,40,settlement,settlement-platform,svc-0397,settlement-07,team-040,10,pg-cluster-761|pg-cluster-762|pg-cluster-763|pg-cluster-764|pg-cluster-765|pg-cluster-766|pg-cluster-767|pg-cluster-768|pg-cluster-769|pg-cluster-770,settlement_svc_07,settlement,10,settlement_svc_07.settlement.attribution_settlement|settlement_svc_07.settlement.channel_settlement|settlement_svc_07.settlement.click_settlement|settlement_svc_07.settlement.conversion_settlement|settlement_svc_07.settlement.delivery_settlement|settlement_svc_07.settlement.impression_settlement|settlement_svc_07.settlement.message_settlement|settlement_svc_07.settlement.query_settlement|settlement_svc_07.settlement.result_settlement|settlement_svc_07.settlement.template_settlement,10,0,applications/backend/services/settlement/settlement-07,/api/v1/settlement/07,domain-settlement,settlement-07,DOMAIN_POLICY_PENDING,PLANNED
598,40,settlement,settlement-platform,svc-0398,settlement-08,team-040,10,pg-cluster-771|pg-cluster-772|pg-cluster-773|pg-cluster-774|pg-cluster-775|pg-cluster-776|pg-cluster-777|pg-cluster-778|pg-cluster-779|pg-cluster-780,settlement_svc_08,settlement,10,settlement_svc_08.settlement.contract_settlement|settlement_svc_08.settlement.fee_settlement|settlement_svc_08.settlement.partner_settlement|settlement_svc_08.settlement.payout_settlement|settlement_svc_08.settlement.price_settlement|settlement_svc_08.settlement.provider_settlement|settlement_svc_08.settlement.rate_settlement|settlement_svc_08.settlement.reconciliation_settlement|settlement_svc_08.settlement.settlement_master|settlement_svc_08.settlement.tax_settlement,10,0,applications/backend/services/settlement/settlement-08,/api/v1/settlement/08,domain-settlement,settlement-08,DOMAIN_POLICY_PENDING,PLANNED
599,40,settlement,settlement-platform,svc-0399,settlement-09,team-040,10,pg-cluster-781|pg-cluster-782|pg-cluster-783|pg-cluster-784|pg-cluster-785|pg-cluster-786|pg-cluster-787|pg-cluster-788|pg-cluster-789|pg-cluster-790,settlement_svc_09,settlement,10,settlement_svc_09.settlement.bin_settlement|settlement_svc_09.settlement.package_settlement|settlement_svc_09.settlement.refund_settlement|settlement_svc_09.settlement.return_settlement|settlement_svc_09.settlement.route_settlement|settlement_svc_09.settlement.shipment_settlement|settlement_svc_09.settlement.stock_settlement|settlement_svc_09.settlement.stop_settlement|settlement_svc_09.settlement.tracking_settlement|settlement_svc_09.settlement.warehouse_settlement,10,0,applications/backend/services/settlement/settlement-09,/api/v1/settlement/09,domain-settlement,settlement-09,DOMAIN_POLICY_PENDING,PLANNED
600,40,settlement,settlement-platform,svc-0400,settlement-10,team-040,10,pg-cluster-791|pg-cluster-792|pg-cluster-793|pg-cluster-794|pg-cluster-795|pg-cluster-796|pg-cluster-797|pg-cluster-798|pg-cluster-799|pg-cluster-800,settlement_svc_10,settlement,10,settlement_svc_10.settlement.consent_settlement|settlement_svc_10.settlement.device_settlement|settlement_svc_10.settlement.feedback_settlement|settlement_svc_10.settlement.location_settlement|settlement_svc_10.settlement.owner_settlement|settlement_svc_10.settlement.permission_settlement|settlement_svc_10.settlement.rating_settlement|settlement_svc_10.settlement.review_settlement|settlement_svc_10.settlement.role_settlement|settlement_svc_10.settlement.token_settlement,10,0,applications/backend/services/settlement/settlement-10,/api/v1/settlement/10,domain-settlement,settlement-10,DOMAIN_POLICY_PENDING,PLANNED
601,41,commission,commission-platform,svc-0401,commission-01,team-041,10,pg-cluster-001|pg-cluster-002|pg-cluster-003|pg-cluster-004|pg-cluster-005|pg-cluster-006|pg-cluster-007|pg-cluster-008|pg-cluster-009|pg-cluster-010,commission_svc_01,commission,10,commission_svc_01.commission.account_commission|commission_svc_01.commission.address_commission|commission_svc_01.commission.event_commission|commission_svc_01.commission.history_commission|commission_svc_01.commission.mapping_commission|commission_svc_01.commission.preference_commission|commission_svc_01.commission.profile_commission|commission_svc_01.commission.rule_commission|commission_svc_01.commission.session_commission|commission_svc_01.commission.status_commission,10,0,applications/backend/services/commission/commission-01,/api/v1/commission/01,domain-commission,commission-01,DOMAIN_POLICY_PENDING,PLANNED
602,41,commission,commission-platform,svc-0402,commission-02,team-041,10,pg-cluster-011|pg-cluster-012|pg-cluster-013|pg-cluster-014|pg-cluster-015|pg-cluster-016|pg-cluster-017|pg-cluster-018|pg-cluster-019|pg-cluster-020,commission_svc_02,commission,10,commission_svc_02.commission.allocation_commission|commission_svc_02.commission.attempt_commission|commission_svc_02.commission.detail_commission|commission_svc_02.commission.item_commission|commission_svc_02.commission.movement_commission|commission_svc_02.commission.request_commission|commission_svc_02.commission.reservation_commission|commission_svc_02.commission.response_commission|commission_svc_02.commission.snapshot_commission|commission_svc_02.commission.transaction_commission,10,0,applications/backend/services/commission/commission-02,/api/v1/commission/02,domain-commission,commission-02,DOMAIN_POLICY_PENDING,PLANNED
603,41,commission,commission-platform,svc-0403,commission-03,team-041,10,pg-cluster-021|pg-cluster-022|pg-cluster-023|pg-cluster-024|pg-cluster-025|pg-cluster-026|pg-cluster-027|pg-cluster-028|pg-cluster-029|pg-cluster-030,commission_svc_03,commission,10,commission_svc_03.commission.adjustment_commission|commission_svc_03.commission.campaign_commission|commission_svc_03.commission.configuration_commission|commission_svc_03.commission.document_commission|commission_svc_03.commission.metric_commission|commission_svc_03.commission.offer_commission|commission_svc_03.commission.policy_commission|commission_svc_03.commission.redemption_commission|commission_svc_03.commission.score_commission|commission_svc_03.commission.segment_commission,10,0,applications/backend/services/commission/commission-03,/api/v1/commission/03,domain-commission,commission-03,DOMAIN_POLICY_PENDING,PLANNED
604,41,commission,commission-platform,svc-0404,commission-04,team-041,10,pg-cluster-031|pg-cluster-032|pg-cluster-033|pg-cluster-034|pg-cluster-035|pg-cluster-036|pg-cluster-037|pg-cluster-038|pg-cluster-039|pg-cluster-040,commission_svc_04,commission,10,commission_svc_04.commission.balance_commission|commission_svc_04.commission.batch_commission|commission_svc_04.commission.checkpoint_commission|commission_svc_04.commission.exception_commission|commission_svc_04.commission.invoice_commission|commission_svc_04.commission.job_commission|commission_svc_04.commission.ledger_commission|commission_svc_04.commission.line_commission|commission_svc_04.commission.run_commission|commission_svc_04.commission.task_commission,10,0,applications/backend/services/commission/commission-04,/api/v1/commission/04,domain-commission,commission-04,DOMAIN_POLICY_PENDING,PLANNED
605,41,commission,commission-platform,svc-0405,commission-05,team-041,10,pg-cluster-041|pg-cluster-042|pg-cluster-043|pg-cluster-044|pg-cluster-045|pg-cluster-046|pg-cluster-047|pg-cluster-048|pg-cluster-049|pg-cluster-050,commission_svc_05,commission,10,commission_svc_05.commission.alert_commission|commission_svc_05.commission.approval_commission|commission_svc_05.commission.assignment_commission|commission_svc_05.commission.availability_commission|commission_svc_05.commission.capacity_commission|commission_svc_05.commission.case_commission|commission_svc_05.commission.decision_commission|commission_svc_05.commission.forecast_commission|commission_svc_05.commission.schedule_commission|commission_svc_05.commission.workflow_commission,10,0,applications/backend/services/commission/commission-05,/api/v1/commission/05,domain-commission,commission-05,DOMAIN_POLICY_PENDING,PLANNED
606,41,commission,commission-platform,svc-0406,commission-06,team-041,10,pg-cluster-051|pg-cluster-052|pg-cluster-053|pg-cluster-054|pg-cluster-055|pg-cluster-056|pg-cluster-057|pg-cluster-058|pg-cluster-059|pg-cluster-060,commission_svc_06,commission,10,commission_svc_06.commission.attribute_commission|commission_svc_06.commission.category_commission|commission_svc_06.commission.collection_commission|commission_svc_06.commission.media_commission|commission_svc_06.commission.plan_commission|commission_svc_06.commission.ranking_commission|commission_svc_06.commission.relationship_commission|commission_svc_06.commission.target_commission|commission_svc_06.commission.threshold_commission|commission_svc_06.commission.variant_commission,10,0,applications/backend/services/commission/commission-06,/api/v1/commission/06,domain-commission,commission-06,DOMAIN_POLICY_PENDING,PLANNED
607,41,commission,commission-platform,svc-0407,commission-07,team-041,10,pg-cluster-061|pg-cluster-062|pg-cluster-063|pg-cluster-064|pg-cluster-065|pg-cluster-066|pg-cluster-067|pg-cluster-068|pg-cluster-069|pg-cluster-070,commission_svc_07,commission,10,commission_svc_07.commission.attribution_commission|commission_svc_07.commission.channel_commission|commission_svc_07.commission.click_commission|commission_svc_07.commission.conversion_commission|commission_svc_07.commission.delivery_commission|commission_svc_07.commission.impression_commission|commission_svc_07.commission.message_commission|commission_svc_07.commission.query_commission|commission_svc_07.commission.result_commission|commission_svc_07.commission.template_commission,10,0,applications/backend/services/commission/commission-07,/api/v1/commission/07,domain-commission,commission-07,DOMAIN_POLICY_PENDING,PLANNED
608,41,commission,commission-platform,svc-0408,commission-08,team-041,10,pg-cluster-071|pg-cluster-072|pg-cluster-073|pg-cluster-074|pg-cluster-075|pg-cluster-076|pg-cluster-077|pg-cluster-078|pg-cluster-079|pg-cluster-080,commission_svc_08,commission,10,commission_svc_08.commission.contract_commission|commission_svc_08.commission.fee_commission|commission_svc_08.commission.partner_commission|commission_svc_08.commission.payout_commission|commission_svc_08.commission.price_commission|commission_svc_08.commission.provider_commission|commission_svc_08.commission.rate_commission|commission_svc_08.commission.reconciliation_commission|commission_svc_08.commission.settlement_commission|commission_svc_08.commission.tax_commission,10,0,applications/backend/services/commission/commission-08,/api/v1/commission/08,domain-commission,commission-08,DOMAIN_POLICY_PENDING,PLANNED
609,41,commission,commission-platform,svc-0409,commission-09,team-041,10,pg-cluster-081|pg-cluster-082|pg-cluster-083|pg-cluster-084|pg-cluster-085|pg-cluster-086|pg-cluster-087|pg-cluster-088|pg-cluster-089|pg-cluster-090,commission_svc_09,commission,10,commission_svc_09.commission.bin_commission|commission_svc_09.commission.package_commission|commission_svc_09.commission.refund_commission|commission_svc_09.commission.return_commission|commission_svc_09.commission.route_commission|commission_svc_09.commission.shipment_commission|commission_svc_09.commission.stock_commission|commission_svc_09.commission.stop_commission|commission_svc_09.commission.tracking_commission|commission_svc_09.commission.warehouse_commission,10,0,applications/backend/services/commission/commission-09,/api/v1/commission/09,domain-commission,commission-09,DOMAIN_POLICY_PENDING,PLANNED
610,41,commission,commission-platform,svc-0410,commission-10,team-041,10,pg-cluster-091|pg-cluster-092|pg-cluster-093|pg-cluster-094|pg-cluster-095|pg-cluster-096|pg-cluster-097|pg-cluster-098|pg-cluster-099|pg-cluster-100,commission_svc_10,commission,10,commission_svc_10.commission.consent_commission|commission_svc_10.commission.device_commission|commission_svc_10.commission.feedback_commission|commission_svc_10.commission.location_commission|commission_svc_10.commission.owner_commission|commission_svc_10.commission.permission_commission|commission_svc_10.commission.rating_commission|commission_svc_10.commission.review_commission|commission_svc_10.commission.role_commission|commission_svc_10.commission.token_commission,10,0,applications/backend/services/commission/commission-10,/api/v1/commission/10,domain-commission,commission-10,DOMAIN_POLICY_PENDING,PLANNED
611,42,payout,payout-platform,svc-0411,payout-01,team-042,10,pg-cluster-101|pg-cluster-102|pg-cluster-103|pg-cluster-104|pg-cluster-105|pg-cluster-106|pg-cluster-107|pg-cluster-108|pg-cluster-109|pg-cluster-110,payout_svc_01,payout,10,payout_svc_01.payout.account_payout|payout_svc_01.payout.address_payout|payout_svc_01.payout.event_payout|payout_svc_01.payout.history_payout|payout_svc_01.payout.mapping_payout|payout_svc_01.payout.preference_payout|payout_svc_01.payout.profile_payout|payout_svc_01.payout.rule_payout|payout_svc_01.payout.session_payout|payout_svc_01.payout.status_payout,10,0,applications/backend/services/payout/payout-01,/api/v1/payout/01,domain-payout,payout-01,DOMAIN_POLICY_PENDING,PLANNED
612,42,payout,payout-platform,svc-0412,payout-02,team-042,10,pg-cluster-111|pg-cluster-112|pg-cluster-113|pg-cluster-114|pg-cluster-115|pg-cluster-116|pg-cluster-117|pg-cluster-118|pg-cluster-119|pg-cluster-120,payout_svc_02,payout,10,payout_svc_02.payout.allocation_payout|payout_svc_02.payout.attempt_payout|payout_svc_02.payout.detail_payout|payout_svc_02.payout.item_payout|payout_svc_02.payout.movement_payout|payout_svc_02.payout.request_payout|payout_svc_02.payout.reservation_payout|payout_svc_02.payout.response_payout|payout_svc_02.payout.snapshot_payout|payout_svc_02.payout.transaction_payout,10,0,applications/backend/services/payout/payout-02,/api/v1/payout/02,domain-payout,payout-02,DOMAIN_POLICY_PENDING,PLANNED
613,42,payout,payout-platform,svc-0413,payout-03,team-042,10,pg-cluster-121|pg-cluster-122|pg-cluster-123|pg-cluster-124|pg-cluster-125|pg-cluster-126|pg-cluster-127|pg-cluster-128|pg-cluster-129|pg-cluster-130,payout_svc_03,payout,10,payout_svc_03.payout.adjustment_payout|payout_svc_03.payout.campaign_payout|payout_svc_03.payout.configuration_payout|payout_svc_03.payout.document_payout|payout_svc_03.payout.metric_payout|payout_svc_03.payout.offer_payout|payout_svc_03.payout.policy_payout|payout_svc_03.payout.redemption_payout|payout_svc_03.payout.score_payout|payout_svc_03.payout.segment_payout,10,0,applications/backend/services/payout/payout-03,/api/v1/payout/03,domain-payout,payout-03,DOMAIN_POLICY_PENDING,PLANNED
614,42,payout,payout-platform,svc-0414,payout-04,team-042,10,pg-cluster-131|pg-cluster-132|pg-cluster-133|pg-cluster-134|pg-cluster-135|pg-cluster-136|pg-cluster-137|pg-cluster-138|pg-cluster-139|pg-cluster-140,payout_svc_04,payout,10,payout_svc_04.payout.balance_payout|payout_svc_04.payout.batch_payout|payout_svc_04.payout.checkpoint_payout|payout_svc_04.payout.exception_payout|payout_svc_04.payout.invoice_payout|payout_svc_04.payout.job_payout|payout_svc_04.payout.ledger_payout|payout_svc_04.payout.line_payout|payout_svc_04.payout.run_payout|payout_svc_04.payout.task_payout,10,0,applications/backend/services/payout/payout-04,/api/v1/payout/04,domain-payout,payout-04,DOMAIN_POLICY_PENDING,PLANNED
615,42,payout,payout-platform,svc-0415,payout-05,team-042,10,pg-cluster-141|pg-cluster-142|pg-cluster-143|pg-cluster-144|pg-cluster-145|pg-cluster-146|pg-cluster-147|pg-cluster-148|pg-cluster-149|pg-cluster-150,payout_svc_05,payout,10,payout_svc_05.payout.alert_payout|payout_svc_05.payout.approval_payout|payout_svc_05.payout.assignment_payout|payout_svc_05.payout.availability_payout|payout_svc_05.payout.capacity_payout|payout_svc_05.payout.case_payout|payout_svc_05.payout.decision_payout|payout_svc_05.payout.forecast_payout|payout_svc_05.payout.schedule_payout|payout_svc_05.payout.workflow_payout,10,0,applications/backend/services/payout/payout-05,/api/v1/payout/05,domain-payout,payout-05,DOMAIN_POLICY_PENDING,PLANNED
616,42,payout,payout-platform,svc-0416,payout-06,team-042,10,pg-cluster-151|pg-cluster-152|pg-cluster-153|pg-cluster-154|pg-cluster-155|pg-cluster-156|pg-cluster-157|pg-cluster-158|pg-cluster-159|pg-cluster-160,payout_svc_06,payout,10,payout_svc_06.payout.attribute_payout|payout_svc_06.payout.category_payout|payout_svc_06.payout.collection_payout|payout_svc_06.payout.media_payout|payout_svc_06.payout.plan_payout|payout_svc_06.payout.ranking_payout|payout_svc_06.payout.relationship_payout|payout_svc_06.payout.target_payout|payout_svc_06.payout.threshold_payout|payout_svc_06.payout.variant_payout,10,0,applications/backend/services/payout/payout-06,/api/v1/payout/06,domain-payout,payout-06,DOMAIN_POLICY_PENDING,PLANNED
617,42,payout,payout-platform,svc-0417,payout-07,team-042,10,pg-cluster-161|pg-cluster-162|pg-cluster-163|pg-cluster-164|pg-cluster-165|pg-cluster-166|pg-cluster-167|pg-cluster-168|pg-cluster-169|pg-cluster-170,payout_svc_07,payout,10,payout_svc_07.payout.attribution_payout|payout_svc_07.payout.channel_payout|payout_svc_07.payout.click_payout|payout_svc_07.payout.conversion_payout|payout_svc_07.payout.delivery_payout|payout_svc_07.payout.impression_payout|payout_svc_07.payout.message_payout|payout_svc_07.payout.query_payout|payout_svc_07.payout.result_payout|payout_svc_07.payout.template_payout,10,0,applications/backend/services/payout/payout-07,/api/v1/payout/07,domain-payout,payout-07,DOMAIN_POLICY_PENDING,PLANNED
618,42,payout,payout-platform,svc-0418,payout-08,team-042,10,pg-cluster-171|pg-cluster-172|pg-cluster-173|pg-cluster-174|pg-cluster-175|pg-cluster-176|pg-cluster-177|pg-cluster-178|pg-cluster-179|pg-cluster-180,payout_svc_08,payout,10,payout_svc_08.payout.contract_payout|payout_svc_08.payout.fee_payout|payout_svc_08.payout.partner_payout|payout_svc_08.payout.payout_master|payout_svc_08.payout.price_payout|payout_svc_08.payout.provider_payout|payout_svc_08.payout.rate_payout|payout_svc_08.payout.reconciliation_payout|payout_svc_08.payout.settlement_payout|payout_svc_08.payout.tax_payout,10,0,applications/backend/services/payout/payout-08,/api/v1/payout/08,domain-payout,payout-08,DOMAIN_POLICY_PENDING,PLANNED
619,42,payout,payout-platform,svc-0419,payout-09,team-042,10,pg-cluster-181|pg-cluster-182|pg-cluster-183|pg-cluster-184|pg-cluster-185|pg-cluster-186|pg-cluster-187|pg-cluster-188|pg-cluster-189|pg-cluster-190,payout_svc_09,payout,10,payout_svc_09.payout.bin_payout|payout_svc_09.payout.package_payout|payout_svc_09.payout.refund_payout|payout_svc_09.payout.return_payout|payout_svc_09.payout.route_payout|payout_svc_09.payout.shipment_payout|payout_svc_09.payout.stock_payout|payout_svc_09.payout.stop_payout|payout_svc_09.payout.tracking_payout|payout_svc_09.payout.warehouse_payout,10,0,applications/backend/services/payout/payout-09,/api/v1/payout/09,domain-payout,payout-09,DOMAIN_POLICY_PENDING,PLANNED
620,42,payout,payout-platform,svc-0420,payout-10,team-042,10,pg-cluster-191|pg-cluster-192|pg-cluster-193|pg-cluster-194|pg-cluster-195|pg-cluster-196|pg-cluster-197|pg-cluster-198|pg-cluster-199|pg-cluster-200,payout_svc_10,payout,10,payout_svc_10.payout.consent_payout|payout_svc_10.payout.device_payout|payout_svc_10.payout.feedback_payout|payout_svc_10.payout.location_payout|payout_svc_10.payout.owner_payout|payout_svc_10.payout.permission_payout|payout_svc_10.payout.rating_payout|payout_svc_10.payout.review_payout|payout_svc_10.payout.role_payout|payout_svc_10.payout.token_payout,10,0,applications/backend/services/payout/payout-10,/api/v1/payout/10,domain-payout,payout-10,DOMAIN_POLICY_PENDING,PLANNED
621,43,risk,risk-platform,svc-0421,risk-01,team-043,10,pg-cluster-201|pg-cluster-202|pg-cluster-203|pg-cluster-204|pg-cluster-205|pg-cluster-206|pg-cluster-207|pg-cluster-208|pg-cluster-209|pg-cluster-210,risk_svc_01,risk,10,risk_svc_01.risk.account_risk|risk_svc_01.risk.address_risk|risk_svc_01.risk.event_risk|risk_svc_01.risk.history_risk|risk_svc_01.risk.mapping_risk|risk_svc_01.risk.preference_risk|risk_svc_01.risk.profile_risk|risk_svc_01.risk.rule_risk|risk_svc_01.risk.session_risk|risk_svc_01.risk.status_risk,10,0,applications/backend/services/risk/risk-01,/api/v1/risk/01,domain-risk,risk-01,DOMAIN_POLICY_PENDING,PLANNED
622,43,risk,risk-platform,svc-0422,risk-02,team-043,10,pg-cluster-211|pg-cluster-212|pg-cluster-213|pg-cluster-214|pg-cluster-215|pg-cluster-216|pg-cluster-217|pg-cluster-218|pg-cluster-219|pg-cluster-220,risk_svc_02,risk,10,risk_svc_02.risk.allocation_risk|risk_svc_02.risk.attempt_risk|risk_svc_02.risk.detail_risk|risk_svc_02.risk.item_risk|risk_svc_02.risk.movement_risk|risk_svc_02.risk.request_risk|risk_svc_02.risk.reservation_risk|risk_svc_02.risk.response_risk|risk_svc_02.risk.snapshot_risk|risk_svc_02.risk.transaction_risk,10,0,applications/backend/services/risk/risk-02,/api/v1/risk/02,domain-risk,risk-02,DOMAIN_POLICY_PENDING,PLANNED
623,43,risk,risk-platform,svc-0423,risk-03,team-043,10,pg-cluster-221|pg-cluster-222|pg-cluster-223|pg-cluster-224|pg-cluster-225|pg-cluster-226|pg-cluster-227|pg-cluster-228|pg-cluster-229|pg-cluster-230,risk_svc_03,risk,10,risk_svc_03.risk.adjustment_risk|risk_svc_03.risk.campaign_risk|risk_svc_03.risk.configuration_risk|risk_svc_03.risk.document_risk|risk_svc_03.risk.metric_risk|risk_svc_03.risk.offer_risk|risk_svc_03.risk.policy_risk|risk_svc_03.risk.redemption_risk|risk_svc_03.risk.score_risk|risk_svc_03.risk.segment_risk,10,0,applications/backend/services/risk/risk-03,/api/v1/risk/03,domain-risk,risk-03,DOMAIN_POLICY_PENDING,PLANNED
624,43,risk,risk-platform,svc-0424,risk-04,team-043,10,pg-cluster-231|pg-cluster-232|pg-cluster-233|pg-cluster-234|pg-cluster-235|pg-cluster-236|pg-cluster-237|pg-cluster-238|pg-cluster-239|pg-cluster-240,risk_svc_04,risk,10,risk_svc_04.risk.balance_risk|risk_svc_04.risk.batch_risk|risk_svc_04.risk.checkpoint_risk|risk_svc_04.risk.exception_risk|risk_svc_04.risk.invoice_risk|risk_svc_04.risk.job_risk|risk_svc_04.risk.ledger_risk|risk_svc_04.risk.line_risk|risk_svc_04.risk.run_risk|risk_svc_04.risk.task_risk,10,0,applications/backend/services/risk/risk-04,/api/v1/risk/04,domain-risk,risk-04,DOMAIN_POLICY_PENDING,PLANNED
625,43,risk,risk-platform,svc-0425,risk-05,team-043,10,pg-cluster-241|pg-cluster-242|pg-cluster-243|pg-cluster-244|pg-cluster-245|pg-cluster-246|pg-cluster-247|pg-cluster-248|pg-cluster-249|pg-cluster-250,risk_svc_05,risk,10,risk_svc_05.risk.alert_risk|risk_svc_05.risk.approval_risk|risk_svc_05.risk.assignment_risk|risk_svc_05.risk.availability_risk|risk_svc_05.risk.capacity_risk|risk_svc_05.risk.case_risk|risk_svc_05.risk.decision_risk|risk_svc_05.risk.forecast_risk|risk_svc_05.risk.schedule_risk|risk_svc_05.risk.workflow_risk,10,0,applications/backend/services/risk/risk-05,/api/v1/risk/05,domain-risk,risk-05,DOMAIN_POLICY_PENDING,PLANNED
626,43,risk,risk-platform,svc-0426,risk-06,team-043,10,pg-cluster-251|pg-cluster-252|pg-cluster-253|pg-cluster-254|pg-cluster-255|pg-cluster-256|pg-cluster-257|pg-cluster-258|pg-cluster-259|pg-cluster-260,risk_svc_06,risk,10,risk_svc_06.risk.attribute_risk|risk_svc_06.risk.category_risk|risk_svc_06.risk.collection_risk|risk_svc_06.risk.media_risk|risk_svc_06.risk.plan_risk|risk_svc_06.risk.ranking_risk|risk_svc_06.risk.relationship_risk|risk_svc_06.risk.target_risk|risk_svc_06.risk.threshold_risk|risk_svc_06.risk.variant_risk,10,0,applications/backend/services/risk/risk-06,/api/v1/risk/06,domain-risk,risk-06,DOMAIN_POLICY_PENDING,PLANNED
627,43,risk,risk-platform,svc-0427,risk-07,team-043,10,pg-cluster-261|pg-cluster-262|pg-cluster-263|pg-cluster-264|pg-cluster-265|pg-cluster-266|pg-cluster-267|pg-cluster-268|pg-cluster-269|pg-cluster-270,risk_svc_07,risk,10,risk_svc_07.risk.attribution_risk|risk_svc_07.risk.channel_risk|risk_svc_07.risk.click_risk|risk_svc_07.risk.conversion_risk|risk_svc_07.risk.delivery_risk|risk_svc_07.risk.impression_risk|risk_svc_07.risk.message_risk|risk_svc_07.risk.query_risk|risk_svc_07.risk.result_risk|risk_svc_07.risk.template_risk,10,0,applications/backend/services/risk/risk-07,/api/v1/risk/07,domain-risk,risk-07,DOMAIN_POLICY_PENDING,PLANNED
628,43,risk,risk-platform,svc-0428,risk-08,team-043,10,pg-cluster-271|pg-cluster-272|pg-cluster-273|pg-cluster-274|pg-cluster-275|pg-cluster-276|pg-cluster-277|pg-cluster-278|pg-cluster-279|pg-cluster-280,risk_svc_08,risk,10,risk_svc_08.risk.contract_risk|risk_svc_08.risk.fee_risk|risk_svc_08.risk.partner_risk|risk_svc_08.risk.payout_risk|risk_svc_08.risk.price_risk|risk_svc_08.risk.provider_risk|risk_svc_08.risk.rate_risk|risk_svc_08.risk.reconciliation_risk|risk_svc_08.risk.settlement_risk|risk_svc_08.risk.tax_risk,10,0,applications/backend/services/risk/risk-08,/api/v1/risk/08,domain-risk,risk-08,DOMAIN_POLICY_PENDING,PLANNED
629,43,risk,risk-platform,svc-0429,risk-09,team-043,10,pg-cluster-281|pg-cluster-282|pg-cluster-283|pg-cluster-284|pg-cluster-285|pg-cluster-286|pg-cluster-287|pg-cluster-288|pg-cluster-289|pg-cluster-290,risk_svc_09,risk,10,risk_svc_09.risk.bin_risk|risk_svc_09.risk.package_risk|risk_svc_09.risk.refund_risk|risk_svc_09.risk.return_risk|risk_svc_09.risk.route_risk|risk_svc_09.risk.shipment_risk|risk_svc_09.risk.stock_risk|risk_svc_09.risk.stop_risk|risk_svc_09.risk.tracking_risk|risk_svc_09.risk.warehouse_risk,10,0,applications/backend/services/risk/risk-09,/api/v1/risk/09,domain-risk,risk-09,DOMAIN_POLICY_PENDING,PLANNED
630,43,risk,risk-platform,svc-0430,risk-10,team-043,10,pg-cluster-291|pg-cluster-292|pg-cluster-293|pg-cluster-294|pg-cluster-295|pg-cluster-296|pg-cluster-297|pg-cluster-298|pg-cluster-299|pg-cluster-300,risk_svc_10,risk,10,risk_svc_10.risk.consent_risk|risk_svc_10.risk.device_risk|risk_svc_10.risk.feedback_risk|risk_svc_10.risk.location_risk|risk_svc_10.risk.owner_risk|risk_svc_10.risk.permission_risk|risk_svc_10.risk.rating_risk|risk_svc_10.risk.review_risk|risk_svc_10.risk.role_risk|risk_svc_10.risk.token_risk,10,0,applications/backend/services/risk/risk-10,/api/v1/risk/10,domain-risk,risk-10,DOMAIN_POLICY_PENDING,PLANNED
631,44,compliance,compliance-platform,svc-0431,compliance-01,team-044,10,pg-cluster-301|pg-cluster-302|pg-cluster-303|pg-cluster-304|pg-cluster-305|pg-cluster-306|pg-cluster-307|pg-cluster-308|pg-cluster-309|pg-cluster-310,compliance_svc_01,compliance,10,compliance_svc_01.compliance.account_compliance|compliance_svc_01.compliance.address_compliance|compliance_svc_01.compliance.event_compliance|compliance_svc_01.compliance.history_compliance|compliance_svc_01.compliance.mapping_compliance|compliance_svc_01.compliance.preference_compliance|compliance_svc_01.compliance.profile_compliance|compliance_svc_01.compliance.rule_compliance|compliance_svc_01.compliance.session_compliance|compliance_svc_01.compliance.status_compliance,10,0,applications/backend/services/compliance/compliance-01,/api/v1/compliance/01,domain-compliance,compliance-01,DOMAIN_POLICY_PENDING,PLANNED
632,44,compliance,compliance-platform,svc-0432,compliance-02,team-044,10,pg-cluster-311|pg-cluster-312|pg-cluster-313|pg-cluster-314|pg-cluster-315|pg-cluster-316|pg-cluster-317|pg-cluster-318|pg-cluster-319|pg-cluster-320,compliance_svc_02,compliance,10,compliance_svc_02.compliance.allocation_compliance|compliance_svc_02.compliance.attempt_compliance|compliance_svc_02.compliance.detail_compliance|compliance_svc_02.compliance.item_compliance|compliance_svc_02.compliance.movement_compliance|compliance_svc_02.compliance.request_compliance|compliance_svc_02.compliance.reservation_compliance|compliance_svc_02.compliance.response_compliance|compliance_svc_02.compliance.snapshot_compliance|compliance_svc_02.compliance.transaction_compliance,10,0,applications/backend/services/compliance/compliance-02,/api/v1/compliance/02,domain-compliance,compliance-02,DOMAIN_POLICY_PENDING,PLANNED
633,44,compliance,compliance-platform,svc-0433,compliance-03,team-044,10,pg-cluster-321|pg-cluster-322|pg-cluster-323|pg-cluster-324|pg-cluster-325|pg-cluster-326|pg-cluster-327|pg-cluster-328|pg-cluster-329|pg-cluster-330,compliance_svc_03,compliance,10,compliance_svc_03.compliance.adjustment_compliance|compliance_svc_03.compliance.campaign_compliance|compliance_svc_03.compliance.configuration_compliance|compliance_svc_03.compliance.document_compliance|compliance_svc_03.compliance.metric_compliance|compliance_svc_03.compliance.offer_compliance|compliance_svc_03.compliance.policy_compliance|compliance_svc_03.compliance.redemption_compliance|compliance_svc_03.compliance.score_compliance|compliance_svc_03.compliance.segment_compliance,10,0,applications/backend/services/compliance/compliance-03,/api/v1/compliance/03,domain-compliance,compliance-03,DOMAIN_POLICY_PENDING,PLANNED
634,44,compliance,compliance-platform,svc-0434,compliance-04,team-044,10,pg-cluster-331|pg-cluster-332|pg-cluster-333|pg-cluster-334|pg-cluster-335|pg-cluster-336|pg-cluster-337|pg-cluster-338|pg-cluster-339|pg-cluster-340,compliance_svc_04,compliance,10,compliance_svc_04.compliance.balance_compliance|compliance_svc_04.compliance.batch_compliance|compliance_svc_04.compliance.checkpoint_compliance|compliance_svc_04.compliance.exception_compliance|compliance_svc_04.compliance.invoice_compliance|compliance_svc_04.compliance.job_compliance|compliance_svc_04.compliance.ledger_compliance|compliance_svc_04.compliance.line_compliance|compliance_svc_04.compliance.run_compliance|compliance_svc_04.compliance.task_compliance,10,0,applications/backend/services/compliance/compliance-04,/api/v1/compliance/04,domain-compliance,compliance-04,DOMAIN_POLICY_PENDING,PLANNED
635,44,compliance,compliance-platform,svc-0435,compliance-05,team-044,10,pg-cluster-341|pg-cluster-342|pg-cluster-343|pg-cluster-344|pg-cluster-345|pg-cluster-346|pg-cluster-347|pg-cluster-348|pg-cluster-349|pg-cluster-350,compliance_svc_05,compliance,10,compliance_svc_05.compliance.alert_compliance|compliance_svc_05.compliance.approval_compliance|compliance_svc_05.compliance.assignment_compliance|compliance_svc_05.compliance.availability_compliance|compliance_svc_05.compliance.capacity_compliance|compliance_svc_05.compliance.case_compliance|compliance_svc_05.compliance.decision_compliance|compliance_svc_05.compliance.forecast_compliance|compliance_svc_05.compliance.schedule_compliance|compliance_svc_05.compliance.workflow_compliance,10,0,applications/backend/services/compliance/compliance-05,/api/v1/compliance/05,domain-compliance,compliance-05,DOMAIN_POLICY_PENDING,PLANNED
636,44,compliance,compliance-platform,svc-0436,compliance-06,team-044,10,pg-cluster-351|pg-cluster-352|pg-cluster-353|pg-cluster-354|pg-cluster-355|pg-cluster-356|pg-cluster-357|pg-cluster-358|pg-cluster-359|pg-cluster-360,compliance_svc_06,compliance,10,compliance_svc_06.compliance.attribute_compliance|compliance_svc_06.compliance.category_compliance|compliance_svc_06.compliance.collection_compliance|compliance_svc_06.compliance.media_compliance|compliance_svc_06.compliance.plan_compliance|compliance_svc_06.compliance.ranking_compliance|compliance_svc_06.compliance.relationship_compliance|compliance_svc_06.compliance.target_compliance|compliance_svc_06.compliance.threshold_compliance|compliance_svc_06.compliance.variant_compliance,10,0,applications/backend/services/compliance/compliance-06,/api/v1/compliance/06,domain-compliance,compliance-06,DOMAIN_POLICY_PENDING,PLANNED
637,44,compliance,compliance-platform,svc-0437,compliance-07,team-044,10,pg-cluster-361|pg-cluster-362|pg-cluster-363|pg-cluster-364|pg-cluster-365|pg-cluster-366|pg-cluster-367|pg-cluster-368|pg-cluster-369|pg-cluster-370,compliance_svc_07,compliance,10,compliance_svc_07.compliance.attribution_compliance|compliance_svc_07.compliance.channel_compliance|compliance_svc_07.compliance.click_compliance|compliance_svc_07.compliance.conversion_compliance|compliance_svc_07.compliance.delivery_compliance|compliance_svc_07.compliance.impression_compliance|compliance_svc_07.compliance.message_compliance|compliance_svc_07.compliance.query_compliance|compliance_svc_07.compliance.result_compliance|compliance_svc_07.compliance.template_compliance,10,0,applications/backend/services/compliance/compliance-07,/api/v1/compliance/07,domain-compliance,compliance-07,DOMAIN_POLICY_PENDING,PLANNED
638,44,compliance,compliance-platform,svc-0438,compliance-08,team-044,10,pg-cluster-371|pg-cluster-372|pg-cluster-373|pg-cluster-374|pg-cluster-375|pg-cluster-376|pg-cluster-377|pg-cluster-378|pg-cluster-379|pg-cluster-380,compliance_svc_08,compliance,10,compliance_svc_08.compliance.contract_compliance|compliance_svc_08.compliance.fee_compliance|compliance_svc_08.compliance.partner_compliance|compliance_svc_08.compliance.payout_compliance|compliance_svc_08.compliance.price_compliance|compliance_svc_08.compliance.provider_compliance|compliance_svc_08.compliance.rate_compliance|compliance_svc_08.compliance.reconciliation_compliance|compliance_svc_08.compliance.settlement_compliance|compliance_svc_08.compliance.tax_compliance,10,0,applications/backend/services/compliance/compliance-08,/api/v1/compliance/08,domain-compliance,compliance-08,DOMAIN_POLICY_PENDING,PLANNED
639,44,compliance,compliance-platform,svc-0439,compliance-09,team-044,10,pg-cluster-381|pg-cluster-382|pg-cluster-383|pg-cluster-384|pg-cluster-385|pg-cluster-386|pg-cluster-387|pg-cluster-388|pg-cluster-389|pg-cluster-390,compliance_svc_09,compliance,10,compliance_svc_09.compliance.bin_compliance|compliance_svc_09.compliance.package_compliance|compliance_svc_09.compliance.refund_compliance|compliance_svc_09.compliance.return_compliance|compliance_svc_09.compliance.route_compliance|compliance_svc_09.compliance.shipment_compliance|compliance_svc_09.compliance.stock_compliance|compliance_svc_09.compliance.stop_compliance|compliance_svc_09.compliance.tracking_compliance|compliance_svc_09.compliance.warehouse_compliance,10,0,applications/backend/services/compliance/compliance-09,/api/v1/compliance/09,domain-compliance,compliance-09,DOMAIN_POLICY_PENDING,PLANNED
640,44,compliance,compliance-platform,svc-0440,compliance-10,team-044,10,pg-cluster-391|pg-cluster-392|pg-cluster-393|pg-cluster-394|pg-cluster-395|pg-cluster-396|pg-cluster-397|pg-cluster-398|pg-cluster-399|pg-cluster-400,compliance_svc_10,compliance,10,compliance_svc_10.compliance.consent_compliance|compliance_svc_10.compliance.device_compliance|compliance_svc_10.compliance.feedback_compliance|compliance_svc_10.compliance.location_compliance|compliance_svc_10.compliance.owner_compliance|compliance_svc_10.compliance.permission_compliance|compliance_svc_10.compliance.rating_compliance|compliance_svc_10.compliance.review_compliance|compliance_svc_10.compliance.role_compliance|compliance_svc_10.compliance.token_compliance,10,0,applications/backend/services/compliance/compliance-10,/api/v1/compliance/10,domain-compliance,compliance-10,DOMAIN_POLICY_PENDING,PLANNED
641,45,privacy,privacy-platform,svc-0441,privacy-01,team-045,10,pg-cluster-401|pg-cluster-402|pg-cluster-403|pg-cluster-404|pg-cluster-405|pg-cluster-406|pg-cluster-407|pg-cluster-408|pg-cluster-409|pg-cluster-410,privacy_svc_01,privacy,10,privacy_svc_01.privacy.account_privacy|privacy_svc_01.privacy.address_privacy|privacy_svc_01.privacy.event_privacy|privacy_svc_01.privacy.history_privacy|privacy_svc_01.privacy.mapping_privacy|privacy_svc_01.privacy.preference_privacy|privacy_svc_01.privacy.profile_privacy|privacy_svc_01.privacy.rule_privacy|privacy_svc_01.privacy.session_privacy|privacy_svc_01.privacy.status_privacy,7,3,applications/backend/services/privacy/privacy-01,/api/v1/privacy/01,domain-privacy,privacy-01,DOMAIN_POLICY_PENDING,PLANNED
642,45,privacy,privacy-platform,svc-0442,privacy-02,team-045,10,pg-cluster-411|pg-cluster-412|pg-cluster-413|pg-cluster-414|pg-cluster-415|pg-cluster-416|pg-cluster-417|pg-cluster-418|pg-cluster-419|pg-cluster-420,privacy_svc_02,privacy,10,privacy_svc_02.privacy.allocation_privacy|privacy_svc_02.privacy.attempt_privacy|privacy_svc_02.privacy.detail_privacy|privacy_svc_02.privacy.item_privacy|privacy_svc_02.privacy.movement_privacy|privacy_svc_02.privacy.request_privacy|privacy_svc_02.privacy.reservation_privacy|privacy_svc_02.privacy.response_privacy|privacy_svc_02.privacy.snapshot_privacy|privacy_svc_02.privacy.transaction_privacy,7,3,applications/backend/services/privacy/privacy-02,/api/v1/privacy/02,domain-privacy,privacy-02,DOMAIN_POLICY_PENDING,PLANNED
643,45,privacy,privacy-platform,svc-0443,privacy-03,team-045,10,pg-cluster-421|pg-cluster-422|pg-cluster-423|pg-cluster-424|pg-cluster-425|pg-cluster-426|pg-cluster-427|pg-cluster-428|pg-cluster-429|pg-cluster-430,privacy_svc_03,privacy,10,privacy_svc_03.privacy.adjustment_privacy|privacy_svc_03.privacy.campaign_privacy|privacy_svc_03.privacy.configuration_privacy|privacy_svc_03.privacy.document_privacy|privacy_svc_03.privacy.metric_privacy|privacy_svc_03.privacy.offer_privacy|privacy_svc_03.privacy.policy_privacy|privacy_svc_03.privacy.redemption_privacy|privacy_svc_03.privacy.score_privacy|privacy_svc_03.privacy.segment_privacy,6,4,applications/backend/services/privacy/privacy-03,/api/v1/privacy/03,domain-privacy,privacy-03,DOMAIN_POLICY_PENDING,PLANNED
644,45,privacy,privacy-platform,svc-0444,privacy-04,team-045,10,pg-cluster-431|pg-cluster-432|pg-cluster-433|pg-cluster-434|pg-cluster-435|pg-cluster-436|pg-cluster-437|pg-cluster-438|pg-cluster-439|pg-cluster-440,privacy_svc_04,privacy,10,privacy_svc_04.privacy.balance_privacy|privacy_svc_04.privacy.batch_privacy|privacy_svc_04.privacy.checkpoint_privacy|privacy_svc_04.privacy.exception_privacy|privacy_svc_04.privacy.invoice_privacy|privacy_svc_04.privacy.job_privacy|privacy_svc_04.privacy.ledger_privacy|privacy_svc_04.privacy.line_privacy|privacy_svc_04.privacy.run_privacy|privacy_svc_04.privacy.task_privacy,7,3,applications/backend/services/privacy/privacy-04,/api/v1/privacy/04,domain-privacy,privacy-04,DOMAIN_POLICY_PENDING,PLANNED
645,45,privacy,privacy-platform,svc-0445,privacy-05,team-045,10,pg-cluster-441|pg-cluster-442|pg-cluster-443|pg-cluster-444|pg-cluster-445|pg-cluster-446|pg-cluster-447|pg-cluster-448|pg-cluster-449|pg-cluster-450,privacy_svc_05,privacy,10,privacy_svc_05.privacy.alert_privacy|privacy_svc_05.privacy.approval_privacy|privacy_svc_05.privacy.assignment_privacy|privacy_svc_05.privacy.availability_privacy|privacy_svc_05.privacy.capacity_privacy|privacy_svc_05.privacy.case_privacy|privacy_svc_05.privacy.decision_privacy|privacy_svc_05.privacy.forecast_privacy|privacy_svc_05.privacy.schedule_privacy|privacy_svc_05.privacy.workflow_privacy,7,3,applications/backend/services/privacy/privacy-05,/api/v1/privacy/05,domain-privacy,privacy-05,DOMAIN_POLICY_PENDING,PLANNED
646,45,privacy,privacy-platform,svc-0446,privacy-06,team-045,10,pg-cluster-451|pg-cluster-452|pg-cluster-453|pg-cluster-454|pg-cluster-455|pg-cluster-456|pg-cluster-457|pg-cluster-458|pg-cluster-459|pg-cluster-460,privacy_svc_06,privacy,10,privacy_svc_06.privacy.attribute_privacy|privacy_svc_06.privacy.category_privacy|privacy_svc_06.privacy.collection_privacy|privacy_svc_06.privacy.media_privacy|privacy_svc_06.privacy.plan_privacy|privacy_svc_06.privacy.ranking_privacy|privacy_svc_06.privacy.relationship_privacy|privacy_svc_06.privacy.target_privacy|privacy_svc_06.privacy.threshold_privacy|privacy_svc_06.privacy.variant_privacy,6,4,applications/backend/services/privacy/privacy-06,/api/v1/privacy/06,domain-privacy,privacy-06,DOMAIN_POLICY_PENDING,PLANNED
647,45,privacy,privacy-platform,svc-0447,privacy-07,team-045,10,pg-cluster-461|pg-cluster-462|pg-cluster-463|pg-cluster-464|pg-cluster-465|pg-cluster-466|pg-cluster-467|pg-cluster-468|pg-cluster-469|pg-cluster-470,privacy_svc_07,privacy,10,privacy_svc_07.privacy.attribution_privacy|privacy_svc_07.privacy.channel_privacy|privacy_svc_07.privacy.click_privacy|privacy_svc_07.privacy.conversion_privacy|privacy_svc_07.privacy.delivery_privacy|privacy_svc_07.privacy.impression_privacy|privacy_svc_07.privacy.message_privacy|privacy_svc_07.privacy.query_privacy|privacy_svc_07.privacy.result_privacy|privacy_svc_07.privacy.template_privacy,7,3,applications/backend/services/privacy/privacy-07,/api/v1/privacy/07,domain-privacy,privacy-07,DOMAIN_POLICY_PENDING,PLANNED
648,45,privacy,privacy-platform,svc-0448,privacy-08,team-045,10,pg-cluster-471|pg-cluster-472|pg-cluster-473|pg-cluster-474|pg-cluster-475|pg-cluster-476|pg-cluster-477|pg-cluster-478|pg-cluster-479|pg-cluster-480,privacy_svc_08,privacy,10,privacy_svc_08.privacy.contract_privacy|privacy_svc_08.privacy.fee_privacy|privacy_svc_08.privacy.partner_privacy|privacy_svc_08.privacy.payout_privacy|privacy_svc_08.privacy.price_privacy|privacy_svc_08.privacy.provider_privacy|privacy_svc_08.privacy.rate_privacy|privacy_svc_08.privacy.reconciliation_privacy|privacy_svc_08.privacy.settlement_privacy|privacy_svc_08.privacy.tax_privacy,7,3,applications/backend/services/privacy/privacy-08,/api/v1/privacy/08,domain-privacy,privacy-08,DOMAIN_POLICY_PENDING,PLANNED
649,45,privacy,privacy-platform,svc-0449,privacy-09,team-045,10,pg-cluster-481|pg-cluster-482|pg-cluster-483|pg-cluster-484|pg-cluster-485|pg-cluster-486|pg-cluster-487|pg-cluster-488|pg-cluster-489|pg-cluster-490,privacy_svc_09,privacy,10,privacy_svc_09.privacy.bin_privacy|privacy_svc_09.privacy.package_privacy|privacy_svc_09.privacy.refund_privacy|privacy_svc_09.privacy.return_privacy|privacy_svc_09.privacy.route_privacy|privacy_svc_09.privacy.shipment_privacy|privacy_svc_09.privacy.stock_privacy|privacy_svc_09.privacy.stop_privacy|privacy_svc_09.privacy.tracking_privacy|privacy_svc_09.privacy.warehouse_privacy,6,4,applications/backend/services/privacy/privacy-09,/api/v1/privacy/09,domain-privacy,privacy-09,DOMAIN_POLICY_PENDING,PLANNED
650,45,privacy,privacy-platform,svc-0450,privacy-10,team-045,10,pg-cluster-491|pg-cluster-492|pg-cluster-493|pg-cluster-494|pg-cluster-495|pg-cluster-496|pg-cluster-497|pg-cluster-498|pg-cluster-499|pg-cluster-500,privacy_svc_10,privacy,10,privacy_svc_10.privacy.consent_privacy|privacy_svc_10.privacy.device_privacy|privacy_svc_10.privacy.feedback_privacy|privacy_svc_10.privacy.location_privacy|privacy_svc_10.privacy.owner_privacy|privacy_svc_10.privacy.permission_privacy|privacy_svc_10.privacy.rating_privacy|privacy_svc_10.privacy.review_privacy|privacy_svc_10.privacy.role_privacy|privacy_svc_10.privacy.token_privacy,7,3,applications/backend/services/privacy/privacy-10,/api/v1/privacy/10,domain-privacy,privacy-10,DOMAIN_POLICY_PENDING,PLANNED
651,46,security,security-platform,svc-0451,security-01,team-046,10,pg-cluster-501|pg-cluster-502|pg-cluster-503|pg-cluster-504|pg-cluster-505|pg-cluster-506|pg-cluster-507|pg-cluster-508|pg-cluster-509|pg-cluster-510,security_svc_01,security,10,security_svc_01.security.account_security|security_svc_01.security.address_security|security_svc_01.security.event_security|security_svc_01.security.history_security|security_svc_01.security.mapping_security|security_svc_01.security.preference_security|security_svc_01.security.profile_security|security_svc_01.security.rule_security|security_svc_01.security.session_security|security_svc_01.security.status_security,7,3,applications/backend/services/security/security-01,/api/v1/security/01,domain-security,security-01,DOMAIN_POLICY_PENDING,PLANNED
652,46,security,security-platform,svc-0452,security-02,team-046,10,pg-cluster-511|pg-cluster-512|pg-cluster-513|pg-cluster-514|pg-cluster-515|pg-cluster-516|pg-cluster-517|pg-cluster-518|pg-cluster-519|pg-cluster-520,security_svc_02,security,10,security_svc_02.security.allocation_security|security_svc_02.security.attempt_security|security_svc_02.security.detail_security|security_svc_02.security.item_security|security_svc_02.security.movement_security|security_svc_02.security.request_security|security_svc_02.security.reservation_security|security_svc_02.security.response_security|security_svc_02.security.snapshot_security|security_svc_02.security.transaction_security,7,3,applications/backend/services/security/security-02,/api/v1/security/02,domain-security,security-02,DOMAIN_POLICY_PENDING,PLANNED
653,46,security,security-platform,svc-0453,security-03,team-046,10,pg-cluster-521|pg-cluster-522|pg-cluster-523|pg-cluster-524|pg-cluster-525|pg-cluster-526|pg-cluster-527|pg-cluster-528|pg-cluster-529|pg-cluster-530,security_svc_03,security,10,security_svc_03.security.adjustment_security|security_svc_03.security.campaign_security|security_svc_03.security.configuration_security|security_svc_03.security.document_security|security_svc_03.security.metric_security|security_svc_03.security.offer_security|security_svc_03.security.policy_security|security_svc_03.security.redemption_security|security_svc_03.security.score_security|security_svc_03.security.segment_security,6,4,applications/backend/services/security/security-03,/api/v1/security/03,domain-security,security-03,DOMAIN_POLICY_PENDING,PLANNED
654,46,security,security-platform,svc-0454,security-04,team-046,10,pg-cluster-531|pg-cluster-532|pg-cluster-533|pg-cluster-534|pg-cluster-535|pg-cluster-536|pg-cluster-537|pg-cluster-538|pg-cluster-539|pg-cluster-540,security_svc_04,security,10,security_svc_04.security.balance_security|security_svc_04.security.batch_security|security_svc_04.security.checkpoint_security|security_svc_04.security.exception_security|security_svc_04.security.invoice_security|security_svc_04.security.job_security|security_svc_04.security.ledger_security|security_svc_04.security.line_security|security_svc_04.security.run_security|security_svc_04.security.task_security,7,3,applications/backend/services/security/security-04,/api/v1/security/04,domain-security,security-04,DOMAIN_POLICY_PENDING,PLANNED
655,46,security,security-platform,svc-0455,security-05,team-046,10,pg-cluster-541|pg-cluster-542|pg-cluster-543|pg-cluster-544|pg-cluster-545|pg-cluster-546|pg-cluster-547|pg-cluster-548|pg-cluster-549|pg-cluster-550,security_svc_05,security,10,security_svc_05.security.alert_security|security_svc_05.security.approval_security|security_svc_05.security.assignment_security|security_svc_05.security.availability_security|security_svc_05.security.capacity_security|security_svc_05.security.case_security|security_svc_05.security.decision_security|security_svc_05.security.forecast_security|security_svc_05.security.schedule_security|security_svc_05.security.workflow_security,7,3,applications/backend/services/security/security-05,/api/v1/security/05,domain-security,security-05,DOMAIN_POLICY_PENDING,PLANNED
656,46,security,security-platform,svc-0456,security-06,team-046,10,pg-cluster-551|pg-cluster-552|pg-cluster-553|pg-cluster-554|pg-cluster-555|pg-cluster-556|pg-cluster-557|pg-cluster-558|pg-cluster-559|pg-cluster-560,security_svc_06,security,10,security_svc_06.security.attribute_security|security_svc_06.security.category_security|security_svc_06.security.collection_security|security_svc_06.security.media_security|security_svc_06.security.plan_security|security_svc_06.security.ranking_security|security_svc_06.security.relationship_security|security_svc_06.security.target_security|security_svc_06.security.threshold_security|security_svc_06.security.variant_security,6,4,applications/backend/services/security/security-06,/api/v1/security/06,domain-security,security-06,DOMAIN_POLICY_PENDING,PLANNED
657,46,security,security-platform,svc-0457,security-07,team-046,10,pg-cluster-561|pg-cluster-562|pg-cluster-563|pg-cluster-564|pg-cluster-565|pg-cluster-566|pg-cluster-567|pg-cluster-568|pg-cluster-569|pg-cluster-570,security_svc_07,security,10,security_svc_07.security.attribution_security|security_svc_07.security.channel_security|security_svc_07.security.click_security|security_svc_07.security.conversion_security|security_svc_07.security.delivery_security|security_svc_07.security.impression_security|security_svc_07.security.message_security|security_svc_07.security.query_security|security_svc_07.security.result_security|security_svc_07.security.template_security,7,3,applications/backend/services/security/security-07,/api/v1/security/07,domain-security,security-07,DOMAIN_POLICY_PENDING,PLANNED
658,46,security,security-platform,svc-0458,security-08,team-046,10,pg-cluster-571|pg-cluster-572|pg-cluster-573|pg-cluster-574|pg-cluster-575|pg-cluster-576|pg-cluster-577|pg-cluster-578|pg-cluster-579|pg-cluster-580,security_svc_08,security,10,security_svc_08.security.contract_security|security_svc_08.security.fee_security|security_svc_08.security.partner_security|security_svc_08.security.payout_security|security_svc_08.security.price_security|security_svc_08.security.provider_security|security_svc_08.security.rate_security|security_svc_08.security.reconciliation_security|security_svc_08.security.settlement_security|security_svc_08.security.tax_security,7,3,applications/backend/services/security/security-08,/api/v1/security/08,domain-security,security-08,DOMAIN_POLICY_PENDING,PLANNED
659,46,security,security-platform,svc-0459,security-09,team-046,10,pg-cluster-581|pg-cluster-582|pg-cluster-583|pg-cluster-584|pg-cluster-585|pg-cluster-586|pg-cluster-587|pg-cluster-588|pg-cluster-589|pg-cluster-590,security_svc_09,security,10,security_svc_09.security.bin_security|security_svc_09.security.package_security|security_svc_09.security.refund_security|security_svc_09.security.return_security|security_svc_09.security.route_security|security_svc_09.security.shipment_security|security_svc_09.security.stock_security|security_svc_09.security.stop_security|security_svc_09.security.tracking_security|security_svc_09.security.warehouse_security,6,4,applications/backend/services/security/security-09,/api/v1/security/09,domain-security,security-09,DOMAIN_POLICY_PENDING,PLANNED
660,46,security,security-platform,svc-0460,security-10,team-046,10,pg-cluster-591|pg-cluster-592|pg-cluster-593|pg-cluster-594|pg-cluster-595|pg-cluster-596|pg-cluster-597|pg-cluster-598|pg-cluster-599|pg-cluster-600,security_svc_10,security,10,security_svc_10.security.consent_security|security_svc_10.security.device_security|security_svc_10.security.feedback_security|security_svc_10.security.location_security|security_svc_10.security.owner_security|security_svc_10.security.permission_security|security_svc_10.security.rating_security|security_svc_10.security.review_security|security_svc_10.security.role_security|security_svc_10.security.token_security,7,3,applications/backend/services/security/security-10,/api/v1/security/10,domain-security,security-10,DOMAIN_POLICY_PENDING,PLANNED
661,47,iam,iam-platform,svc-0461,iam-01,team-047,10,pg-cluster-601|pg-cluster-602|pg-cluster-603|pg-cluster-604|pg-cluster-605|pg-cluster-606|pg-cluster-607|pg-cluster-608|pg-cluster-609|pg-cluster-610,iam_svc_01,iam,10,iam_svc_01.iam.account_iam|iam_svc_01.iam.address_iam|iam_svc_01.iam.event_iam|iam_svc_01.iam.history_iam|iam_svc_01.iam.mapping_iam|iam_svc_01.iam.preference_iam|iam_svc_01.iam.profile_iam|iam_svc_01.iam.rule_iam|iam_svc_01.iam.session_iam|iam_svc_01.iam.status_iam,7,3,applications/backend/services/iam/iam-01,/api/v1/iam/01,domain-iam,iam-01,DOMAIN_POLICY_PENDING,PLANNED
662,47,iam,iam-platform,svc-0462,iam-02,team-047,10,pg-cluster-611|pg-cluster-612|pg-cluster-613|pg-cluster-614|pg-cluster-615|pg-cluster-616|pg-cluster-617|pg-cluster-618|pg-cluster-619|pg-cluster-620,iam_svc_02,iam,10,iam_svc_02.iam.allocation_iam|iam_svc_02.iam.attempt_iam|iam_svc_02.iam.detail_iam|iam_svc_02.iam.item_iam|iam_svc_02.iam.movement_iam|iam_svc_02.iam.request_iam|iam_svc_02.iam.reservation_iam|iam_svc_02.iam.response_iam|iam_svc_02.iam.snapshot_iam|iam_svc_02.iam.transaction_iam,7,3,applications/backend/services/iam/iam-02,/api/v1/iam/02,domain-iam,iam-02,DOMAIN_POLICY_PENDING,PLANNED
663,47,iam,iam-platform,svc-0463,iam-03,team-047,10,pg-cluster-621|pg-cluster-622|pg-cluster-623|pg-cluster-624|pg-cluster-625|pg-cluster-626|pg-cluster-627|pg-cluster-628|pg-cluster-629|pg-cluster-630,iam_svc_03,iam,10,iam_svc_03.iam.adjustment_iam|iam_svc_03.iam.campaign_iam|iam_svc_03.iam.configuration_iam|iam_svc_03.iam.document_iam|iam_svc_03.iam.metric_iam|iam_svc_03.iam.offer_iam|iam_svc_03.iam.policy_iam|iam_svc_03.iam.redemption_iam|iam_svc_03.iam.score_iam|iam_svc_03.iam.segment_iam,6,4,applications/backend/services/iam/iam-03,/api/v1/iam/03,domain-iam,iam-03,DOMAIN_POLICY_PENDING,PLANNED
664,47,iam,iam-platform,svc-0464,iam-04,team-047,10,pg-cluster-631|pg-cluster-632|pg-cluster-633|pg-cluster-634|pg-cluster-635|pg-cluster-636|pg-cluster-637|pg-cluster-638|pg-cluster-639|pg-cluster-640,iam_svc_04,iam,10,iam_svc_04.iam.balance_iam|iam_svc_04.iam.batch_iam|iam_svc_04.iam.checkpoint_iam|iam_svc_04.iam.exception_iam|iam_svc_04.iam.invoice_iam|iam_svc_04.iam.job_iam|iam_svc_04.iam.ledger_iam|iam_svc_04.iam.line_iam|iam_svc_04.iam.run_iam|iam_svc_04.iam.task_iam,7,3,applications/backend/services/iam/iam-04,/api/v1/iam/04,domain-iam,iam-04,DOMAIN_POLICY_PENDING,PLANNED
665,47,iam,iam-platform,svc-0465,iam-05,team-047,10,pg-cluster-641|pg-cluster-642|pg-cluster-643|pg-cluster-644|pg-cluster-645|pg-cluster-646|pg-cluster-647|pg-cluster-648|pg-cluster-649|pg-cluster-650,iam_svc_05,iam,10,iam_svc_05.iam.alert_iam|iam_svc_05.iam.approval_iam|iam_svc_05.iam.assignment_iam|iam_svc_05.iam.availability_iam|iam_svc_05.iam.capacity_iam|iam_svc_05.iam.case_iam|iam_svc_05.iam.decision_iam|iam_svc_05.iam.forecast_iam|iam_svc_05.iam.schedule_iam|iam_svc_05.iam.workflow_iam,7,3,applications/backend/services/iam/iam-05,/api/v1/iam/05,domain-iam,iam-05,DOMAIN_POLICY_PENDING,PLANNED
666,47,iam,iam-platform,svc-0466,iam-06,team-047,10,pg-cluster-651|pg-cluster-652|pg-cluster-653|pg-cluster-654|pg-cluster-655|pg-cluster-656|pg-cluster-657|pg-cluster-658|pg-cluster-659|pg-cluster-660,iam_svc_06,iam,10,iam_svc_06.iam.attribute_iam|iam_svc_06.iam.category_iam|iam_svc_06.iam.collection_iam|iam_svc_06.iam.media_iam|iam_svc_06.iam.plan_iam|iam_svc_06.iam.ranking_iam|iam_svc_06.iam.relationship_iam|iam_svc_06.iam.target_iam|iam_svc_06.iam.threshold_iam|iam_svc_06.iam.variant_iam,6,4,applications/backend/services/iam/iam-06,/api/v1/iam/06,domain-iam,iam-06,DOMAIN_POLICY_PENDING,PLANNED
667,47,iam,iam-platform,svc-0467,iam-07,team-047,10,pg-cluster-661|pg-cluster-662|pg-cluster-663|pg-cluster-664|pg-cluster-665|pg-cluster-666|pg-cluster-667|pg-cluster-668|pg-cluster-669|pg-cluster-670,iam_svc_07,iam,10,iam_svc_07.iam.attribution_iam|iam_svc_07.iam.channel_iam|iam_svc_07.iam.click_iam|iam_svc_07.iam.conversion_iam|iam_svc_07.iam.delivery_iam|iam_svc_07.iam.impression_iam|iam_svc_07.iam.message_iam|iam_svc_07.iam.query_iam|iam_svc_07.iam.result_iam|iam_svc_07.iam.template_iam,7,3,applications/backend/services/iam/iam-07,/api/v1/iam/07,domain-iam,iam-07,DOMAIN_POLICY_PENDING,PLANNED
668,47,iam,iam-platform,svc-0468,iam-08,team-047,10,pg-cluster-671|pg-cluster-672|pg-cluster-673|pg-cluster-674|pg-cluster-675|pg-cluster-676|pg-cluster-677|pg-cluster-678|pg-cluster-679|pg-cluster-680,iam_svc_08,iam,10,iam_svc_08.iam.contract_iam|iam_svc_08.iam.fee_iam|iam_svc_08.iam.partner_iam|iam_svc_08.iam.payout_iam|iam_svc_08.iam.price_iam|iam_svc_08.iam.provider_iam|iam_svc_08.iam.rate_iam|iam_svc_08.iam.reconciliation_iam|iam_svc_08.iam.settlement_iam|iam_svc_08.iam.tax_iam,7,3,applications/backend/services/iam/iam-08,/api/v1/iam/08,domain-iam,iam-08,DOMAIN_POLICY_PENDING,PLANNED
669,47,iam,iam-platform,svc-0469,iam-09,team-047,10,pg-cluster-681|pg-cluster-682|pg-cluster-683|pg-cluster-684|pg-cluster-685|pg-cluster-686|pg-cluster-687|pg-cluster-688|pg-cluster-689|pg-cluster-690,iam_svc_09,iam,10,iam_svc_09.iam.bin_iam|iam_svc_09.iam.package_iam|iam_svc_09.iam.refund_iam|iam_svc_09.iam.return_iam|iam_svc_09.iam.route_iam|iam_svc_09.iam.shipment_iam|iam_svc_09.iam.stock_iam|iam_svc_09.iam.stop_iam|iam_svc_09.iam.tracking_iam|iam_svc_09.iam.warehouse_iam,6,4,applications/backend/services/iam/iam-09,/api/v1/iam/09,domain-iam,iam-09,DOMAIN_POLICY_PENDING,PLANNED
670,47,iam,iam-platform,svc-0470,iam-10,team-047,10,pg-cluster-691|pg-cluster-692|pg-cluster-693|pg-cluster-694|pg-cluster-695|pg-cluster-696|pg-cluster-697|pg-cluster-698|pg-cluster-699|pg-cluster-700,iam_svc_10,iam,10,iam_svc_10.iam.consent_iam|iam_svc_10.iam.device_iam|iam_svc_10.iam.feedback_iam|iam_svc_10.iam.location_iam|iam_svc_10.iam.owner_iam|iam_svc_10.iam.permission_iam|iam_svc_10.iam.rating_iam|iam_svc_10.iam.review_iam|iam_svc_10.iam.role_iam|iam_svc_10.iam.token_iam,7,3,applications/backend/services/iam/iam-10,/api/v1/iam/10,domain-iam,iam-10,DOMAIN_POLICY_PENDING,PLANNED
671,48,audit,audit-platform,svc-0471,audit-01,team-048,10,pg-cluster-701|pg-cluster-702|pg-cluster-703|pg-cluster-704|pg-cluster-705|pg-cluster-706|pg-cluster-707|pg-cluster-708|pg-cluster-709|pg-cluster-710,audit_svc_01,audit,10,audit_svc_01.audit.account_audit|audit_svc_01.audit.address_audit|audit_svc_01.audit.event_audit|audit_svc_01.audit.history_audit|audit_svc_01.audit.mapping_audit|audit_svc_01.audit.preference_audit|audit_svc_01.audit.profile_audit|audit_svc_01.audit.rule_audit|audit_svc_01.audit.session_audit|audit_svc_01.audit.status_audit,10,0,applications/backend/services/audit/audit-01,/api/v1/audit/01,domain-audit,audit-01,DOMAIN_POLICY_PENDING,PLANNED
672,48,audit,audit-platform,svc-0472,audit-02,team-048,10,pg-cluster-711|pg-cluster-712|pg-cluster-713|pg-cluster-714|pg-cluster-715|pg-cluster-716|pg-cluster-717|pg-cluster-718|pg-cluster-719|pg-cluster-720,audit_svc_02,audit,10,audit_svc_02.audit.allocation_audit|audit_svc_02.audit.attempt_audit|audit_svc_02.audit.detail_audit|audit_svc_02.audit.item_audit|audit_svc_02.audit.movement_audit|audit_svc_02.audit.request_audit|audit_svc_02.audit.reservation_audit|audit_svc_02.audit.response_audit|audit_svc_02.audit.snapshot_audit|audit_svc_02.audit.transaction_audit,10,0,applications/backend/services/audit/audit-02,/api/v1/audit/02,domain-audit,audit-02,DOMAIN_POLICY_PENDING,PLANNED
673,48,audit,audit-platform,svc-0473,audit-03,team-048,10,pg-cluster-721|pg-cluster-722|pg-cluster-723|pg-cluster-724|pg-cluster-725|pg-cluster-726|pg-cluster-727|pg-cluster-728|pg-cluster-729|pg-cluster-730,audit_svc_03,audit,10,audit_svc_03.audit.adjustment_audit|audit_svc_03.audit.campaign_audit|audit_svc_03.audit.configuration_audit|audit_svc_03.audit.document_audit|audit_svc_03.audit.metric_audit|audit_svc_03.audit.offer_audit|audit_svc_03.audit.policy_audit|audit_svc_03.audit.redemption_audit|audit_svc_03.audit.score_audit|audit_svc_03.audit.segment_audit,10,0,applications/backend/services/audit/audit-03,/api/v1/audit/03,domain-audit,audit-03,DOMAIN_POLICY_PENDING,PLANNED
674,48,audit,audit-platform,svc-0474,audit-04,team-048,10,pg-cluster-731|pg-cluster-732|pg-cluster-733|pg-cluster-734|pg-cluster-735|pg-cluster-736|pg-cluster-737|pg-cluster-738|pg-cluster-739|pg-cluster-740,audit_svc_04,audit,10,audit_svc_04.audit.balance_audit|audit_svc_04.audit.batch_audit|audit_svc_04.audit.checkpoint_audit|audit_svc_04.audit.exception_audit|audit_svc_04.audit.invoice_audit|audit_svc_04.audit.job_audit|audit_svc_04.audit.ledger_audit|audit_svc_04.audit.line_audit|audit_svc_04.audit.run_audit|audit_svc_04.audit.task_audit,10,0,applications/backend/services/audit/audit-04,/api/v1/audit/04,domain-audit,audit-04,DOMAIN_POLICY_PENDING,PLANNED
675,48,audit,audit-platform,svc-0475,audit-05,team-048,10,pg-cluster-741|pg-cluster-742|pg-cluster-743|pg-cluster-744|pg-cluster-745|pg-cluster-746|pg-cluster-747|pg-cluster-748|pg-cluster-749|pg-cluster-750,audit_svc_05,audit,10,audit_svc_05.audit.alert_audit|audit_svc_05.audit.approval_audit|audit_svc_05.audit.assignment_audit|audit_svc_05.audit.availability_audit|audit_svc_05.audit.capacity_audit|audit_svc_05.audit.case_audit|audit_svc_05.audit.decision_audit|audit_svc_05.audit.forecast_audit|audit_svc_05.audit.schedule_audit|audit_svc_05.audit.workflow_audit,10,0,applications/backend/services/audit/audit-05,/api/v1/audit/05,domain-audit,audit-05,DOMAIN_POLICY_PENDING,PLANNED
676,48,audit,audit-platform,svc-0476,audit-06,team-048,10,pg-cluster-751|pg-cluster-752|pg-cluster-753|pg-cluster-754|pg-cluster-755|pg-cluster-756|pg-cluster-757|pg-cluster-758|pg-cluster-759|pg-cluster-760,audit_svc_06,audit,10,audit_svc_06.audit.attribute_audit|audit_svc_06.audit.category_audit|audit_svc_06.audit.collection_audit|audit_svc_06.audit.media_audit|audit_svc_06.audit.plan_audit|audit_svc_06.audit.ranking_audit|audit_svc_06.audit.relationship_audit|audit_svc_06.audit.target_audit|audit_svc_06.audit.threshold_audit|audit_svc_06.audit.variant_audit,10,0,applications/backend/services/audit/audit-06,/api/v1/audit/06,domain-audit,audit-06,DOMAIN_POLICY_PENDING,PLANNED
677,48,audit,audit-platform,svc-0477,audit-07,team-048,10,pg-cluster-761|pg-cluster-762|pg-cluster-763|pg-cluster-764|pg-cluster-765|pg-cluster-766|pg-cluster-767|pg-cluster-768|pg-cluster-769|pg-cluster-770,audit_svc_07,audit,10,audit_svc_07.audit.attribution_audit|audit_svc_07.audit.channel_audit|audit_svc_07.audit.click_audit|audit_svc_07.audit.conversion_audit|audit_svc_07.audit.delivery_audit|audit_svc_07.audit.impression_audit|audit_svc_07.audit.message_audit|audit_svc_07.audit.query_audit|audit_svc_07.audit.result_audit|audit_svc_07.audit.template_audit,10,0,applications/backend/services/audit/audit-07,/api/v1/audit/07,domain-audit,audit-07,DOMAIN_POLICY_PENDING,PLANNED
678,48,audit,audit-platform,svc-0478,audit-08,team-048,10,pg-cluster-771|pg-cluster-772|pg-cluster-773|pg-cluster-774|pg-cluster-775|pg-cluster-776|pg-cluster-777|pg-cluster-778|pg-cluster-779|pg-cluster-780,audit_svc_08,audit,10,audit_svc_08.audit.contract_audit|audit_svc_08.audit.fee_audit|audit_svc_08.audit.partner_audit|audit_svc_08.audit.payout_audit|audit_svc_08.audit.price_audit|audit_svc_08.audit.provider_audit|audit_svc_08.audit.rate_audit|audit_svc_08.audit.reconciliation_audit|audit_svc_08.audit.settlement_audit|audit_svc_08.audit.tax_audit,10,0,applications/backend/services/audit/audit-08,/api/v1/audit/08,domain-audit,audit-08,DOMAIN_POLICY_PENDING,PLANNED
679,48,audit,audit-platform,svc-0479,audit-09,team-048,10,pg-cluster-781|pg-cluster-782|pg-cluster-783|pg-cluster-784|pg-cluster-785|pg-cluster-786|pg-cluster-787|pg-cluster-788|pg-cluster-789|pg-cluster-790,audit_svc_09,audit,10,audit_svc_09.audit.bin_audit|audit_svc_09.audit.package_audit|audit_svc_09.audit.refund_audit|audit_svc_09.audit.return_audit|audit_svc_09.audit.route_audit|audit_svc_09.audit.shipment_audit|audit_svc_09.audit.stock_audit|audit_svc_09.audit.stop_audit|audit_svc_09.audit.tracking_audit|audit_svc_09.audit.warehouse_audit,10,0,applications/backend/services/audit/audit-09,/api/v1/audit/09,domain-audit,audit-09,DOMAIN_POLICY_PENDING,PLANNED
680,48,audit,audit-platform,svc-0480,audit-10,team-048,10,pg-cluster-791|pg-cluster-792|pg-cluster-793|pg-cluster-794|pg-cluster-795|pg-cluster-796|pg-cluster-797|pg-cluster-798|pg-cluster-799|pg-cluster-800,audit_svc_10,audit,10,audit_svc_10.audit.consent_audit|audit_svc_10.audit.device_audit|audit_svc_10.audit.feedback_audit|audit_svc_10.audit.location_audit|audit_svc_10.audit.owner_audit|audit_svc_10.audit.permission_audit|audit_svc_10.audit.rating_audit|audit_svc_10.audit.review_audit|audit_svc_10.audit.role_audit|audit_svc_10.audit.token_audit,10,0,applications/backend/services/audit/audit-10,/api/v1/audit/10,domain-audit,audit-10,DOMAIN_POLICY_PENDING,PLANNED
681,49,outbox,outbox-platform,svc-0481,outbox-01,team-049,10,pg-cluster-001|pg-cluster-002|pg-cluster-003|pg-cluster-004|pg-cluster-005|pg-cluster-006|pg-cluster-007|pg-cluster-008|pg-cluster-009|pg-cluster-010,outbox_svc_01,outbox,10,outbox_svc_01.outbox.account_outbox|outbox_svc_01.outbox.address_outbox|outbox_svc_01.outbox.event_outbox|outbox_svc_01.outbox.history_outbox|outbox_svc_01.outbox.mapping_outbox|outbox_svc_01.outbox.preference_outbox|outbox_svc_01.outbox.profile_outbox|outbox_svc_01.outbox.rule_outbox|outbox_svc_01.outbox.session_outbox|outbox_svc_01.outbox.status_outbox,10,0,applications/backend/services/outbox/outbox-01,/api/v1/outbox/01,domain-outbox,outbox-01,DOMAIN_POLICY_PENDING,PLANNED
682,49,outbox,outbox-platform,svc-0482,outbox-02,team-049,10,pg-cluster-011|pg-cluster-012|pg-cluster-013|pg-cluster-014|pg-cluster-015|pg-cluster-016|pg-cluster-017|pg-cluster-018|pg-cluster-019|pg-cluster-020,outbox_svc_02,outbox,10,outbox_svc_02.outbox.allocation_outbox|outbox_svc_02.outbox.attempt_outbox|outbox_svc_02.outbox.detail_outbox|outbox_svc_02.outbox.item_outbox|outbox_svc_02.outbox.movement_outbox|outbox_svc_02.outbox.request_outbox|outbox_svc_02.outbox.reservation_outbox|outbox_svc_02.outbox.response_outbox|outbox_svc_02.outbox.snapshot_outbox|outbox_svc_02.outbox.transaction_outbox,10,0,applications/backend/services/outbox/outbox-02,/api/v1/outbox/02,domain-outbox,outbox-02,DOMAIN_POLICY_PENDING,PLANNED
683,49,outbox,outbox-platform,svc-0483,outbox-03,team-049,10,pg-cluster-021|pg-cluster-022|pg-cluster-023|pg-cluster-024|pg-cluster-025|pg-cluster-026|pg-cluster-027|pg-cluster-028|pg-cluster-029|pg-cluster-030,outbox_svc_03,outbox,10,outbox_svc_03.outbox.adjustment_outbox|outbox_svc_03.outbox.campaign_outbox|outbox_svc_03.outbox.configuration_outbox|outbox_svc_03.outbox.document_outbox|outbox_svc_03.outbox.metric_outbox|outbox_svc_03.outbox.offer_outbox|outbox_svc_03.outbox.policy_outbox|outbox_svc_03.outbox.redemption_outbox|outbox_svc_03.outbox.score_outbox|outbox_svc_03.outbox.segment_outbox,10,0,applications/backend/services/outbox/outbox-03,/api/v1/outbox/03,domain-outbox,outbox-03,DOMAIN_POLICY_PENDING,PLANNED
684,49,outbox,outbox-platform,svc-0484,outbox-04,team-049,10,pg-cluster-031|pg-cluster-032|pg-cluster-033|pg-cluster-034|pg-cluster-035|pg-cluster-036|pg-cluster-037|pg-cluster-038|pg-cluster-039|pg-cluster-040,outbox_svc_04,outbox,10,outbox_svc_04.outbox.balance_outbox|outbox_svc_04.outbox.batch_outbox|outbox_svc_04.outbox.checkpoint_outbox|outbox_svc_04.outbox.exception_outbox|outbox_svc_04.outbox.invoice_outbox|outbox_svc_04.outbox.job_outbox|outbox_svc_04.outbox.ledger_outbox|outbox_svc_04.outbox.line_outbox|outbox_svc_04.outbox.run_outbox|outbox_svc_04.outbox.task_outbox,10,0,applications/backend/services/outbox/outbox-04,/api/v1/outbox/04,domain-outbox,outbox-04,DOMAIN_POLICY_PENDING,PLANNED
685,49,outbox,outbox-platform,svc-0485,outbox-05,team-049,10,pg-cluster-041|pg-cluster-042|pg-cluster-043|pg-cluster-044|pg-cluster-045|pg-cluster-046|pg-cluster-047|pg-cluster-048|pg-cluster-049|pg-cluster-050,outbox_svc_05,outbox,10,outbox_svc_05.outbox.alert_outbox|outbox_svc_05.outbox.approval_outbox|outbox_svc_05.outbox.assignment_outbox|outbox_svc_05.outbox.availability_outbox|outbox_svc_05.outbox.capacity_outbox|outbox_svc_05.outbox.case_outbox|outbox_svc_05.outbox.decision_outbox|outbox_svc_05.outbox.forecast_outbox|outbox_svc_05.outbox.schedule_outbox|outbox_svc_05.outbox.workflow_outbox,10,0,applications/backend/services/outbox/outbox-05,/api/v1/outbox/05,domain-outbox,outbox-05,DOMAIN_POLICY_PENDING,PLANNED
686,49,outbox,outbox-platform,svc-0486,outbox-06,team-049,10,pg-cluster-051|pg-cluster-052|pg-cluster-053|pg-cluster-054|pg-cluster-055|pg-cluster-056|pg-cluster-057|pg-cluster-058|pg-cluster-059|pg-cluster-060,outbox_svc_06,outbox,10,outbox_svc_06.outbox.attribute_outbox|outbox_svc_06.outbox.category_outbox|outbox_svc_06.outbox.collection_outbox|outbox_svc_06.outbox.media_outbox|outbox_svc_06.outbox.plan_outbox|outbox_svc_06.outbox.ranking_outbox|outbox_svc_06.outbox.relationship_outbox|outbox_svc_06.outbox.target_outbox|outbox_svc_06.outbox.threshold_outbox|outbox_svc_06.outbox.variant_outbox,10,0,applications/backend/services/outbox/outbox-06,/api/v1/outbox/06,domain-outbox,outbox-06,DOMAIN_POLICY_PENDING,PLANNED
687,49,outbox,outbox-platform,svc-0487,outbox-07,team-049,10,pg-cluster-061|pg-cluster-062|pg-cluster-063|pg-cluster-064|pg-cluster-065|pg-cluster-066|pg-cluster-067|pg-cluster-068|pg-cluster-069|pg-cluster-070,outbox_svc_07,outbox,10,outbox_svc_07.outbox.attribution_outbox|outbox_svc_07.outbox.channel_outbox|outbox_svc_07.outbox.click_outbox|outbox_svc_07.outbox.conversion_outbox|outbox_svc_07.outbox.delivery_outbox|outbox_svc_07.outbox.impression_outbox|outbox_svc_07.outbox.message_outbox|outbox_svc_07.outbox.query_outbox|outbox_svc_07.outbox.result_outbox|outbox_svc_07.outbox.template_outbox,10,0,applications/backend/services/outbox/outbox-07,/api/v1/outbox/07,domain-outbox,outbox-07,DOMAIN_POLICY_PENDING,PLANNED
688,49,outbox,outbox-platform,svc-0488,outbox-08,team-049,10,pg-cluster-071|pg-cluster-072|pg-cluster-073|pg-cluster-074|pg-cluster-075|pg-cluster-076|pg-cluster-077|pg-cluster-078|pg-cluster-079|pg-cluster-080,outbox_svc_08,outbox,10,outbox_svc_08.outbox.contract_outbox|outbox_svc_08.outbox.fee_outbox|outbox_svc_08.outbox.partner_outbox|outbox_svc_08.outbox.payout_outbox|outbox_svc_08.outbox.price_outbox|outbox_svc_08.outbox.provider_outbox|outbox_svc_08.outbox.rate_outbox|outbox_svc_08.outbox.reconciliation_outbox|outbox_svc_08.outbox.settlement_outbox|outbox_svc_08.outbox.tax_outbox,10,0,applications/backend/services/outbox/outbox-08,/api/v1/outbox/08,domain-outbox,outbox-08,DOMAIN_POLICY_PENDING,PLANNED
689,49,outbox,outbox-platform,svc-0489,outbox-09,team-049,10,pg-cluster-081|pg-cluster-082|pg-cluster-083|pg-cluster-084|pg-cluster-085|pg-cluster-086|pg-cluster-087|pg-cluster-088|pg-cluster-089|pg-cluster-090,outbox_svc_09,outbox,10,outbox_svc_09.outbox.bin_outbox|outbox_svc_09.outbox.package_outbox|outbox_svc_09.outbox.refund_outbox|outbox_svc_09.outbox.return_outbox|outbox_svc_09.outbox.route_outbox|outbox_svc_09.outbox.shipment_outbox|outbox_svc_09.outbox.stock_outbox|outbox_svc_09.outbox.stop_outbox|outbox_svc_09.outbox.tracking_outbox|outbox_svc_09.outbox.warehouse_outbox,10,0,applications/backend/services/outbox/outbox-09,/api/v1/outbox/09,domain-outbox,outbox-09,DOMAIN_POLICY_PENDING,PLANNED
690,49,outbox,outbox-platform,svc-0490,outbox-10,team-049,10,pg-cluster-091|pg-cluster-092|pg-cluster-093|pg-cluster-094|pg-cluster-095|pg-cluster-096|pg-cluster-097|pg-cluster-098|pg-cluster-099|pg-cluster-100,outbox_svc_10,outbox,10,outbox_svc_10.outbox.consent_outbox|outbox_svc_10.outbox.device_outbox|outbox_svc_10.outbox.feedback_outbox|outbox_svc_10.outbox.location_outbox|outbox_svc_10.outbox.owner_outbox|outbox_svc_10.outbox.permission_outbox|outbox_svc_10.outbox.rating_outbox|outbox_svc_10.outbox.review_outbox|outbox_svc_10.outbox.role_outbox|outbox_svc_10.outbox.token_outbox,10,0,applications/backend/services/outbox/outbox-10,/api/v1/outbox/10,domain-outbox,outbox-10,DOMAIN_POLICY_PENDING,PLANNED
691,50,integration,integration-platform,svc-0491,integration-01,team-050,10,pg-cluster-101|pg-cluster-102|pg-cluster-103|pg-cluster-104|pg-cluster-105|pg-cluster-106|pg-cluster-107|pg-cluster-108|pg-cluster-109|pg-cluster-110,integration_svc_01,integration,10,integration_svc_01.integration.account_integration|integration_svc_01.integration.address_integration|integration_svc_01.integration.event_integration|integration_svc_01.integration.history_integration|integration_svc_01.integration.mapping_integration|integration_svc_01.integration.preference_integration|integration_svc_01.integration.profile_integration|integration_svc_01.integration.rule_integration|integration_svc_01.integration.session_integration|integration_svc_01.integration.status_integration,10,0,applications/backend/services/integration/integration-01,/api/v1/integration/01,domain-integration,integration-01,DOMAIN_POLICY_PENDING,PLANNED
692,50,integration,integration-platform,svc-0492,integration-02,team-050,10,pg-cluster-111|pg-cluster-112|pg-cluster-113|pg-cluster-114|pg-cluster-115|pg-cluster-116|pg-cluster-117|pg-cluster-118|pg-cluster-119|pg-cluster-120,integration_svc_02,integration,10,integration_svc_02.integration.allocation_integration|integration_svc_02.integration.attempt_integration|integration_svc_02.integration.detail_integration|integration_svc_02.integration.item_integration|integration_svc_02.integration.movement_integration|integration_svc_02.integration.request_integration|integration_svc_02.integration.reservation_integration|integration_svc_02.integration.response_integration|integration_svc_02.integration.snapshot_integration|integration_svc_02.integration.transaction_integration,10,0,applications/backend/services/integration/integration-02,/api/v1/integration/02,domain-integration,integration-02,DOMAIN_POLICY_PENDING,PLANNED
693,50,integration,integration-platform,svc-0493,integration-03,team-050,10,pg-cluster-121|pg-cluster-122|pg-cluster-123|pg-cluster-124|pg-cluster-125|pg-cluster-126|pg-cluster-127|pg-cluster-128|pg-cluster-129|pg-cluster-130,integration_svc_03,integration,10,integration_svc_03.integration.adjustment_integration|integration_svc_03.integration.campaign_integration|integration_svc_03.integration.configuration_integration|integration_svc_03.integration.document_integration|integration_svc_03.integration.metric_integration|integration_svc_03.integration.offer_integration|integration_svc_03.integration.policy_integration|integration_svc_03.integration.redemption_integration|integration_svc_03.integration.score_integration|integration_svc_03.integration.segment_integration,10,0,applications/backend/services/integration/integration-03,/api/v1/integration/03,domain-integration,integration-03,DOMAIN_POLICY_PENDING,PLANNED
694,50,integration,integration-platform,svc-0494,integration-04,team-050,10,pg-cluster-131|pg-cluster-132|pg-cluster-133|pg-cluster-134|pg-cluster-135|pg-cluster-136|pg-cluster-137|pg-cluster-138|pg-cluster-139|pg-cluster-140,integration_svc_04,integration,10,integration_svc_04.integration.balance_integration|integration_svc_04.integration.batch_integration|integration_svc_04.integration.checkpoint_integration|integration_svc_04.integration.exception_integration|integration_svc_04.integration.invoice_integration|integration_svc_04.integration.job_integration|integration_svc_04.integration.ledger_integration|integration_svc_04.integration.line_integration|integration_svc_04.integration.run_integration|integration_svc_04.integration.task_integration,10,0,applications/backend/services/integration/integration-04,/api/v1/integration/04,domain-integration,integration-04,DOMAIN_POLICY_PENDING,PLANNED
695,50,integration,integration-platform,svc-0495,integration-05,team-050,10,pg-cluster-141|pg-cluster-142|pg-cluster-143|pg-cluster-144|pg-cluster-145|pg-cluster-146|pg-cluster-147|pg-cluster-148|pg-cluster-149|pg-cluster-150,integration_svc_05,integration,10,integration_svc_05.integration.alert_integration|integration_svc_05.integration.approval_integration|integration_svc_05.integration.assignment_integration|integration_svc_05.integration.availability_integration|integration_svc_05.integration.capacity_integration|integration_svc_05.integration.case_integration|integration_svc_05.integration.decision_integration|integration_svc_05.integration.forecast_integration|integration_svc_05.integration.schedule_integration|integration_svc_05.integration.workflow_integration,10,0,applications/backend/services/integration/integration-05,/api/v1/integration/05,domain-integration,integration-05,DOMAIN_POLICY_PENDING,PLANNED
696,50,integration,integration-platform,svc-0496,integration-06,team-050,10,pg-cluster-151|pg-cluster-152|pg-cluster-153|pg-cluster-154|pg-cluster-155|pg-cluster-156|pg-cluster-157|pg-cluster-158|pg-cluster-159|pg-cluster-160,integration_svc_06,integration,10,integration_svc_06.integration.attribute_integration|integration_svc_06.integration.category_integration|integration_svc_06.integration.collection_integration|integration_svc_06.integration.media_integration|integration_svc_06.integration.plan_integration|integration_svc_06.integration.ranking_integration|integration_svc_06.integration.relationship_integration|integration_svc_06.integration.target_integration|integration_svc_06.integration.threshold_integration|integration_svc_06.integration.variant_integration,10,0,applications/backend/services/integration/integration-06,/api/v1/integration/06,domain-integration,integration-06,DOMAIN_POLICY_PENDING,PLANNED
697,50,integration,integration-platform,svc-0497,integration-07,team-050,10,pg-cluster-161|pg-cluster-162|pg-cluster-163|pg-cluster-164|pg-cluster-165|pg-cluster-166|pg-cluster-167|pg-cluster-168|pg-cluster-169|pg-cluster-170,integration_svc_07,integration,10,integration_svc_07.integration.attribution_integration|integration_svc_07.integration.channel_integration|integration_svc_07.integration.click_integration|integration_svc_07.integration.conversion_integration|integration_svc_07.integration.delivery_integration|integration_svc_07.integration.impression_integration|integration_svc_07.integration.message_integration|integration_svc_07.integration.query_integration|integration_svc_07.integration.result_integration|integration_svc_07.integration.template_integration,10,0,applications/backend/services/integration/integration-07,/api/v1/integration/07,domain-integration,integration-07,DOMAIN_POLICY_PENDING,PLANNED
698,50,integration,integration-platform,svc-0498,integration-08,team-050,10,pg-cluster-171|pg-cluster-172|pg-cluster-173|pg-cluster-174|pg-cluster-175|pg-cluster-176|pg-cluster-177|pg-cluster-178|pg-cluster-179|pg-cluster-180,integration_svc_08,integration,10,integration_svc_08.integration.contract_integration|integration_svc_08.integration.fee_integration|integration_svc_08.integration.partner_integration|integration_svc_08.integration.payout_integration|integration_svc_08.integration.price_integration|integration_svc_08.integration.provider_integration|integration_svc_08.integration.rate_integration|integration_svc_08.integration.reconciliation_integration|integration_svc_08.integration.settlement_integration|integration_svc_08.integration.tax_integration,10,0,applications/backend/services/integration/integration-08,/api/v1/integration/08,domain-integration,integration-08,DOMAIN_POLICY_PENDING,PLANNED
699,50,integration,integration-platform,svc-0499,integration-09,team-050,10,pg-cluster-181|pg-cluster-182|pg-cluster-183|pg-cluster-184|pg-cluster-185|pg-cluster-186|pg-cluster-187|pg-cluster-188|pg-cluster-189|pg-cluster-190,integration_svc_09,integration,10,integration_svc_09.integration.bin_integration|integration_svc_09.integration.package_integration|integration_svc_09.integration.refund_integration|integration_svc_09.integration.return_integration|integration_svc_09.integration.route_integration|integration_svc_09.integration.shipment_integration|integration_svc_09.integration.stock_integration|integration_svc_09.integration.stop_integration|integration_svc_09.integration.tracking_integration|integration_svc_09.integration.warehouse_integration,10,0,applications/backend/services/integration/integration-09,/api/v1/integration/09,domain-integration,integration-09,DOMAIN_POLICY_PENDING,PLANNED
700,50,integration,integration-platform,svc-0500,integration-10,team-050,10,pg-cluster-191|pg-cluster-192|pg-cluster-193|pg-cluster-194|pg-cluster-195|pg-cluster-196|pg-cluster-197|pg-cluster-198|pg-cluster-199|pg-cluster-200,integration_svc_10,integration,10,integration_svc_10.integration.consent_integration|integration_svc_10.integration.device_integration|integration_svc_10.integration.feedback_integration|integration_svc_10.integration.location_integration|integration_svc_10.integration.owner_integration|integration_svc_10.integration.permission_integration|integration_svc_10.integration.rating_integration|integration_svc_10.integration.review_integration|integration_svc_10.integration.role_integration|integration_svc_10.integration.token_integration,10,0,applications/backend/services/integration/integration-10,/api/v1/integration/10,domain-integration,integration-10,DOMAIN_POLICY_PENDING,PLANNED
701,51,reference,reference-platform,svc-0501,reference-01,team-051,10,pg-cluster-201|pg-cluster-202|pg-cluster-203|pg-cluster-204|pg-cluster-205|pg-cluster-206|pg-cluster-207|pg-cluster-208|pg-cluster-209|pg-cluster-210,reference_svc_01,reference,10,reference_svc_01.reference.account_reference|reference_svc_01.reference.address_reference|reference_svc_01.reference.event_reference|reference_svc_01.reference.history_reference|reference_svc_01.reference.mapping_reference|reference_svc_01.reference.preference_reference|reference_svc_01.reference.profile_reference|reference_svc_01.reference.rule_reference|reference_svc_01.reference.session_reference|reference_svc_01.reference.status_reference,10,0,applications/backend/services/reference/reference-01,/api/v1/reference/01,domain-reference,reference-01,DOMAIN_POLICY_PENDING,PLANNED
702,51,reference,reference-platform,svc-0502,reference-02,team-051,10,pg-cluster-211|pg-cluster-212|pg-cluster-213|pg-cluster-214|pg-cluster-215|pg-cluster-216|pg-cluster-217|pg-cluster-218|pg-cluster-219|pg-cluster-220,reference_svc_02,reference,10,reference_svc_02.reference.allocation_reference|reference_svc_02.reference.attempt_reference|reference_svc_02.reference.detail_reference|reference_svc_02.reference.item_reference|reference_svc_02.reference.movement_reference|reference_svc_02.reference.request_reference|reference_svc_02.reference.reservation_reference|reference_svc_02.reference.response_reference|reference_svc_02.reference.snapshot_reference|reference_svc_02.reference.transaction_reference,10,0,applications/backend/services/reference/reference-02,/api/v1/reference/02,domain-reference,reference-02,DOMAIN_POLICY_PENDING,PLANNED
703,51,reference,reference-platform,svc-0503,reference-03,team-051,10,pg-cluster-221|pg-cluster-222|pg-cluster-223|pg-cluster-224|pg-cluster-225|pg-cluster-226|pg-cluster-227|pg-cluster-228|pg-cluster-229|pg-cluster-230,reference_svc_03,reference,10,reference_svc_03.reference.adjustment_reference|reference_svc_03.reference.campaign_reference|reference_svc_03.reference.configuration_reference|reference_svc_03.reference.document_reference|reference_svc_03.reference.metric_reference|reference_svc_03.reference.offer_reference|reference_svc_03.reference.policy_reference|reference_svc_03.reference.redemption_reference|reference_svc_03.reference.score_reference|reference_svc_03.reference.segment_reference,10,0,applications/backend/services/reference/reference-03,/api/v1/reference/03,domain-reference,reference-03,DOMAIN_POLICY_PENDING,PLANNED
704,51,reference,reference-platform,svc-0504,reference-04,team-051,10,pg-cluster-231|pg-cluster-232|pg-cluster-233|pg-cluster-234|pg-cluster-235|pg-cluster-236|pg-cluster-237|pg-cluster-238|pg-cluster-239|pg-cluster-240,reference_svc_04,reference,10,reference_svc_04.reference.balance_reference|reference_svc_04.reference.batch_reference|reference_svc_04.reference.checkpoint_reference|reference_svc_04.reference.exception_reference|reference_svc_04.reference.invoice_reference|reference_svc_04.reference.job_reference|reference_svc_04.reference.ledger_reference|reference_svc_04.reference.line_reference|reference_svc_04.reference.run_reference|reference_svc_04.reference.task_reference,10,0,applications/backend/services/reference/reference-04,/api/v1/reference/04,domain-reference,reference-04,DOMAIN_POLICY_PENDING,PLANNED
705,51,reference,reference-platform,svc-0505,reference-05,team-051,10,pg-cluster-241|pg-cluster-242|pg-cluster-243|pg-cluster-244|pg-cluster-245|pg-cluster-246|pg-cluster-247|pg-cluster-248|pg-cluster-249|pg-cluster-250,reference_svc_05,reference,10,reference_svc_05.reference.alert_reference|reference_svc_05.reference.approval_reference|reference_svc_05.reference.assignment_reference|reference_svc_05.reference.availability_reference|reference_svc_05.reference.capacity_reference|reference_svc_05.reference.case_reference|reference_svc_05.reference.decision_reference|reference_svc_05.reference.forecast_reference|reference_svc_05.reference.schedule_reference|reference_svc_05.reference.workflow_reference,10,0,applications/backend/services/reference/reference-05,/api/v1/reference/05,domain-reference,reference-05,DOMAIN_POLICY_PENDING,PLANNED
706,51,reference,reference-platform,svc-0506,reference-06,team-051,10,pg-cluster-251|pg-cluster-252|pg-cluster-253|pg-cluster-254|pg-cluster-255|pg-cluster-256|pg-cluster-257|pg-cluster-258|pg-cluster-259|pg-cluster-260,reference_svc_06,reference,10,reference_svc_06.reference.attribute_reference|reference_svc_06.reference.category_reference|reference_svc_06.reference.collection_reference|reference_svc_06.reference.media_reference|reference_svc_06.reference.plan_reference|reference_svc_06.reference.ranking_reference|reference_svc_06.reference.relationship_reference|reference_svc_06.reference.target_reference|reference_svc_06.reference.threshold_reference|reference_svc_06.reference.variant_reference,10,0,applications/backend/services/reference/reference-06,/api/v1/reference/06,domain-reference,reference-06,DOMAIN_POLICY_PENDING,PLANNED
707,51,reference,reference-platform,svc-0507,reference-07,team-051,10,pg-cluster-261|pg-cluster-262|pg-cluster-263|pg-cluster-264|pg-cluster-265|pg-cluster-266|pg-cluster-267|pg-cluster-268|pg-cluster-269|pg-cluster-270,reference_svc_07,reference,10,reference_svc_07.reference.attribution_reference|reference_svc_07.reference.channel_reference|reference_svc_07.reference.click_reference|reference_svc_07.reference.conversion_reference|reference_svc_07.reference.delivery_reference|reference_svc_07.reference.impression_reference|reference_svc_07.reference.message_reference|reference_svc_07.reference.query_reference|reference_svc_07.reference.result_reference|reference_svc_07.reference.template_reference,10,0,applications/backend/services/reference/reference-07,/api/v1/reference/07,domain-reference,reference-07,DOMAIN_POLICY_PENDING,PLANNED
708,51,reference,reference-platform,svc-0508,reference-08,team-051,10,pg-cluster-271|pg-cluster-272|pg-cluster-273|pg-cluster-274|pg-cluster-275|pg-cluster-276|pg-cluster-277|pg-cluster-278|pg-cluster-279|pg-cluster-280,reference_svc_08,reference,10,reference_svc_08.reference.contract_reference|reference_svc_08.reference.fee_reference|reference_svc_08.reference.partner_reference|reference_svc_08.reference.payout_reference|reference_svc_08.reference.price_reference|reference_svc_08.reference.provider_reference|reference_svc_08.reference.rate_reference|reference_svc_08.reference.reconciliation_reference|reference_svc_08.reference.settlement_reference|reference_svc_08.reference.tax_reference,10,0,applications/backend/services/reference/reference-08,/api/v1/reference/08,domain-reference,reference-08,DOMAIN_POLICY_PENDING,PLANNED
709,51,reference,reference-platform,svc-0509,reference-09,team-051,10,pg-cluster-281|pg-cluster-282|pg-cluster-283|pg-cluster-284|pg-cluster-285|pg-cluster-286|pg-cluster-287|pg-cluster-288|pg-cluster-289|pg-cluster-290,reference_svc_09,reference,10,reference_svc_09.reference.bin_reference|reference_svc_09.reference.package_reference|reference_svc_09.reference.refund_reference|reference_svc_09.reference.return_reference|reference_svc_09.reference.route_reference|reference_svc_09.reference.shipment_reference|reference_svc_09.reference.stock_reference|reference_svc_09.reference.stop_reference|reference_svc_09.reference.tracking_reference|reference_svc_09.reference.warehouse_reference,10,0,applications/backend/services/reference/reference-09,/api/v1/reference/09,domain-reference,reference-09,DOMAIN_POLICY_PENDING,PLANNED
710,51,reference,reference-platform,svc-0510,reference-10,team-051,10,pg-cluster-291|pg-cluster-292|pg-cluster-293|pg-cluster-294|pg-cluster-295|pg-cluster-296|pg-cluster-297|pg-cluster-298|pg-cluster-299|pg-cluster-300,reference_svc_10,reference,10,reference_svc_10.reference.consent_reference|reference_svc_10.reference.device_reference|reference_svc_10.reference.feedback_reference|reference_svc_10.reference.location_reference|reference_svc_10.reference.owner_reference|reference_svc_10.reference.permission_reference|reference_svc_10.reference.rating_reference|reference_svc_10.reference.review_reference|reference_svc_10.reference.role_reference|reference_svc_10.reference.token_reference,10,0,applications/backend/services/reference/reference-10,/api/v1/reference/10,domain-reference,reference-10,DOMAIN_POLICY_PENDING,PLANNED
711,52,localization,localization-platform,svc-0511,localization-01,team-052,10,pg-cluster-301|pg-cluster-302|pg-cluster-303|pg-cluster-304|pg-cluster-305|pg-cluster-306|pg-cluster-307|pg-cluster-308|pg-cluster-309|pg-cluster-310,localization_svc_01,localization,10,localization_svc_01.localization.account_localization|localization_svc_01.localization.address_localization|localization_svc_01.localization.event_localization|localization_svc_01.localization.history_localization|localization_svc_01.localization.mapping_localization|localization_svc_01.localization.preference_localization|localization_svc_01.localization.profile_localization|localization_svc_01.localization.rule_localization|localization_svc_01.localization.session_localization|localization_svc_01.localization.status_localization,10,0,applications/backend/services/localization/localization-01,/api/v1/localization/01,domain-localization,localization-01,DOMAIN_POLICY_PENDING,PLANNED
712,52,localization,localization-platform,svc-0512,localization-02,team-052,10,pg-cluster-311|pg-cluster-312|pg-cluster-313|pg-cluster-314|pg-cluster-315|pg-cluster-316|pg-cluster-317|pg-cluster-318|pg-cluster-319|pg-cluster-320,localization_svc_02,localization,10,localization_svc_02.localization.allocation_localization|localization_svc_02.localization.attempt_localization|localization_svc_02.localization.detail_localization|localization_svc_02.localization.item_localization|localization_svc_02.localization.movement_localization|localization_svc_02.localization.request_localization|localization_svc_02.localization.reservation_localization|localization_svc_02.localization.response_localization|localization_svc_02.localization.snapshot_localization|localization_svc_02.localization.transaction_localization,10,0,applications/backend/services/localization/localization-02,/api/v1/localization/02,domain-localization,localization-02,DOMAIN_POLICY_PENDING,PLANNED
713,52,localization,localization-platform,svc-0513,localization-03,team-052,10,pg-cluster-321|pg-cluster-322|pg-cluster-323|pg-cluster-324|pg-cluster-325|pg-cluster-326|pg-cluster-327|pg-cluster-328|pg-cluster-329|pg-cluster-330,localization_svc_03,localization,10,localization_svc_03.localization.adjustment_localization|localization_svc_03.localization.campaign_localization|localization_svc_03.localization.configuration_localization|localization_svc_03.localization.document_localization|localization_svc_03.localization.metric_localization|localization_svc_03.localization.offer_localization|localization_svc_03.localization.policy_localization|localization_svc_03.localization.redemption_localization|localization_svc_03.localization.score_localization|localization_svc_03.localization.segment_localization,10,0,applications/backend/services/localization/localization-03,/api/v1/localization/03,domain-localization,localization-03,DOMAIN_POLICY_PENDING,PLANNED
714,52,localization,localization-platform,svc-0514,localization-04,team-052,10,pg-cluster-331|pg-cluster-332|pg-cluster-333|pg-cluster-334|pg-cluster-335|pg-cluster-336|pg-cluster-337|pg-cluster-338|pg-cluster-339|pg-cluster-340,localization_svc_04,localization,10,localization_svc_04.localization.balance_localization|localization_svc_04.localization.batch_localization|localization_svc_04.localization.checkpoint_localization|localization_svc_04.localization.exception_localization|localization_svc_04.localization.invoice_localization|localization_svc_04.localization.job_localization|localization_svc_04.localization.ledger_localization|localization_svc_04.localization.line_localization|localization_svc_04.localization.run_localization|localization_svc_04.localization.task_localization,10,0,applications/backend/services/localization/localization-04,/api/v1/localization/04,domain-localization,localization-04,DOMAIN_POLICY_PENDING,PLANNED
715,52,localization,localization-platform,svc-0515,localization-05,team-052,10,pg-cluster-341|pg-cluster-342|pg-cluster-343|pg-cluster-344|pg-cluster-345|pg-cluster-346|pg-cluster-347|pg-cluster-348|pg-cluster-349|pg-cluster-350,localization_svc_05,localization,10,localization_svc_05.localization.alert_localization|localization_svc_05.localization.approval_localization|localization_svc_05.localization.assignment_localization|localization_svc_05.localization.availability_localization|localization_svc_05.localization.capacity_localization|localization_svc_05.localization.case_localization|localization_svc_05.localization.decision_localization|localization_svc_05.localization.forecast_localization|localization_svc_05.localization.schedule_localization|localization_svc_05.localization.workflow_localization,10,0,applications/backend/services/localization/localization-05,/api/v1/localization/05,domain-localization,localization-05,DOMAIN_POLICY_PENDING,PLANNED
716,52,localization,localization-platform,svc-0516,localization-06,team-052,10,pg-cluster-351|pg-cluster-352|pg-cluster-353|pg-cluster-354|pg-cluster-355|pg-cluster-356|pg-cluster-357|pg-cluster-358|pg-cluster-359|pg-cluster-360,localization_svc_06,localization,10,localization_svc_06.localization.attribute_localization|localization_svc_06.localization.category_localization|localization_svc_06.localization.collection_localization|localization_svc_06.localization.media_localization|localization_svc_06.localization.plan_localization|localization_svc_06.localization.ranking_localization|localization_svc_06.localization.relationship_localization|localization_svc_06.localization.target_localization|localization_svc_06.localization.threshold_localization|localization_svc_06.localization.variant_localization,10,0,applications/backend/services/localization/localization-06,/api/v1/localization/06,domain-localization,localization-06,DOMAIN_POLICY_PENDING,PLANNED
717,52,localization,localization-platform,svc-0517,localization-07,team-052,10,pg-cluster-361|pg-cluster-362|pg-cluster-363|pg-cluster-364|pg-cluster-365|pg-cluster-366|pg-cluster-367|pg-cluster-368|pg-cluster-369|pg-cluster-370,localization_svc_07,localization,10,localization_svc_07.localization.attribution_localization|localization_svc_07.localization.channel_localization|localization_svc_07.localization.click_localization|localization_svc_07.localization.conversion_localization|localization_svc_07.localization.delivery_localization|localization_svc_07.localization.impression_localization|localization_svc_07.localization.message_localization|localization_svc_07.localization.query_localization|localization_svc_07.localization.result_localization|localization_svc_07.localization.template_localization,10,0,applications/backend/services/localization/localization-07,/api/v1/localization/07,domain-localization,localization-07,DOMAIN_POLICY_PENDING,PLANNED
718,52,localization,localization-platform,svc-0518,localization-08,team-052,10,pg-cluster-371|pg-cluster-372|pg-cluster-373|pg-cluster-374|pg-cluster-375|pg-cluster-376|pg-cluster-377|pg-cluster-378|pg-cluster-379|pg-cluster-380,localization_svc_08,localization,10,localization_svc_08.localization.contract_localization|localization_svc_08.localization.fee_localization|localization_svc_08.localization.partner_localization|localization_svc_08.localization.payout_localization|localization_svc_08.localization.price_localization|localization_svc_08.localization.provider_localization|localization_svc_08.localization.rate_localization|localization_svc_08.localization.reconciliation_localization|localization_svc_08.localization.settlement_localization|localization_svc_08.localization.tax_localization,10,0,applications/backend/services/localization/localization-08,/api/v1/localization/08,domain-localization,localization-08,DOMAIN_POLICY_PENDING,PLANNED
719,52,localization,localization-platform,svc-0519,localization-09,team-052,10,pg-cluster-381|pg-cluster-382|pg-cluster-383|pg-cluster-384|pg-cluster-385|pg-cluster-386|pg-cluster-387|pg-cluster-388|pg-cluster-389|pg-cluster-390,localization_svc_09,localization,10,localization_svc_09.localization.bin_localization|localization_svc_09.localization.package_localization|localization_svc_09.localization.refund_localization|localization_svc_09.localization.return_localization|localization_svc_09.localization.route_localization|localization_svc_09.localization.shipment_localization|localization_svc_09.localization.stock_localization|localization_svc_09.localization.stop_localization|localization_svc_09.localization.tracking_localization|localization_svc_09.localization.warehouse_localization,10,0,applications/backend/services/localization/localization-09,/api/v1/localization/09,domain-localization,localization-09,DOMAIN_POLICY_PENDING,PLANNED
720,52,localization,localization-platform,svc-0520,localization-10,team-052,10,pg-cluster-391|pg-cluster-392|pg-cluster-393|pg-cluster-394|pg-cluster-395|pg-cluster-396|pg-cluster-397|pg-cluster-398|pg-cluster-399|pg-cluster-400,localization_svc_10,localization,10,localization_svc_10.localization.consent_localization|localization_svc_10.localization.device_localization|localization_svc_10.localization.feedback_localization|localization_svc_10.localization.location_localization|localization_svc_10.localization.owner_localization|localization_svc_10.localization.permission_localization|localization_svc_10.localization.rating_localization|localization_svc_10.localization.review_localization|localization_svc_10.localization.role_localization|localization_svc_10.localization.token_localization,10,0,applications/backend/services/localization/localization-10,/api/v1/localization/10,domain-localization,localization-10,DOMAIN_POLICY_PENDING,PLANNED
721,53,geo,geo-platform,svc-0521,geo-01,team-053,10,pg-cluster-401|pg-cluster-402|pg-cluster-403|pg-cluster-404|pg-cluster-405|pg-cluster-406|pg-cluster-407|pg-cluster-408|pg-cluster-409|pg-cluster-410,geo_svc_01,geo,10,geo_svc_01.geo.account_geo|geo_svc_01.geo.address_geo|geo_svc_01.geo.event_geo|geo_svc_01.geo.history_geo|geo_svc_01.geo.mapping_geo|geo_svc_01.geo.preference_geo|geo_svc_01.geo.profile_geo|geo_svc_01.geo.rule_geo|geo_svc_01.geo.session_geo|geo_svc_01.geo.status_geo,10,0,applications/backend/services/geo/geo-01,/api/v1/geo/01,domain-geo,geo-01,DOMAIN_POLICY_PENDING,PLANNED
722,53,geo,geo-platform,svc-0522,geo-02,team-053,10,pg-cluster-411|pg-cluster-412|pg-cluster-413|pg-cluster-414|pg-cluster-415|pg-cluster-416|pg-cluster-417|pg-cluster-418|pg-cluster-419|pg-cluster-420,geo_svc_02,geo,10,geo_svc_02.geo.allocation_geo|geo_svc_02.geo.attempt_geo|geo_svc_02.geo.detail_geo|geo_svc_02.geo.item_geo|geo_svc_02.geo.movement_geo|geo_svc_02.geo.request_geo|geo_svc_02.geo.reservation_geo|geo_svc_02.geo.response_geo|geo_svc_02.geo.snapshot_geo|geo_svc_02.geo.transaction_geo,10,0,applications/backend/services/geo/geo-02,/api/v1/geo/02,domain-geo,geo-02,DOMAIN_POLICY_PENDING,PLANNED
723,53,geo,geo-platform,svc-0523,geo-03,team-053,10,pg-cluster-421|pg-cluster-422|pg-cluster-423|pg-cluster-424|pg-cluster-425|pg-cluster-426|pg-cluster-427|pg-cluster-428|pg-cluster-429|pg-cluster-430,geo_svc_03,geo,10,geo_svc_03.geo.adjustment_geo|geo_svc_03.geo.campaign_geo|geo_svc_03.geo.configuration_geo|geo_svc_03.geo.document_geo|geo_svc_03.geo.metric_geo|geo_svc_03.geo.offer_geo|geo_svc_03.geo.policy_geo|geo_svc_03.geo.redemption_geo|geo_svc_03.geo.score_geo|geo_svc_03.geo.segment_geo,10,0,applications/backend/services/geo/geo-03,/api/v1/geo/03,domain-geo,geo-03,DOMAIN_POLICY_PENDING,PLANNED
724,53,geo,geo-platform,svc-0524,geo-04,team-053,10,pg-cluster-431|pg-cluster-432|pg-cluster-433|pg-cluster-434|pg-cluster-435|pg-cluster-436|pg-cluster-437|pg-cluster-438|pg-cluster-439|pg-cluster-440,geo_svc_04,geo,10,geo_svc_04.geo.balance_geo|geo_svc_04.geo.batch_geo|geo_svc_04.geo.checkpoint_geo|geo_svc_04.geo.exception_geo|geo_svc_04.geo.invoice_geo|geo_svc_04.geo.job_geo|geo_svc_04.geo.ledger_geo|geo_svc_04.geo.line_geo|geo_svc_04.geo.run_geo|geo_svc_04.geo.task_geo,10,0,applications/backend/services/geo/geo-04,/api/v1/geo/04,domain-geo,geo-04,DOMAIN_POLICY_PENDING,PLANNED
725,53,geo,geo-platform,svc-0525,geo-05,team-053,10,pg-cluster-441|pg-cluster-442|pg-cluster-443|pg-cluster-444|pg-cluster-445|pg-cluster-446|pg-cluster-447|pg-cluster-448|pg-cluster-449|pg-cluster-450,geo_svc_05,geo,10,geo_svc_05.geo.alert_geo|geo_svc_05.geo.approval_geo|geo_svc_05.geo.assignment_geo|geo_svc_05.geo.availability_geo|geo_svc_05.geo.capacity_geo|geo_svc_05.geo.case_geo|geo_svc_05.geo.decision_geo|geo_svc_05.geo.forecast_geo|geo_svc_05.geo.schedule_geo|geo_svc_05.geo.workflow_geo,10,0,applications/backend/services/geo/geo-05,/api/v1/geo/05,domain-geo,geo-05,DOMAIN_POLICY_PENDING,PLANNED
726,53,geo,geo-platform,svc-0526,geo-06,team-053,10,pg-cluster-451|pg-cluster-452|pg-cluster-453|pg-cluster-454|pg-cluster-455|pg-cluster-456|pg-cluster-457|pg-cluster-458|pg-cluster-459|pg-cluster-460,geo_svc_06,geo,10,geo_svc_06.geo.attribute_geo|geo_svc_06.geo.category_geo|geo_svc_06.geo.collection_geo|geo_svc_06.geo.media_geo|geo_svc_06.geo.plan_geo|geo_svc_06.geo.ranking_geo|geo_svc_06.geo.relationship_geo|geo_svc_06.geo.target_geo|geo_svc_06.geo.threshold_geo|geo_svc_06.geo.variant_geo,10,0,applications/backend/services/geo/geo-06,/api/v1/geo/06,domain-geo,geo-06,DOMAIN_POLICY_PENDING,PLANNED
727,53,geo,geo-platform,svc-0527,geo-07,team-053,10,pg-cluster-461|pg-cluster-462|pg-cluster-463|pg-cluster-464|pg-cluster-465|pg-cluster-466|pg-cluster-467|pg-cluster-468|pg-cluster-469|pg-cluster-470,geo_svc_07,geo,10,geo_svc_07.geo.attribution_geo|geo_svc_07.geo.channel_geo|geo_svc_07.geo.click_geo|geo_svc_07.geo.conversion_geo|geo_svc_07.geo.delivery_geo|geo_svc_07.geo.impression_geo|geo_svc_07.geo.message_geo|geo_svc_07.geo.query_geo|geo_svc_07.geo.result_geo|geo_svc_07.geo.template_geo,10,0,applications/backend/services/geo/geo-07,/api/v1/geo/07,domain-geo,geo-07,DOMAIN_POLICY_PENDING,PLANNED
728,53,geo,geo-platform,svc-0528,geo-08,team-053,10,pg-cluster-471|pg-cluster-472|pg-cluster-473|pg-cluster-474|pg-cluster-475|pg-cluster-476|pg-cluster-477|pg-cluster-478|pg-cluster-479|pg-cluster-480,geo_svc_08,geo,10,geo_svc_08.geo.contract_geo|geo_svc_08.geo.fee_geo|geo_svc_08.geo.partner_geo|geo_svc_08.geo.payout_geo|geo_svc_08.geo.price_geo|geo_svc_08.geo.provider_geo|geo_svc_08.geo.rate_geo|geo_svc_08.geo.reconciliation_geo|geo_svc_08.geo.settlement_geo|geo_svc_08.geo.tax_geo,10,0,applications/backend/services/geo/geo-08,/api/v1/geo/08,domain-geo,geo-08,DOMAIN_POLICY_PENDING,PLANNED
729,53,geo,geo-platform,svc-0529,geo-09,team-053,10,pg-cluster-481|pg-cluster-482|pg-cluster-483|pg-cluster-484|pg-cluster-485|pg-cluster-486|pg-cluster-487|pg-cluster-488|pg-cluster-489|pg-cluster-490,geo_svc_09,geo,10,geo_svc_09.geo.bin_geo|geo_svc_09.geo.package_geo|geo_svc_09.geo.refund_geo|geo_svc_09.geo.return_geo|geo_svc_09.geo.route_geo|geo_svc_09.geo.shipment_geo|geo_svc_09.geo.stock_geo|geo_svc_09.geo.stop_geo|geo_svc_09.geo.tracking_geo|geo_svc_09.geo.warehouse_geo,10,0,applications/backend/services/geo/geo-09,/api/v1/geo/09,domain-geo,geo-09,DOMAIN_POLICY_PENDING,PLANNED
730,53,geo,geo-platform,svc-0530,geo-10,team-053,10,pg-cluster-491|pg-cluster-492|pg-cluster-493|pg-cluster-494|pg-cluster-495|pg-cluster-496|pg-cluster-497|pg-cluster-498|pg-cluster-499|pg-cluster-500,geo_svc_10,geo,10,geo_svc_10.geo.consent_geo|geo_svc_10.geo.device_geo|geo_svc_10.geo.feedback_geo|geo_svc_10.geo.location_geo|geo_svc_10.geo.owner_geo|geo_svc_10.geo.permission_geo|geo_svc_10.geo.rating_geo|geo_svc_10.geo.review_geo|geo_svc_10.geo.role_geo|geo_svc_10.geo.token_geo,10,0,applications/backend/services/geo/geo-10,/api/v1/geo/10,domain-geo,geo-10,DOMAIN_POLICY_PENDING,PLANNED
731,54,currency,currency-platform,svc-0531,currency-01,team-054,10,pg-cluster-501|pg-cluster-502|pg-cluster-503|pg-cluster-504|pg-cluster-505|pg-cluster-506|pg-cluster-507|pg-cluster-508|pg-cluster-509|pg-cluster-510,currency_svc_01,currency,10,currency_svc_01.currency.account_currency|currency_svc_01.currency.address_currency|currency_svc_01.currency.event_currency|currency_svc_01.currency.history_currency|currency_svc_01.currency.mapping_currency|currency_svc_01.currency.preference_currency|currency_svc_01.currency.profile_currency|currency_svc_01.currency.rule_currency|currency_svc_01.currency.session_currency|currency_svc_01.currency.status_currency,10,0,applications/backend/services/currency/currency-01,/api/v1/currency/01,domain-currency,currency-01,DOMAIN_POLICY_PENDING,PLANNED
732,54,currency,currency-platform,svc-0532,currency-02,team-054,10,pg-cluster-511|pg-cluster-512|pg-cluster-513|pg-cluster-514|pg-cluster-515|pg-cluster-516|pg-cluster-517|pg-cluster-518|pg-cluster-519|pg-cluster-520,currency_svc_02,currency,10,currency_svc_02.currency.allocation_currency|currency_svc_02.currency.attempt_currency|currency_svc_02.currency.detail_currency|currency_svc_02.currency.item_currency|currency_svc_02.currency.movement_currency|currency_svc_02.currency.request_currency|currency_svc_02.currency.reservation_currency|currency_svc_02.currency.response_currency|currency_svc_02.currency.snapshot_currency|currency_svc_02.currency.transaction_currency,10,0,applications/backend/services/currency/currency-02,/api/v1/currency/02,domain-currency,currency-02,DOMAIN_POLICY_PENDING,PLANNED
733,54,currency,currency-platform,svc-0533,currency-03,team-054,10,pg-cluster-521|pg-cluster-522|pg-cluster-523|pg-cluster-524|pg-cluster-525|pg-cluster-526|pg-cluster-527|pg-cluster-528|pg-cluster-529|pg-cluster-530,currency_svc_03,currency,10,currency_svc_03.currency.adjustment_currency|currency_svc_03.currency.campaign_currency|currency_svc_03.currency.configuration_currency|currency_svc_03.currency.document_currency|currency_svc_03.currency.metric_currency|currency_svc_03.currency.offer_currency|currency_svc_03.currency.policy_currency|currency_svc_03.currency.redemption_currency|currency_svc_03.currency.score_currency|currency_svc_03.currency.segment_currency,10,0,applications/backend/services/currency/currency-03,/api/v1/currency/03,domain-currency,currency-03,DOMAIN_POLICY_PENDING,PLANNED
734,54,currency,currency-platform,svc-0534,currency-04,team-054,10,pg-cluster-531|pg-cluster-532|pg-cluster-533|pg-cluster-534|pg-cluster-535|pg-cluster-536|pg-cluster-537|pg-cluster-538|pg-cluster-539|pg-cluster-540,currency_svc_04,currency,10,currency_svc_04.currency.balance_currency|currency_svc_04.currency.batch_currency|currency_svc_04.currency.checkpoint_currency|currency_svc_04.currency.exception_currency|currency_svc_04.currency.invoice_currency|currency_svc_04.currency.job_currency|currency_svc_04.currency.ledger_currency|currency_svc_04.currency.line_currency|currency_svc_04.currency.run_currency|currency_svc_04.currency.task_currency,10,0,applications/backend/services/currency/currency-04,/api/v1/currency/04,domain-currency,currency-04,DOMAIN_POLICY_PENDING,PLANNED
735,54,currency,currency-platform,svc-0535,currency-05,team-054,10,pg-cluster-541|pg-cluster-542|pg-cluster-543|pg-cluster-544|pg-cluster-545|pg-cluster-546|pg-cluster-547|pg-cluster-548|pg-cluster-549|pg-cluster-550,currency_svc_05,currency,10,currency_svc_05.currency.alert_currency|currency_svc_05.currency.approval_currency|currency_svc_05.currency.assignment_currency|currency_svc_05.currency.availability_currency|currency_svc_05.currency.capacity_currency|currency_svc_05.currency.case_currency|currency_svc_05.currency.decision_currency|currency_svc_05.currency.forecast_currency|currency_svc_05.currency.schedule_currency|currency_svc_05.currency.workflow_currency,10,0,applications/backend/services/currency/currency-05,/api/v1/currency/05,domain-currency,currency-05,DOMAIN_POLICY_PENDING,PLANNED
736,54,currency,currency-platform,svc-0536,currency-06,team-054,10,pg-cluster-551|pg-cluster-552|pg-cluster-553|pg-cluster-554|pg-cluster-555|pg-cluster-556|pg-cluster-557|pg-cluster-558|pg-cluster-559|pg-cluster-560,currency_svc_06,currency,10,currency_svc_06.currency.attribute_currency|currency_svc_06.currency.category_currency|currency_svc_06.currency.collection_currency|currency_svc_06.currency.media_currency|currency_svc_06.currency.plan_currency|currency_svc_06.currency.ranking_currency|currency_svc_06.currency.relationship_currency|currency_svc_06.currency.target_currency|currency_svc_06.currency.threshold_currency|currency_svc_06.currency.variant_currency,10,0,applications/backend/services/currency/currency-06,/api/v1/currency/06,domain-currency,currency-06,DOMAIN_POLICY_PENDING,PLANNED
737,54,currency,currency-platform,svc-0537,currency-07,team-054,10,pg-cluster-561|pg-cluster-562|pg-cluster-563|pg-cluster-564|pg-cluster-565|pg-cluster-566|pg-cluster-567|pg-cluster-568|pg-cluster-569|pg-cluster-570,currency_svc_07,currency,10,currency_svc_07.currency.attribution_currency|currency_svc_07.currency.channel_currency|currency_svc_07.currency.click_currency|currency_svc_07.currency.conversion_currency|currency_svc_07.currency.delivery_currency|currency_svc_07.currency.impression_currency|currency_svc_07.currency.message_currency|currency_svc_07.currency.query_currency|currency_svc_07.currency.result_currency|currency_svc_07.currency.template_currency,10,0,applications/backend/services/currency/currency-07,/api/v1/currency/07,domain-currency,currency-07,DOMAIN_POLICY_PENDING,PLANNED
738,54,currency,currency-platform,svc-0538,currency-08,team-054,10,pg-cluster-571|pg-cluster-572|pg-cluster-573|pg-cluster-574|pg-cluster-575|pg-cluster-576|pg-cluster-577|pg-cluster-578|pg-cluster-579|pg-cluster-580,currency_svc_08,currency,10,currency_svc_08.currency.contract_currency|currency_svc_08.currency.fee_currency|currency_svc_08.currency.partner_currency|currency_svc_08.currency.payout_currency|currency_svc_08.currency.price_currency|currency_svc_08.currency.provider_currency|currency_svc_08.currency.rate_currency|currency_svc_08.currency.reconciliation_currency|currency_svc_08.currency.settlement_currency|currency_svc_08.currency.tax_currency,10,0,applications/backend/services/currency/currency-08,/api/v1/currency/08,domain-currency,currency-08,DOMAIN_POLICY_PENDING,PLANNED
739,54,currency,currency-platform,svc-0539,currency-09,team-054,10,pg-cluster-581|pg-cluster-582|pg-cluster-583|pg-cluster-584|pg-cluster-585|pg-cluster-586|pg-cluster-587|pg-cluster-588|pg-cluster-589|pg-cluster-590,currency_svc_09,currency,10,currency_svc_09.currency.bin_currency|currency_svc_09.currency.package_currency|currency_svc_09.currency.refund_currency|currency_svc_09.currency.return_currency|currency_svc_09.currency.route_currency|currency_svc_09.currency.shipment_currency|currency_svc_09.currency.stock_currency|currency_svc_09.currency.stop_currency|currency_svc_09.currency.tracking_currency|currency_svc_09.currency.warehouse_currency,10,0,applications/backend/services/currency/currency-09,/api/v1/currency/09,domain-currency,currency-09,DOMAIN_POLICY_PENDING,PLANNED
740,54,currency,currency-platform,svc-0540,currency-10,team-054,10,pg-cluster-591|pg-cluster-592|pg-cluster-593|pg-cluster-594|pg-cluster-595|pg-cluster-596|pg-cluster-597|pg-cluster-598|pg-cluster-599|pg-cluster-600,currency_svc_10,currency,10,currency_svc_10.currency.consent_currency|currency_svc_10.currency.device_currency|currency_svc_10.currency.feedback_currency|currency_svc_10.currency.location_currency|currency_svc_10.currency.owner_currency|currency_svc_10.currency.permission_currency|currency_svc_10.currency.rating_currency|currency_svc_10.currency.review_currency|currency_svc_10.currency.role_currency|currency_svc_10.currency.token_currency,10,0,applications/backend/services/currency/currency-10,/api/v1/currency/10,domain-currency,currency-10,DOMAIN_POLICY_PENDING,PLANNED
741,55,international,international-platform,svc-0541,international-01,team-055,10,pg-cluster-601|pg-cluster-602|pg-cluster-603|pg-cluster-604|pg-cluster-605|pg-cluster-606|pg-cluster-607|pg-cluster-608|pg-cluster-609|pg-cluster-610,international_svc_01,international,10,international_svc_01.international.account_international|international_svc_01.international.address_international|international_svc_01.international.event_international|international_svc_01.international.history_international|international_svc_01.international.mapping_international|international_svc_01.international.preference_international|international_svc_01.international.profile_international|international_svc_01.international.rule_international|international_svc_01.international.session_international|international_svc_01.international.status_international,10,0,applications/backend/services/international/international-01,/api/v1/international/01,domain-international,international-01,DOMAIN_POLICY_PENDING,PLANNED
742,55,international,international-platform,svc-0542,international-02,team-055,10,pg-cluster-611|pg-cluster-612|pg-cluster-613|pg-cluster-614|pg-cluster-615|pg-cluster-616|pg-cluster-617|pg-cluster-618|pg-cluster-619|pg-cluster-620,international_svc_02,international,10,international_svc_02.international.allocation_international|international_svc_02.international.attempt_international|international_svc_02.international.detail_international|international_svc_02.international.item_international|international_svc_02.international.movement_international|international_svc_02.international.request_international|international_svc_02.international.reservation_international|international_svc_02.international.response_international|international_svc_02.international.snapshot_international|international_svc_02.international.transaction_international,10,0,applications/backend/services/international/international-02,/api/v1/international/02,domain-international,international-02,DOMAIN_POLICY_PENDING,PLANNED
743,55,international,international-platform,svc-0543,international-03,team-055,10,pg-cluster-621|pg-cluster-622|pg-cluster-623|pg-cluster-624|pg-cluster-625|pg-cluster-626|pg-cluster-627|pg-cluster-628|pg-cluster-629|pg-cluster-630,international_svc_03,international,10,international_svc_03.international.adjustment_international|international_svc_03.international.campaign_international|international_svc_03.international.configuration_international|international_svc_03.international.document_international|international_svc_03.international.metric_international|international_svc_03.international.offer_international|international_svc_03.international.policy_international|international_svc_03.international.redemption_international|international_svc_03.international.score_international|international_svc_03.international.segment_international,10,0,applications/backend/services/international/international-03,/api/v1/international/03,domain-international,international-03,DOMAIN_POLICY_PENDING,PLANNED
744,55,international,international-platform,svc-0544,international-04,team-055,10,pg-cluster-631|pg-cluster-632|pg-cluster-633|pg-cluster-634|pg-cluster-635|pg-cluster-636|pg-cluster-637|pg-cluster-638|pg-cluster-639|pg-cluster-640,international_svc_04,international,10,international_svc_04.international.balance_international|international_svc_04.international.batch_international|international_svc_04.international.checkpoint_international|international_svc_04.international.exception_international|international_svc_04.international.invoice_international|international_svc_04.international.job_international|international_svc_04.international.ledger_international|international_svc_04.international.line_international|international_svc_04.international.run_international|international_svc_04.international.task_international,10,0,applications/backend/services/international/international-04,/api/v1/international/04,domain-international,international-04,DOMAIN_POLICY_PENDING,PLANNED
745,55,international,international-platform,svc-0545,international-05,team-055,10,pg-cluster-641|pg-cluster-642|pg-cluster-643|pg-cluster-644|pg-cluster-645|pg-cluster-646|pg-cluster-647|pg-cluster-648|pg-cluster-649|pg-cluster-650,international_svc_05,international,10,international_svc_05.international.alert_international|international_svc_05.international.approval_international|international_svc_05.international.assignment_international|international_svc_05.international.availability_international|international_svc_05.international.capacity_international|international_svc_05.international.case_international|international_svc_05.international.decision_international|international_svc_05.international.forecast_international|international_svc_05.international.schedule_international|international_svc_05.international.workflow_international,10,0,applications/backend/services/international/international-05,/api/v1/international/05,domain-international,international-05,DOMAIN_POLICY_PENDING,PLANNED
746,55,international,international-platform,svc-0546,international-06,team-055,10,pg-cluster-651|pg-cluster-652|pg-cluster-653|pg-cluster-654|pg-cluster-655|pg-cluster-656|pg-cluster-657|pg-cluster-658|pg-cluster-659|pg-cluster-660,international_svc_06,international,10,international_svc_06.international.attribute_international|international_svc_06.international.category_international|international_svc_06.international.collection_international|international_svc_06.international.media_international|international_svc_06.international.plan_international|international_svc_06.international.ranking_international|international_svc_06.international.relationship_international|international_svc_06.international.target_international|international_svc_06.international.threshold_international|international_svc_06.international.variant_international,10,0,applications/backend/services/international/international-06,/api/v1/international/06,domain-international,international-06,DOMAIN_POLICY_PENDING,PLANNED
747,55,international,international-platform,svc-0547,international-07,team-055,10,pg-cluster-661|pg-cluster-662|pg-cluster-663|pg-cluster-664|pg-cluster-665|pg-cluster-666|pg-cluster-667|pg-cluster-668|pg-cluster-669|pg-cluster-670,international_svc_07,international,10,international_svc_07.international.attribution_international|international_svc_07.international.channel_international|international_svc_07.international.click_international|international_svc_07.international.conversion_international|international_svc_07.international.delivery_international|international_svc_07.international.impression_international|international_svc_07.international.message_international|international_svc_07.international.query_international|international_svc_07.international.result_international|international_svc_07.international.template_international,10,0,applications/backend/services/international/international-07,/api/v1/international/07,domain-international,international-07,DOMAIN_POLICY_PENDING,PLANNED
748,55,international,international-platform,svc-0548,international-08,team-055,10,pg-cluster-671|pg-cluster-672|pg-cluster-673|pg-cluster-674|pg-cluster-675|pg-cluster-676|pg-cluster-677|pg-cluster-678|pg-cluster-679|pg-cluster-680,international_svc_08,international,10,international_svc_08.international.contract_international|international_svc_08.international.fee_international|international_svc_08.international.partner_international|international_svc_08.international.payout_international|international_svc_08.international.price_international|international_svc_08.international.provider_international|international_svc_08.international.rate_international|international_svc_08.international.reconciliation_international|international_svc_08.international.settlement_international|international_svc_08.international.tax_international,10,0,applications/backend/services/international/international-08,/api/v1/international/08,domain-international,international-08,DOMAIN_POLICY_PENDING,PLANNED
749,55,international,international-platform,svc-0549,international-09,team-055,10,pg-cluster-681|pg-cluster-682|pg-cluster-683|pg-cluster-684|pg-cluster-685|pg-cluster-686|pg-cluster-687|pg-cluster-688|pg-cluster-689|pg-cluster-690,international_svc_09,international,10,international_svc_09.international.bin_international|international_svc_09.international.package_international|international_svc_09.international.refund_international|international_svc_09.international.return_international|international_svc_09.international.route_international|international_svc_09.international.shipment_international|international_svc_09.international.stock_international|international_svc_09.international.stop_international|international_svc_09.international.tracking_international|international_svc_09.international.warehouse_international,10,0,applications/backend/services/international/international-09,/api/v1/international/09,domain-international,international-09,DOMAIN_POLICY_PENDING,PLANNED
750,55,international,international-platform,svc-0550,international-10,team-055,10,pg-cluster-691|pg-cluster-692|pg-cluster-693|pg-cluster-694|pg-cluster-695|pg-cluster-696|pg-cluster-697|pg-cluster-698|pg-cluster-699|pg-cluster-700,international_svc_10,international,10,international_svc_10.international.consent_international|international_svc_10.international.device_international|international_svc_10.international.feedback_international|international_svc_10.international.location_international|international_svc_10.international.owner_international|international_svc_10.international.permission_international|international_svc_10.international.rating_international|international_svc_10.international.review_international|international_svc_10.international.role_international|international_svc_10.international.token_international,10,0,applications/backend/services/international/international-10,/api/v1/international/10,domain-international,international-10,DOMAIN_POLICY_PENDING,PLANNED
751,56,mobile,mobile-platform,svc-0551,mobile-01,team-056,10,pg-cluster-701|pg-cluster-702|pg-cluster-703|pg-cluster-704|pg-cluster-705|pg-cluster-706|pg-cluster-707|pg-cluster-708|pg-cluster-709|pg-cluster-710,mobile_svc_01,mobile,10,mobile_svc_01.mobile.account_mobile|mobile_svc_01.mobile.address_mobile|mobile_svc_01.mobile.event_mobile|mobile_svc_01.mobile.history_mobile|mobile_svc_01.mobile.mapping_mobile|mobile_svc_01.mobile.preference_mobile|mobile_svc_01.mobile.profile_mobile|mobile_svc_01.mobile.rule_mobile|mobile_svc_01.mobile.session_mobile|mobile_svc_01.mobile.status_mobile,10,0,applications/backend/services/mobile/mobile-01,/api/v1/mobile/01,domain-mobile,mobile-01,DOMAIN_POLICY_PENDING,PLANNED
752,56,mobile,mobile-platform,svc-0552,mobile-02,team-056,10,pg-cluster-711|pg-cluster-712|pg-cluster-713|pg-cluster-714|pg-cluster-715|pg-cluster-716|pg-cluster-717|pg-cluster-718|pg-cluster-719|pg-cluster-720,mobile_svc_02,mobile,10,mobile_svc_02.mobile.allocation_mobile|mobile_svc_02.mobile.attempt_mobile|mobile_svc_02.mobile.detail_mobile|mobile_svc_02.mobile.item_mobile|mobile_svc_02.mobile.movement_mobile|mobile_svc_02.mobile.request_mobile|mobile_svc_02.mobile.reservation_mobile|mobile_svc_02.mobile.response_mobile|mobile_svc_02.mobile.snapshot_mobile|mobile_svc_02.mobile.transaction_mobile,10,0,applications/backend/services/mobile/mobile-02,/api/v1/mobile/02,domain-mobile,mobile-02,DOMAIN_POLICY_PENDING,PLANNED
753,56,mobile,mobile-platform,svc-0553,mobile-03,team-056,10,pg-cluster-721|pg-cluster-722|pg-cluster-723|pg-cluster-724|pg-cluster-725|pg-cluster-726|pg-cluster-727|pg-cluster-728|pg-cluster-729|pg-cluster-730,mobile_svc_03,mobile,10,mobile_svc_03.mobile.adjustment_mobile|mobile_svc_03.mobile.campaign_mobile|mobile_svc_03.mobile.configuration_mobile|mobile_svc_03.mobile.document_mobile|mobile_svc_03.mobile.metric_mobile|mobile_svc_03.mobile.offer_mobile|mobile_svc_03.mobile.policy_mobile|mobile_svc_03.mobile.redemption_mobile|mobile_svc_03.mobile.score_mobile|mobile_svc_03.mobile.segment_mobile,10,0,applications/backend/services/mobile/mobile-03,/api/v1/mobile/03,domain-mobile,mobile-03,DOMAIN_POLICY_PENDING,PLANNED
754,56,mobile,mobile-platform,svc-0554,mobile-04,team-056,10,pg-cluster-731|pg-cluster-732|pg-cluster-733|pg-cluster-734|pg-cluster-735|pg-cluster-736|pg-cluster-737|pg-cluster-738|pg-cluster-739|pg-cluster-740,mobile_svc_04,mobile,10,mobile_svc_04.mobile.balance_mobile|mobile_svc_04.mobile.batch_mobile|mobile_svc_04.mobile.checkpoint_mobile|mobile_svc_04.mobile.exception_mobile|mobile_svc_04.mobile.invoice_mobile|mobile_svc_04.mobile.job_mobile|mobile_svc_04.mobile.ledger_mobile|mobile_svc_04.mobile.line_mobile|mobile_svc_04.mobile.run_mobile|mobile_svc_04.mobile.task_mobile,10,0,applications/backend/services/mobile/mobile-04,/api/v1/mobile/04,domain-mobile,mobile-04,DOMAIN_POLICY_PENDING,PLANNED
755,56,mobile,mobile-platform,svc-0555,mobile-05,team-056,10,pg-cluster-741|pg-cluster-742|pg-cluster-743|pg-cluster-744|pg-cluster-745|pg-cluster-746|pg-cluster-747|pg-cluster-748|pg-cluster-749|pg-cluster-750,mobile_svc_05,mobile,10,mobile_svc_05.mobile.alert_mobile|mobile_svc_05.mobile.approval_mobile|mobile_svc_05.mobile.assignment_mobile|mobile_svc_05.mobile.availability_mobile|mobile_svc_05.mobile.capacity_mobile|mobile_svc_05.mobile.case_mobile|mobile_svc_05.mobile.decision_mobile|mobile_svc_05.mobile.forecast_mobile|mobile_svc_05.mobile.schedule_mobile|mobile_svc_05.mobile.workflow_mobile,10,0,applications/backend/services/mobile/mobile-05,/api/v1/mobile/05,domain-mobile,mobile-05,DOMAIN_POLICY_PENDING,PLANNED
756,56,mobile,mobile-platform,svc-0556,mobile-06,team-056,10,pg-cluster-751|pg-cluster-752|pg-cluster-753|pg-cluster-754|pg-cluster-755|pg-cluster-756|pg-cluster-757|pg-cluster-758|pg-cluster-759|pg-cluster-760,mobile_svc_06,mobile,10,mobile_svc_06.mobile.attribute_mobile|mobile_svc_06.mobile.category_mobile|mobile_svc_06.mobile.collection_mobile|mobile_svc_06.mobile.media_mobile|mobile_svc_06.mobile.plan_mobile|mobile_svc_06.mobile.ranking_mobile|mobile_svc_06.mobile.relationship_mobile|mobile_svc_06.mobile.target_mobile|mobile_svc_06.mobile.threshold_mobile|mobile_svc_06.mobile.variant_mobile,10,0,applications/backend/services/mobile/mobile-06,/api/v1/mobile/06,domain-mobile,mobile-06,DOMAIN_POLICY_PENDING,PLANNED
757,56,mobile,mobile-platform,svc-0557,mobile-07,team-056,10,pg-cluster-761|pg-cluster-762|pg-cluster-763|pg-cluster-764|pg-cluster-765|pg-cluster-766|pg-cluster-767|pg-cluster-768|pg-cluster-769|pg-cluster-770,mobile_svc_07,mobile,10,mobile_svc_07.mobile.attribution_mobile|mobile_svc_07.mobile.channel_mobile|mobile_svc_07.mobile.click_mobile|mobile_svc_07.mobile.conversion_mobile|mobile_svc_07.mobile.delivery_mobile|mobile_svc_07.mobile.impression_mobile|mobile_svc_07.mobile.message_mobile|mobile_svc_07.mobile.query_mobile|mobile_svc_07.mobile.result_mobile|mobile_svc_07.mobile.template_mobile,10,0,applications/backend/services/mobile/mobile-07,/api/v1/mobile/07,domain-mobile,mobile-07,DOMAIN_POLICY_PENDING,PLANNED
758,56,mobile,mobile-platform,svc-0558,mobile-08,team-056,10,pg-cluster-771|pg-cluster-772|pg-cluster-773|pg-cluster-774|pg-cluster-775|pg-cluster-776|pg-cluster-777|pg-cluster-778|pg-cluster-779|pg-cluster-780,mobile_svc_08,mobile,10,mobile_svc_08.mobile.contract_mobile|mobile_svc_08.mobile.fee_mobile|mobile_svc_08.mobile.partner_mobile|mobile_svc_08.mobile.payout_mobile|mobile_svc_08.mobile.price_mobile|mobile_svc_08.mobile.provider_mobile|mobile_svc_08.mobile.rate_mobile|mobile_svc_08.mobile.reconciliation_mobile|mobile_svc_08.mobile.settlement_mobile|mobile_svc_08.mobile.tax_mobile,10,0,applications/backend/services/mobile/mobile-08,/api/v1/mobile/08,domain-mobile,mobile-08,DOMAIN_POLICY_PENDING,PLANNED
759,56,mobile,mobile-platform,svc-0559,mobile-09,team-056,10,pg-cluster-781|pg-cluster-782|pg-cluster-783|pg-cluster-784|pg-cluster-785|pg-cluster-786|pg-cluster-787|pg-cluster-788|pg-cluster-789|pg-cluster-790,mobile_svc_09,mobile,10,mobile_svc_09.mobile.bin_mobile|mobile_svc_09.mobile.package_mobile|mobile_svc_09.mobile.refund_mobile|mobile_svc_09.mobile.return_mobile|mobile_svc_09.mobile.route_mobile|mobile_svc_09.mobile.shipment_mobile|mobile_svc_09.mobile.stock_mobile|mobile_svc_09.mobile.stop_mobile|mobile_svc_09.mobile.tracking_mobile|mobile_svc_09.mobile.warehouse_mobile,10,0,applications/backend/services/mobile/mobile-09,/api/v1/mobile/09,domain-mobile,mobile-09,DOMAIN_POLICY_PENDING,PLANNED
760,56,mobile,mobile-platform,svc-0560,mobile-10,team-056,10,pg-cluster-791|pg-cluster-792|pg-cluster-793|pg-cluster-794|pg-cluster-795|pg-cluster-796|pg-cluster-797|pg-cluster-798|pg-cluster-799|pg-cluster-800,mobile_svc_10,mobile,10,mobile_svc_10.mobile.consent_mobile|mobile_svc_10.mobile.device_mobile|mobile_svc_10.mobile.feedback_mobile|mobile_svc_10.mobile.location_mobile|mobile_svc_10.mobile.owner_mobile|mobile_svc_10.mobile.permission_mobile|mobile_svc_10.mobile.rating_mobile|mobile_svc_10.mobile.review_mobile|mobile_svc_10.mobile.role_mobile|mobile_svc_10.mobile.token_mobile,10,0,applications/backend/services/mobile/mobile-10,/api/v1/mobile/10,domain-mobile,mobile-10,DOMAIN_POLICY_PENDING,PLANNED
761,57,web,web-platform,svc-0561,web-01,team-057,10,pg-cluster-001|pg-cluster-002|pg-cluster-003|pg-cluster-004|pg-cluster-005|pg-cluster-006|pg-cluster-007|pg-cluster-008|pg-cluster-009|pg-cluster-010,web_svc_01,web,10,web_svc_01.web.account_web|web_svc_01.web.address_web|web_svc_01.web.event_web|web_svc_01.web.history_web|web_svc_01.web.mapping_web|web_svc_01.web.preference_web|web_svc_01.web.profile_web|web_svc_01.web.rule_web|web_svc_01.web.session_web|web_svc_01.web.status_web,10,0,applications/backend/services/web/web-01,/api/v1/web/01,domain-web,web-01,DOMAIN_POLICY_PENDING,PLANNED
762,57,web,web-platform,svc-0562,web-02,team-057,10,pg-cluster-011|pg-cluster-012|pg-cluster-013|pg-cluster-014|pg-cluster-015|pg-cluster-016|pg-cluster-017|pg-cluster-018|pg-cluster-019|pg-cluster-020,web_svc_02,web,10,web_svc_02.web.allocation_web|web_svc_02.web.attempt_web|web_svc_02.web.detail_web|web_svc_02.web.item_web|web_svc_02.web.movement_web|web_svc_02.web.request_web|web_svc_02.web.reservation_web|web_svc_02.web.response_web|web_svc_02.web.snapshot_web|web_svc_02.web.transaction_web,10,0,applications/backend/services/web/web-02,/api/v1/web/02,domain-web,web-02,DOMAIN_POLICY_PENDING,PLANNED
763,57,web,web-platform,svc-0563,web-03,team-057,10,pg-cluster-021|pg-cluster-022|pg-cluster-023|pg-cluster-024|pg-cluster-025|pg-cluster-026|pg-cluster-027|pg-cluster-028|pg-cluster-029|pg-cluster-030,web_svc_03,web,10,web_svc_03.web.adjustment_web|web_svc_03.web.campaign_web|web_svc_03.web.configuration_web|web_svc_03.web.document_web|web_svc_03.web.metric_web|web_svc_03.web.offer_web|web_svc_03.web.policy_web|web_svc_03.web.redemption_web|web_svc_03.web.score_web|web_svc_03.web.segment_web,10,0,applications/backend/services/web/web-03,/api/v1/web/03,domain-web,web-03,DOMAIN_POLICY_PENDING,PLANNED
764,57,web,web-platform,svc-0564,web-04,team-057,10,pg-cluster-031|pg-cluster-032|pg-cluster-033|pg-cluster-034|pg-cluster-035|pg-cluster-036|pg-cluster-037|pg-cluster-038|pg-cluster-039|pg-cluster-040,web_svc_04,web,10,web_svc_04.web.balance_web|web_svc_04.web.batch_web|web_svc_04.web.checkpoint_web|web_svc_04.web.exception_web|web_svc_04.web.invoice_web|web_svc_04.web.job_web|web_svc_04.web.ledger_web|web_svc_04.web.line_web|web_svc_04.web.run_web|web_svc_04.web.task_web,10,0,applications/backend/services/web/web-04,/api/v1/web/04,domain-web,web-04,DOMAIN_POLICY_PENDING,PLANNED
765,57,web,web-platform,svc-0565,web-05,team-057,10,pg-cluster-041|pg-cluster-042|pg-cluster-043|pg-cluster-044|pg-cluster-045|pg-cluster-046|pg-cluster-047|pg-cluster-048|pg-cluster-049|pg-cluster-050,web_svc_05,web,10,web_svc_05.web.alert_web|web_svc_05.web.approval_web|web_svc_05.web.assignment_web|web_svc_05.web.availability_web|web_svc_05.web.capacity_web|web_svc_05.web.case_web|web_svc_05.web.decision_web|web_svc_05.web.forecast_web|web_svc_05.web.schedule_web|web_svc_05.web.workflow_web,10,0,applications/backend/services/web/web-05,/api/v1/web/05,domain-web,web-05,DOMAIN_POLICY_PENDING,PLANNED
766,57,web,web-platform,svc-0566,web-06,team-057,10,pg-cluster-051|pg-cluster-052|pg-cluster-053|pg-cluster-054|pg-cluster-055|pg-cluster-056|pg-cluster-057|pg-cluster-058|pg-cluster-059|pg-cluster-060,web_svc_06,web,10,web_svc_06.web.attribute_web|web_svc_06.web.category_web|web_svc_06.web.collection_web|web_svc_06.web.media_web|web_svc_06.web.plan_web|web_svc_06.web.ranking_web|web_svc_06.web.relationship_web|web_svc_06.web.target_web|web_svc_06.web.threshold_web|web_svc_06.web.variant_web,10,0,applications/backend/services/web/web-06,/api/v1/web/06,domain-web,web-06,DOMAIN_POLICY_PENDING,PLANNED
767,57,web,web-platform,svc-0567,web-07,team-057,10,pg-cluster-061|pg-cluster-062|pg-cluster-063|pg-cluster-064|pg-cluster-065|pg-cluster-066|pg-cluster-067|pg-cluster-068|pg-cluster-069|pg-cluster-070,web_svc_07,web,10,web_svc_07.web.attribution_web|web_svc_07.web.channel_web|web_svc_07.web.click_web|web_svc_07.web.conversion_web|web_svc_07.web.delivery_web|web_svc_07.web.impression_web|web_svc_07.web.message_web|web_svc_07.web.query_web|web_svc_07.web.result_web|web_svc_07.web.template_web,10,0,applications/backend/services/web/web-07,/api/v1/web/07,domain-web,web-07,DOMAIN_POLICY_PENDING,PLANNED
768,57,web,web-platform,svc-0568,web-08,team-057,10,pg-cluster-071|pg-cluster-072|pg-cluster-073|pg-cluster-074|pg-cluster-075|pg-cluster-076|pg-cluster-077|pg-cluster-078|pg-cluster-079|pg-cluster-080,web_svc_08,web,10,web_svc_08.web.contract_web|web_svc_08.web.fee_web|web_svc_08.web.partner_web|web_svc_08.web.payout_web|web_svc_08.web.price_web|web_svc_08.web.provider_web|web_svc_08.web.rate_web|web_svc_08.web.reconciliation_web|web_svc_08.web.settlement_web|web_svc_08.web.tax_web,10,0,applications/backend/services/web/web-08,/api/v1/web/08,domain-web,web-08,DOMAIN_POLICY_PENDING,PLANNED
769,57,web,web-platform,svc-0569,web-09,team-057,10,pg-cluster-081|pg-cluster-082|pg-cluster-083|pg-cluster-084|pg-cluster-085|pg-cluster-086|pg-cluster-087|pg-cluster-088|pg-cluster-089|pg-cluster-090,web_svc_09,web,10,web_svc_09.web.bin_web|web_svc_09.web.package_web|web_svc_09.web.refund_web|web_svc_09.web.return_web|web_svc_09.web.route_web|web_svc_09.web.shipment_web|web_svc_09.web.stock_web|web_svc_09.web.stop_web|web_svc_09.web.tracking_web|web_svc_09.web.warehouse_web,10,0,applications/backend/services/web/web-09,/api/v1/web/09,domain-web,web-09,DOMAIN_POLICY_PENDING,PLANNED
770,57,web,web-platform,svc-0570,web-10,team-057,10,pg-cluster-091|pg-cluster-092|pg-cluster-093|pg-cluster-094|pg-cluster-095|pg-cluster-096|pg-cluster-097|pg-cluster-098|pg-cluster-099|pg-cluster-100,web_svc_10,web,10,web_svc_10.web.consent_web|web_svc_10.web.device_web|web_svc_10.web.feedback_web|web_svc_10.web.location_web|web_svc_10.web.owner_web|web_svc_10.web.permission_web|web_svc_10.web.rating_web|web_svc_10.web.review_web|web_svc_10.web.role_web|web_svc_10.web.token_web,10,0,applications/backend/services/web/web-10,/api/v1/web/10,domain-web,web-10,DOMAIN_POLICY_PENDING,PLANNED
771,58,store,store-platform,svc-0571,store-01,team-058,10,pg-cluster-101|pg-cluster-102|pg-cluster-103|pg-cluster-104|pg-cluster-105|pg-cluster-106|pg-cluster-107|pg-cluster-108|pg-cluster-109|pg-cluster-110,store_svc_01,store,10,store_svc_01.store.account_store|store_svc_01.store.address_store|store_svc_01.store.event_store|store_svc_01.store.history_store|store_svc_01.store.mapping_store|store_svc_01.store.preference_store|store_svc_01.store.profile_store|store_svc_01.store.rule_store|store_svc_01.store.session_store|store_svc_01.store.status_store,10,0,applications/backend/services/store/store-01,/api/v1/store/01,domain-store,store-01,DOMAIN_POLICY_PENDING,PLANNED
772,58,store,store-platform,svc-0572,store-02,team-058,10,pg-cluster-111|pg-cluster-112|pg-cluster-113|pg-cluster-114|pg-cluster-115|pg-cluster-116|pg-cluster-117|pg-cluster-118|pg-cluster-119|pg-cluster-120,store_svc_02,store,10,store_svc_02.store.allocation_store|store_svc_02.store.attempt_store|store_svc_02.store.detail_store|store_svc_02.store.item_store|store_svc_02.store.movement_store|store_svc_02.store.request_store|store_svc_02.store.reservation_store|store_svc_02.store.response_store|store_svc_02.store.snapshot_store|store_svc_02.store.transaction_store,10,0,applications/backend/services/store/store-02,/api/v1/store/02,domain-store,store-02,DOMAIN_POLICY_PENDING,PLANNED
773,58,store,store-platform,svc-0573,store-03,team-058,10,pg-cluster-121|pg-cluster-122|pg-cluster-123|pg-cluster-124|pg-cluster-125|pg-cluster-126|pg-cluster-127|pg-cluster-128|pg-cluster-129|pg-cluster-130,store_svc_03,store,10,store_svc_03.store.adjustment_store|store_svc_03.store.campaign_store|store_svc_03.store.configuration_store|store_svc_03.store.document_store|store_svc_03.store.metric_store|store_svc_03.store.offer_store|store_svc_03.store.policy_store|store_svc_03.store.redemption_store|store_svc_03.store.score_store|store_svc_03.store.segment_store,10,0,applications/backend/services/store/store-03,/api/v1/store/03,domain-store,store-03,DOMAIN_POLICY_PENDING,PLANNED
774,58,store,store-platform,svc-0574,store-04,team-058,10,pg-cluster-131|pg-cluster-132|pg-cluster-133|pg-cluster-134|pg-cluster-135|pg-cluster-136|pg-cluster-137|pg-cluster-138|pg-cluster-139|pg-cluster-140,store_svc_04,store,10,store_svc_04.store.balance_store|store_svc_04.store.batch_store|store_svc_04.store.checkpoint_store|store_svc_04.store.exception_store|store_svc_04.store.invoice_store|store_svc_04.store.job_store|store_svc_04.store.ledger_store|store_svc_04.store.line_store|store_svc_04.store.run_store|store_svc_04.store.task_store,10,0,applications/backend/services/store/store-04,/api/v1/store/04,domain-store,store-04,DOMAIN_POLICY_PENDING,PLANNED
775,58,store,store-platform,svc-0575,store-05,team-058,10,pg-cluster-141|pg-cluster-142|pg-cluster-143|pg-cluster-144|pg-cluster-145|pg-cluster-146|pg-cluster-147|pg-cluster-148|pg-cluster-149|pg-cluster-150,store_svc_05,store,10,store_svc_05.store.alert_store|store_svc_05.store.approval_store|store_svc_05.store.assignment_store|store_svc_05.store.availability_store|store_svc_05.store.capacity_store|store_svc_05.store.case_store|store_svc_05.store.decision_store|store_svc_05.store.forecast_store|store_svc_05.store.schedule_store|store_svc_05.store.workflow_store,10,0,applications/backend/services/store/store-05,/api/v1/store/05,domain-store,store-05,DOMAIN_POLICY_PENDING,PLANNED
776,58,store,store-platform,svc-0576,store-06,team-058,10,pg-cluster-151|pg-cluster-152|pg-cluster-153|pg-cluster-154|pg-cluster-155|pg-cluster-156|pg-cluster-157|pg-cluster-158|pg-cluster-159|pg-cluster-160,store_svc_06,store,10,store_svc_06.store.attribute_store|store_svc_06.store.category_store|store_svc_06.store.collection_store|store_svc_06.store.media_store|store_svc_06.store.plan_store|store_svc_06.store.ranking_store|store_svc_06.store.relationship_store|store_svc_06.store.target_store|store_svc_06.store.threshold_store|store_svc_06.store.variant_store,10,0,applications/backend/services/store/store-06,/api/v1/store/06,domain-store,store-06,DOMAIN_POLICY_PENDING,PLANNED
777,58,store,store-platform,svc-0577,store-07,team-058,10,pg-cluster-161|pg-cluster-162|pg-cluster-163|pg-cluster-164|pg-cluster-165|pg-cluster-166|pg-cluster-167|pg-cluster-168|pg-cluster-169|pg-cluster-170,store_svc_07,store,10,store_svc_07.store.attribution_store|store_svc_07.store.channel_store|store_svc_07.store.click_store|store_svc_07.store.conversion_store|store_svc_07.store.delivery_store|store_svc_07.store.impression_store|store_svc_07.store.message_store|store_svc_07.store.query_store|store_svc_07.store.result_store|store_svc_07.store.template_store,10,0,applications/backend/services/store/store-07,/api/v1/store/07,domain-store,store-07,DOMAIN_POLICY_PENDING,PLANNED
778,58,store,store-platform,svc-0578,store-08,team-058,10,pg-cluster-171|pg-cluster-172|pg-cluster-173|pg-cluster-174|pg-cluster-175|pg-cluster-176|pg-cluster-177|pg-cluster-178|pg-cluster-179|pg-cluster-180,store_svc_08,store,10,store_svc_08.store.contract_store|store_svc_08.store.fee_store|store_svc_08.store.partner_store|store_svc_08.store.payout_store|store_svc_08.store.price_store|store_svc_08.store.provider_store|store_svc_08.store.rate_store|store_svc_08.store.reconciliation_store|store_svc_08.store.settlement_store|store_svc_08.store.tax_store,10,0,applications/backend/services/store/store-08,/api/v1/store/08,domain-store,store-08,DOMAIN_POLICY_PENDING,PLANNED
779,58,store,store-platform,svc-0579,store-09,team-058,10,pg-cluster-181|pg-cluster-182|pg-cluster-183|pg-cluster-184|pg-cluster-185|pg-cluster-186|pg-cluster-187|pg-cluster-188|pg-cluster-189|pg-cluster-190,store_svc_09,store,10,store_svc_09.store.bin_store|store_svc_09.store.package_store|store_svc_09.store.refund_store|store_svc_09.store.return_store|store_svc_09.store.route_store|store_svc_09.store.shipment_store|store_svc_09.store.stock_store|store_svc_09.store.stop_store|store_svc_09.store.tracking_store|store_svc_09.store.warehouse_store,10,0,applications/backend/services/store/store-09,/api/v1/store/09,domain-store,store-09,DOMAIN_POLICY_PENDING,PLANNED
780,58,store,store-platform,svc-0580,store-10,team-058,10,pg-cluster-191|pg-cluster-192|pg-cluster-193|pg-cluster-194|pg-cluster-195|pg-cluster-196|pg-cluster-197|pg-cluster-198|pg-cluster-199|pg-cluster-200,store_svc_10,store,10,store_svc_10.store.consent_store|store_svc_10.store.device_store|store_svc_10.store.feedback_store|store_svc_10.store.location_store|store_svc_10.store.owner_store|store_svc_10.store.permission_store|store_svc_10.store.rating_store|store_svc_10.store.review_store|store_svc_10.store.role_store|store_svc_10.store.token_store,10,0,applications/backend/services/store/store-10,/api/v1/store/10,domain-store,store-10,DOMAIN_POLICY_PENDING,PLANNED
781,59,pos,pos-platform,svc-0581,pos-01,team-059,10,pg-cluster-201|pg-cluster-202|pg-cluster-203|pg-cluster-204|pg-cluster-205|pg-cluster-206|pg-cluster-207|pg-cluster-208|pg-cluster-209|pg-cluster-210,pos_svc_01,pos,10,pos_svc_01.pos.account_pos|pos_svc_01.pos.address_pos|pos_svc_01.pos.event_pos|pos_svc_01.pos.history_pos|pos_svc_01.pos.mapping_pos|pos_svc_01.pos.preference_pos|pos_svc_01.pos.profile_pos|pos_svc_01.pos.rule_pos|pos_svc_01.pos.session_pos|pos_svc_01.pos.status_pos,10,0,applications/backend/services/pos/pos-01,/api/v1/pos/01,domain-pos,pos-01,DOMAIN_POLICY_PENDING,PLANNED
782,59,pos,pos-platform,svc-0582,pos-02,team-059,10,pg-cluster-211|pg-cluster-212|pg-cluster-213|pg-cluster-214|pg-cluster-215|pg-cluster-216|pg-cluster-217|pg-cluster-218|pg-cluster-219|pg-cluster-220,pos_svc_02,pos,10,pos_svc_02.pos.allocation_pos|pos_svc_02.pos.attempt_pos|pos_svc_02.pos.detail_pos|pos_svc_02.pos.item_pos|pos_svc_02.pos.movement_pos|pos_svc_02.pos.request_pos|pos_svc_02.pos.reservation_pos|pos_svc_02.pos.response_pos|pos_svc_02.pos.snapshot_pos|pos_svc_02.pos.transaction_pos,10,0,applications/backend/services/pos/pos-02,/api/v1/pos/02,domain-pos,pos-02,DOMAIN_POLICY_PENDING,PLANNED
783,59,pos,pos-platform,svc-0583,pos-03,team-059,10,pg-cluster-221|pg-cluster-222|pg-cluster-223|pg-cluster-224|pg-cluster-225|pg-cluster-226|pg-cluster-227|pg-cluster-228|pg-cluster-229|pg-cluster-230,pos_svc_03,pos,10,pos_svc_03.pos.adjustment_pos|pos_svc_03.pos.campaign_pos|pos_svc_03.pos.configuration_pos|pos_svc_03.pos.document_pos|pos_svc_03.pos.metric_pos|pos_svc_03.pos.offer_pos|pos_svc_03.pos.policy_pos|pos_svc_03.pos.redemption_pos|pos_svc_03.pos.score_pos|pos_svc_03.pos.segment_pos,10,0,applications/backend/services/pos/pos-03,/api/v1/pos/03,domain-pos,pos-03,DOMAIN_POLICY_PENDING,PLANNED
784,59,pos,pos-platform,svc-0584,pos-04,team-059,10,pg-cluster-231|pg-cluster-232|pg-cluster-233|pg-cluster-234|pg-cluster-235|pg-cluster-236|pg-cluster-237|pg-cluster-238|pg-cluster-239|pg-cluster-240,pos_svc_04,pos,10,pos_svc_04.pos.balance_pos|pos_svc_04.pos.batch_pos|pos_svc_04.pos.checkpoint_pos|pos_svc_04.pos.exception_pos|pos_svc_04.pos.invoice_pos|pos_svc_04.pos.job_pos|pos_svc_04.pos.ledger_pos|pos_svc_04.pos.line_pos|pos_svc_04.pos.run_pos|pos_svc_04.pos.task_pos,10,0,applications/backend/services/pos/pos-04,/api/v1/pos/04,domain-pos,pos-04,DOMAIN_POLICY_PENDING,PLANNED
785,59,pos,pos-platform,svc-0585,pos-05,team-059,10,pg-cluster-241|pg-cluster-242|pg-cluster-243|pg-cluster-244|pg-cluster-245|pg-cluster-246|pg-cluster-247|pg-cluster-248|pg-cluster-249|pg-cluster-250,pos_svc_05,pos,10,pos_svc_05.pos.alert_pos|pos_svc_05.pos.approval_pos|pos_svc_05.pos.assignment_pos|pos_svc_05.pos.availability_pos|pos_svc_05.pos.capacity_pos|pos_svc_05.pos.case_pos|pos_svc_05.pos.decision_pos|pos_svc_05.pos.forecast_pos|pos_svc_05.pos.schedule_pos|pos_svc_05.pos.workflow_pos,10,0,applications/backend/services/pos/pos-05,/api/v1/pos/05,domain-pos,pos-05,DOMAIN_POLICY_PENDING,PLANNED
786,59,pos,pos-platform,svc-0586,pos-06,team-059,10,pg-cluster-251|pg-cluster-252|pg-cluster-253|pg-cluster-254|pg-cluster-255|pg-cluster-256|pg-cluster-257|pg-cluster-258|pg-cluster-259|pg-cluster-260,pos_svc_06,pos,10,pos_svc_06.pos.attribute_pos|pos_svc_06.pos.category_pos|pos_svc_06.pos.collection_pos|pos_svc_06.pos.media_pos|pos_svc_06.pos.plan_pos|pos_svc_06.pos.ranking_pos|pos_svc_06.pos.relationship_pos|pos_svc_06.pos.target_pos|pos_svc_06.pos.threshold_pos|pos_svc_06.pos.variant_pos,10,0,applications/backend/services/pos/pos-06,/api/v1/pos/06,domain-pos,pos-06,DOMAIN_POLICY_PENDING,PLANNED
787,59,pos,pos-platform,svc-0587,pos-07,team-059,10,pg-cluster-261|pg-cluster-262|pg-cluster-263|pg-cluster-264|pg-cluster-265|pg-cluster-266|pg-cluster-267|pg-cluster-268|pg-cluster-269|pg-cluster-270,pos_svc_07,pos,10,pos_svc_07.pos.attribution_pos|pos_svc_07.pos.channel_pos|pos_svc_07.pos.click_pos|pos_svc_07.pos.conversion_pos|pos_svc_07.pos.delivery_pos|pos_svc_07.pos.impression_pos|pos_svc_07.pos.message_pos|pos_svc_07.pos.query_pos|pos_svc_07.pos.result_pos|pos_svc_07.pos.template_pos,10,0,applications/backend/services/pos/pos-07,/api/v1/pos/07,domain-pos,pos-07,DOMAIN_POLICY_PENDING,PLANNED
788,59,pos,pos-platform,svc-0588,pos-08,team-059,10,pg-cluster-271|pg-cluster-272|pg-cluster-273|pg-cluster-274|pg-cluster-275|pg-cluster-276|pg-cluster-277|pg-cluster-278|pg-cluster-279|pg-cluster-280,pos_svc_08,pos,10,pos_svc_08.pos.contract_pos|pos_svc_08.pos.fee_pos|pos_svc_08.pos.partner_pos|pos_svc_08.pos.payout_pos|pos_svc_08.pos.price_pos|pos_svc_08.pos.provider_pos|pos_svc_08.pos.rate_pos|pos_svc_08.pos.reconciliation_pos|pos_svc_08.pos.settlement_pos|pos_svc_08.pos.tax_pos,10,0,applications/backend/services/pos/pos-08,/api/v1/pos/08,domain-pos,pos-08,DOMAIN_POLICY_PENDING,PLANNED
789,59,pos,pos-platform,svc-0589,pos-09,team-059,10,pg-cluster-281|pg-cluster-282|pg-cluster-283|pg-cluster-284|pg-cluster-285|pg-cluster-286|pg-cluster-287|pg-cluster-288|pg-cluster-289|pg-cluster-290,pos_svc_09,pos,10,pos_svc_09.pos.bin_pos|pos_svc_09.pos.package_pos|pos_svc_09.pos.refund_pos|pos_svc_09.pos.return_pos|pos_svc_09.pos.route_pos|pos_svc_09.pos.shipment_pos|pos_svc_09.pos.stock_pos|pos_svc_09.pos.stop_pos|pos_svc_09.pos.tracking_pos|pos_svc_09.pos.warehouse_pos,10,0,applications/backend/services/pos/pos-09,/api/v1/pos/09,domain-pos,pos-09,DOMAIN_POLICY_PENDING,PLANNED
790,59,pos,pos-platform,svc-0590,pos-10,team-059,10,pg-cluster-291|pg-cluster-292|pg-cluster-293|pg-cluster-294|pg-cluster-295|pg-cluster-296|pg-cluster-297|pg-cluster-298|pg-cluster-299|pg-cluster-300,pos_svc_10,pos,10,pos_svc_10.pos.consent_pos|pos_svc_10.pos.device_pos|pos_svc_10.pos.feedback_pos|pos_svc_10.pos.location_pos|pos_svc_10.pos.owner_pos|pos_svc_10.pos.permission_pos|pos_svc_10.pos.rating_pos|pos_svc_10.pos.review_pos|pos_svc_10.pos.role_pos|pos_svc_10.pos.token_pos,10,0,applications/backend/services/pos/pos-10,/api/v1/pos/10,domain-pos,pos-10,DOMAIN_POLICY_PENDING,PLANNED
791,60,logistics,logistics-platform,svc-0591,logistics-01,team-060,10,pg-cluster-301|pg-cluster-302|pg-cluster-303|pg-cluster-304|pg-cluster-305|pg-cluster-306|pg-cluster-307|pg-cluster-308|pg-cluster-309|pg-cluster-310,logistics_svc_01,logistics,10,logistics_svc_01.logistics.account_logistics|logistics_svc_01.logistics.address_logistics|logistics_svc_01.logistics.event_logistics|logistics_svc_01.logistics.history_logistics|logistics_svc_01.logistics.mapping_logistics|logistics_svc_01.logistics.preference_logistics|logistics_svc_01.logistics.profile_logistics|logistics_svc_01.logistics.rule_logistics|logistics_svc_01.logistics.session_logistics|logistics_svc_01.logistics.status_logistics,10,0,applications/backend/services/logistics/logistics-01,/api/v1/logistics/01,domain-logistics,logistics-01,DOMAIN_POLICY_PENDING,PLANNED
792,60,logistics,logistics-platform,svc-0592,logistics-02,team-060,10,pg-cluster-311|pg-cluster-312|pg-cluster-313|pg-cluster-314|pg-cluster-315|pg-cluster-316|pg-cluster-317|pg-cluster-318|pg-cluster-319|pg-cluster-320,logistics_svc_02,logistics,10,logistics_svc_02.logistics.allocation_logistics|logistics_svc_02.logistics.attempt_logistics|logistics_svc_02.logistics.detail_logistics|logistics_svc_02.logistics.item_logistics|logistics_svc_02.logistics.movement_logistics|logistics_svc_02.logistics.request_logistics|logistics_svc_02.logistics.reservation_logistics|logistics_svc_02.logistics.response_logistics|logistics_svc_02.logistics.snapshot_logistics|logistics_svc_02.logistics.transaction_logistics,10,0,applications/backend/services/logistics/logistics-02,/api/v1/logistics/02,domain-logistics,logistics-02,DOMAIN_POLICY_PENDING,PLANNED
793,60,logistics,logistics-platform,svc-0593,logistics-03,team-060,10,pg-cluster-321|pg-cluster-322|pg-cluster-323|pg-cluster-324|pg-cluster-325|pg-cluster-326|pg-cluster-327|pg-cluster-328|pg-cluster-329|pg-cluster-330,logistics_svc_03,logistics,10,logistics_svc_03.logistics.adjustment_logistics|logistics_svc_03.logistics.campaign_logistics|logistics_svc_03.logistics.configuration_logistics|logistics_svc_03.logistics.document_logistics|logistics_svc_03.logistics.metric_logistics|logistics_svc_03.logistics.offer_logistics|logistics_svc_03.logistics.policy_logistics|logistics_svc_03.logistics.redemption_logistics|logistics_svc_03.logistics.score_logistics|logistics_svc_03.logistics.segment_logistics,10,0,applications/backend/services/logistics/logistics-03,/api/v1/logistics/03,domain-logistics,logistics-03,DOMAIN_POLICY_PENDING,PLANNED
794,60,logistics,logistics-platform,svc-0594,logistics-04,team-060,10,pg-cluster-331|pg-cluster-332|pg-cluster-333|pg-cluster-334|pg-cluster-335|pg-cluster-336|pg-cluster-337|pg-cluster-338|pg-cluster-339|pg-cluster-340,logistics_svc_04,logistics,10,logistics_svc_04.logistics.balance_logistics|logistics_svc_04.logistics.batch_logistics|logistics_svc_04.logistics.checkpoint_logistics|logistics_svc_04.logistics.exception_logistics|logistics_svc_04.logistics.invoice_logistics|logistics_svc_04.logistics.job_logistics|logistics_svc_04.logistics.ledger_logistics|logistics_svc_04.logistics.line_logistics|logistics_svc_04.logistics.run_logistics|logistics_svc_04.logistics.task_logistics,10,0,applications/backend/services/logistics/logistics-04,/api/v1/logistics/04,domain-logistics,logistics-04,DOMAIN_POLICY_PENDING,PLANNED
795,60,logistics,logistics-platform,svc-0595,logistics-05,team-060,10,pg-cluster-341|pg-cluster-342|pg-cluster-343|pg-cluster-344|pg-cluster-345|pg-cluster-346|pg-cluster-347|pg-cluster-348|pg-cluster-349|pg-cluster-350,logistics_svc_05,logistics,10,logistics_svc_05.logistics.alert_logistics|logistics_svc_05.logistics.approval_logistics|logistics_svc_05.logistics.assignment_logistics|logistics_svc_05.logistics.availability_logistics|logistics_svc_05.logistics.capacity_logistics|logistics_svc_05.logistics.case_logistics|logistics_svc_05.logistics.decision_logistics|logistics_svc_05.logistics.forecast_logistics|logistics_svc_05.logistics.schedule_logistics|logistics_svc_05.logistics.workflow_logistics,10,0,applications/backend/services/logistics/logistics-05,/api/v1/logistics/05,domain-logistics,logistics-05,DOMAIN_POLICY_PENDING,PLANNED
796,60,logistics,logistics-platform,svc-0596,logistics-06,team-060,10,pg-cluster-351|pg-cluster-352|pg-cluster-353|pg-cluster-354|pg-cluster-355|pg-cluster-356|pg-cluster-357|pg-cluster-358|pg-cluster-359|pg-cluster-360,logistics_svc_06,logistics,10,logistics_svc_06.logistics.attribute_logistics|logistics_svc_06.logistics.category_logistics|logistics_svc_06.logistics.collection_logistics|logistics_svc_06.logistics.media_logistics|logistics_svc_06.logistics.plan_logistics|logistics_svc_06.logistics.ranking_logistics|logistics_svc_06.logistics.relationship_logistics|logistics_svc_06.logistics.target_logistics|logistics_svc_06.logistics.threshold_logistics|logistics_svc_06.logistics.variant_logistics,10,0,applications/backend/services/logistics/logistics-06,/api/v1/logistics/06,domain-logistics,logistics-06,DOMAIN_POLICY_PENDING,PLANNED
797,60,logistics,logistics-platform,svc-0597,logistics-07,team-060,10,pg-cluster-361|pg-cluster-362|pg-cluster-363|pg-cluster-364|pg-cluster-365|pg-cluster-366|pg-cluster-367|pg-cluster-368|pg-cluster-369|pg-cluster-370,logistics_svc_07,logistics,10,logistics_svc_07.logistics.attribution_logistics|logistics_svc_07.logistics.channel_logistics|logistics_svc_07.logistics.click_logistics|logistics_svc_07.logistics.conversion_logistics|logistics_svc_07.logistics.delivery_logistics|logistics_svc_07.logistics.impression_logistics|logistics_svc_07.logistics.message_logistics|logistics_svc_07.logistics.query_logistics|logistics_svc_07.logistics.result_logistics|logistics_svc_07.logistics.template_logistics,10,0,applications/backend/services/logistics/logistics-07,/api/v1/logistics/07,domain-logistics,logistics-07,DOMAIN_POLICY_PENDING,PLANNED
798,60,logistics,logistics-platform,svc-0598,logistics-08,team-060,10,pg-cluster-371|pg-cluster-372|pg-cluster-373|pg-cluster-374|pg-cluster-375|pg-cluster-376|pg-cluster-377|pg-cluster-378|pg-cluster-379|pg-cluster-380,logistics_svc_08,logistics,10,logistics_svc_08.logistics.contract_logistics|logistics_svc_08.logistics.fee_logistics|logistics_svc_08.logistics.partner_logistics|logistics_svc_08.logistics.payout_logistics|logistics_svc_08.logistics.price_logistics|logistics_svc_08.logistics.provider_logistics|logistics_svc_08.logistics.rate_logistics|logistics_svc_08.logistics.reconciliation_logistics|logistics_svc_08.logistics.settlement_logistics|logistics_svc_08.logistics.tax_logistics,10,0,applications/backend/services/logistics/logistics-08,/api/v1/logistics/08,domain-logistics,logistics-08,DOMAIN_POLICY_PENDING,PLANNED
799,60,logistics,logistics-platform,svc-0599,logistics-09,team-060,10,pg-cluster-381|pg-cluster-382|pg-cluster-383|pg-cluster-384|pg-cluster-385|pg-cluster-386|pg-cluster-387|pg-cluster-388|pg-cluster-389|pg-cluster-390,logistics_svc_09,logistics,10,logistics_svc_09.logistics.bin_logistics|logistics_svc_09.logistics.package_logistics|logistics_svc_09.logistics.refund_logistics|logistics_svc_09.logistics.return_logistics|logistics_svc_09.logistics.route_logistics|logistics_svc_09.logistics.shipment_logistics|logistics_svc_09.logistics.stock_logistics|logistics_svc_09.logistics.stop_logistics|logistics_svc_09.logistics.tracking_logistics|logistics_svc_09.logistics.warehouse_logistics,10,0,applications/backend/services/logistics/logistics-09,/api/v1/logistics/09,domain-logistics,logistics-09,DOMAIN_POLICY_PENDING,PLANNED
800,60,logistics,logistics-platform,svc-0600,logistics-10,team-060,10,pg-cluster-391|pg-cluster-392|pg-cluster-393|pg-cluster-394|pg-cluster-395|pg-cluster-396|pg-cluster-397|pg-cluster-398|pg-cluster-399|pg-cluster-400,logistics_svc_10,logistics,10,logistics_svc_10.logistics.consent_logistics|logistics_svc_10.logistics.device_logistics|logistics_svc_10.logistics.feedback_logistics|logistics_svc_10.logistics.location_logistics|logistics_svc_10.logistics.owner_logistics|logistics_svc_10.logistics.permission_logistics|logistics_svc_10.logistics.rating_logistics|logistics_svc_10.logistics.review_logistics|logistics_svc_10.logistics.role_logistics|logistics_svc_10.logistics.token_logistics,10,0,applications/backend/services/logistics/logistics-10,/api/v1/logistics/10,domain-logistics,logistics-10,DOMAIN_POLICY_PENDING,PLANNED
801,61,supplier,supplier-platform,svc-0601,supplier-01,team-061,10,pg-cluster-401|pg-cluster-402|pg-cluster-403|pg-cluster-404|pg-cluster-405|pg-cluster-406|pg-cluster-407|pg-cluster-408|pg-cluster-409|pg-cluster-410,supplier_svc_01,supplier,10,supplier_svc_01.supplier.account_supplier|supplier_svc_01.supplier.address_supplier|supplier_svc_01.supplier.event_supplier|supplier_svc_01.supplier.history_supplier|supplier_svc_01.supplier.mapping_supplier|supplier_svc_01.supplier.preference_supplier|supplier_svc_01.supplier.profile_supplier|supplier_svc_01.supplier.rule_supplier|supplier_svc_01.supplier.session_supplier|supplier_svc_01.supplier.status_supplier,10,0,applications/backend/services/supplier/supplier-01,/api/v1/supplier/01,domain-supplier,supplier-01,DOMAIN_POLICY_PENDING,PLANNED
802,61,supplier,supplier-platform,svc-0602,supplier-02,team-061,10,pg-cluster-411|pg-cluster-412|pg-cluster-413|pg-cluster-414|pg-cluster-415|pg-cluster-416|pg-cluster-417|pg-cluster-418|pg-cluster-419|pg-cluster-420,supplier_svc_02,supplier,10,supplier_svc_02.supplier.allocation_supplier|supplier_svc_02.supplier.attempt_supplier|supplier_svc_02.supplier.detail_supplier|supplier_svc_02.supplier.item_supplier|supplier_svc_02.supplier.movement_supplier|supplier_svc_02.supplier.request_supplier|supplier_svc_02.supplier.reservation_supplier|supplier_svc_02.supplier.response_supplier|supplier_svc_02.supplier.snapshot_supplier|supplier_svc_02.supplier.transaction_supplier,10,0,applications/backend/services/supplier/supplier-02,/api/v1/supplier/02,domain-supplier,supplier-02,DOMAIN_POLICY_PENDING,PLANNED
803,61,supplier,supplier-platform,svc-0603,supplier-03,team-061,10,pg-cluster-421|pg-cluster-422|pg-cluster-423|pg-cluster-424|pg-cluster-425|pg-cluster-426|pg-cluster-427|pg-cluster-428|pg-cluster-429|pg-cluster-430,supplier_svc_03,supplier,10,supplier_svc_03.supplier.adjustment_supplier|supplier_svc_03.supplier.campaign_supplier|supplier_svc_03.supplier.configuration_supplier|supplier_svc_03.supplier.document_supplier|supplier_svc_03.supplier.metric_supplier|supplier_svc_03.supplier.offer_supplier|supplier_svc_03.supplier.policy_supplier|supplier_svc_03.supplier.redemption_supplier|supplier_svc_03.supplier.score_supplier|supplier_svc_03.supplier.segment_supplier,10,0,applications/backend/services/supplier/supplier-03,/api/v1/supplier/03,domain-supplier,supplier-03,DOMAIN_POLICY_PENDING,PLANNED
804,61,supplier,supplier-platform,svc-0604,supplier-04,team-061,10,pg-cluster-431|pg-cluster-432|pg-cluster-433|pg-cluster-434|pg-cluster-435|pg-cluster-436|pg-cluster-437|pg-cluster-438|pg-cluster-439|pg-cluster-440,supplier_svc_04,supplier,10,supplier_svc_04.supplier.balance_supplier|supplier_svc_04.supplier.batch_supplier|supplier_svc_04.supplier.checkpoint_supplier|supplier_svc_04.supplier.exception_supplier|supplier_svc_04.supplier.invoice_supplier|supplier_svc_04.supplier.job_supplier|supplier_svc_04.supplier.ledger_supplier|supplier_svc_04.supplier.line_supplier|supplier_svc_04.supplier.run_supplier|supplier_svc_04.supplier.task_supplier,10,0,applications/backend/services/supplier/supplier-04,/api/v1/supplier/04,domain-supplier,supplier-04,DOMAIN_POLICY_PENDING,PLANNED
805,61,supplier,supplier-platform,svc-0605,supplier-05,team-061,10,pg-cluster-441|pg-cluster-442|pg-cluster-443|pg-cluster-444|pg-cluster-445|pg-cluster-446|pg-cluster-447|pg-cluster-448|pg-cluster-449|pg-cluster-450,supplier_svc_05,supplier,10,supplier_svc_05.supplier.alert_supplier|supplier_svc_05.supplier.approval_supplier|supplier_svc_05.supplier.assignment_supplier|supplier_svc_05.supplier.availability_supplier|supplier_svc_05.supplier.capacity_supplier|supplier_svc_05.supplier.case_supplier|supplier_svc_05.supplier.decision_supplier|supplier_svc_05.supplier.forecast_supplier|supplier_svc_05.supplier.schedule_supplier|supplier_svc_05.supplier.workflow_supplier,10,0,applications/backend/services/supplier/supplier-05,/api/v1/supplier/05,domain-supplier,supplier-05,DOMAIN_POLICY_PENDING,PLANNED
806,61,supplier,supplier-platform,svc-0606,supplier-06,team-061,10,pg-cluster-451|pg-cluster-452|pg-cluster-453|pg-cluster-454|pg-cluster-455|pg-cluster-456|pg-cluster-457|pg-cluster-458|pg-cluster-459|pg-cluster-460,supplier_svc_06,supplier,10,supplier_svc_06.supplier.attribute_supplier|supplier_svc_06.supplier.category_supplier|supplier_svc_06.supplier.collection_supplier|supplier_svc_06.supplier.media_supplier|supplier_svc_06.supplier.plan_supplier|supplier_svc_06.supplier.ranking_supplier|supplier_svc_06.supplier.relationship_supplier|supplier_svc_06.supplier.target_supplier|supplier_svc_06.supplier.threshold_supplier|supplier_svc_06.supplier.variant_supplier,10,0,applications/backend/services/supplier/supplier-06,/api/v1/supplier/06,domain-supplier,supplier-06,DOMAIN_POLICY_PENDING,PLANNED
807,61,supplier,supplier-platform,svc-0607,supplier-07,team-061,10,pg-cluster-461|pg-cluster-462|pg-cluster-463|pg-cluster-464|pg-cluster-465|pg-cluster-466|pg-cluster-467|pg-cluster-468|pg-cluster-469|pg-cluster-470,supplier_svc_07,supplier,10,supplier_svc_07.supplier.attribution_supplier|supplier_svc_07.supplier.channel_supplier|supplier_svc_07.supplier.click_supplier|supplier_svc_07.supplier.conversion_supplier|supplier_svc_07.supplier.delivery_supplier|supplier_svc_07.supplier.impression_supplier|supplier_svc_07.supplier.message_supplier|supplier_svc_07.supplier.query_supplier|supplier_svc_07.supplier.result_supplier|supplier_svc_07.supplier.template_supplier,10,0,applications/backend/services/supplier/supplier-07,/api/v1/supplier/07,domain-supplier,supplier-07,DOMAIN_POLICY_PENDING,PLANNED
808,61,supplier,supplier-platform,svc-0608,supplier-08,team-061,10,pg-cluster-471|pg-cluster-472|pg-cluster-473|pg-cluster-474|pg-cluster-475|pg-cluster-476|pg-cluster-477|pg-cluster-478|pg-cluster-479|pg-cluster-480,supplier_svc_08,supplier,10,supplier_svc_08.supplier.contract_supplier|supplier_svc_08.supplier.fee_supplier|supplier_svc_08.supplier.partner_supplier|supplier_svc_08.supplier.payout_supplier|supplier_svc_08.supplier.price_supplier|supplier_svc_08.supplier.provider_supplier|supplier_svc_08.supplier.rate_supplier|supplier_svc_08.supplier.reconciliation_supplier|supplier_svc_08.supplier.settlement_supplier|supplier_svc_08.supplier.tax_supplier,10,0,applications/backend/services/supplier/supplier-08,/api/v1/supplier/08,domain-supplier,supplier-08,DOMAIN_POLICY_PENDING,PLANNED
809,61,supplier,supplier-platform,svc-0609,supplier-09,team-061,10,pg-cluster-481|pg-cluster-482|pg-cluster-483|pg-cluster-484|pg-cluster-485|pg-cluster-486|pg-cluster-487|pg-cluster-488|pg-cluster-489|pg-cluster-490,supplier_svc_09,supplier,10,supplier_svc_09.supplier.bin_supplier|supplier_svc_09.supplier.package_supplier|supplier_svc_09.supplier.refund_supplier|supplier_svc_09.supplier.return_supplier|supplier_svc_09.supplier.route_supplier|supplier_svc_09.supplier.shipment_supplier|supplier_svc_09.supplier.stock_supplier|supplier_svc_09.supplier.stop_supplier|supplier_svc_09.supplier.tracking_supplier|supplier_svc_09.supplier.warehouse_supplier,10,0,applications/backend/services/supplier/supplier-09,/api/v1/supplier/09,domain-supplier,supplier-09,DOMAIN_POLICY_PENDING,PLANNED
810,61,supplier,supplier-platform,svc-0610,supplier-10,team-061,10,pg-cluster-491|pg-cluster-492|pg-cluster-493|pg-cluster-494|pg-cluster-495|pg-cluster-496|pg-cluster-497|pg-cluster-498|pg-cluster-499|pg-cluster-500,supplier_svc_10,supplier,10,supplier_svc_10.supplier.consent_supplier|supplier_svc_10.supplier.device_supplier|supplier_svc_10.supplier.feedback_supplier|supplier_svc_10.supplier.location_supplier|supplier_svc_10.supplier.owner_supplier|supplier_svc_10.supplier.permission_supplier|supplier_svc_10.supplier.rating_supplier|supplier_svc_10.supplier.review_supplier|supplier_svc_10.supplier.role_supplier|supplier_svc_10.supplier.token_supplier,10,0,applications/backend/services/supplier/supplier-10,/api/v1/supplier/10,domain-supplier,supplier-10,DOMAIN_POLICY_PENDING,PLANNED
811,62,quality,quality-platform,svc-0611,quality-01,team-062,10,pg-cluster-501|pg-cluster-502|pg-cluster-503|pg-cluster-504|pg-cluster-505|pg-cluster-506|pg-cluster-507|pg-cluster-508|pg-cluster-509|pg-cluster-510,quality_svc_01,quality,10,quality_svc_01.quality.account_quality|quality_svc_01.quality.address_quality|quality_svc_01.quality.event_quality|quality_svc_01.quality.history_quality|quality_svc_01.quality.mapping_quality|quality_svc_01.quality.preference_quality|quality_svc_01.quality.profile_quality|quality_svc_01.quality.rule_quality|quality_svc_01.quality.session_quality|quality_svc_01.quality.status_quality,10,0,applications/backend/services/quality/quality-01,/api/v1/quality/01,domain-quality,quality-01,DOMAIN_POLICY_PENDING,PLANNED
812,62,quality,quality-platform,svc-0612,quality-02,team-062,10,pg-cluster-511|pg-cluster-512|pg-cluster-513|pg-cluster-514|pg-cluster-515|pg-cluster-516|pg-cluster-517|pg-cluster-518|pg-cluster-519|pg-cluster-520,quality_svc_02,quality,10,quality_svc_02.quality.allocation_quality|quality_svc_02.quality.attempt_quality|quality_svc_02.quality.detail_quality|quality_svc_02.quality.item_quality|quality_svc_02.quality.movement_quality|quality_svc_02.quality.request_quality|quality_svc_02.quality.reservation_quality|quality_svc_02.quality.response_quality|quality_svc_02.quality.snapshot_quality|quality_svc_02.quality.transaction_quality,10,0,applications/backend/services/quality/quality-02,/api/v1/quality/02,domain-quality,quality-02,DOMAIN_POLICY_PENDING,PLANNED
813,62,quality,quality-platform,svc-0613,quality-03,team-062,10,pg-cluster-521|pg-cluster-522|pg-cluster-523|pg-cluster-524|pg-cluster-525|pg-cluster-526|pg-cluster-527|pg-cluster-528|pg-cluster-529|pg-cluster-530,quality_svc_03,quality,10,quality_svc_03.quality.adjustment_quality|quality_svc_03.quality.campaign_quality|quality_svc_03.quality.configuration_quality|quality_svc_03.quality.document_quality|quality_svc_03.quality.metric_quality|quality_svc_03.quality.offer_quality|quality_svc_03.quality.policy_quality|quality_svc_03.quality.redemption_quality|quality_svc_03.quality.score_quality|quality_svc_03.quality.segment_quality,10,0,applications/backend/services/quality/quality-03,/api/v1/quality/03,domain-quality,quality-03,DOMAIN_POLICY_PENDING,PLANNED
814,62,quality,quality-platform,svc-0614,quality-04,team-062,10,pg-cluster-531|pg-cluster-532|pg-cluster-533|pg-cluster-534|pg-cluster-535|pg-cluster-536|pg-cluster-537|pg-cluster-538|pg-cluster-539|pg-cluster-540,quality_svc_04,quality,10,quality_svc_04.quality.balance_quality|quality_svc_04.quality.batch_quality|quality_svc_04.quality.checkpoint_quality|quality_svc_04.quality.exception_quality|quality_svc_04.quality.invoice_quality|quality_svc_04.quality.job_quality|quality_svc_04.quality.ledger_quality|quality_svc_04.quality.line_quality|quality_svc_04.quality.run_quality|quality_svc_04.quality.task_quality,10,0,applications/backend/services/quality/quality-04,/api/v1/quality/04,domain-quality,quality-04,DOMAIN_POLICY_PENDING,PLANNED
815,62,quality,quality-platform,svc-0615,quality-05,team-062,10,pg-cluster-541|pg-cluster-542|pg-cluster-543|pg-cluster-544|pg-cluster-545|pg-cluster-546|pg-cluster-547|pg-cluster-548|pg-cluster-549|pg-cluster-550,quality_svc_05,quality,10,quality_svc_05.quality.alert_quality|quality_svc_05.quality.approval_quality|quality_svc_05.quality.assignment_quality|quality_svc_05.quality.availability_quality|quality_svc_05.quality.capacity_quality|quality_svc_05.quality.case_quality|quality_svc_05.quality.decision_quality|quality_svc_05.quality.forecast_quality|quality_svc_05.quality.schedule_quality|quality_svc_05.quality.workflow_quality,10,0,applications/backend/services/quality/quality-05,/api/v1/quality/05,domain-quality,quality-05,DOMAIN_POLICY_PENDING,PLANNED
816,62,quality,quality-platform,svc-0616,quality-06,team-062,10,pg-cluster-551|pg-cluster-552|pg-cluster-553|pg-cluster-554|pg-cluster-555|pg-cluster-556|pg-cluster-557|pg-cluster-558|pg-cluster-559|pg-cluster-560,quality_svc_06,quality,10,quality_svc_06.quality.attribute_quality|quality_svc_06.quality.category_quality|quality_svc_06.quality.collection_quality|quality_svc_06.quality.media_quality|quality_svc_06.quality.plan_quality|quality_svc_06.quality.ranking_quality|quality_svc_06.quality.relationship_quality|quality_svc_06.quality.target_quality|quality_svc_06.quality.threshold_quality|quality_svc_06.quality.variant_quality,10,0,applications/backend/services/quality/quality-06,/api/v1/quality/06,domain-quality,quality-06,DOMAIN_POLICY_PENDING,PLANNED
817,62,quality,quality-platform,svc-0617,quality-07,team-062,10,pg-cluster-561|pg-cluster-562|pg-cluster-563|pg-cluster-564|pg-cluster-565|pg-cluster-566|pg-cluster-567|pg-cluster-568|pg-cluster-569|pg-cluster-570,quality_svc_07,quality,10,quality_svc_07.quality.attribution_quality|quality_svc_07.quality.channel_quality|quality_svc_07.quality.click_quality|quality_svc_07.quality.conversion_quality|quality_svc_07.quality.delivery_quality|quality_svc_07.quality.impression_quality|quality_svc_07.quality.message_quality|quality_svc_07.quality.query_quality|quality_svc_07.quality.result_quality|quality_svc_07.quality.template_quality,10,0,applications/backend/services/quality/quality-07,/api/v1/quality/07,domain-quality,quality-07,DOMAIN_POLICY_PENDING,PLANNED
818,62,quality,quality-platform,svc-0618,quality-08,team-062,10,pg-cluster-571|pg-cluster-572|pg-cluster-573|pg-cluster-574|pg-cluster-575|pg-cluster-576|pg-cluster-577|pg-cluster-578|pg-cluster-579|pg-cluster-580,quality_svc_08,quality,10,quality_svc_08.quality.contract_quality|quality_svc_08.quality.fee_quality|quality_svc_08.quality.partner_quality|quality_svc_08.quality.payout_quality|quality_svc_08.quality.price_quality|quality_svc_08.quality.provider_quality|quality_svc_08.quality.rate_quality|quality_svc_08.quality.reconciliation_quality|quality_svc_08.quality.settlement_quality|quality_svc_08.quality.tax_quality,10,0,applications/backend/services/quality/quality-08,/api/v1/quality/08,domain-quality,quality-08,DOMAIN_POLICY_PENDING,PLANNED
819,62,quality,quality-platform,svc-0619,quality-09,team-062,10,pg-cluster-581|pg-cluster-582|pg-cluster-583|pg-cluster-584|pg-cluster-585|pg-cluster-586|pg-cluster-587|pg-cluster-588|pg-cluster-589|pg-cluster-590,quality_svc_09,quality,10,quality_svc_09.quality.bin_quality|quality_svc_09.quality.package_quality|quality_svc_09.quality.refund_quality|quality_svc_09.quality.return_quality|quality_svc_09.quality.route_quality|quality_svc_09.quality.shipment_quality|quality_svc_09.quality.stock_quality|quality_svc_09.quality.stop_quality|quality_svc_09.quality.tracking_quality|quality_svc_09.quality.warehouse_quality,10,0,applications/backend/services/quality/quality-09,/api/v1/quality/09,domain-quality,quality-09,DOMAIN_POLICY_PENDING,PLANNED
820,62,quality,quality-platform,svc-0620,quality-10,team-062,10,pg-cluster-591|pg-cluster-592|pg-cluster-593|pg-cluster-594|pg-cluster-595|pg-cluster-596|pg-cluster-597|pg-cluster-598|pg-cluster-599|pg-cluster-600,quality_svc_10,quality,10,quality_svc_10.quality.consent_quality|quality_svc_10.quality.device_quality|quality_svc_10.quality.feedback_quality|quality_svc_10.quality.location_quality|quality_svc_10.quality.owner_quality|quality_svc_10.quality.permission_quality|quality_svc_10.quality.rating_quality|quality_svc_10.quality.review_quality|quality_svc_10.quality.role_quality|quality_svc_10.quality.token_quality,10,0,applications/backend/services/quality/quality-10,/api/v1/quality/10,domain-quality,quality-10,DOMAIN_POLICY_PENDING,PLANNED
821,63,operations,operations-platform,svc-0621,operations-01,team-063,10,pg-cluster-601|pg-cluster-602|pg-cluster-603|pg-cluster-604|pg-cluster-605|pg-cluster-606|pg-cluster-607|pg-cluster-608|pg-cluster-609|pg-cluster-610,operations_svc_01,operations,10,operations_svc_01.operations.account_operations|operations_svc_01.operations.address_operations|operations_svc_01.operations.event_operations|operations_svc_01.operations.history_operations|operations_svc_01.operations.mapping_operations|operations_svc_01.operations.preference_operations|operations_svc_01.operations.profile_operations|operations_svc_01.operations.rule_operations|operations_svc_01.operations.session_operations|operations_svc_01.operations.status_operations,10,0,applications/backend/services/operations/operations-01,/api/v1/operations/01,domain-operations,operations-01,DOMAIN_POLICY_PENDING,PLANNED
822,63,operations,operations-platform,svc-0622,operations-02,team-063,10,pg-cluster-611|pg-cluster-612|pg-cluster-613|pg-cluster-614|pg-cluster-615|pg-cluster-616|pg-cluster-617|pg-cluster-618|pg-cluster-619|pg-cluster-620,operations_svc_02,operations,10,operations_svc_02.operations.allocation_operations|operations_svc_02.operations.attempt_operations|operations_svc_02.operations.detail_operations|operations_svc_02.operations.item_operations|operations_svc_02.operations.movement_operations|operations_svc_02.operations.request_operations|operations_svc_02.operations.reservation_operations|operations_svc_02.operations.response_operations|operations_svc_02.operations.snapshot_operations|operations_svc_02.operations.transaction_operations,10,0,applications/backend/services/operations/operations-02,/api/v1/operations/02,domain-operations,operations-02,DOMAIN_POLICY_PENDING,PLANNED
823,63,operations,operations-platform,svc-0623,operations-03,team-063,10,pg-cluster-621|pg-cluster-622|pg-cluster-623|pg-cluster-624|pg-cluster-625|pg-cluster-626|pg-cluster-627|pg-cluster-628|pg-cluster-629|pg-cluster-630,operations_svc_03,operations,10,operations_svc_03.operations.adjustment_operations|operations_svc_03.operations.campaign_operations|operations_svc_03.operations.configuration_operations|operations_svc_03.operations.document_operations|operations_svc_03.operations.metric_operations|operations_svc_03.operations.offer_operations|operations_svc_03.operations.policy_operations|operations_svc_03.operations.redemption_operations|operations_svc_03.operations.score_operations|operations_svc_03.operations.segment_operations,10,0,applications/backend/services/operations/operations-03,/api/v1/operations/03,domain-operations,operations-03,DOMAIN_POLICY_PENDING,PLANNED
824,63,operations,operations-platform,svc-0624,operations-04,team-063,10,pg-cluster-631|pg-cluster-632|pg-cluster-633|pg-cluster-634|pg-cluster-635|pg-cluster-636|pg-cluster-637|pg-cluster-638|pg-cluster-639|pg-cluster-640,operations_svc_04,operations,10,operations_svc_04.operations.balance_operations|operations_svc_04.operations.batch_operations|operations_svc_04.operations.checkpoint_operations|operations_svc_04.operations.exception_operations|operations_svc_04.operations.invoice_operations|operations_svc_04.operations.job_operations|operations_svc_04.operations.ledger_operations|operations_svc_04.operations.line_operations|operations_svc_04.operations.run_operations|operations_svc_04.operations.task_operations,10,0,applications/backend/services/operations/operations-04,/api/v1/operations/04,domain-operations,operations-04,DOMAIN_POLICY_PENDING,PLANNED
825,63,operations,operations-platform,svc-0625,operations-05,team-063,10,pg-cluster-641|pg-cluster-642|pg-cluster-643|pg-cluster-644|pg-cluster-645|pg-cluster-646|pg-cluster-647|pg-cluster-648|pg-cluster-649|pg-cluster-650,operations_svc_05,operations,10,operations_svc_05.operations.alert_operations|operations_svc_05.operations.approval_operations|operations_svc_05.operations.assignment_operations|operations_svc_05.operations.availability_operations|operations_svc_05.operations.capacity_operations|operations_svc_05.operations.case_operations|operations_svc_05.operations.decision_operations|operations_svc_05.operations.forecast_operations|operations_svc_05.operations.schedule_operations|operations_svc_05.operations.workflow_operations,10,0,applications/backend/services/operations/operations-05,/api/v1/operations/05,domain-operations,operations-05,DOMAIN_POLICY_PENDING,PLANNED
826,63,operations,operations-platform,svc-0626,operations-06,team-063,10,pg-cluster-651|pg-cluster-652|pg-cluster-653|pg-cluster-654|pg-cluster-655|pg-cluster-656|pg-cluster-657|pg-cluster-658|pg-cluster-659|pg-cluster-660,operations_svc_06,operations,10,operations_svc_06.operations.attribute_operations|operations_svc_06.operations.category_operations|operations_svc_06.operations.collection_operations|operations_svc_06.operations.media_operations|operations_svc_06.operations.plan_operations|operations_svc_06.operations.ranking_operations|operations_svc_06.operations.relationship_operations|operations_svc_06.operations.target_operations|operations_svc_06.operations.threshold_operations|operations_svc_06.operations.variant_operations,10,0,applications/backend/services/operations/operations-06,/api/v1/operations/06,domain-operations,operations-06,DOMAIN_POLICY_PENDING,PLANNED
827,63,operations,operations-platform,svc-0627,operations-07,team-063,10,pg-cluster-661|pg-cluster-662|pg-cluster-663|pg-cluster-664|pg-cluster-665|pg-cluster-666|pg-cluster-667|pg-cluster-668|pg-cluster-669|pg-cluster-670,operations_svc_07,operations,10,operations_svc_07.operations.attribution_operations|operations_svc_07.operations.channel_operations|operations_svc_07.operations.click_operations|operations_svc_07.operations.conversion_operations|operations_svc_07.operations.delivery_operations|operations_svc_07.operations.impression_operations|operations_svc_07.operations.message_operations|operations_svc_07.operations.query_operations|operations_svc_07.operations.result_operations|operations_svc_07.operations.template_operations,10,0,applications/backend/services/operations/operations-07,/api/v1/operations/07,domain-operations,operations-07,DOMAIN_POLICY_PENDING,PLANNED
828,63,operations,operations-platform,svc-0628,operations-08,team-063,10,pg-cluster-671|pg-cluster-672|pg-cluster-673|pg-cluster-674|pg-cluster-675|pg-cluster-676|pg-cluster-677|pg-cluster-678|pg-cluster-679|pg-cluster-680,operations_svc_08,operations,10,operations_svc_08.operations.contract_operations|operations_svc_08.operations.fee_operations|operations_svc_08.operations.partner_operations|operations_svc_08.operations.payout_operations|operations_svc_08.operations.price_operations|operations_svc_08.operations.provider_operations|operations_svc_08.operations.rate_operations|operations_svc_08.operations.reconciliation_operations|operations_svc_08.operations.settlement_operations|operations_svc_08.operations.tax_operations,10,0,applications/backend/services/operations/operations-08,/api/v1/operations/08,domain-operations,operations-08,DOMAIN_POLICY_PENDING,PLANNED
829,63,operations,operations-platform,svc-0629,operations-09,team-063,10,pg-cluster-681|pg-cluster-682|pg-cluster-683|pg-cluster-684|pg-cluster-685|pg-cluster-686|pg-cluster-687|pg-cluster-688|pg-cluster-689|pg-cluster-690,operations_svc_09,operations,10,operations_svc_09.operations.bin_operations|operations_svc_09.operations.package_operations|operations_svc_09.operations.refund_operations|operations_svc_09.operations.return_operations|operations_svc_09.operations.route_operations|operations_svc_09.operations.shipment_operations|operations_svc_09.operations.stock_operations|operations_svc_09.operations.stop_operations|operations_svc_09.operations.tracking_operations|operations_svc_09.operations.warehouse_operations,10,0,applications/backend/services/operations/operations-09,/api/v1/operations/09,domain-operations,operations-09,DOMAIN_POLICY_PENDING,PLANNED
830,63,operations,operations-platform,svc-0630,operations-10,team-063,10,pg-cluster-691|pg-cluster-692|pg-cluster-693|pg-cluster-694|pg-cluster-695|pg-cluster-696|pg-cluster-697|pg-cluster-698|pg-cluster-699|pg-cluster-700,operations_svc_10,operations,10,operations_svc_10.operations.consent_operations|operations_svc_10.operations.device_operations|operations_svc_10.operations.feedback_operations|operations_svc_10.operations.location_operations|operations_svc_10.operations.owner_operations|operations_svc_10.operations.permission_operations|operations_svc_10.operations.rating_operations|operations_svc_10.operations.review_operations|operations_svc_10.operations.role_operations|operations_svc_10.operations.token_operations,10,0,applications/backend/services/operations/operations-10,/api/v1/operations/10,domain-operations,operations-10,DOMAIN_POLICY_PENDING,PLANNED
831,64,platform,platform-platform,svc-0631,platform-01,team-064,10,pg-cluster-701|pg-cluster-702|pg-cluster-703|pg-cluster-704|pg-cluster-705|pg-cluster-706|pg-cluster-707|pg-cluster-708|pg-cluster-709|pg-cluster-710,platform_svc_01,platform,10,platform_svc_01.platform.account_platform|platform_svc_01.platform.address_platform|platform_svc_01.platform.event_platform|platform_svc_01.platform.history_platform|platform_svc_01.platform.mapping_platform|platform_svc_01.platform.preference_platform|platform_svc_01.platform.profile_platform|platform_svc_01.platform.rule_platform|platform_svc_01.platform.session_platform|platform_svc_01.platform.status_platform,10,0,applications/backend/services/platform/platform-01,/api/v1/platform/01,domain-platform,platform-01,DOMAIN_POLICY_PENDING,PLANNED
832,64,platform,platform-platform,svc-0632,platform-02,team-064,10,pg-cluster-711|pg-cluster-712|pg-cluster-713|pg-cluster-714|pg-cluster-715|pg-cluster-716|pg-cluster-717|pg-cluster-718|pg-cluster-719|pg-cluster-720,platform_svc_02,platform,10,platform_svc_02.platform.allocation_platform|platform_svc_02.platform.attempt_platform|platform_svc_02.platform.detail_platform|platform_svc_02.platform.item_platform|platform_svc_02.platform.movement_platform|platform_svc_02.platform.request_platform|platform_svc_02.platform.reservation_platform|platform_svc_02.platform.response_platform|platform_svc_02.platform.snapshot_platform|platform_svc_02.platform.transaction_platform,10,0,applications/backend/services/platform/platform-02,/api/v1/platform/02,domain-platform,platform-02,DOMAIN_POLICY_PENDING,PLANNED
833,64,platform,platform-platform,svc-0633,platform-03,team-064,10,pg-cluster-721|pg-cluster-722|pg-cluster-723|pg-cluster-724|pg-cluster-725|pg-cluster-726|pg-cluster-727|pg-cluster-728|pg-cluster-729|pg-cluster-730,platform_svc_03,platform,10,platform_svc_03.platform.adjustment_platform|platform_svc_03.platform.campaign_platform|platform_svc_03.platform.configuration_platform|platform_svc_03.platform.document_platform|platform_svc_03.platform.metric_platform|platform_svc_03.platform.offer_platform|platform_svc_03.platform.policy_platform|platform_svc_03.platform.redemption_platform|platform_svc_03.platform.score_platform|platform_svc_03.platform.segment_platform,10,0,applications/backend/services/platform/platform-03,/api/v1/platform/03,domain-platform,platform-03,DOMAIN_POLICY_PENDING,PLANNED
834,64,platform,platform-platform,svc-0634,platform-04,team-064,10,pg-cluster-731|pg-cluster-732|pg-cluster-733|pg-cluster-734|pg-cluster-735|pg-cluster-736|pg-cluster-737|pg-cluster-738|pg-cluster-739|pg-cluster-740,platform_svc_04,platform,10,platform_svc_04.platform.balance_platform|platform_svc_04.platform.batch_platform|platform_svc_04.platform.checkpoint_platform|platform_svc_04.platform.exception_platform|platform_svc_04.platform.invoice_platform|platform_svc_04.platform.job_platform|platform_svc_04.platform.ledger_platform|platform_svc_04.platform.line_platform|platform_svc_04.platform.run_platform|platform_svc_04.platform.task_platform,10,0,applications/backend/services/platform/platform-04,/api/v1/platform/04,domain-platform,platform-04,DOMAIN_POLICY_PENDING,PLANNED
835,64,platform,platform-platform,svc-0635,platform-05,team-064,10,pg-cluster-741|pg-cluster-742|pg-cluster-743|pg-cluster-744|pg-cluster-745|pg-cluster-746|pg-cluster-747|pg-cluster-748|pg-cluster-749|pg-cluster-750,platform_svc_05,platform,10,platform_svc_05.platform.alert_platform|platform_svc_05.platform.approval_platform|platform_svc_05.platform.assignment_platform|platform_svc_05.platform.availability_platform|platform_svc_05.platform.capacity_platform|platform_svc_05.platform.case_platform|platform_svc_05.platform.decision_platform|platform_svc_05.platform.forecast_platform|platform_svc_05.platform.schedule_platform|platform_svc_05.platform.workflow_platform,10,0,applications/backend/services/platform/platform-05,/api/v1/platform/05,domain-platform,platform-05,DOMAIN_POLICY_PENDING,PLANNED
836,64,platform,platform-platform,svc-0636,platform-06,team-064,10,pg-cluster-751|pg-cluster-752|pg-cluster-753|pg-cluster-754|pg-cluster-755|pg-cluster-756|pg-cluster-757|pg-cluster-758|pg-cluster-759|pg-cluster-760,platform_svc_06,platform,10,platform_svc_06.platform.attribute_platform|platform_svc_06.platform.category_platform|platform_svc_06.platform.collection_platform|platform_svc_06.platform.media_platform|platform_svc_06.platform.plan_platform|platform_svc_06.platform.ranking_platform|platform_svc_06.platform.relationship_platform|platform_svc_06.platform.target_platform|platform_svc_06.platform.threshold_platform|platform_svc_06.platform.variant_platform,10,0,applications/backend/services/platform/platform-06,/api/v1/platform/06,domain-platform,platform-06,DOMAIN_POLICY_PENDING,PLANNED
837,64,platform,platform-platform,svc-0637,platform-07,team-064,10,pg-cluster-761|pg-cluster-762|pg-cluster-763|pg-cluster-764|pg-cluster-765|pg-cluster-766|pg-cluster-767|pg-cluster-768|pg-cluster-769|pg-cluster-770,platform_svc_07,platform,10,platform_svc_07.platform.attribution_platform|platform_svc_07.platform.channel_platform|platform_svc_07.platform.click_platform|platform_svc_07.platform.conversion_platform|platform_svc_07.platform.delivery_platform|platform_svc_07.platform.impression_platform|platform_svc_07.platform.message_platform|platform_svc_07.platform.query_platform|platform_svc_07.platform.result_platform|platform_svc_07.platform.template_platform,10,0,applications/backend/services/platform/platform-07,/api/v1/platform/07,domain-platform,platform-07,DOMAIN_POLICY_PENDING,PLANNED
838,64,platform,platform-platform,svc-0638,platform-08,team-064,10,pg-cluster-771|pg-cluster-772|pg-cluster-773|pg-cluster-774|pg-cluster-775|pg-cluster-776|pg-cluster-777|pg-cluster-778|pg-cluster-779|pg-cluster-780,platform_svc_08,platform,10,platform_svc_08.platform.contract_platform|platform_svc_08.platform.fee_platform|platform_svc_08.platform.partner_platform|platform_svc_08.platform.payout_platform|platform_svc_08.platform.price_platform|platform_svc_08.platform.provider_platform|platform_svc_08.platform.rate_platform|platform_svc_08.platform.reconciliation_platform|platform_svc_08.platform.settlement_platform|platform_svc_08.platform.tax_platform,10,0,applications/backend/services/platform/platform-08,/api/v1/platform/08,domain-platform,platform-08,DOMAIN_POLICY_PENDING,PLANNED
839,64,platform,platform-platform,svc-0639,platform-09,team-064,10,pg-cluster-781|pg-cluster-782|pg-cluster-783|pg-cluster-784|pg-cluster-785|pg-cluster-786|pg-cluster-787|pg-cluster-788|pg-cluster-789|pg-cluster-790,platform_svc_09,platform,10,platform_svc_09.platform.bin_platform|platform_svc_09.platform.package_platform|platform_svc_09.platform.refund_platform|platform_svc_09.platform.return_platform|platform_svc_09.platform.route_platform|platform_svc_09.platform.shipment_platform|platform_svc_09.platform.stock_platform|platform_svc_09.platform.stop_platform|platform_svc_09.platform.tracking_platform|platform_svc_09.platform.warehouse_platform,10,0,applications/backend/services/platform/platform-09,/api/v1/platform/09,domain-platform,platform-09,DOMAIN_POLICY_PENDING,PLANNED
840,64,platform,platform-platform,svc-0640,platform-10,team-064,10,pg-cluster-791|pg-cluster-792|pg-cluster-793|pg-cluster-794|pg-cluster-795|pg-cluster-796|pg-cluster-797|pg-cluster-798|pg-cluster-799|pg-cluster-800,platform_svc_10,platform,10,platform_svc_10.platform.consent_platform|platform_svc_10.platform.device_platform|platform_svc_10.platform.feedback_platform|platform_svc_10.platform.location_platform|platform_svc_10.platform.owner_platform|platform_svc_10.platform.permission_platform|platform_svc_10.platform.rating_platform|platform_svc_10.platform.review_platform|platform_svc_10.platform.role_platform|platform_svc_10.platform.token_platform,10,0,applications/backend/services/platform/platform-10,/api/v1/platform/10,domain-platform,platform-10,DOMAIN_POLICY_PENDING,PLANNED
841,65,observability,observability-platform,svc-0641,observability-01,team-065,10,pg-cluster-001|pg-cluster-002|pg-cluster-003|pg-cluster-004|pg-cluster-005|pg-cluster-006|pg-cluster-007|pg-cluster-008|pg-cluster-009|pg-cluster-010,observability_svc_01,observability,10,observability_svc_01.observability.account_observability|observability_svc_01.observability.address_observability|observability_svc_01.observability.event_observability|observability_svc_01.observability.history_observability|observability_svc_01.observability.mapping_observability|observability_svc_01.observability.preference_observability|observability_svc_01.observability.profile_observability|observability_svc_01.observability.rule_observability|observability_svc_01.observability.session_observability|observability_svc_01.observability.status_observability,10,0,applications/backend/services/observability/observability-01,/api/v1/observability/01,domain-observability,observability-01,DOMAIN_POLICY_PENDING,PLANNED
842,65,observability,observability-platform,svc-0642,observability-02,team-065,10,pg-cluster-011|pg-cluster-012|pg-cluster-013|pg-cluster-014|pg-cluster-015|pg-cluster-016|pg-cluster-017|pg-cluster-018|pg-cluster-019|pg-cluster-020,observability_svc_02,observability,10,observability_svc_02.observability.allocation_observability|observability_svc_02.observability.attempt_observability|observability_svc_02.observability.detail_observability|observability_svc_02.observability.item_observability|observability_svc_02.observability.movement_observability|observability_svc_02.observability.request_observability|observability_svc_02.observability.reservation_observability|observability_svc_02.observability.response_observability|observability_svc_02.observability.snapshot_observability|observability_svc_02.observability.transaction_observability,10,0,applications/backend/services/observability/observability-02,/api/v1/observability/02,domain-observability,observability-02,DOMAIN_POLICY_PENDING,PLANNED
843,65,observability,observability-platform,svc-0643,observability-03,team-065,10,pg-cluster-021|pg-cluster-022|pg-cluster-023|pg-cluster-024|pg-cluster-025|pg-cluster-026|pg-cluster-027|pg-cluster-028|pg-cluster-029|pg-cluster-030,observability_svc_03,observability,10,observability_svc_03.observability.adjustment_observability|observability_svc_03.observability.campaign_observability|observability_svc_03.observability.configuration_observability|observability_svc_03.observability.document_observability|observability_svc_03.observability.metric_observability|observability_svc_03.observability.offer_observability|observability_svc_03.observability.policy_observability|observability_svc_03.observability.redemption_observability|observability_svc_03.observability.score_observability|observability_svc_03.observability.segment_observability,10,0,applications/backend/services/observability/observability-03,/api/v1/observability/03,domain-observability,observability-03,DOMAIN_POLICY_PENDING,PLANNED
844,65,observability,observability-platform,svc-0644,observability-04,team-065,10,pg-cluster-031|pg-cluster-032|pg-cluster-033|pg-cluster-034|pg-cluster-035|pg-cluster-036|pg-cluster-037|pg-cluster-038|pg-cluster-039|pg-cluster-040,observability_svc_04,observability,10,observability_svc_04.observability.balance_observability|observability_svc_04.observability.batch_observability|observability_svc_04.observability.checkpoint_observability|observability_svc_04.observability.exception_observability|observability_svc_04.observability.invoice_observability|observability_svc_04.observability.job_observability|observability_svc_04.observability.ledger_observability|observability_svc_04.observability.line_observability|observability_svc_04.observability.run_observability|observability_svc_04.observability.task_observability,10,0,applications/backend/services/observability/observability-04,/api/v1/observability/04,domain-observability,observability-04,DOMAIN_POLICY_PENDING,PLANNED
845,65,observability,observability-platform,svc-0645,observability-05,team-065,10,pg-cluster-041|pg-cluster-042|pg-cluster-043|pg-cluster-044|pg-cluster-045|pg-cluster-046|pg-cluster-047|pg-cluster-048|pg-cluster-049|pg-cluster-050,observability_svc_05,observability,10,observability_svc_05.observability.alert_observability|observability_svc_05.observability.approval_observability|observability_svc_05.observability.assignment_observability|observability_svc_05.observability.availability_observability|observability_svc_05.observability.capacity_observability|observability_svc_05.observability.case_observability|observability_svc_05.observability.decision_observability|observability_svc_05.observability.forecast_observability|observability_svc_05.observability.schedule_observability|observability_svc_05.observability.workflow_observability,10,0,applications/backend/services/observability/observability-05,/api/v1/observability/05,domain-observability,observability-05,DOMAIN_POLICY_PENDING,PLANNED
846,65,observability,observability-platform,svc-0646,observability-06,team-065,10,pg-cluster-051|pg-cluster-052|pg-cluster-053|pg-cluster-054|pg-cluster-055|pg-cluster-056|pg-cluster-057|pg-cluster-058|pg-cluster-059|pg-cluster-060,observability_svc_06,observability,10,observability_svc_06.observability.attribute_observability|observability_svc_06.observability.category_observability|observability_svc_06.observability.collection_observability|observability_svc_06.observability.media_observability|observability_svc_06.observability.plan_observability|observability_svc_06.observability.ranking_observability|observability_svc_06.observability.relationship_observability|observability_svc_06.observability.target_observability|observability_svc_06.observability.threshold_observability|observability_svc_06.observability.variant_observability,10,0,applications/backend/services/observability/observability-06,/api/v1/observability/06,domain-observability,observability-06,DOMAIN_POLICY_PENDING,PLANNED
847,65,observability,observability-platform,svc-0647,observability-07,team-065,10,pg-cluster-061|pg-cluster-062|pg-cluster-063|pg-cluster-064|pg-cluster-065|pg-cluster-066|pg-cluster-067|pg-cluster-068|pg-cluster-069|pg-cluster-070,observability_svc_07,observability,10,observability_svc_07.observability.attribution_observability|observability_svc_07.observability.channel_observability|observability_svc_07.observability.click_observability|observability_svc_07.observability.conversion_observability|observability_svc_07.observability.delivery_observability|observability_svc_07.observability.impression_observability|observability_svc_07.observability.message_observability|observability_svc_07.observability.query_observability|observability_svc_07.observability.result_observability|observability_svc_07.observability.template_observability,10,0,applications/backend/services/observability/observability-07,/api/v1/observability/07,domain-observability,observability-07,DOMAIN_POLICY_PENDING,PLANNED
848,65,observability,observability-platform,svc-0648,observability-08,team-065,10,pg-cluster-071|pg-cluster-072|pg-cluster-073|pg-cluster-074|pg-cluster-075|pg-cluster-076|pg-cluster-077|pg-cluster-078|pg-cluster-079|pg-cluster-080,observability_svc_08,observability,10,observability_svc_08.observability.contract_observability|observability_svc_08.observability.fee_observability|observability_svc_08.observability.partner_observability|observability_svc_08.observability.payout_observability|observability_svc_08.observability.price_observability|observability_svc_08.observability.provider_observability|observability_svc_08.observability.rate_observability|observability_svc_08.observability.reconciliation_observability|observability_svc_08.observability.settlement_observability|observability_svc_08.observability.tax_observability,10,0,applications/backend/services/observability/observability-08,/api/v1/observability/08,domain-observability,observability-08,DOMAIN_POLICY_PENDING,PLANNED
849,65,observability,observability-platform,svc-0649,observability-09,team-065,10,pg-cluster-081|pg-cluster-082|pg-cluster-083|pg-cluster-084|pg-cluster-085|pg-cluster-086|pg-cluster-087|pg-cluster-088|pg-cluster-089|pg-cluster-090,observability_svc_09,observability,10,observability_svc_09.observability.bin_observability|observability_svc_09.observability.package_observability|observability_svc_09.observability.refund_observability|observability_svc_09.observability.return_observability|observability_svc_09.observability.route_observability|observability_svc_09.observability.shipment_observability|observability_svc_09.observability.stock_observability|observability_svc_09.observability.stop_observability|observability_svc_09.observability.tracking_observability|observability_svc_09.observability.warehouse_observability,10,0,applications/backend/services/observability/observability-09,/api/v1/observability/09,domain-observability,observability-09,DOMAIN_POLICY_PENDING,PLANNED
850,65,observability,observability-platform,svc-0650,observability-10,team-065,10,pg-cluster-091|pg-cluster-092|pg-cluster-093|pg-cluster-094|pg-cluster-095|pg-cluster-096|pg-cluster-097|pg-cluster-098|pg-cluster-099|pg-cluster-100,observability_svc_10,observability,10,observability_svc_10.observability.consent_observability|observability_svc_10.observability.device_observability|observability_svc_10.observability.feedback_observability|observability_svc_10.observability.location_observability|observability_svc_10.observability.owner_observability|observability_svc_10.observability.permission_observability|observability_svc_10.observability.rating_observability|observability_svc_10.observability.review_observability|observability_svc_10.observability.role_observability|observability_svc_10.observability.token_observability,10,0,applications/backend/services/observability/observability-10,/api/v1/observability/10,domain-observability,observability-10,DOMAIN_POLICY_PENDING,PLANNED
851,66,data_platform,data_platform-platform,svc-0651,data_platform-01,team-066,10,pg-cluster-101|pg-cluster-102|pg-cluster-103|pg-cluster-104|pg-cluster-105|pg-cluster-106|pg-cluster-107|pg-cluster-108|pg-cluster-109|pg-cluster-110,data_platform_svc_01,data_platform,10,data_platform_svc_01.data_platform.account_data_platform|data_platform_svc_01.data_platform.address_data_platform|data_platform_svc_01.data_platform.event_data_platform|data_platform_svc_01.data_platform.history_data_platform|data_platform_svc_01.data_platform.mapping_data_platform|data_platform_svc_01.data_platform.preference_data_platform|data_platform_svc_01.data_platform.profile_data_platform|data_platform_svc_01.data_platform.rule_data_platform|data_platform_svc_01.data_platform.session_data_platform|data_platform_svc_01.data_platform.status_data_platform,10,0,applications/backend/services/data_platform/data_platform-01,/api/v1/data_platform/01,domain-data_platform,data_platform-01,DOMAIN_POLICY_PENDING,PLANNED
852,66,data_platform,data_platform-platform,svc-0652,data_platform-02,team-066,10,pg-cluster-111|pg-cluster-112|pg-cluster-113|pg-cluster-114|pg-cluster-115|pg-cluster-116|pg-cluster-117|pg-cluster-118|pg-cluster-119|pg-cluster-120,data_platform_svc_02,data_platform,10,data_platform_svc_02.data_platform.allocation_data_platform|data_platform_svc_02.data_platform.attempt_data_platform|data_platform_svc_02.data_platform.detail_data_platform|data_platform_svc_02.data_platform.item_data_platform|data_platform_svc_02.data_platform.movement_data_platform|data_platform_svc_02.data_platform.request_data_platform|data_platform_svc_02.data_platform.reservation_data_platform|data_platform_svc_02.data_platform.response_data_platform|data_platform_svc_02.data_platform.snapshot_data_platform|data_platform_svc_02.data_platform.transaction_data_platform,10,0,applications/backend/services/data_platform/data_platform-02,/api/v1/data_platform/02,domain-data_platform,data_platform-02,DOMAIN_POLICY_PENDING,PLANNED
853,66,data_platform,data_platform-platform,svc-0653,data_platform-03,team-066,10,pg-cluster-121|pg-cluster-122|pg-cluster-123|pg-cluster-124|pg-cluster-125|pg-cluster-126|pg-cluster-127|pg-cluster-128|pg-cluster-129|pg-cluster-130,data_platform_svc_03,data_platform,10,data_platform_svc_03.data_platform.adjustment_data_platform|data_platform_svc_03.data_platform.campaign_data_platform|data_platform_svc_03.data_platform.configuration_data_platform|data_platform_svc_03.data_platform.document_data_platform|data_platform_svc_03.data_platform.metric_data_platform|data_platform_svc_03.data_platform.offer_data_platform|data_platform_svc_03.data_platform.policy_data_platform|data_platform_svc_03.data_platform.redemption_data_platform|data_platform_svc_03.data_platform.score_data_platform|data_platform_svc_03.data_platform.segment_data_platform,10,0,applications/backend/services/data_platform/data_platform-03,/api/v1/data_platform/03,domain-data_platform,data_platform-03,DOMAIN_POLICY_PENDING,PLANNED
854,66,data_platform,data_platform-platform,svc-0654,data_platform-04,team-066,10,pg-cluster-131|pg-cluster-132|pg-cluster-133|pg-cluster-134|pg-cluster-135|pg-cluster-136|pg-cluster-137|pg-cluster-138|pg-cluster-139|pg-cluster-140,data_platform_svc_04,data_platform,10,data_platform_svc_04.data_platform.balance_data_platform|data_platform_svc_04.data_platform.batch_data_platform|data_platform_svc_04.data_platform.checkpoint_data_platform|data_platform_svc_04.data_platform.exception_data_platform|data_platform_svc_04.data_platform.invoice_data_platform|data_platform_svc_04.data_platform.job_data_platform|data_platform_svc_04.data_platform.ledger_data_platform|data_platform_svc_04.data_platform.line_data_platform|data_platform_svc_04.data_platform.run_data_platform|data_platform_svc_04.data_platform.task_data_platform,10,0,applications/backend/services/data_platform/data_platform-04,/api/v1/data_platform/04,domain-data_platform,data_platform-04,DOMAIN_POLICY_PENDING,PLANNED
855,66,data_platform,data_platform-platform,svc-0655,data_platform-05,team-066,10,pg-cluster-141|pg-cluster-142|pg-cluster-143|pg-cluster-144|pg-cluster-145|pg-cluster-146|pg-cluster-147|pg-cluster-148|pg-cluster-149|pg-cluster-150,data_platform_svc_05,data_platform,10,data_platform_svc_05.data_platform.alert_data_platform|data_platform_svc_05.data_platform.approval_data_platform|data_platform_svc_05.data_platform.assignment_data_platform|data_platform_svc_05.data_platform.availability_data_platform|data_platform_svc_05.data_platform.capacity_data_platform|data_platform_svc_05.data_platform.case_data_platform|data_platform_svc_05.data_platform.decision_data_platform|data_platform_svc_05.data_platform.forecast_data_platform|data_platform_svc_05.data_platform.schedule_data_platform|data_platform_svc_05.data_platform.workflow_data_platform,10,0,applications/backend/services/data_platform/data_platform-05,/api/v1/data_platform/05,domain-data_platform,data_platform-05,DOMAIN_POLICY_PENDING,PLANNED
856,66,data_platform,data_platform-platform,svc-0656,data_platform-06,team-066,10,pg-cluster-151|pg-cluster-152|pg-cluster-153|pg-cluster-154|pg-cluster-155|pg-cluster-156|pg-cluster-157|pg-cluster-158|pg-cluster-159|pg-cluster-160,data_platform_svc_06,data_platform,10,data_platform_svc_06.data_platform.attribute_data_platform|data_platform_svc_06.data_platform.category_data_platform|data_platform_svc_06.data_platform.collection_data_platform|data_platform_svc_06.data_platform.media_data_platform|data_platform_svc_06.data_platform.plan_data_platform|data_platform_svc_06.data_platform.ranking_data_platform|data_platform_svc_06.data_platform.relationship_data_platform|data_platform_svc_06.data_platform.target_data_platform|data_platform_svc_06.data_platform.threshold_data_platform|data_platform_svc_06.data_platform.variant_data_platform,10,0,applications/backend/services/data_platform/data_platform-06,/api/v1/data_platform/06,domain-data_platform,data_platform-06,DOMAIN_POLICY_PENDING,PLANNED
857,66,data_platform,data_platform-platform,svc-0657,data_platform-07,team-066,10,pg-cluster-161|pg-cluster-162|pg-cluster-163|pg-cluster-164|pg-cluster-165|pg-cluster-166|pg-cluster-167|pg-cluster-168|pg-cluster-169|pg-cluster-170,data_platform_svc_07,data_platform,10,data_platform_svc_07.data_platform.attribution_data_platform|data_platform_svc_07.data_platform.channel_data_platform|data_platform_svc_07.data_platform.click_data_platform|data_platform_svc_07.data_platform.conversion_data_platform|data_platform_svc_07.data_platform.delivery_data_platform|data_platform_svc_07.data_platform.impression_data_platform|data_platform_svc_07.data_platform.message_data_platform|data_platform_svc_07.data_platform.query_data_platform|data_platform_svc_07.data_platform.result_data_platform|data_platform_svc_07.data_platform.template_data_platform,10,0,applications/backend/services/data_platform/data_platform-07,/api/v1/data_platform/07,domain-data_platform,data_platform-07,DOMAIN_POLICY_PENDING,PLANNED
858,66,data_platform,data_platform-platform,svc-0658,data_platform-08,team-066,10,pg-cluster-171|pg-cluster-172|pg-cluster-173|pg-cluster-174|pg-cluster-175|pg-cluster-176|pg-cluster-177|pg-cluster-178|pg-cluster-179|pg-cluster-180,data_platform_svc_08,data_platform,10,data_platform_svc_08.data_platform.contract_data_platform|data_platform_svc_08.data_platform.fee_data_platform|data_platform_svc_08.data_platform.partner_data_platform|data_platform_svc_08.data_platform.payout_data_platform|data_platform_svc_08.data_platform.price_data_platform|data_platform_svc_08.data_platform.provider_data_platform|data_platform_svc_08.data_platform.rate_data_platform|data_platform_svc_08.data_platform.reconciliation_data_platform|data_platform_svc_08.data_platform.settlement_data_platform|data_platform_svc_08.data_platform.tax_data_platform,10,0,applications/backend/services/data_platform/data_platform-08,/api/v1/data_platform/08,domain-data_platform,data_platform-08,DOMAIN_POLICY_PENDING,PLANNED
859,66,data_platform,data_platform-platform,svc-0659,data_platform-09,team-066,10,pg-cluster-181|pg-cluster-182|pg-cluster-183|pg-cluster-184|pg-cluster-185|pg-cluster-186|pg-cluster-187|pg-cluster-188|pg-cluster-189|pg-cluster-190,data_platform_svc_09,data_platform,10,data_platform_svc_09.data_platform.bin_data_platform|data_platform_svc_09.data_platform.package_data_platform|data_platform_svc_09.data_platform.refund_data_platform|data_platform_svc_09.data_platform.return_data_platform|data_platform_svc_09.data_platform.route_data_platform|data_platform_svc_09.data_platform.shipment_data_platform|data_platform_svc_09.data_platform.stock_data_platform|data_platform_svc_09.data_platform.stop_data_platform|data_platform_svc_09.data_platform.tracking_data_platform|data_platform_svc_09.data_platform.warehouse_data_platform,10,0,applications/backend/services/data_platform/data_platform-09,/api/v1/data_platform/09,domain-data_platform,data_platform-09,DOMAIN_POLICY_PENDING,PLANNED
860,66,data_platform,data_platform-platform,svc-0660,data_platform-10,team-066,10,pg-cluster-191|pg-cluster-192|pg-cluster-193|pg-cluster-194|pg-cluster-195|pg-cluster-196|pg-cluster-197|pg-cluster-198|pg-cluster-199|pg-cluster-200,data_platform_svc_10,data_platform,10,data_platform_svc_10.data_platform.consent_data_platform|data_platform_svc_10.data_platform.device_data_platform|data_platform_svc_10.data_platform.feedback_data_platform|data_platform_svc_10.data_platform.location_data_platform|data_platform_svc_10.data_platform.owner_data_platform|data_platform_svc_10.data_platform.permission_data_platform|data_platform_svc_10.data_platform.rating_data_platform|data_platform_svc_10.data_platform.review_data_platform|data_platform_svc_10.data_platform.role_data_platform|data_platform_svc_10.data_platform.token_data_platform,10,0,applications/backend/services/data_platform/data_platform-10,/api/v1/data_platform/10,domain-data_platform,data_platform-10,DOMAIN_POLICY_PENDING,PLANNED
861,67,cdc,cdc-platform,svc-0661,cdc-01,team-067,10,pg-cluster-201|pg-cluster-202|pg-cluster-203|pg-cluster-204|pg-cluster-205|pg-cluster-206|pg-cluster-207|pg-cluster-208|pg-cluster-209|pg-cluster-210,cdc_svc_01,cdc,10,cdc_svc_01.cdc.account_cdc|cdc_svc_01.cdc.address_cdc|cdc_svc_01.cdc.event_cdc|cdc_svc_01.cdc.history_cdc|cdc_svc_01.cdc.mapping_cdc|cdc_svc_01.cdc.preference_cdc|cdc_svc_01.cdc.profile_cdc|cdc_svc_01.cdc.rule_cdc|cdc_svc_01.cdc.session_cdc|cdc_svc_01.cdc.status_cdc,10,0,applications/backend/services/cdc/cdc-01,/api/v1/cdc/01,domain-cdc,cdc-01,DOMAIN_POLICY_PENDING,PLANNED
862,67,cdc,cdc-platform,svc-0662,cdc-02,team-067,10,pg-cluster-211|pg-cluster-212|pg-cluster-213|pg-cluster-214|pg-cluster-215|pg-cluster-216|pg-cluster-217|pg-cluster-218|pg-cluster-219|pg-cluster-220,cdc_svc_02,cdc,10,cdc_svc_02.cdc.allocation_cdc|cdc_svc_02.cdc.attempt_cdc|cdc_svc_02.cdc.detail_cdc|cdc_svc_02.cdc.item_cdc|cdc_svc_02.cdc.movement_cdc|cdc_svc_02.cdc.request_cdc|cdc_svc_02.cdc.reservation_cdc|cdc_svc_02.cdc.response_cdc|cdc_svc_02.cdc.snapshot_cdc|cdc_svc_02.cdc.transaction_cdc,10,0,applications/backend/services/cdc/cdc-02,/api/v1/cdc/02,domain-cdc,cdc-02,DOMAIN_POLICY_PENDING,PLANNED
863,67,cdc,cdc-platform,svc-0663,cdc-03,team-067,10,pg-cluster-221|pg-cluster-222|pg-cluster-223|pg-cluster-224|pg-cluster-225|pg-cluster-226|pg-cluster-227|pg-cluster-228|pg-cluster-229|pg-cluster-230,cdc_svc_03,cdc,10,cdc_svc_03.cdc.adjustment_cdc|cdc_svc_03.cdc.campaign_cdc|cdc_svc_03.cdc.configuration_cdc|cdc_svc_03.cdc.document_cdc|cdc_svc_03.cdc.metric_cdc|cdc_svc_03.cdc.offer_cdc|cdc_svc_03.cdc.policy_cdc|cdc_svc_03.cdc.redemption_cdc|cdc_svc_03.cdc.score_cdc|cdc_svc_03.cdc.segment_cdc,10,0,applications/backend/services/cdc/cdc-03,/api/v1/cdc/03,domain-cdc,cdc-03,DOMAIN_POLICY_PENDING,PLANNED
864,67,cdc,cdc-platform,svc-0664,cdc-04,team-067,10,pg-cluster-231|pg-cluster-232|pg-cluster-233|pg-cluster-234|pg-cluster-235|pg-cluster-236|pg-cluster-237|pg-cluster-238|pg-cluster-239|pg-cluster-240,cdc_svc_04,cdc,10,cdc_svc_04.cdc.balance_cdc|cdc_svc_04.cdc.batch_cdc|cdc_svc_04.cdc.checkpoint_cdc|cdc_svc_04.cdc.exception_cdc|cdc_svc_04.cdc.invoice_cdc|cdc_svc_04.cdc.job_cdc|cdc_svc_04.cdc.ledger_cdc|cdc_svc_04.cdc.line_cdc|cdc_svc_04.cdc.run_cdc|cdc_svc_04.cdc.task_cdc,10,0,applications/backend/services/cdc/cdc-04,/api/v1/cdc/04,domain-cdc,cdc-04,DOMAIN_POLICY_PENDING,PLANNED
865,67,cdc,cdc-platform,svc-0665,cdc-05,team-067,10,pg-cluster-241|pg-cluster-242|pg-cluster-243|pg-cluster-244|pg-cluster-245|pg-cluster-246|pg-cluster-247|pg-cluster-248|pg-cluster-249|pg-cluster-250,cdc_svc_05,cdc,10,cdc_svc_05.cdc.alert_cdc|cdc_svc_05.cdc.approval_cdc|cdc_svc_05.cdc.assignment_cdc|cdc_svc_05.cdc.availability_cdc|cdc_svc_05.cdc.capacity_cdc|cdc_svc_05.cdc.case_cdc|cdc_svc_05.cdc.decision_cdc|cdc_svc_05.cdc.forecast_cdc|cdc_svc_05.cdc.schedule_cdc|cdc_svc_05.cdc.workflow_cdc,10,0,applications/backend/services/cdc/cdc-05,/api/v1/cdc/05,domain-cdc,cdc-05,DOMAIN_POLICY_PENDING,PLANNED
866,67,cdc,cdc-platform,svc-0666,cdc-06,team-067,10,pg-cluster-251|pg-cluster-252|pg-cluster-253|pg-cluster-254|pg-cluster-255|pg-cluster-256|pg-cluster-257|pg-cluster-258|pg-cluster-259|pg-cluster-260,cdc_svc_06,cdc,10,cdc_svc_06.cdc.attribute_cdc|cdc_svc_06.cdc.category_cdc|cdc_svc_06.cdc.collection_cdc|cdc_svc_06.cdc.media_cdc|cdc_svc_06.cdc.plan_cdc|cdc_svc_06.cdc.ranking_cdc|cdc_svc_06.cdc.relationship_cdc|cdc_svc_06.cdc.target_cdc|cdc_svc_06.cdc.threshold_cdc|cdc_svc_06.cdc.variant_cdc,10,0,applications/backend/services/cdc/cdc-06,/api/v1/cdc/06,domain-cdc,cdc-06,DOMAIN_POLICY_PENDING,PLANNED
867,67,cdc,cdc-platform,svc-0667,cdc-07,team-067,10,pg-cluster-261|pg-cluster-262|pg-cluster-263|pg-cluster-264|pg-cluster-265|pg-cluster-266|pg-cluster-267|pg-cluster-268|pg-cluster-269|pg-cluster-270,cdc_svc_07,cdc,10,cdc_svc_07.cdc.attribution_cdc|cdc_svc_07.cdc.channel_cdc|cdc_svc_07.cdc.click_cdc|cdc_svc_07.cdc.conversion_cdc|cdc_svc_07.cdc.delivery_cdc|cdc_svc_07.cdc.impression_cdc|cdc_svc_07.cdc.message_cdc|cdc_svc_07.cdc.query_cdc|cdc_svc_07.cdc.result_cdc|cdc_svc_07.cdc.template_cdc,10,0,applications/backend/services/cdc/cdc-07,/api/v1/cdc/07,domain-cdc,cdc-07,DOMAIN_POLICY_PENDING,PLANNED
868,67,cdc,cdc-platform,svc-0668,cdc-08,team-067,10,pg-cluster-271|pg-cluster-272|pg-cluster-273|pg-cluster-274|pg-cluster-275|pg-cluster-276|pg-cluster-277|pg-cluster-278|pg-cluster-279|pg-cluster-280,cdc_svc_08,cdc,10,cdc_svc_08.cdc.contract_cdc|cdc_svc_08.cdc.fee_cdc|cdc_svc_08.cdc.partner_cdc|cdc_svc_08.cdc.payout_cdc|cdc_svc_08.cdc.price_cdc|cdc_svc_08.cdc.provider_cdc|cdc_svc_08.cdc.rate_cdc|cdc_svc_08.cdc.reconciliation_cdc|cdc_svc_08.cdc.settlement_cdc|cdc_svc_08.cdc.tax_cdc,10,0,applications/backend/services/cdc/cdc-08,/api/v1/cdc/08,domain-cdc,cdc-08,DOMAIN_POLICY_PENDING,PLANNED
869,67,cdc,cdc-platform,svc-0669,cdc-09,team-067,10,pg-cluster-281|pg-cluster-282|pg-cluster-283|pg-cluster-284|pg-cluster-285|pg-cluster-286|pg-cluster-287|pg-cluster-288|pg-cluster-289|pg-cluster-290,cdc_svc_09,cdc,10,cdc_svc_09.cdc.bin_cdc|cdc_svc_09.cdc.package_cdc|cdc_svc_09.cdc.refund_cdc|cdc_svc_09.cdc.return_cdc|cdc_svc_09.cdc.route_cdc|cdc_svc_09.cdc.shipment_cdc|cdc_svc_09.cdc.stock_cdc|cdc_svc_09.cdc.stop_cdc|cdc_svc_09.cdc.tracking_cdc|cdc_svc_09.cdc.warehouse_cdc,10,0,applications/backend/services/cdc/cdc-09,/api/v1/cdc/09,domain-cdc,cdc-09,DOMAIN_POLICY_PENDING,PLANNED
870,67,cdc,cdc-platform,svc-0670,cdc-10,team-067,10,pg-cluster-291|pg-cluster-292|pg-cluster-293|pg-cluster-294|pg-cluster-295|pg-cluster-296|pg-cluster-297|pg-cluster-298|pg-cluster-299|pg-cluster-300,cdc_svc_10,cdc,10,cdc_svc_10.cdc.consent_cdc|cdc_svc_10.cdc.device_cdc|cdc_svc_10.cdc.feedback_cdc|cdc_svc_10.cdc.location_cdc|cdc_svc_10.cdc.owner_cdc|cdc_svc_10.cdc.permission_cdc|cdc_svc_10.cdc.rating_cdc|cdc_svc_10.cdc.review_cdc|cdc_svc_10.cdc.role_cdc|cdc_svc_10.cdc.token_cdc,10,0,applications/backend/services/cdc/cdc-10,/api/v1/cdc/10,domain-cdc,cdc-10,DOMAIN_POLICY_PENDING,PLANNED
871,68,streaming,streaming-platform,svc-0671,streaming-01,team-068,10,pg-cluster-301|pg-cluster-302|pg-cluster-303|pg-cluster-304|pg-cluster-305|pg-cluster-306|pg-cluster-307|pg-cluster-308|pg-cluster-309|pg-cluster-310,streaming_svc_01,streaming,10,streaming_svc_01.streaming.account_streaming|streaming_svc_01.streaming.address_streaming|streaming_svc_01.streaming.event_streaming|streaming_svc_01.streaming.history_streaming|streaming_svc_01.streaming.mapping_streaming|streaming_svc_01.streaming.preference_streaming|streaming_svc_01.streaming.profile_streaming|streaming_svc_01.streaming.rule_streaming|streaming_svc_01.streaming.session_streaming|streaming_svc_01.streaming.status_streaming,10,0,applications/backend/services/streaming/streaming-01,/api/v1/streaming/01,domain-streaming,streaming-01,DOMAIN_POLICY_PENDING,PLANNED
872,68,streaming,streaming-platform,svc-0672,streaming-02,team-068,10,pg-cluster-311|pg-cluster-312|pg-cluster-313|pg-cluster-314|pg-cluster-315|pg-cluster-316|pg-cluster-317|pg-cluster-318|pg-cluster-319|pg-cluster-320,streaming_svc_02,streaming,10,streaming_svc_02.streaming.allocation_streaming|streaming_svc_02.streaming.attempt_streaming|streaming_svc_02.streaming.detail_streaming|streaming_svc_02.streaming.item_streaming|streaming_svc_02.streaming.movement_streaming|streaming_svc_02.streaming.request_streaming|streaming_svc_02.streaming.reservation_streaming|streaming_svc_02.streaming.response_streaming|streaming_svc_02.streaming.snapshot_streaming|streaming_svc_02.streaming.transaction_streaming,10,0,applications/backend/services/streaming/streaming-02,/api/v1/streaming/02,domain-streaming,streaming-02,DOMAIN_POLICY_PENDING,PLANNED
873,68,streaming,streaming-platform,svc-0673,streaming-03,team-068,10,pg-cluster-321|pg-cluster-322|pg-cluster-323|pg-cluster-324|pg-cluster-325|pg-cluster-326|pg-cluster-327|pg-cluster-328|pg-cluster-329|pg-cluster-330,streaming_svc_03,streaming,10,streaming_svc_03.streaming.adjustment_streaming|streaming_svc_03.streaming.campaign_streaming|streaming_svc_03.streaming.configuration_streaming|streaming_svc_03.streaming.document_streaming|streaming_svc_03.streaming.metric_streaming|streaming_svc_03.streaming.offer_streaming|streaming_svc_03.streaming.policy_streaming|streaming_svc_03.streaming.redemption_streaming|streaming_svc_03.streaming.score_streaming|streaming_svc_03.streaming.segment_streaming,10,0,applications/backend/services/streaming/streaming-03,/api/v1/streaming/03,domain-streaming,streaming-03,DOMAIN_POLICY_PENDING,PLANNED
874,68,streaming,streaming-platform,svc-0674,streaming-04,team-068,10,pg-cluster-331|pg-cluster-332|pg-cluster-333|pg-cluster-334|pg-cluster-335|pg-cluster-336|pg-cluster-337|pg-cluster-338|pg-cluster-339|pg-cluster-340,streaming_svc_04,streaming,10,streaming_svc_04.streaming.balance_streaming|streaming_svc_04.streaming.batch_streaming|streaming_svc_04.streaming.checkpoint_streaming|streaming_svc_04.streaming.exception_streaming|streaming_svc_04.streaming.invoice_streaming|streaming_svc_04.streaming.job_streaming|streaming_svc_04.streaming.ledger_streaming|streaming_svc_04.streaming.line_streaming|streaming_svc_04.streaming.run_streaming|streaming_svc_04.streaming.task_streaming,10,0,applications/backend/services/streaming/streaming-04,/api/v1/streaming/04,domain-streaming,streaming-04,DOMAIN_POLICY_PENDING,PLANNED
875,68,streaming,streaming-platform,svc-0675,streaming-05,team-068,10,pg-cluster-341|pg-cluster-342|pg-cluster-343|pg-cluster-344|pg-cluster-345|pg-cluster-346|pg-cluster-347|pg-cluster-348|pg-cluster-349|pg-cluster-350,streaming_svc_05,streaming,10,streaming_svc_05.streaming.alert_streaming|streaming_svc_05.streaming.approval_streaming|streaming_svc_05.streaming.assignment_streaming|streaming_svc_05.streaming.availability_streaming|streaming_svc_05.streaming.capacity_streaming|streaming_svc_05.streaming.case_streaming|streaming_svc_05.streaming.decision_streaming|streaming_svc_05.streaming.forecast_streaming|streaming_svc_05.streaming.schedule_streaming|streaming_svc_05.streaming.workflow_streaming,10,0,applications/backend/services/streaming/streaming-05,/api/v1/streaming/05,domain-streaming,streaming-05,DOMAIN_POLICY_PENDING,PLANNED
876,68,streaming,streaming-platform,svc-0676,streaming-06,team-068,10,pg-cluster-351|pg-cluster-352|pg-cluster-353|pg-cluster-354|pg-cluster-355|pg-cluster-356|pg-cluster-357|pg-cluster-358|pg-cluster-359|pg-cluster-360,streaming_svc_06,streaming,10,streaming_svc_06.streaming.attribute_streaming|streaming_svc_06.streaming.category_streaming|streaming_svc_06.streaming.collection_streaming|streaming_svc_06.streaming.media_streaming|streaming_svc_06.streaming.plan_streaming|streaming_svc_06.streaming.ranking_streaming|streaming_svc_06.streaming.relationship_streaming|streaming_svc_06.streaming.target_streaming|streaming_svc_06.streaming.threshold_streaming|streaming_svc_06.streaming.variant_streaming,10,0,applications/backend/services/streaming/streaming-06,/api/v1/streaming/06,domain-streaming,streaming-06,DOMAIN_POLICY_PENDING,PLANNED
877,68,streaming,streaming-platform,svc-0677,streaming-07,team-068,10,pg-cluster-361|pg-cluster-362|pg-cluster-363|pg-cluster-364|pg-cluster-365|pg-cluster-366|pg-cluster-367|pg-cluster-368|pg-cluster-369|pg-cluster-370,streaming_svc_07,streaming,10,streaming_svc_07.streaming.attribution_streaming|streaming_svc_07.streaming.channel_streaming|streaming_svc_07.streaming.click_streaming|streaming_svc_07.streaming.conversion_streaming|streaming_svc_07.streaming.delivery_streaming|streaming_svc_07.streaming.impression_streaming|streaming_svc_07.streaming.message_streaming|streaming_svc_07.streaming.query_streaming|streaming_svc_07.streaming.result_streaming|streaming_svc_07.streaming.template_streaming,10,0,applications/backend/services/streaming/streaming-07,/api/v1/streaming/07,domain-streaming,streaming-07,DOMAIN_POLICY_PENDING,PLANNED
878,68,streaming,streaming-platform,svc-0678,streaming-08,team-068,10,pg-cluster-371|pg-cluster-372|pg-cluster-373|pg-cluster-374|pg-cluster-375|pg-cluster-376|pg-cluster-377|pg-cluster-378|pg-cluster-379|pg-cluster-380,streaming_svc_08,streaming,10,streaming_svc_08.streaming.contract_streaming|streaming_svc_08.streaming.fee_streaming|streaming_svc_08.streaming.partner_streaming|streaming_svc_08.streaming.payout_streaming|streaming_svc_08.streaming.price_streaming|streaming_svc_08.streaming.provider_streaming|streaming_svc_08.streaming.rate_streaming|streaming_svc_08.streaming.reconciliation_streaming|streaming_svc_08.streaming.settlement_streaming|streaming_svc_08.streaming.tax_streaming,10,0,applications/backend/services/streaming/streaming-08,/api/v1/streaming/08,domain-streaming,streaming-08,DOMAIN_POLICY_PENDING,PLANNED
879,68,streaming,streaming-platform,svc-0679,streaming-09,team-068,10,pg-cluster-381|pg-cluster-382|pg-cluster-383|pg-cluster-384|pg-cluster-385|pg-cluster-386|pg-cluster-387|pg-cluster-388|pg-cluster-389|pg-cluster-390,streaming_svc_09,streaming,10,streaming_svc_09.streaming.bin_streaming|streaming_svc_09.streaming.package_streaming|streaming_svc_09.streaming.refund_streaming|streaming_svc_09.streaming.return_streaming|streaming_svc_09.streaming.route_streaming|streaming_svc_09.streaming.shipment_streaming|streaming_svc_09.streaming.stock_streaming|streaming_svc_09.streaming.stop_streaming|streaming_svc_09.streaming.tracking_streaming|streaming_svc_09.streaming.warehouse_streaming,10,0,applications/backend/services/streaming/streaming-09,/api/v1/streaming/09,domain-streaming,streaming-09,DOMAIN_POLICY_PENDING,PLANNED
880,68,streaming,streaming-platform,svc-0680,streaming-10,team-068,10,pg-cluster-391|pg-cluster-392|pg-cluster-393|pg-cluster-394|pg-cluster-395|pg-cluster-396|pg-cluster-397|pg-cluster-398|pg-cluster-399|pg-cluster-400,streaming_svc_10,streaming,10,streaming_svc_10.streaming.consent_streaming|streaming_svc_10.streaming.device_streaming|streaming_svc_10.streaming.feedback_streaming|streaming_svc_10.streaming.location_streaming|streaming_svc_10.streaming.owner_streaming|streaming_svc_10.streaming.permission_streaming|streaming_svc_10.streaming.rating_streaming|streaming_svc_10.streaming.review_streaming|streaming_svc_10.streaming.role_streaming|streaming_svc_10.streaming.token_streaming,10,0,applications/backend/services/streaming/streaming-10,/api/v1/streaming/10,domain-streaming,streaming-10,DOMAIN_POLICY_PENDING,PLANNED
881,69,lakehouse,lakehouse-platform,svc-0681,lakehouse-01,team-069,10,pg-cluster-401|pg-cluster-402|pg-cluster-403|pg-cluster-404|pg-cluster-405|pg-cluster-406|pg-cluster-407|pg-cluster-408|pg-cluster-409|pg-cluster-410,lakehouse_svc_01,lakehouse,10,lakehouse_svc_01.lakehouse.account_lakehouse|lakehouse_svc_01.lakehouse.address_lakehouse|lakehouse_svc_01.lakehouse.event_lakehouse|lakehouse_svc_01.lakehouse.history_lakehouse|lakehouse_svc_01.lakehouse.mapping_lakehouse|lakehouse_svc_01.lakehouse.preference_lakehouse|lakehouse_svc_01.lakehouse.profile_lakehouse|lakehouse_svc_01.lakehouse.rule_lakehouse|lakehouse_svc_01.lakehouse.session_lakehouse|lakehouse_svc_01.lakehouse.status_lakehouse,10,0,applications/backend/services/lakehouse/lakehouse-01,/api/v1/lakehouse/01,domain-lakehouse,lakehouse-01,DOMAIN_POLICY_PENDING,PLANNED
882,69,lakehouse,lakehouse-platform,svc-0682,lakehouse-02,team-069,10,pg-cluster-411|pg-cluster-412|pg-cluster-413|pg-cluster-414|pg-cluster-415|pg-cluster-416|pg-cluster-417|pg-cluster-418|pg-cluster-419|pg-cluster-420,lakehouse_svc_02,lakehouse,10,lakehouse_svc_02.lakehouse.allocation_lakehouse|lakehouse_svc_02.lakehouse.attempt_lakehouse|lakehouse_svc_02.lakehouse.detail_lakehouse|lakehouse_svc_02.lakehouse.item_lakehouse|lakehouse_svc_02.lakehouse.movement_lakehouse|lakehouse_svc_02.lakehouse.request_lakehouse|lakehouse_svc_02.lakehouse.reservation_lakehouse|lakehouse_svc_02.lakehouse.response_lakehouse|lakehouse_svc_02.lakehouse.snapshot_lakehouse|lakehouse_svc_02.lakehouse.transaction_lakehouse,10,0,applications/backend/services/lakehouse/lakehouse-02,/api/v1/lakehouse/02,domain-lakehouse,lakehouse-02,DOMAIN_POLICY_PENDING,PLANNED
883,69,lakehouse,lakehouse-platform,svc-0683,lakehouse-03,team-069,10,pg-cluster-421|pg-cluster-422|pg-cluster-423|pg-cluster-424|pg-cluster-425|pg-cluster-426|pg-cluster-427|pg-cluster-428|pg-cluster-429|pg-cluster-430,lakehouse_svc_03,lakehouse,10,lakehouse_svc_03.lakehouse.adjustment_lakehouse|lakehouse_svc_03.lakehouse.campaign_lakehouse|lakehouse_svc_03.lakehouse.configuration_lakehouse|lakehouse_svc_03.lakehouse.document_lakehouse|lakehouse_svc_03.lakehouse.metric_lakehouse|lakehouse_svc_03.lakehouse.offer_lakehouse|lakehouse_svc_03.lakehouse.policy_lakehouse|lakehouse_svc_03.lakehouse.redemption_lakehouse|lakehouse_svc_03.lakehouse.score_lakehouse|lakehouse_svc_03.lakehouse.segment_lakehouse,10,0,applications/backend/services/lakehouse/lakehouse-03,/api/v1/lakehouse/03,domain-lakehouse,lakehouse-03,DOMAIN_POLICY_PENDING,PLANNED
884,69,lakehouse,lakehouse-platform,svc-0684,lakehouse-04,team-069,10,pg-cluster-431|pg-cluster-432|pg-cluster-433|pg-cluster-434|pg-cluster-435|pg-cluster-436|pg-cluster-437|pg-cluster-438|pg-cluster-439|pg-cluster-440,lakehouse_svc_04,lakehouse,10,lakehouse_svc_04.lakehouse.balance_lakehouse|lakehouse_svc_04.lakehouse.batch_lakehouse|lakehouse_svc_04.lakehouse.checkpoint_lakehouse|lakehouse_svc_04.lakehouse.exception_lakehouse|lakehouse_svc_04.lakehouse.invoice_lakehouse|lakehouse_svc_04.lakehouse.job_lakehouse|lakehouse_svc_04.lakehouse.ledger_lakehouse|lakehouse_svc_04.lakehouse.line_lakehouse|lakehouse_svc_04.lakehouse.run_lakehouse|lakehouse_svc_04.lakehouse.task_lakehouse,10,0,applications/backend/services/lakehouse/lakehouse-04,/api/v1/lakehouse/04,domain-lakehouse,lakehouse-04,DOMAIN_POLICY_PENDING,PLANNED
885,69,lakehouse,lakehouse-platform,svc-0685,lakehouse-05,team-069,10,pg-cluster-441|pg-cluster-442|pg-cluster-443|pg-cluster-444|pg-cluster-445|pg-cluster-446|pg-cluster-447|pg-cluster-448|pg-cluster-449|pg-cluster-450,lakehouse_svc_05,lakehouse,10,lakehouse_svc_05.lakehouse.alert_lakehouse|lakehouse_svc_05.lakehouse.approval_lakehouse|lakehouse_svc_05.lakehouse.assignment_lakehouse|lakehouse_svc_05.lakehouse.availability_lakehouse|lakehouse_svc_05.lakehouse.capacity_lakehouse|lakehouse_svc_05.lakehouse.case_lakehouse|lakehouse_svc_05.lakehouse.decision_lakehouse|lakehouse_svc_05.lakehouse.forecast_lakehouse|lakehouse_svc_05.lakehouse.schedule_lakehouse|lakehouse_svc_05.lakehouse.workflow_lakehouse,10,0,applications/backend/services/lakehouse/lakehouse-05,/api/v1/lakehouse/05,domain-lakehouse,lakehouse-05,DOMAIN_POLICY_PENDING,PLANNED
886,69,lakehouse,lakehouse-platform,svc-0686,lakehouse-06,team-069,10,pg-cluster-451|pg-cluster-452|pg-cluster-453|pg-cluster-454|pg-cluster-455|pg-cluster-456|pg-cluster-457|pg-cluster-458|pg-cluster-459|pg-cluster-460,lakehouse_svc_06,lakehouse,10,lakehouse_svc_06.lakehouse.attribute_lakehouse|lakehouse_svc_06.lakehouse.category_lakehouse|lakehouse_svc_06.lakehouse.collection_lakehouse|lakehouse_svc_06.lakehouse.media_lakehouse|lakehouse_svc_06.lakehouse.plan_lakehouse|lakehouse_svc_06.lakehouse.ranking_lakehouse|lakehouse_svc_06.lakehouse.relationship_lakehouse|lakehouse_svc_06.lakehouse.target_lakehouse|lakehouse_svc_06.lakehouse.threshold_lakehouse|lakehouse_svc_06.lakehouse.variant_lakehouse,10,0,applications/backend/services/lakehouse/lakehouse-06,/api/v1/lakehouse/06,domain-lakehouse,lakehouse-06,DOMAIN_POLICY_PENDING,PLANNED
887,69,lakehouse,lakehouse-platform,svc-0687,lakehouse-07,team-069,10,pg-cluster-461|pg-cluster-462|pg-cluster-463|pg-cluster-464|pg-cluster-465|pg-cluster-466|pg-cluster-467|pg-cluster-468|pg-cluster-469|pg-cluster-470,lakehouse_svc_07,lakehouse,10,lakehouse_svc_07.lakehouse.attribution_lakehouse|lakehouse_svc_07.lakehouse.channel_lakehouse|lakehouse_svc_07.lakehouse.click_lakehouse|lakehouse_svc_07.lakehouse.conversion_lakehouse|lakehouse_svc_07.lakehouse.delivery_lakehouse|lakehouse_svc_07.lakehouse.impression_lakehouse|lakehouse_svc_07.lakehouse.message_lakehouse|lakehouse_svc_07.lakehouse.query_lakehouse|lakehouse_svc_07.lakehouse.result_lakehouse|lakehouse_svc_07.lakehouse.template_lakehouse,10,0,applications/backend/services/lakehouse/lakehouse-07,/api/v1/lakehouse/07,domain-lakehouse,lakehouse-07,DOMAIN_POLICY_PENDING,PLANNED
888,69,lakehouse,lakehouse-platform,svc-0688,lakehouse-08,team-069,10,pg-cluster-471|pg-cluster-472|pg-cluster-473|pg-cluster-474|pg-cluster-475|pg-cluster-476|pg-cluster-477|pg-cluster-478|pg-cluster-479|pg-cluster-480,lakehouse_svc_08,lakehouse,10,lakehouse_svc_08.lakehouse.contract_lakehouse|lakehouse_svc_08.lakehouse.fee_lakehouse|lakehouse_svc_08.lakehouse.partner_lakehouse|lakehouse_svc_08.lakehouse.payout_lakehouse|lakehouse_svc_08.lakehouse.price_lakehouse|lakehouse_svc_08.lakehouse.provider_lakehouse|lakehouse_svc_08.lakehouse.rate_lakehouse|lakehouse_svc_08.lakehouse.reconciliation_lakehouse|lakehouse_svc_08.lakehouse.settlement_lakehouse|lakehouse_svc_08.lakehouse.tax_lakehouse,10,0,applications/backend/services/lakehouse/lakehouse-08,/api/v1/lakehouse/08,domain-lakehouse,lakehouse-08,DOMAIN_POLICY_PENDING,PLANNED
889,69,lakehouse,lakehouse-platform,svc-0689,lakehouse-09,team-069,10,pg-cluster-481|pg-cluster-482|pg-cluster-483|pg-cluster-484|pg-cluster-485|pg-cluster-486|pg-cluster-487|pg-cluster-488|pg-cluster-489|pg-cluster-490,lakehouse_svc_09,lakehouse,10,lakehouse_svc_09.lakehouse.bin_lakehouse|lakehouse_svc_09.lakehouse.package_lakehouse|lakehouse_svc_09.lakehouse.refund_lakehouse|lakehouse_svc_09.lakehouse.return_lakehouse|lakehouse_svc_09.lakehouse.route_lakehouse|lakehouse_svc_09.lakehouse.shipment_lakehouse|lakehouse_svc_09.lakehouse.stock_lakehouse|lakehouse_svc_09.lakehouse.stop_lakehouse|lakehouse_svc_09.lakehouse.tracking_lakehouse|lakehouse_svc_09.lakehouse.warehouse_lakehouse,10,0,applications/backend/services/lakehouse/lakehouse-09,/api/v1/lakehouse/09,domain-lakehouse,lakehouse-09,DOMAIN_POLICY_PENDING,PLANNED
890,69,lakehouse,lakehouse-platform,svc-0690,lakehouse-10,team-069,10,pg-cluster-491|pg-cluster-492|pg-cluster-493|pg-cluster-494|pg-cluster-495|pg-cluster-496|pg-cluster-497|pg-cluster-498|pg-cluster-499|pg-cluster-500,lakehouse_svc_10,lakehouse,10,lakehouse_svc_10.lakehouse.consent_lakehouse|lakehouse_svc_10.lakehouse.device_lakehouse|lakehouse_svc_10.lakehouse.feedback_lakehouse|lakehouse_svc_10.lakehouse.location_lakehouse|lakehouse_svc_10.lakehouse.owner_lakehouse|lakehouse_svc_10.lakehouse.permission_lakehouse|lakehouse_svc_10.lakehouse.rating_lakehouse|lakehouse_svc_10.lakehouse.review_lakehouse|lakehouse_svc_10.lakehouse.role_lakehouse|lakehouse_svc_10.lakehouse.token_lakehouse,10,0,applications/backend/services/lakehouse/lakehouse-10,/api/v1/lakehouse/10,domain-lakehouse,lakehouse-10,DOMAIN_POLICY_PENDING,PLANNED
891,70,etl,etl-platform,svc-0691,etl-01,team-070,10,pg-cluster-501|pg-cluster-502|pg-cluster-503|pg-cluster-504|pg-cluster-505|pg-cluster-506|pg-cluster-507|pg-cluster-508|pg-cluster-509|pg-cluster-510,etl_svc_01,etl,10,etl_svc_01.etl.account_etl|etl_svc_01.etl.address_etl|etl_svc_01.etl.event_etl|etl_svc_01.etl.history_etl|etl_svc_01.etl.mapping_etl|etl_svc_01.etl.preference_etl|etl_svc_01.etl.profile_etl|etl_svc_01.etl.rule_etl|etl_svc_01.etl.session_etl|etl_svc_01.etl.status_etl,10,0,applications/backend/services/etl/etl-01,/api/v1/etl/01,domain-etl,etl-01,DOMAIN_POLICY_PENDING,PLANNED
892,70,etl,etl-platform,svc-0692,etl-02,team-070,10,pg-cluster-511|pg-cluster-512|pg-cluster-513|pg-cluster-514|pg-cluster-515|pg-cluster-516|pg-cluster-517|pg-cluster-518|pg-cluster-519|pg-cluster-520,etl_svc_02,etl,10,etl_svc_02.etl.allocation_etl|etl_svc_02.etl.attempt_etl|etl_svc_02.etl.detail_etl|etl_svc_02.etl.item_etl|etl_svc_02.etl.movement_etl|etl_svc_02.etl.request_etl|etl_svc_02.etl.reservation_etl|etl_svc_02.etl.response_etl|etl_svc_02.etl.snapshot_etl|etl_svc_02.etl.transaction_etl,10,0,applications/backend/services/etl/etl-02,/api/v1/etl/02,domain-etl,etl-02,DOMAIN_POLICY_PENDING,PLANNED
893,70,etl,etl-platform,svc-0693,etl-03,team-070,10,pg-cluster-521|pg-cluster-522|pg-cluster-523|pg-cluster-524|pg-cluster-525|pg-cluster-526|pg-cluster-527|pg-cluster-528|pg-cluster-529|pg-cluster-530,etl_svc_03,etl,10,etl_svc_03.etl.adjustment_etl|etl_svc_03.etl.campaign_etl|etl_svc_03.etl.configuration_etl|etl_svc_03.etl.document_etl|etl_svc_03.etl.metric_etl|etl_svc_03.etl.offer_etl|etl_svc_03.etl.policy_etl|etl_svc_03.etl.redemption_etl|etl_svc_03.etl.score_etl|etl_svc_03.etl.segment_etl,10,0,applications/backend/services/etl/etl-03,/api/v1/etl/03,domain-etl,etl-03,DOMAIN_POLICY_PENDING,PLANNED
894,70,etl,etl-platform,svc-0694,etl-04,team-070,10,pg-cluster-531|pg-cluster-532|pg-cluster-533|pg-cluster-534|pg-cluster-535|pg-cluster-536|pg-cluster-537|pg-cluster-538|pg-cluster-539|pg-cluster-540,etl_svc_04,etl,10,etl_svc_04.etl.balance_etl|etl_svc_04.etl.batch_etl|etl_svc_04.etl.checkpoint_etl|etl_svc_04.etl.exception_etl|etl_svc_04.etl.invoice_etl|etl_svc_04.etl.job_etl|etl_svc_04.etl.ledger_etl|etl_svc_04.etl.line_etl|etl_svc_04.etl.run_etl|etl_svc_04.etl.task_etl,10,0,applications/backend/services/etl/etl-04,/api/v1/etl/04,domain-etl,etl-04,DOMAIN_POLICY_PENDING,PLANNED
895,70,etl,etl-platform,svc-0695,etl-05,team-070,10,pg-cluster-541|pg-cluster-542|pg-cluster-543|pg-cluster-544|pg-cluster-545|pg-cluster-546|pg-cluster-547|pg-cluster-548|pg-cluster-549|pg-cluster-550,etl_svc_05,etl,10,etl_svc_05.etl.alert_etl|etl_svc_05.etl.approval_etl|etl_svc_05.etl.assignment_etl|etl_svc_05.etl.availability_etl|etl_svc_05.etl.capacity_etl|etl_svc_05.etl.case_etl|etl_svc_05.etl.decision_etl|etl_svc_05.etl.forecast_etl|etl_svc_05.etl.schedule_etl|etl_svc_05.etl.workflow_etl,10,0,applications/backend/services/etl/etl-05,/api/v1/etl/05,domain-etl,etl-05,DOMAIN_POLICY_PENDING,PLANNED
896,70,etl,etl-platform,svc-0696,etl-06,team-070,10,pg-cluster-551|pg-cluster-552|pg-cluster-553|pg-cluster-554|pg-cluster-555|pg-cluster-556|pg-cluster-557|pg-cluster-558|pg-cluster-559|pg-cluster-560,etl_svc_06,etl,10,etl_svc_06.etl.attribute_etl|etl_svc_06.etl.category_etl|etl_svc_06.etl.collection_etl|etl_svc_06.etl.media_etl|etl_svc_06.etl.plan_etl|etl_svc_06.etl.ranking_etl|etl_svc_06.etl.relationship_etl|etl_svc_06.etl.target_etl|etl_svc_06.etl.threshold_etl|etl_svc_06.etl.variant_etl,10,0,applications/backend/services/etl/etl-06,/api/v1/etl/06,domain-etl,etl-06,DOMAIN_POLICY_PENDING,PLANNED
897,70,etl,etl-platform,svc-0697,etl-07,team-070,10,pg-cluster-561|pg-cluster-562|pg-cluster-563|pg-cluster-564|pg-cluster-565|pg-cluster-566|pg-cluster-567|pg-cluster-568|pg-cluster-569|pg-cluster-570,etl_svc_07,etl,10,etl_svc_07.etl.attribution_etl|etl_svc_07.etl.channel_etl|etl_svc_07.etl.click_etl|etl_svc_07.etl.conversion_etl|etl_svc_07.etl.delivery_etl|etl_svc_07.etl.impression_etl|etl_svc_07.etl.message_etl|etl_svc_07.etl.query_etl|etl_svc_07.etl.result_etl|etl_svc_07.etl.template_etl,10,0,applications/backend/services/etl/etl-07,/api/v1/etl/07,domain-etl,etl-07,DOMAIN_POLICY_PENDING,PLANNED
898,70,etl,etl-platform,svc-0698,etl-08,team-070,10,pg-cluster-571|pg-cluster-572|pg-cluster-573|pg-cluster-574|pg-cluster-575|pg-cluster-576|pg-cluster-577|pg-cluster-578|pg-cluster-579|pg-cluster-580,etl_svc_08,etl,10,etl_svc_08.etl.contract_etl|etl_svc_08.etl.fee_etl|etl_svc_08.etl.partner_etl|etl_svc_08.etl.payout_etl|etl_svc_08.etl.price_etl|etl_svc_08.etl.provider_etl|etl_svc_08.etl.rate_etl|etl_svc_08.etl.reconciliation_etl|etl_svc_08.etl.settlement_etl|etl_svc_08.etl.tax_etl,10,0,applications/backend/services/etl/etl-08,/api/v1/etl/08,domain-etl,etl-08,DOMAIN_POLICY_PENDING,PLANNED
899,70,etl,etl-platform,svc-0699,etl-09,team-070,10,pg-cluster-581|pg-cluster-582|pg-cluster-583|pg-cluster-584|pg-cluster-585|pg-cluster-586|pg-cluster-587|pg-cluster-588|pg-cluster-589|pg-cluster-590,etl_svc_09,etl,10,etl_svc_09.etl.bin_etl|etl_svc_09.etl.package_etl|etl_svc_09.etl.refund_etl|etl_svc_09.etl.return_etl|etl_svc_09.etl.route_etl|etl_svc_09.etl.shipment_etl|etl_svc_09.etl.stock_etl|etl_svc_09.etl.stop_etl|etl_svc_09.etl.tracking_etl|etl_svc_09.etl.warehouse_etl,10,0,applications/backend/services/etl/etl-09,/api/v1/etl/09,domain-etl,etl-09,DOMAIN_POLICY_PENDING,PLANNED
900,70,etl,etl-platform,svc-0700,etl-10,team-070,10,pg-cluster-591|pg-cluster-592|pg-cluster-593|pg-cluster-594|pg-cluster-595|pg-cluster-596|pg-cluster-597|pg-cluster-598|pg-cluster-599|pg-cluster-600,etl_svc_10,etl,10,etl_svc_10.etl.consent_etl|etl_svc_10.etl.device_etl|etl_svc_10.etl.feedback_etl|etl_svc_10.etl.location_etl|etl_svc_10.etl.owner_etl|etl_svc_10.etl.permission_etl|etl_svc_10.etl.rating_etl|etl_svc_10.etl.review_etl|etl_svc_10.etl.role_etl|etl_svc_10.etl.token_etl,10,0,applications/backend/services/etl/etl-10,/api/v1/etl/10,domain-etl,etl-10,DOMAIN_POLICY_PENDING,PLANNED
901,71,data_quality,data_quality-platform,svc-0701,data_quality-01,team-071,10,pg-cluster-601|pg-cluster-602|pg-cluster-603|pg-cluster-604|pg-cluster-605|pg-cluster-606|pg-cluster-607|pg-cluster-608|pg-cluster-609|pg-cluster-610,data_quality_svc_01,data_quality,10,data_quality_svc_01.data_quality.account_data_quality|data_quality_svc_01.data_quality.address_data_quality|data_quality_svc_01.data_quality.event_data_quality|data_quality_svc_01.data_quality.history_data_quality|data_quality_svc_01.data_quality.mapping_data_quality|data_quality_svc_01.data_quality.preference_data_quality|data_quality_svc_01.data_quality.profile_data_quality|data_quality_svc_01.data_quality.rule_data_quality|data_quality_svc_01.data_quality.session_data_quality|data_quality_svc_01.data_quality.status_data_quality,10,0,applications/backend/services/data_quality/data_quality-01,/api/v1/data_quality/01,domain-data_quality,data_quality-01,DOMAIN_POLICY_PENDING,PLANNED
902,71,data_quality,data_quality-platform,svc-0702,data_quality-02,team-071,10,pg-cluster-611|pg-cluster-612|pg-cluster-613|pg-cluster-614|pg-cluster-615|pg-cluster-616|pg-cluster-617|pg-cluster-618|pg-cluster-619|pg-cluster-620,data_quality_svc_02,data_quality,10,data_quality_svc_02.data_quality.allocation_data_quality|data_quality_svc_02.data_quality.attempt_data_quality|data_quality_svc_02.data_quality.detail_data_quality|data_quality_svc_02.data_quality.item_data_quality|data_quality_svc_02.data_quality.movement_data_quality|data_quality_svc_02.data_quality.request_data_quality|data_quality_svc_02.data_quality.reservation_data_quality|data_quality_svc_02.data_quality.response_data_quality|data_quality_svc_02.data_quality.snapshot_data_quality|data_quality_svc_02.data_quality.transaction_data_quality,10,0,applications/backend/services/data_quality/data_quality-02,/api/v1/data_quality/02,domain-data_quality,data_quality-02,DOMAIN_POLICY_PENDING,PLANNED
903,71,data_quality,data_quality-platform,svc-0703,data_quality-03,team-071,10,pg-cluster-621|pg-cluster-622|pg-cluster-623|pg-cluster-624|pg-cluster-625|pg-cluster-626|pg-cluster-627|pg-cluster-628|pg-cluster-629|pg-cluster-630,data_quality_svc_03,data_quality,10,data_quality_svc_03.data_quality.adjustment_data_quality|data_quality_svc_03.data_quality.campaign_data_quality|data_quality_svc_03.data_quality.configuration_data_quality|data_quality_svc_03.data_quality.document_data_quality|data_quality_svc_03.data_quality.metric_data_quality|data_quality_svc_03.data_quality.offer_data_quality|data_quality_svc_03.data_quality.policy_data_quality|data_quality_svc_03.data_quality.redemption_data_quality|data_quality_svc_03.data_quality.score_data_quality|data_quality_svc_03.data_quality.segment_data_quality,10,0,applications/backend/services/data_quality/data_quality-03,/api/v1/data_quality/03,domain-data_quality,data_quality-03,DOMAIN_POLICY_PENDING,PLANNED
904,71,data_quality,data_quality-platform,svc-0704,data_quality-04,team-071,10,pg-cluster-631|pg-cluster-632|pg-cluster-633|pg-cluster-634|pg-cluster-635|pg-cluster-636|pg-cluster-637|pg-cluster-638|pg-cluster-639|pg-cluster-640,data_quality_svc_04,data_quality,10,data_quality_svc_04.data_quality.balance_data_quality|data_quality_svc_04.data_quality.batch_data_quality|data_quality_svc_04.data_quality.checkpoint_data_quality|data_quality_svc_04.data_quality.exception_data_quality|data_quality_svc_04.data_quality.invoice_data_quality|data_quality_svc_04.data_quality.job_data_quality|data_quality_svc_04.data_quality.ledger_data_quality|data_quality_svc_04.data_quality.line_data_quality|data_quality_svc_04.data_quality.run_data_quality|data_quality_svc_04.data_quality.task_data_quality,10,0,applications/backend/services/data_quality/data_quality-04,/api/v1/data_quality/04,domain-data_quality,data_quality-04,DOMAIN_POLICY_PENDING,PLANNED
905,71,data_quality,data_quality-platform,svc-0705,data_quality-05,team-071,10,pg-cluster-641|pg-cluster-642|pg-cluster-643|pg-cluster-644|pg-cluster-645|pg-cluster-646|pg-cluster-647|pg-cluster-648|pg-cluster-649|pg-cluster-650,data_quality_svc_05,data_quality,10,data_quality_svc_05.data_quality.alert_data_quality|data_quality_svc_05.data_quality.approval_data_quality|data_quality_svc_05.data_quality.assignment_data_quality|data_quality_svc_05.data_quality.availability_data_quality|data_quality_svc_05.data_quality.capacity_data_quality|data_quality_svc_05.data_quality.case_data_quality|data_quality_svc_05.data_quality.decision_data_quality|data_quality_svc_05.data_quality.forecast_data_quality|data_quality_svc_05.data_quality.schedule_data_quality|data_quality_svc_05.data_quality.workflow_data_quality,10,0,applications/backend/services/data_quality/data_quality-05,/api/v1/data_quality/05,domain-data_quality,data_quality-05,DOMAIN_POLICY_PENDING,PLANNED
906,71,data_quality,data_quality-platform,svc-0706,data_quality-06,team-071,10,pg-cluster-651|pg-cluster-652|pg-cluster-653|pg-cluster-654|pg-cluster-655|pg-cluster-656|pg-cluster-657|pg-cluster-658|pg-cluster-659|pg-cluster-660,data_quality_svc_06,data_quality,10,data_quality_svc_06.data_quality.attribute_data_quality|data_quality_svc_06.data_quality.category_data_quality|data_quality_svc_06.data_quality.collection_data_quality|data_quality_svc_06.data_quality.media_data_quality|data_quality_svc_06.data_quality.plan_data_quality|data_quality_svc_06.data_quality.ranking_data_quality|data_quality_svc_06.data_quality.relationship_data_quality|data_quality_svc_06.data_quality.target_data_quality|data_quality_svc_06.data_quality.threshold_data_quality|data_quality_svc_06.data_quality.variant_data_quality,10,0,applications/backend/services/data_quality/data_quality-06,/api/v1/data_quality/06,domain-data_quality,data_quality-06,DOMAIN_POLICY_PENDING,PLANNED
907,71,data_quality,data_quality-platform,svc-0707,data_quality-07,team-071,10,pg-cluster-661|pg-cluster-662|pg-cluster-663|pg-cluster-664|pg-cluster-665|pg-cluster-666|pg-cluster-667|pg-cluster-668|pg-cluster-669|pg-cluster-670,data_quality_svc_07,data_quality,10,data_quality_svc_07.data_quality.attribution_data_quality|data_quality_svc_07.data_quality.channel_data_quality|data_quality_svc_07.data_quality.click_data_quality|data_quality_svc_07.data_quality.conversion_data_quality|data_quality_svc_07.data_quality.delivery_data_quality|data_quality_svc_07.data_quality.impression_data_quality|data_quality_svc_07.data_quality.message_data_quality|data_quality_svc_07.data_quality.query_data_quality|data_quality_svc_07.data_quality.result_data_quality|data_quality_svc_07.data_quality.template_data_quality,10,0,applications/backend/services/data_quality/data_quality-07,/api/v1/data_quality/07,domain-data_quality,data_quality-07,DOMAIN_POLICY_PENDING,PLANNED
908,71,data_quality,data_quality-platform,svc-0708,data_quality-08,team-071,10,pg-cluster-671|pg-cluster-672|pg-cluster-673|pg-cluster-674|pg-cluster-675|pg-cluster-676|pg-cluster-677|pg-cluster-678|pg-cluster-679|pg-cluster-680,data_quality_svc_08,data_quality,10,data_quality_svc_08.data_quality.contract_data_quality|data_quality_svc_08.data_quality.fee_data_quality|data_quality_svc_08.data_quality.partner_data_quality|data_quality_svc_08.data_quality.payout_data_quality|data_quality_svc_08.data_quality.price_data_quality|data_quality_svc_08.data_quality.provider_data_quality|data_quality_svc_08.data_quality.rate_data_quality|data_quality_svc_08.data_quality.reconciliation_data_quality|data_quality_svc_08.data_quality.settlement_data_quality|data_quality_svc_08.data_quality.tax_data_quality,10,0,applications/backend/services/data_quality/data_quality-08,/api/v1/data_quality/08,domain-data_quality,data_quality-08,DOMAIN_POLICY_PENDING,PLANNED
909,71,data_quality,data_quality-platform,svc-0709,data_quality-09,team-071,10,pg-cluster-681|pg-cluster-682|pg-cluster-683|pg-cluster-684|pg-cluster-685|pg-cluster-686|pg-cluster-687|pg-cluster-688|pg-cluster-689|pg-cluster-690,data_quality_svc_09,data_quality,10,data_quality_svc_09.data_quality.bin_data_quality|data_quality_svc_09.data_quality.package_data_quality|data_quality_svc_09.data_quality.refund_data_quality|data_quality_svc_09.data_quality.return_data_quality|data_quality_svc_09.data_quality.route_data_quality|data_quality_svc_09.data_quality.shipment_data_quality|data_quality_svc_09.data_quality.stock_data_quality|data_quality_svc_09.data_quality.stop_data_quality|data_quality_svc_09.data_quality.tracking_data_quality|data_quality_svc_09.data_quality.warehouse_data_quality,10,0,applications/backend/services/data_quality/data_quality-09,/api/v1/data_quality/09,domain-data_quality,data_quality-09,DOMAIN_POLICY_PENDING,PLANNED
910,71,data_quality,data_quality-platform,svc-0710,data_quality-10,team-071,10,pg-cluster-691|pg-cluster-692|pg-cluster-693|pg-cluster-694|pg-cluster-695|pg-cluster-696|pg-cluster-697|pg-cluster-698|pg-cluster-699|pg-cluster-700,data_quality_svc_10,data_quality,10,data_quality_svc_10.data_quality.consent_data_quality|data_quality_svc_10.data_quality.device_data_quality|data_quality_svc_10.data_quality.feedback_data_quality|data_quality_svc_10.data_quality.location_data_quality|data_quality_svc_10.data_quality.owner_data_quality|data_quality_svc_10.data_quality.permission_data_quality|data_quality_svc_10.data_quality.rating_data_quality|data_quality_svc_10.data_quality.review_data_quality|data_quality_svc_10.data_quality.role_data_quality|data_quality_svc_10.data_quality.token_data_quality,10,0,applications/backend/services/data_quality/data_quality-10,/api/v1/data_quality/10,domain-data_quality,data_quality-10,DOMAIN_POLICY_PENDING,PLANNED
911,72,master_data,master_data-platform,svc-0711,master_data-01,team-072,10,pg-cluster-701|pg-cluster-702|pg-cluster-703|pg-cluster-704|pg-cluster-705|pg-cluster-706|pg-cluster-707|pg-cluster-708|pg-cluster-709|pg-cluster-710,master_data_svc_01,master_data,10,master_data_svc_01.master_data.account_master_data|master_data_svc_01.master_data.address_master_data|master_data_svc_01.master_data.event_master_data|master_data_svc_01.master_data.history_master_data|master_data_svc_01.master_data.mapping_master_data|master_data_svc_01.master_data.preference_master_data|master_data_svc_01.master_data.profile_master_data|master_data_svc_01.master_data.rule_master_data|master_data_svc_01.master_data.session_master_data|master_data_svc_01.master_data.status_master_data,10,0,applications/backend/services/master_data/master_data-01,/api/v1/master_data/01,domain-master_data,master_data-01,DOMAIN_POLICY_PENDING,PLANNED
912,72,master_data,master_data-platform,svc-0712,master_data-02,team-072,10,pg-cluster-711|pg-cluster-712|pg-cluster-713|pg-cluster-714|pg-cluster-715|pg-cluster-716|pg-cluster-717|pg-cluster-718|pg-cluster-719|pg-cluster-720,master_data_svc_02,master_data,10,master_data_svc_02.master_data.allocation_master_data|master_data_svc_02.master_data.attempt_master_data|master_data_svc_02.master_data.detail_master_data|master_data_svc_02.master_data.item_master_data|master_data_svc_02.master_data.movement_master_data|master_data_svc_02.master_data.request_master_data|master_data_svc_02.master_data.reservation_master_data|master_data_svc_02.master_data.response_master_data|master_data_svc_02.master_data.snapshot_master_data|master_data_svc_02.master_data.transaction_master_data,10,0,applications/backend/services/master_data/master_data-02,/api/v1/master_data/02,domain-master_data,master_data-02,DOMAIN_POLICY_PENDING,PLANNED
913,72,master_data,master_data-platform,svc-0713,master_data-03,team-072,10,pg-cluster-721|pg-cluster-722|pg-cluster-723|pg-cluster-724|pg-cluster-725|pg-cluster-726|pg-cluster-727|pg-cluster-728|pg-cluster-729|pg-cluster-730,master_data_svc_03,master_data,10,master_data_svc_03.master_data.adjustment_master_data|master_data_svc_03.master_data.campaign_master_data|master_data_svc_03.master_data.configuration_master_data|master_data_svc_03.master_data.document_master_data|master_data_svc_03.master_data.metric_master_data|master_data_svc_03.master_data.offer_master_data|master_data_svc_03.master_data.policy_master_data|master_data_svc_03.master_data.redemption_master_data|master_data_svc_03.master_data.score_master_data|master_data_svc_03.master_data.segment_master_data,10,0,applications/backend/services/master_data/master_data-03,/api/v1/master_data/03,domain-master_data,master_data-03,DOMAIN_POLICY_PENDING,PLANNED
914,72,master_data,master_data-platform,svc-0714,master_data-04,team-072,10,pg-cluster-731|pg-cluster-732|pg-cluster-733|pg-cluster-734|pg-cluster-735|pg-cluster-736|pg-cluster-737|pg-cluster-738|pg-cluster-739|pg-cluster-740,master_data_svc_04,master_data,10,master_data_svc_04.master_data.balance_master_data|master_data_svc_04.master_data.batch_master_data|master_data_svc_04.master_data.checkpoint_master_data|master_data_svc_04.master_data.exception_master_data|master_data_svc_04.master_data.invoice_master_data|master_data_svc_04.master_data.job_master_data|master_data_svc_04.master_data.ledger_master_data|master_data_svc_04.master_data.line_master_data|master_data_svc_04.master_data.run_master_data|master_data_svc_04.master_data.task_master_data,10,0,applications/backend/services/master_data/master_data-04,/api/v1/master_data/04,domain-master_data,master_data-04,DOMAIN_POLICY_PENDING,PLANNED
915,72,master_data,master_data-platform,svc-0715,master_data-05,team-072,10,pg-cluster-741|pg-cluster-742|pg-cluster-743|pg-cluster-744|pg-cluster-745|pg-cluster-746|pg-cluster-747|pg-cluster-748|pg-cluster-749|pg-cluster-750,master_data_svc_05,master_data,10,master_data_svc_05.master_data.alert_master_data|master_data_svc_05.master_data.approval_master_data|master_data_svc_05.master_data.assignment_master_data|master_data_svc_05.master_data.availability_master_data|master_data_svc_05.master_data.capacity_master_data|master_data_svc_05.master_data.case_master_data|master_data_svc_05.master_data.decision_master_data|master_data_svc_05.master_data.forecast_master_data|master_data_svc_05.master_data.schedule_master_data|master_data_svc_05.master_data.workflow_master_data,10,0,applications/backend/services/master_data/master_data-05,/api/v1/master_data/05,domain-master_data,master_data-05,DOMAIN_POLICY_PENDING,PLANNED
916,72,master_data,master_data-platform,svc-0716,master_data-06,team-072,10,pg-cluster-751|pg-cluster-752|pg-cluster-753|pg-cluster-754|pg-cluster-755|pg-cluster-756|pg-cluster-757|pg-cluster-758|pg-cluster-759|pg-cluster-760,master_data_svc_06,master_data,10,master_data_svc_06.master_data.attribute_master_data|master_data_svc_06.master_data.category_master_data|master_data_svc_06.master_data.collection_master_data|master_data_svc_06.master_data.media_master_data|master_data_svc_06.master_data.plan_master_data|master_data_svc_06.master_data.ranking_master_data|master_data_svc_06.master_data.relationship_master_data|master_data_svc_06.master_data.target_master_data|master_data_svc_06.master_data.threshold_master_data|master_data_svc_06.master_data.variant_master_data,10,0,applications/backend/services/master_data/master_data-06,/api/v1/master_data/06,domain-master_data,master_data-06,DOMAIN_POLICY_PENDING,PLANNED
917,72,master_data,master_data-platform,svc-0717,master_data-07,team-072,10,pg-cluster-761|pg-cluster-762|pg-cluster-763|pg-cluster-764|pg-cluster-765|pg-cluster-766|pg-cluster-767|pg-cluster-768|pg-cluster-769|pg-cluster-770,master_data_svc_07,master_data,10,master_data_svc_07.master_data.attribution_master_data|master_data_svc_07.master_data.channel_master_data|master_data_svc_07.master_data.click_master_data|master_data_svc_07.master_data.conversion_master_data|master_data_svc_07.master_data.delivery_master_data|master_data_svc_07.master_data.impression_master_data|master_data_svc_07.master_data.message_master_data|master_data_svc_07.master_data.query_master_data|master_data_svc_07.master_data.result_master_data|master_data_svc_07.master_data.template_master_data,10,0,applications/backend/services/master_data/master_data-07,/api/v1/master_data/07,domain-master_data,master_data-07,DOMAIN_POLICY_PENDING,PLANNED
918,72,master_data,master_data-platform,svc-0718,master_data-08,team-072,10,pg-cluster-771|pg-cluster-772|pg-cluster-773|pg-cluster-774|pg-cluster-775|pg-cluster-776|pg-cluster-777|pg-cluster-778|pg-cluster-779|pg-cluster-780,master_data_svc_08,master_data,10,master_data_svc_08.master_data.contract_master_data|master_data_svc_08.master_data.fee_master_data|master_data_svc_08.master_data.partner_master_data|master_data_svc_08.master_data.payout_master_data|master_data_svc_08.master_data.price_master_data|master_data_svc_08.master_data.provider_master_data|master_data_svc_08.master_data.rate_master_data|master_data_svc_08.master_data.reconciliation_master_data|master_data_svc_08.master_data.settlement_master_data|master_data_svc_08.master_data.tax_master_data,10,0,applications/backend/services/master_data/master_data-08,/api/v1/master_data/08,domain-master_data,master_data-08,DOMAIN_POLICY_PENDING,PLANNED
919,72,master_data,master_data-platform,svc-0719,master_data-09,team-072,10,pg-cluster-781|pg-cluster-782|pg-cluster-783|pg-cluster-784|pg-cluster-785|pg-cluster-786|pg-cluster-787|pg-cluster-788|pg-cluster-789|pg-cluster-790,master_data_svc_09,master_data,10,master_data_svc_09.master_data.bin_master_data|master_data_svc_09.master_data.package_master_data|master_data_svc_09.master_data.refund_master_data|master_data_svc_09.master_data.return_master_data|master_data_svc_09.master_data.route_master_data|master_data_svc_09.master_data.shipment_master_data|master_data_svc_09.master_data.stock_master_data|master_data_svc_09.master_data.stop_master_data|master_data_svc_09.master_data.tracking_master_data|master_data_svc_09.master_data.warehouse_master_data,10,0,applications/backend/services/master_data/master_data-09,/api/v1/master_data/09,domain-master_data,master_data-09,DOMAIN_POLICY_PENDING,PLANNED
920,72,master_data,master_data-platform,svc-0720,master_data-10,team-072,10,pg-cluster-791|pg-cluster-792|pg-cluster-793|pg-cluster-794|pg-cluster-795|pg-cluster-796|pg-cluster-797|pg-cluster-798|pg-cluster-799|pg-cluster-800,master_data_svc_10,master_data,10,master_data_svc_10.master_data.consent_master_data|master_data_svc_10.master_data.device_master_data|master_data_svc_10.master_data.feedback_master_data|master_data_svc_10.master_data.location_master_data|master_data_svc_10.master_data.owner_master_data|master_data_svc_10.master_data.permission_master_data|master_data_svc_10.master_data.rating_master_data|master_data_svc_10.master_data.review_master_data|master_data_svc_10.master_data.role_master_data|master_data_svc_10.master_data.token_master_data,10,0,applications/backend/services/master_data/master_data-10,/api/v1/master_data/10,domain-master_data,master_data-10,DOMAIN_POLICY_PENDING,PLANNED
921,73,metadata,metadata-platform,svc-0721,metadata-01,team-073,10,pg-cluster-001|pg-cluster-002|pg-cluster-003|pg-cluster-004|pg-cluster-005|pg-cluster-006|pg-cluster-007|pg-cluster-008|pg-cluster-009|pg-cluster-010,metadata_svc_01,metadata,10,metadata_svc_01.metadata.account_metadata|metadata_svc_01.metadata.address_metadata|metadata_svc_01.metadata.event_metadata|metadata_svc_01.metadata.history_metadata|metadata_svc_01.metadata.mapping_metadata|metadata_svc_01.metadata.preference_metadata|metadata_svc_01.metadata.profile_metadata|metadata_svc_01.metadata.rule_metadata|metadata_svc_01.metadata.session_metadata|metadata_svc_01.metadata.status_metadata,10,0,applications/backend/services/metadata/metadata-01,/api/v1/metadata/01,domain-metadata,metadata-01,DOMAIN_POLICY_PENDING,PLANNED
922,73,metadata,metadata-platform,svc-0722,metadata-02,team-073,10,pg-cluster-011|pg-cluster-012|pg-cluster-013|pg-cluster-014|pg-cluster-015|pg-cluster-016|pg-cluster-017|pg-cluster-018|pg-cluster-019|pg-cluster-020,metadata_svc_02,metadata,10,metadata_svc_02.metadata.allocation_metadata|metadata_svc_02.metadata.attempt_metadata|metadata_svc_02.metadata.detail_metadata|metadata_svc_02.metadata.item_metadata|metadata_svc_02.metadata.movement_metadata|metadata_svc_02.metadata.request_metadata|metadata_svc_02.metadata.reservation_metadata|metadata_svc_02.metadata.response_metadata|metadata_svc_02.metadata.snapshot_metadata|metadata_svc_02.metadata.transaction_metadata,10,0,applications/backend/services/metadata/metadata-02,/api/v1/metadata/02,domain-metadata,metadata-02,DOMAIN_POLICY_PENDING,PLANNED
923,73,metadata,metadata-platform,svc-0723,metadata-03,team-073,10,pg-cluster-021|pg-cluster-022|pg-cluster-023|pg-cluster-024|pg-cluster-025|pg-cluster-026|pg-cluster-027|pg-cluster-028|pg-cluster-029|pg-cluster-030,metadata_svc_03,metadata,10,metadata_svc_03.metadata.adjustment_metadata|metadata_svc_03.metadata.campaign_metadata|metadata_svc_03.metadata.configuration_metadata|metadata_svc_03.metadata.document_metadata|metadata_svc_03.metadata.metric_metadata|metadata_svc_03.metadata.offer_metadata|metadata_svc_03.metadata.policy_metadata|metadata_svc_03.metadata.redemption_metadata|metadata_svc_03.metadata.score_metadata|metadata_svc_03.metadata.segment_metadata,10,0,applications/backend/services/metadata/metadata-03,/api/v1/metadata/03,domain-metadata,metadata-03,DOMAIN_POLICY_PENDING,PLANNED
924,73,metadata,metadata-platform,svc-0724,metadata-04,team-073,10,pg-cluster-031|pg-cluster-032|pg-cluster-033|pg-cluster-034|pg-cluster-035|pg-cluster-036|pg-cluster-037|pg-cluster-038|pg-cluster-039|pg-cluster-040,metadata_svc_04,metadata,10,metadata_svc_04.metadata.balance_metadata|metadata_svc_04.metadata.batch_metadata|metadata_svc_04.metadata.checkpoint_metadata|metadata_svc_04.metadata.exception_metadata|metadata_svc_04.metadata.invoice_metadata|metadata_svc_04.metadata.job_metadata|metadata_svc_04.metadata.ledger_metadata|metadata_svc_04.metadata.line_metadata|metadata_svc_04.metadata.run_metadata|metadata_svc_04.metadata.task_metadata,10,0,applications/backend/services/metadata/metadata-04,/api/v1/metadata/04,domain-metadata,metadata-04,DOMAIN_POLICY_PENDING,PLANNED
925,73,metadata,metadata-platform,svc-0725,metadata-05,team-073,10,pg-cluster-041|pg-cluster-042|pg-cluster-043|pg-cluster-044|pg-cluster-045|pg-cluster-046|pg-cluster-047|pg-cluster-048|pg-cluster-049|pg-cluster-050,metadata_svc_05,metadata,10,metadata_svc_05.metadata.alert_metadata|metadata_svc_05.metadata.approval_metadata|metadata_svc_05.metadata.assignment_metadata|metadata_svc_05.metadata.availability_metadata|metadata_svc_05.metadata.capacity_metadata|metadata_svc_05.metadata.case_metadata|metadata_svc_05.metadata.decision_metadata|metadata_svc_05.metadata.forecast_metadata|metadata_svc_05.metadata.schedule_metadata|metadata_svc_05.metadata.workflow_metadata,10,0,applications/backend/services/metadata/metadata-05,/api/v1/metadata/05,domain-metadata,metadata-05,DOMAIN_POLICY_PENDING,PLANNED
926,73,metadata,metadata-platform,svc-0726,metadata-06,team-073,10,pg-cluster-051|pg-cluster-052|pg-cluster-053|pg-cluster-054|pg-cluster-055|pg-cluster-056|pg-cluster-057|pg-cluster-058|pg-cluster-059|pg-cluster-060,metadata_svc_06,metadata,10,metadata_svc_06.metadata.attribute_metadata|metadata_svc_06.metadata.category_metadata|metadata_svc_06.metadata.collection_metadata|metadata_svc_06.metadata.media_metadata|metadata_svc_06.metadata.plan_metadata|metadata_svc_06.metadata.ranking_metadata|metadata_svc_06.metadata.relationship_metadata|metadata_svc_06.metadata.target_metadata|metadata_svc_06.metadata.threshold_metadata|metadata_svc_06.metadata.variant_metadata,10,0,applications/backend/services/metadata/metadata-06,/api/v1/metadata/06,domain-metadata,metadata-06,DOMAIN_POLICY_PENDING,PLANNED
927,73,metadata,metadata-platform,svc-0727,metadata-07,team-073,10,pg-cluster-061|pg-cluster-062|pg-cluster-063|pg-cluster-064|pg-cluster-065|pg-cluster-066|pg-cluster-067|pg-cluster-068|pg-cluster-069|pg-cluster-070,metadata_svc_07,metadata,10,metadata_svc_07.metadata.attribution_metadata|metadata_svc_07.metadata.channel_metadata|metadata_svc_07.metadata.click_metadata|metadata_svc_07.metadata.conversion_metadata|metadata_svc_07.metadata.delivery_metadata|metadata_svc_07.metadata.impression_metadata|metadata_svc_07.metadata.message_metadata|metadata_svc_07.metadata.query_metadata|metadata_svc_07.metadata.result_metadata|metadata_svc_07.metadata.template_metadata,10,0,applications/backend/services/metadata/metadata-07,/api/v1/metadata/07,domain-metadata,metadata-07,DOMAIN_POLICY_PENDING,PLANNED
928,73,metadata,metadata-platform,svc-0728,metadata-08,team-073,10,pg-cluster-071|pg-cluster-072|pg-cluster-073|pg-cluster-074|pg-cluster-075|pg-cluster-076|pg-cluster-077|pg-cluster-078|pg-cluster-079|pg-cluster-080,metadata_svc_08,metadata,10,metadata_svc_08.metadata.contract_metadata|metadata_svc_08.metadata.fee_metadata|metadata_svc_08.metadata.partner_metadata|metadata_svc_08.metadata.payout_metadata|metadata_svc_08.metadata.price_metadata|metadata_svc_08.metadata.provider_metadata|metadata_svc_08.metadata.rate_metadata|metadata_svc_08.metadata.reconciliation_metadata|metadata_svc_08.metadata.settlement_metadata|metadata_svc_08.metadata.tax_metadata,10,0,applications/backend/services/metadata/metadata-08,/api/v1/metadata/08,domain-metadata,metadata-08,DOMAIN_POLICY_PENDING,PLANNED
929,73,metadata,metadata-platform,svc-0729,metadata-09,team-073,10,pg-cluster-081|pg-cluster-082|pg-cluster-083|pg-cluster-084|pg-cluster-085|pg-cluster-086|pg-cluster-087|pg-cluster-088|pg-cluster-089|pg-cluster-090,metadata_svc_09,metadata,10,metadata_svc_09.metadata.bin_metadata|metadata_svc_09.metadata.package_metadata|metadata_svc_09.metadata.refund_metadata|metadata_svc_09.metadata.return_metadata|metadata_svc_09.metadata.route_metadata|metadata_svc_09.metadata.shipment_metadata|metadata_svc_09.metadata.stock_metadata|metadata_svc_09.metadata.stop_metadata|metadata_svc_09.metadata.tracking_metadata|metadata_svc_09.metadata.warehouse_metadata,10,0,applications/backend/services/metadata/metadata-09,/api/v1/metadata/09,domain-metadata,metadata-09,DOMAIN_POLICY_PENDING,PLANNED
930,73,metadata,metadata-platform,svc-0730,metadata-10,team-073,10,pg-cluster-091|pg-cluster-092|pg-cluster-093|pg-cluster-094|pg-cluster-095|pg-cluster-096|pg-cluster-097|pg-cluster-098|pg-cluster-099|pg-cluster-100,metadata_svc_10,metadata,10,metadata_svc_10.metadata.consent_metadata|metadata_svc_10.metadata.device_metadata|metadata_svc_10.metadata.feedback_metadata|metadata_svc_10.metadata.location_metadata|metadata_svc_10.metadata.owner_metadata|metadata_svc_10.metadata.permission_metadata|metadata_svc_10.metadata.rating_metadata|metadata_svc_10.metadata.review_metadata|metadata_svc_10.metadata.role_metadata|metadata_svc_10.metadata.token_metadata,10,0,applications/backend/services/metadata/metadata-10,/api/v1/metadata/10,domain-metadata,metadata-10,DOMAIN_POLICY_PENDING,PLANNED
931,74,governance,governance-platform,svc-0731,governance-01,team-074,10,pg-cluster-101|pg-cluster-102|pg-cluster-103|pg-cluster-104|pg-cluster-105|pg-cluster-106|pg-cluster-107|pg-cluster-108|pg-cluster-109|pg-cluster-110,governance_svc_01,governance,10,governance_svc_01.governance.account_governance|governance_svc_01.governance.address_governance|governance_svc_01.governance.event_governance|governance_svc_01.governance.history_governance|governance_svc_01.governance.mapping_governance|governance_svc_01.governance.preference_governance|governance_svc_01.governance.profile_governance|governance_svc_01.governance.rule_governance|governance_svc_01.governance.session_governance|governance_svc_01.governance.status_governance,10,0,applications/backend/services/governance/governance-01,/api/v1/governance/01,domain-governance,governance-01,DOMAIN_POLICY_PENDING,PLANNED
932,74,governance,governance-platform,svc-0732,governance-02,team-074,10,pg-cluster-111|pg-cluster-112|pg-cluster-113|pg-cluster-114|pg-cluster-115|pg-cluster-116|pg-cluster-117|pg-cluster-118|pg-cluster-119|pg-cluster-120,governance_svc_02,governance,10,governance_svc_02.governance.allocation_governance|governance_svc_02.governance.attempt_governance|governance_svc_02.governance.detail_governance|governance_svc_02.governance.item_governance|governance_svc_02.governance.movement_governance|governance_svc_02.governance.request_governance|governance_svc_02.governance.reservation_governance|governance_svc_02.governance.response_governance|governance_svc_02.governance.snapshot_governance|governance_svc_02.governance.transaction_governance,10,0,applications/backend/services/governance/governance-02,/api/v1/governance/02,domain-governance,governance-02,DOMAIN_POLICY_PENDING,PLANNED
933,74,governance,governance-platform,svc-0733,governance-03,team-074,10,pg-cluster-121|pg-cluster-122|pg-cluster-123|pg-cluster-124|pg-cluster-125|pg-cluster-126|pg-cluster-127|pg-cluster-128|pg-cluster-129|pg-cluster-130,governance_svc_03,governance,10,governance_svc_03.governance.adjustment_governance|governance_svc_03.governance.campaign_governance|governance_svc_03.governance.configuration_governance|governance_svc_03.governance.document_governance|governance_svc_03.governance.metric_governance|governance_svc_03.governance.offer_governance|governance_svc_03.governance.policy_governance|governance_svc_03.governance.redemption_governance|governance_svc_03.governance.score_governance|governance_svc_03.governance.segment_governance,10,0,applications/backend/services/governance/governance-03,/api/v1/governance/03,domain-governance,governance-03,DOMAIN_POLICY_PENDING,PLANNED
934,74,governance,governance-platform,svc-0734,governance-04,team-074,10,pg-cluster-131|pg-cluster-132|pg-cluster-133|pg-cluster-134|pg-cluster-135|pg-cluster-136|pg-cluster-137|pg-cluster-138|pg-cluster-139|pg-cluster-140,governance_svc_04,governance,10,governance_svc_04.governance.balance_governance|governance_svc_04.governance.batch_governance|governance_svc_04.governance.checkpoint_governance|governance_svc_04.governance.exception_governance|governance_svc_04.governance.invoice_governance|governance_svc_04.governance.job_governance|governance_svc_04.governance.ledger_governance|governance_svc_04.governance.line_governance|governance_svc_04.governance.run_governance|governance_svc_04.governance.task_governance,10,0,applications/backend/services/governance/governance-04,/api/v1/governance/04,domain-governance,governance-04,DOMAIN_POLICY_PENDING,PLANNED
935,74,governance,governance-platform,svc-0735,governance-05,team-074,10,pg-cluster-141|pg-cluster-142|pg-cluster-143|pg-cluster-144|pg-cluster-145|pg-cluster-146|pg-cluster-147|pg-cluster-148|pg-cluster-149|pg-cluster-150,governance_svc_05,governance,10,governance_svc_05.governance.alert_governance|governance_svc_05.governance.approval_governance|governance_svc_05.governance.assignment_governance|governance_svc_05.governance.availability_governance|governance_svc_05.governance.capacity_governance|governance_svc_05.governance.case_governance|governance_svc_05.governance.decision_governance|governance_svc_05.governance.forecast_governance|governance_svc_05.governance.schedule_governance|governance_svc_05.governance.workflow_governance,10,0,applications/backend/services/governance/governance-05,/api/v1/governance/05,domain-governance,governance-05,DOMAIN_POLICY_PENDING,PLANNED
936,74,governance,governance-platform,svc-0736,governance-06,team-074,10,pg-cluster-151|pg-cluster-152|pg-cluster-153|pg-cluster-154|pg-cluster-155|pg-cluster-156|pg-cluster-157|pg-cluster-158|pg-cluster-159|pg-cluster-160,governance_svc_06,governance,10,governance_svc_06.governance.attribute_governance|governance_svc_06.governance.category_governance|governance_svc_06.governance.collection_governance|governance_svc_06.governance.media_governance|governance_svc_06.governance.plan_governance|governance_svc_06.governance.ranking_governance|governance_svc_06.governance.relationship_governance|governance_svc_06.governance.target_governance|governance_svc_06.governance.threshold_governance|governance_svc_06.governance.variant_governance,10,0,applications/backend/services/governance/governance-06,/api/v1/governance/06,domain-governance,governance-06,DOMAIN_POLICY_PENDING,PLANNED
937,74,governance,governance-platform,svc-0737,governance-07,team-074,10,pg-cluster-161|pg-cluster-162|pg-cluster-163|pg-cluster-164|pg-cluster-165|pg-cluster-166|pg-cluster-167|pg-cluster-168|pg-cluster-169|pg-cluster-170,governance_svc_07,governance,10,governance_svc_07.governance.attribution_governance|governance_svc_07.governance.channel_governance|governance_svc_07.governance.click_governance|governance_svc_07.governance.conversion_governance|governance_svc_07.governance.delivery_governance|governance_svc_07.governance.impression_governance|governance_svc_07.governance.message_governance|governance_svc_07.governance.query_governance|governance_svc_07.governance.result_governance|governance_svc_07.governance.template_governance,10,0,applications/backend/services/governance/governance-07,/api/v1/governance/07,domain-governance,governance-07,DOMAIN_POLICY_PENDING,PLANNED
938,74,governance,governance-platform,svc-0738,governance-08,team-074,10,pg-cluster-171|pg-cluster-172|pg-cluster-173|pg-cluster-174|pg-cluster-175|pg-cluster-176|pg-cluster-177|pg-cluster-178|pg-cluster-179|pg-cluster-180,governance_svc_08,governance,10,governance_svc_08.governance.contract_governance|governance_svc_08.governance.fee_governance|governance_svc_08.governance.partner_governance|governance_svc_08.governance.payout_governance|governance_svc_08.governance.price_governance|governance_svc_08.governance.provider_governance|governance_svc_08.governance.rate_governance|governance_svc_08.governance.reconciliation_governance|governance_svc_08.governance.settlement_governance|governance_svc_08.governance.tax_governance,10,0,applications/backend/services/governance/governance-08,/api/v1/governance/08,domain-governance,governance-08,DOMAIN_POLICY_PENDING,PLANNED
939,74,governance,governance-platform,svc-0739,governance-09,team-074,10,pg-cluster-181|pg-cluster-182|pg-cluster-183|pg-cluster-184|pg-cluster-185|pg-cluster-186|pg-cluster-187|pg-cluster-188|pg-cluster-189|pg-cluster-190,governance_svc_09,governance,10,governance_svc_09.governance.bin_governance|governance_svc_09.governance.package_governance|governance_svc_09.governance.refund_governance|governance_svc_09.governance.return_governance|governance_svc_09.governance.route_governance|governance_svc_09.governance.shipment_governance|governance_svc_09.governance.stock_governance|governance_svc_09.governance.stop_governance|governance_svc_09.governance.tracking_governance|governance_svc_09.governance.warehouse_governance,10,0,applications/backend/services/governance/governance-09,/api/v1/governance/09,domain-governance,governance-09,DOMAIN_POLICY_PENDING,PLANNED
940,74,governance,governance-platform,svc-0740,governance-10,team-074,10,pg-cluster-191|pg-cluster-192|pg-cluster-193|pg-cluster-194|pg-cluster-195|pg-cluster-196|pg-cluster-197|pg-cluster-198|pg-cluster-199|pg-cluster-200,governance_svc_10,governance,10,governance_svc_10.governance.consent_governance|governance_svc_10.governance.device_governance|governance_svc_10.governance.feedback_governance|governance_svc_10.governance.location_governance|governance_svc_10.governance.owner_governance|governance_svc_10.governance.permission_governance|governance_svc_10.governance.rating_governance|governance_svc_10.governance.review_governance|governance_svc_10.governance.role_governance|governance_svc_10.governance.token_governance,10,0,applications/backend/services/governance/governance-10,/api/v1/governance/10,domain-governance,governance-10,DOMAIN_POLICY_PENDING,PLANNED
941,75,analytics,analytics-platform,svc-0741,analytics-01,team-075,10,pg-cluster-201|pg-cluster-202|pg-cluster-203|pg-cluster-204|pg-cluster-205|pg-cluster-206|pg-cluster-207|pg-cluster-208|pg-cluster-209|pg-cluster-210,analytics_svc_01,analytics,10,analytics_svc_01.analytics.account_analytics|analytics_svc_01.analytics.address_analytics|analytics_svc_01.analytics.event_analytics|analytics_svc_01.analytics.history_analytics|analytics_svc_01.analytics.mapping_analytics|analytics_svc_01.analytics.preference_analytics|analytics_svc_01.analytics.profile_analytics|analytics_svc_01.analytics.rule_analytics|analytics_svc_01.analytics.session_analytics|analytics_svc_01.analytics.status_analytics,10,0,applications/backend/services/analytics/analytics-01,/api/v1/analytics/01,domain-analytics,analytics-01,DOMAIN_POLICY_PENDING,PLANNED
942,75,analytics,analytics-platform,svc-0742,analytics-02,team-075,10,pg-cluster-211|pg-cluster-212|pg-cluster-213|pg-cluster-214|pg-cluster-215|pg-cluster-216|pg-cluster-217|pg-cluster-218|pg-cluster-219|pg-cluster-220,analytics_svc_02,analytics,10,analytics_svc_02.analytics.allocation_analytics|analytics_svc_02.analytics.attempt_analytics|analytics_svc_02.analytics.detail_analytics|analytics_svc_02.analytics.item_analytics|analytics_svc_02.analytics.movement_analytics|analytics_svc_02.analytics.request_analytics|analytics_svc_02.analytics.reservation_analytics|analytics_svc_02.analytics.response_analytics|analytics_svc_02.analytics.snapshot_analytics|analytics_svc_02.analytics.transaction_analytics,10,0,applications/backend/services/analytics/analytics-02,/api/v1/analytics/02,domain-analytics,analytics-02,DOMAIN_POLICY_PENDING,PLANNED
943,75,analytics,analytics-platform,svc-0743,analytics-03,team-075,10,pg-cluster-221|pg-cluster-222|pg-cluster-223|pg-cluster-224|pg-cluster-225|pg-cluster-226|pg-cluster-227|pg-cluster-228|pg-cluster-229|pg-cluster-230,analytics_svc_03,analytics,10,analytics_svc_03.analytics.adjustment_analytics|analytics_svc_03.analytics.campaign_analytics|analytics_svc_03.analytics.configuration_analytics|analytics_svc_03.analytics.document_analytics|analytics_svc_03.analytics.metric_analytics|analytics_svc_03.analytics.offer_analytics|analytics_svc_03.analytics.policy_analytics|analytics_svc_03.analytics.redemption_analytics|analytics_svc_03.analytics.score_analytics|analytics_svc_03.analytics.segment_analytics,10,0,applications/backend/services/analytics/analytics-03,/api/v1/analytics/03,domain-analytics,analytics-03,DOMAIN_POLICY_PENDING,PLANNED
944,75,analytics,analytics-platform,svc-0744,analytics-04,team-075,10,pg-cluster-231|pg-cluster-232|pg-cluster-233|pg-cluster-234|pg-cluster-235|pg-cluster-236|pg-cluster-237|pg-cluster-238|pg-cluster-239|pg-cluster-240,analytics_svc_04,analytics,10,analytics_svc_04.analytics.balance_analytics|analytics_svc_04.analytics.batch_analytics|analytics_svc_04.analytics.checkpoint_analytics|analytics_svc_04.analytics.exception_analytics|analytics_svc_04.analytics.invoice_analytics|analytics_svc_04.analytics.job_analytics|analytics_svc_04.analytics.ledger_analytics|analytics_svc_04.analytics.line_analytics|analytics_svc_04.analytics.run_analytics|analytics_svc_04.analytics.task_analytics,10,0,applications/backend/services/analytics/analytics-04,/api/v1/analytics/04,domain-analytics,analytics-04,DOMAIN_POLICY_PENDING,PLANNED
945,75,analytics,analytics-platform,svc-0745,analytics-05,team-075,10,pg-cluster-241|pg-cluster-242|pg-cluster-243|pg-cluster-244|pg-cluster-245|pg-cluster-246|pg-cluster-247|pg-cluster-248|pg-cluster-249|pg-cluster-250,analytics_svc_05,analytics,10,analytics_svc_05.analytics.alert_analytics|analytics_svc_05.analytics.approval_analytics|analytics_svc_05.analytics.assignment_analytics|analytics_svc_05.analytics.availability_analytics|analytics_svc_05.analytics.capacity_analytics|analytics_svc_05.analytics.case_analytics|analytics_svc_05.analytics.decision_analytics|analytics_svc_05.analytics.forecast_analytics|analytics_svc_05.analytics.schedule_analytics|analytics_svc_05.analytics.workflow_analytics,10,0,applications/backend/services/analytics/analytics-05,/api/v1/analytics/05,domain-analytics,analytics-05,DOMAIN_POLICY_PENDING,PLANNED
946,75,analytics,analytics-platform,svc-0746,analytics-06,team-075,10,pg-cluster-251|pg-cluster-252|pg-cluster-253|pg-cluster-254|pg-cluster-255|pg-cluster-256|pg-cluster-257|pg-cluster-258|pg-cluster-259|pg-cluster-260,analytics_svc_06,analytics,10,analytics_svc_06.analytics.attribute_analytics|analytics_svc_06.analytics.category_analytics|analytics_svc_06.analytics.collection_analytics|analytics_svc_06.analytics.media_analytics|analytics_svc_06.analytics.plan_analytics|analytics_svc_06.analytics.ranking_analytics|analytics_svc_06.analytics.relationship_analytics|analytics_svc_06.analytics.target_analytics|analytics_svc_06.analytics.threshold_analytics|analytics_svc_06.analytics.variant_analytics,10,0,applications/backend/services/analytics/analytics-06,/api/v1/analytics/06,domain-analytics,analytics-06,DOMAIN_POLICY_PENDING,PLANNED
947,75,analytics,analytics-platform,svc-0747,analytics-07,team-075,10,pg-cluster-261|pg-cluster-262|pg-cluster-263|pg-cluster-264|pg-cluster-265|pg-cluster-266|pg-cluster-267|pg-cluster-268|pg-cluster-269|pg-cluster-270,analytics_svc_07,analytics,10,analytics_svc_07.analytics.attribution_analytics|analytics_svc_07.analytics.channel_analytics|analytics_svc_07.analytics.click_analytics|analytics_svc_07.analytics.conversion_analytics|analytics_svc_07.analytics.delivery_analytics|analytics_svc_07.analytics.impression_analytics|analytics_svc_07.analytics.message_analytics|analytics_svc_07.analytics.query_analytics|analytics_svc_07.analytics.result_analytics|analytics_svc_07.analytics.template_analytics,10,0,applications/backend/services/analytics/analytics-07,/api/v1/analytics/07,domain-analytics,analytics-07,DOMAIN_POLICY_PENDING,PLANNED
948,75,analytics,analytics-platform,svc-0748,analytics-08,team-075,10,pg-cluster-271|pg-cluster-272|pg-cluster-273|pg-cluster-274|pg-cluster-275|pg-cluster-276|pg-cluster-277|pg-cluster-278|pg-cluster-279|pg-cluster-280,analytics_svc_08,analytics,10,analytics_svc_08.analytics.contract_analytics|analytics_svc_08.analytics.fee_analytics|analytics_svc_08.analytics.partner_analytics|analytics_svc_08.analytics.payout_analytics|analytics_svc_08.analytics.price_analytics|analytics_svc_08.analytics.provider_analytics|analytics_svc_08.analytics.rate_analytics|analytics_svc_08.analytics.reconciliation_analytics|analytics_svc_08.analytics.settlement_analytics|analytics_svc_08.analytics.tax_analytics,10,0,applications/backend/services/analytics/analytics-08,/api/v1/analytics/08,domain-analytics,analytics-08,DOMAIN_POLICY_PENDING,PLANNED
949,75,analytics,analytics-platform,svc-0749,analytics-09,team-075,10,pg-cluster-281|pg-cluster-282|pg-cluster-283|pg-cluster-284|pg-cluster-285|pg-cluster-286|pg-cluster-287|pg-cluster-288|pg-cluster-289|pg-cluster-290,analytics_svc_09,analytics,10,analytics_svc_09.analytics.bin_analytics|analytics_svc_09.analytics.package_analytics|analytics_svc_09.analytics.refund_analytics|analytics_svc_09.analytics.return_analytics|analytics_svc_09.analytics.route_analytics|analytics_svc_09.analytics.shipment_analytics|analytics_svc_09.analytics.stock_analytics|analytics_svc_09.analytics.stop_analytics|analytics_svc_09.analytics.tracking_analytics|analytics_svc_09.analytics.warehouse_analytics,10,0,applications/backend/services/analytics/analytics-09,/api/v1/analytics/09,domain-analytics,analytics-09,DOMAIN_POLICY_PENDING,PLANNED
950,75,analytics,analytics-platform,svc-0750,analytics-10,team-075,10,pg-cluster-291|pg-cluster-292|pg-cluster-293|pg-cluster-294|pg-cluster-295|pg-cluster-296|pg-cluster-297|pg-cluster-298|pg-cluster-299|pg-cluster-300,analytics_svc_10,analytics,10,analytics_svc_10.analytics.consent_analytics|analytics_svc_10.analytics.device_analytics|analytics_svc_10.analytics.feedback_analytics|analytics_svc_10.analytics.location_analytics|analytics_svc_10.analytics.owner_analytics|analytics_svc_10.analytics.permission_analytics|analytics_svc_10.analytics.rating_analytics|analytics_svc_10.analytics.review_analytics|analytics_svc_10.analytics.role_analytics|analytics_svc_10.analytics.token_analytics,10,0,applications/backend/services/analytics/analytics-10,/api/v1/analytics/10,domain-analytics,analytics-10,DOMAIN_POLICY_PENDING,PLANNED
951,76,experimentation,experimentation-platform,svc-0751,experimentation-01,team-076,10,pg-cluster-301|pg-cluster-302|pg-cluster-303|pg-cluster-304|pg-cluster-305|pg-cluster-306|pg-cluster-307|pg-cluster-308|pg-cluster-309|pg-cluster-310,experimentation_svc_01,experimentation,10,experimentation_svc_01.experimentation.account_experimentation|experimentation_svc_01.experimentation.address_experimentation|experimentation_svc_01.experimentation.event_experimentation|experimentation_svc_01.experimentation.history_experimentation|experimentation_svc_01.experimentation.mapping_experimentation|experimentation_svc_01.experimentation.preference_experimentation|experimentation_svc_01.experimentation.profile_experimentation|experimentation_svc_01.experimentation.rule_experimentation|experimentation_svc_01.experimentation.session_experimentation|experimentation_svc_01.experimentation.status_experimentation,10,0,applications/backend/services/experimentation/experimentation-01,/api/v1/experimentation/01,domain-experimentation,experimentation-01,DOMAIN_POLICY_PENDING,PLANNED
952,76,experimentation,experimentation-platform,svc-0752,experimentation-02,team-076,10,pg-cluster-311|pg-cluster-312|pg-cluster-313|pg-cluster-314|pg-cluster-315|pg-cluster-316|pg-cluster-317|pg-cluster-318|pg-cluster-319|pg-cluster-320,experimentation_svc_02,experimentation,10,experimentation_svc_02.experimentation.allocation_experimentation|experimentation_svc_02.experimentation.attempt_experimentation|experimentation_svc_02.experimentation.detail_experimentation|experimentation_svc_02.experimentation.item_experimentation|experimentation_svc_02.experimentation.movement_experimentation|experimentation_svc_02.experimentation.request_experimentation|experimentation_svc_02.experimentation.reservation_experimentation|experimentation_svc_02.experimentation.response_experimentation|experimentation_svc_02.experimentation.snapshot_experimentation|experimentation_svc_02.experimentation.transaction_experimentation,10,0,applications/backend/services/experimentation/experimentation-02,/api/v1/experimentation/02,domain-experimentation,experimentation-02,DOMAIN_POLICY_PENDING,PLANNED
953,76,experimentation,experimentation-platform,svc-0753,experimentation-03,team-076,10,pg-cluster-321|pg-cluster-322|pg-cluster-323|pg-cluster-324|pg-cluster-325|pg-cluster-326|pg-cluster-327|pg-cluster-328|pg-cluster-329|pg-cluster-330,experimentation_svc_03,experimentation,10,experimentation_svc_03.experimentation.adjustment_experimentation|experimentation_svc_03.experimentation.campaign_experimentation|experimentation_svc_03.experimentation.configuration_experimentation|experimentation_svc_03.experimentation.document_experimentation|experimentation_svc_03.experimentation.metric_experimentation|experimentation_svc_03.experimentation.offer_experimentation|experimentation_svc_03.experimentation.policy_experimentation|experimentation_svc_03.experimentation.redemption_experimentation|experimentation_svc_03.experimentation.score_experimentation|experimentation_svc_03.experimentation.segment_experimentation,10,0,applications/backend/services/experimentation/experimentation-03,/api/v1/experimentation/03,domain-experimentation,experimentation-03,DOMAIN_POLICY_PENDING,PLANNED
954,76,experimentation,experimentation-platform,svc-0754,experimentation-04,team-076,10,pg-cluster-331|pg-cluster-332|pg-cluster-333|pg-cluster-334|pg-cluster-335|pg-cluster-336|pg-cluster-337|pg-cluster-338|pg-cluster-339|pg-cluster-340,experimentation_svc_04,experimentation,10,experimentation_svc_04.experimentation.balance_experimentation|experimentation_svc_04.experimentation.batch_experimentation|experimentation_svc_04.experimentation.checkpoint_experimentation|experimentation_svc_04.experimentation.exception_experimentation|experimentation_svc_04.experimentation.invoice_experimentation|experimentation_svc_04.experimentation.job_experimentation|experimentation_svc_04.experimentation.ledger_experimentation|experimentation_svc_04.experimentation.line_experimentation|experimentation_svc_04.experimentation.run_experimentation|experimentation_svc_04.experimentation.task_experimentation,10,0,applications/backend/services/experimentation/experimentation-04,/api/v1/experimentation/04,domain-experimentation,experimentation-04,DOMAIN_POLICY_PENDING,PLANNED
955,76,experimentation,experimentation-platform,svc-0755,experimentation-05,team-076,10,pg-cluster-341|pg-cluster-342|pg-cluster-343|pg-cluster-344|pg-cluster-345|pg-cluster-346|pg-cluster-347|pg-cluster-348|pg-cluster-349|pg-cluster-350,experimentation_svc_05,experimentation,10,experimentation_svc_05.experimentation.alert_experimentation|experimentation_svc_05.experimentation.approval_experimentation|experimentation_svc_05.experimentation.assignment_experimentation|experimentation_svc_05.experimentation.availability_experimentation|experimentation_svc_05.experimentation.capacity_experimentation|experimentation_svc_05.experimentation.case_experimentation|experimentation_svc_05.experimentation.decision_experimentation|experimentation_svc_05.experimentation.forecast_experimentation|experimentation_svc_05.experimentation.schedule_experimentation|experimentation_svc_05.experimentation.workflow_experimentation,10,0,applications/backend/services/experimentation/experimentation-05,/api/v1/experimentation/05,domain-experimentation,experimentation-05,DOMAIN_POLICY_PENDING,PLANNED
956,76,experimentation,experimentation-platform,svc-0756,experimentation-06,team-076,10,pg-cluster-351|pg-cluster-352|pg-cluster-353|pg-cluster-354|pg-cluster-355|pg-cluster-356|pg-cluster-357|pg-cluster-358|pg-cluster-359|pg-cluster-360,experimentation_svc_06,experimentation,10,experimentation_svc_06.experimentation.attribute_experimentation|experimentation_svc_06.experimentation.category_experimentation|experimentation_svc_06.experimentation.collection_experimentation|experimentation_svc_06.experimentation.media_experimentation|experimentation_svc_06.experimentation.plan_experimentation|experimentation_svc_06.experimentation.ranking_experimentation|experimentation_svc_06.experimentation.relationship_experimentation|experimentation_svc_06.experimentation.target_experimentation|experimentation_svc_06.experimentation.threshold_experimentation|experimentation_svc_06.experimentation.variant_experimentation,10,0,applications/backend/services/experimentation/experimentation-06,/api/v1/experimentation/06,domain-experimentation,experimentation-06,DOMAIN_POLICY_PENDING,PLANNED
957,76,experimentation,experimentation-platform,svc-0757,experimentation-07,team-076,10,pg-cluster-361|pg-cluster-362|pg-cluster-363|pg-cluster-364|pg-cluster-365|pg-cluster-366|pg-cluster-367|pg-cluster-368|pg-cluster-369|pg-cluster-370,experimentation_svc_07,experimentation,10,experimentation_svc_07.experimentation.attribution_experimentation|experimentation_svc_07.experimentation.channel_experimentation|experimentation_svc_07.experimentation.click_experimentation|experimentation_svc_07.experimentation.conversion_experimentation|experimentation_svc_07.experimentation.delivery_experimentation|experimentation_svc_07.experimentation.impression_experimentation|experimentation_svc_07.experimentation.message_experimentation|experimentation_svc_07.experimentation.query_experimentation|experimentation_svc_07.experimentation.result_experimentation|experimentation_svc_07.experimentation.template_experimentation,10,0,applications/backend/services/experimentation/experimentation-07,/api/v1/experimentation/07,domain-experimentation,experimentation-07,DOMAIN_POLICY_PENDING,PLANNED
958,76,experimentation,experimentation-platform,svc-0758,experimentation-08,team-076,10,pg-cluster-371|pg-cluster-372|pg-cluster-373|pg-cluster-374|pg-cluster-375|pg-cluster-376|pg-cluster-377|pg-cluster-378|pg-cluster-379|pg-cluster-380,experimentation_svc_08,experimentation,10,experimentation_svc_08.experimentation.contract_experimentation|experimentation_svc_08.experimentation.fee_experimentation|experimentation_svc_08.experimentation.partner_experimentation|experimentation_svc_08.experimentation.payout_experimentation|experimentation_svc_08.experimentation.price_experimentation|experimentation_svc_08.experimentation.provider_experimentation|experimentation_svc_08.experimentation.rate_experimentation|experimentation_svc_08.experimentation.reconciliation_experimentation|experimentation_svc_08.experimentation.settlement_experimentation|experimentation_svc_08.experimentation.tax_experimentation,10,0,applications/backend/services/experimentation/experimentation-08,/api/v1/experimentation/08,domain-experimentation,experimentation-08,DOMAIN_POLICY_PENDING,PLANNED
959,76,experimentation,experimentation-platform,svc-0759,experimentation-09,team-076,10,pg-cluster-381|pg-cluster-382|pg-cluster-383|pg-cluster-384|pg-cluster-385|pg-cluster-386|pg-cluster-387|pg-cluster-388|pg-cluster-389|pg-cluster-390,experimentation_svc_09,experimentation,10,experimentation_svc_09.experimentation.bin_experimentation|experimentation_svc_09.experimentation.package_experimentation|experimentation_svc_09.experimentation.refund_experimentation|experimentation_svc_09.experimentation.return_experimentation|experimentation_svc_09.experimentation.route_experimentation|experimentation_svc_09.experimentation.shipment_experimentation|experimentation_svc_09.experimentation.stock_experimentation|experimentation_svc_09.experimentation.stop_experimentation|experimentation_svc_09.experimentation.tracking_experimentation|experimentation_svc_09.experimentation.warehouse_experimentation,10,0,applications/backend/services/experimentation/experimentation-09,/api/v1/experimentation/09,domain-experimentation,experimentation-09,DOMAIN_POLICY_PENDING,PLANNED
960,76,experimentation,experimentation-platform,svc-0760,experimentation-10,team-076,10,pg-cluster-391|pg-cluster-392|pg-cluster-393|pg-cluster-394|pg-cluster-395|pg-cluster-396|pg-cluster-397|pg-cluster-398|pg-cluster-399|pg-cluster-400,experimentation_svc_10,experimentation,10,experimentation_svc_10.experimentation.consent_experimentation|experimentation_svc_10.experimentation.device_experimentation|experimentation_svc_10.experimentation.feedback_experimentation|experimentation_svc_10.experimentation.location_experimentation|experimentation_svc_10.experimentation.owner_experimentation|experimentation_svc_10.experimentation.permission_experimentation|experimentation_svc_10.experimentation.rating_experimentation|experimentation_svc_10.experimentation.review_experimentation|experimentation_svc_10.experimentation.role_experimentation|experimentation_svc_10.experimentation.token_experimentation,10,0,applications/backend/services/experimentation/experimentation-10,/api/v1/experimentation/10,domain-experimentation,experimentation-10,DOMAIN_POLICY_PENDING,PLANNED
961,77,feature_store,feature_store-platform,svc-0761,feature_store-01,team-077,10,pg-cluster-401|pg-cluster-402|pg-cluster-403|pg-cluster-404|pg-cluster-405|pg-cluster-406|pg-cluster-407|pg-cluster-408|pg-cluster-409|pg-cluster-410,feature_store_svc_01,feature_store,10,feature_store_svc_01.feature_store.account_feature_store|feature_store_svc_01.feature_store.address_feature_store|feature_store_svc_01.feature_store.event_feature_store|feature_store_svc_01.feature_store.history_feature_store|feature_store_svc_01.feature_store.mapping_feature_store|feature_store_svc_01.feature_store.preference_feature_store|feature_store_svc_01.feature_store.profile_feature_store|feature_store_svc_01.feature_store.rule_feature_store|feature_store_svc_01.feature_store.session_feature_store|feature_store_svc_01.feature_store.status_feature_store,10,0,applications/backend/services/feature_store/feature_store-01,/api/v1/feature_store/01,domain-feature_store,feature_store-01,DOMAIN_POLICY_PENDING,PLANNED
962,77,feature_store,feature_store-platform,svc-0762,feature_store-02,team-077,10,pg-cluster-411|pg-cluster-412|pg-cluster-413|pg-cluster-414|pg-cluster-415|pg-cluster-416|pg-cluster-417|pg-cluster-418|pg-cluster-419|pg-cluster-420,feature_store_svc_02,feature_store,10,feature_store_svc_02.feature_store.allocation_feature_store|feature_store_svc_02.feature_store.attempt_feature_store|feature_store_svc_02.feature_store.detail_feature_store|feature_store_svc_02.feature_store.item_feature_store|feature_store_svc_02.feature_store.movement_feature_store|feature_store_svc_02.feature_store.request_feature_store|feature_store_svc_02.feature_store.reservation_feature_store|feature_store_svc_02.feature_store.response_feature_store|feature_store_svc_02.feature_store.snapshot_feature_store|feature_store_svc_02.feature_store.transaction_feature_store,10,0,applications/backend/services/feature_store/feature_store-02,/api/v1/feature_store/02,domain-feature_store,feature_store-02,DOMAIN_POLICY_PENDING,PLANNED
963,77,feature_store,feature_store-platform,svc-0763,feature_store-03,team-077,10,pg-cluster-421|pg-cluster-422|pg-cluster-423|pg-cluster-424|pg-cluster-425|pg-cluster-426|pg-cluster-427|pg-cluster-428|pg-cluster-429|pg-cluster-430,feature_store_svc_03,feature_store,10,feature_store_svc_03.feature_store.adjustment_feature_store|feature_store_svc_03.feature_store.campaign_feature_store|feature_store_svc_03.feature_store.configuration_feature_store|feature_store_svc_03.feature_store.document_feature_store|feature_store_svc_03.feature_store.metric_feature_store|feature_store_svc_03.feature_store.offer_feature_store|feature_store_svc_03.feature_store.policy_feature_store|feature_store_svc_03.feature_store.redemption_feature_store|feature_store_svc_03.feature_store.score_feature_store|feature_store_svc_03.feature_store.segment_feature_store,10,0,applications/backend/services/feature_store/feature_store-03,/api/v1/feature_store/03,domain-feature_store,feature_store-03,DOMAIN_POLICY_PENDING,PLANNED
964,77,feature_store,feature_store-platform,svc-0764,feature_store-04,team-077,10,pg-cluster-431|pg-cluster-432|pg-cluster-433|pg-cluster-434|pg-cluster-435|pg-cluster-436|pg-cluster-437|pg-cluster-438|pg-cluster-439|pg-cluster-440,feature_store_svc_04,feature_store,10,feature_store_svc_04.feature_store.balance_feature_store|feature_store_svc_04.feature_store.batch_feature_store|feature_store_svc_04.feature_store.checkpoint_feature_store|feature_store_svc_04.feature_store.exception_feature_store|feature_store_svc_04.feature_store.invoice_feature_store|feature_store_svc_04.feature_store.job_feature_store|feature_store_svc_04.feature_store.ledger_feature_store|feature_store_svc_04.feature_store.line_feature_store|feature_store_svc_04.feature_store.run_feature_store|feature_store_svc_04.feature_store.task_feature_store,10,0,applications/backend/services/feature_store/feature_store-04,/api/v1/feature_store/04,domain-feature_store,feature_store-04,DOMAIN_POLICY_PENDING,PLANNED
965,77,feature_store,feature_store-platform,svc-0765,feature_store-05,team-077,10,pg-cluster-441|pg-cluster-442|pg-cluster-443|pg-cluster-444|pg-cluster-445|pg-cluster-446|pg-cluster-447|pg-cluster-448|pg-cluster-449|pg-cluster-450,feature_store_svc_05,feature_store,10,feature_store_svc_05.feature_store.alert_feature_store|feature_store_svc_05.feature_store.approval_feature_store|feature_store_svc_05.feature_store.assignment_feature_store|feature_store_svc_05.feature_store.availability_feature_store|feature_store_svc_05.feature_store.capacity_feature_store|feature_store_svc_05.feature_store.case_feature_store|feature_store_svc_05.feature_store.decision_feature_store|feature_store_svc_05.feature_store.forecast_feature_store|feature_store_svc_05.feature_store.schedule_feature_store|feature_store_svc_05.feature_store.workflow_feature_store,10,0,applications/backend/services/feature_store/feature_store-05,/api/v1/feature_store/05,domain-feature_store,feature_store-05,DOMAIN_POLICY_PENDING,PLANNED
966,77,feature_store,feature_store-platform,svc-0766,feature_store-06,team-077,10,pg-cluster-451|pg-cluster-452|pg-cluster-453|pg-cluster-454|pg-cluster-455|pg-cluster-456|pg-cluster-457|pg-cluster-458|pg-cluster-459|pg-cluster-460,feature_store_svc_06,feature_store,10,feature_store_svc_06.feature_store.attribute_feature_store|feature_store_svc_06.feature_store.category_feature_store|feature_store_svc_06.feature_store.collection_feature_store|feature_store_svc_06.feature_store.media_feature_store|feature_store_svc_06.feature_store.plan_feature_store|feature_store_svc_06.feature_store.ranking_feature_store|feature_store_svc_06.feature_store.relationship_feature_store|feature_store_svc_06.feature_store.target_feature_store|feature_store_svc_06.feature_store.threshold_feature_store|feature_store_svc_06.feature_store.variant_feature_store,10,0,applications/backend/services/feature_store/feature_store-06,/api/v1/feature_store/06,domain-feature_store,feature_store-06,DOMAIN_POLICY_PENDING,PLANNED
967,77,feature_store,feature_store-platform,svc-0767,feature_store-07,team-077,10,pg-cluster-461|pg-cluster-462|pg-cluster-463|pg-cluster-464|pg-cluster-465|pg-cluster-466|pg-cluster-467|pg-cluster-468|pg-cluster-469|pg-cluster-470,feature_store_svc_07,feature_store,10,feature_store_svc_07.feature_store.attribution_feature_store|feature_store_svc_07.feature_store.channel_feature_store|feature_store_svc_07.feature_store.click_feature_store|feature_store_svc_07.feature_store.conversion_feature_store|feature_store_svc_07.feature_store.delivery_feature_store|feature_store_svc_07.feature_store.impression_feature_store|feature_store_svc_07.feature_store.message_feature_store|feature_store_svc_07.feature_store.query_feature_store|feature_store_svc_07.feature_store.result_feature_store|feature_store_svc_07.feature_store.template_feature_store,10,0,applications/backend/services/feature_store/feature_store-07,/api/v1/feature_store/07,domain-feature_store,feature_store-07,DOMAIN_POLICY_PENDING,PLANNED
968,77,feature_store,feature_store-platform,svc-0768,feature_store-08,team-077,10,pg-cluster-471|pg-cluster-472|pg-cluster-473|pg-cluster-474|pg-cluster-475|pg-cluster-476|pg-cluster-477|pg-cluster-478|pg-cluster-479|pg-cluster-480,feature_store_svc_08,feature_store,10,feature_store_svc_08.feature_store.contract_feature_store|feature_store_svc_08.feature_store.fee_feature_store|feature_store_svc_08.feature_store.partner_feature_store|feature_store_svc_08.feature_store.payout_feature_store|feature_store_svc_08.feature_store.price_feature_store|feature_store_svc_08.feature_store.provider_feature_store|feature_store_svc_08.feature_store.rate_feature_store|feature_store_svc_08.feature_store.reconciliation_feature_store|feature_store_svc_08.feature_store.settlement_feature_store|feature_store_svc_08.feature_store.tax_feature_store,10,0,applications/backend/services/feature_store/feature_store-08,/api/v1/feature_store/08,domain-feature_store,feature_store-08,DOMAIN_POLICY_PENDING,PLANNED
969,77,feature_store,feature_store-platform,svc-0769,feature_store-09,team-077,10,pg-cluster-481|pg-cluster-482|pg-cluster-483|pg-cluster-484|pg-cluster-485|pg-cluster-486|pg-cluster-487|pg-cluster-488|pg-cluster-489|pg-cluster-490,feature_store_svc_09,feature_store,10,feature_store_svc_09.feature_store.bin_feature_store|feature_store_svc_09.feature_store.package_feature_store|feature_store_svc_09.feature_store.refund_feature_store|feature_store_svc_09.feature_store.return_feature_store|feature_store_svc_09.feature_store.route_feature_store|feature_store_svc_09.feature_store.shipment_feature_store|feature_store_svc_09.feature_store.stock_feature_store|feature_store_svc_09.feature_store.stop_feature_store|feature_store_svc_09.feature_store.tracking_feature_store|feature_store_svc_09.feature_store.warehouse_feature_store,10,0,applications/backend/services/feature_store/feature_store-09,/api/v1/feature_store/09,domain-feature_store,feature_store-09,DOMAIN_POLICY_PENDING,PLANNED
970,77,feature_store,feature_store-platform,svc-0770,feature_store-10,team-077,10,pg-cluster-491|pg-cluster-492|pg-cluster-493|pg-cluster-494|pg-cluster-495|pg-cluster-496|pg-cluster-497|pg-cluster-498|pg-cluster-499|pg-cluster-500,feature_store_svc_10,feature_store,10,feature_store_svc_10.feature_store.consent_feature_store|feature_store_svc_10.feature_store.device_feature_store|feature_store_svc_10.feature_store.feedback_feature_store|feature_store_svc_10.feature_store.location_feature_store|feature_store_svc_10.feature_store.owner_feature_store|feature_store_svc_10.feature_store.permission_feature_store|feature_store_svc_10.feature_store.rating_feature_store|feature_store_svc_10.feature_store.review_feature_store|feature_store_svc_10.feature_store.role_feature_store|feature_store_svc_10.feature_store.token_feature_store,10,0,applications/backend/services/feature_store/feature_store-10,/api/v1/feature_store/10,domain-feature_store,feature_store-10,DOMAIN_POLICY_PENDING,PLANNED
971,78,ml,ml-platform,svc-0771,ml-01,team-078,10,pg-cluster-501|pg-cluster-502|pg-cluster-503|pg-cluster-504|pg-cluster-505|pg-cluster-506|pg-cluster-507|pg-cluster-508|pg-cluster-509|pg-cluster-510,ml_svc_01,ml,10,ml_svc_01.ml.account_ml|ml_svc_01.ml.address_ml|ml_svc_01.ml.event_ml|ml_svc_01.ml.history_ml|ml_svc_01.ml.mapping_ml|ml_svc_01.ml.preference_ml|ml_svc_01.ml.profile_ml|ml_svc_01.ml.rule_ml|ml_svc_01.ml.session_ml|ml_svc_01.ml.status_ml,10,0,applications/backend/services/ml/ml-01,/api/v1/ml/01,domain-ml,ml-01,DOMAIN_POLICY_PENDING,PLANNED
972,78,ml,ml-platform,svc-0772,ml-02,team-078,10,pg-cluster-511|pg-cluster-512|pg-cluster-513|pg-cluster-514|pg-cluster-515|pg-cluster-516|pg-cluster-517|pg-cluster-518|pg-cluster-519|pg-cluster-520,ml_svc_02,ml,10,ml_svc_02.ml.allocation_ml|ml_svc_02.ml.attempt_ml|ml_svc_02.ml.detail_ml|ml_svc_02.ml.item_ml|ml_svc_02.ml.movement_ml|ml_svc_02.ml.request_ml|ml_svc_02.ml.reservation_ml|ml_svc_02.ml.response_ml|ml_svc_02.ml.snapshot_ml|ml_svc_02.ml.transaction_ml,10,0,applications/backend/services/ml/ml-02,/api/v1/ml/02,domain-ml,ml-02,DOMAIN_POLICY_PENDING,PLANNED
973,78,ml,ml-platform,svc-0773,ml-03,team-078,10,pg-cluster-521|pg-cluster-522|pg-cluster-523|pg-cluster-524|pg-cluster-525|pg-cluster-526|pg-cluster-527|pg-cluster-528|pg-cluster-529|pg-cluster-530,ml_svc_03,ml,10,ml_svc_03.ml.adjustment_ml|ml_svc_03.ml.campaign_ml|ml_svc_03.ml.configuration_ml|ml_svc_03.ml.document_ml|ml_svc_03.ml.metric_ml|ml_svc_03.ml.offer_ml|ml_svc_03.ml.policy_ml|ml_svc_03.ml.redemption_ml|ml_svc_03.ml.score_ml|ml_svc_03.ml.segment_ml,10,0,applications/backend/services/ml/ml-03,/api/v1/ml/03,domain-ml,ml-03,DOMAIN_POLICY_PENDING,PLANNED
974,78,ml,ml-platform,svc-0774,ml-04,team-078,10,pg-cluster-531|pg-cluster-532|pg-cluster-533|pg-cluster-534|pg-cluster-535|pg-cluster-536|pg-cluster-537|pg-cluster-538|pg-cluster-539|pg-cluster-540,ml_svc_04,ml,10,ml_svc_04.ml.balance_ml|ml_svc_04.ml.batch_ml|ml_svc_04.ml.checkpoint_ml|ml_svc_04.ml.exception_ml|ml_svc_04.ml.invoice_ml|ml_svc_04.ml.job_ml|ml_svc_04.ml.ledger_ml|ml_svc_04.ml.line_ml|ml_svc_04.ml.run_ml|ml_svc_04.ml.task_ml,10,0,applications/backend/services/ml/ml-04,/api/v1/ml/04,domain-ml,ml-04,DOMAIN_POLICY_PENDING,PLANNED
975,78,ml,ml-platform,svc-0775,ml-05,team-078,10,pg-cluster-541|pg-cluster-542|pg-cluster-543|pg-cluster-544|pg-cluster-545|pg-cluster-546|pg-cluster-547|pg-cluster-548|pg-cluster-549|pg-cluster-550,ml_svc_05,ml,10,ml_svc_05.ml.alert_ml|ml_svc_05.ml.approval_ml|ml_svc_05.ml.assignment_ml|ml_svc_05.ml.availability_ml|ml_svc_05.ml.capacity_ml|ml_svc_05.ml.case_ml|ml_svc_05.ml.decision_ml|ml_svc_05.ml.forecast_ml|ml_svc_05.ml.schedule_ml|ml_svc_05.ml.workflow_ml,10,0,applications/backend/services/ml/ml-05,/api/v1/ml/05,domain-ml,ml-05,DOMAIN_POLICY_PENDING,PLANNED
976,78,ml,ml-platform,svc-0776,ml-06,team-078,10,pg-cluster-551|pg-cluster-552|pg-cluster-553|pg-cluster-554|pg-cluster-555|pg-cluster-556|pg-cluster-557|pg-cluster-558|pg-cluster-559|pg-cluster-560,ml_svc_06,ml,10,ml_svc_06.ml.attribute_ml|ml_svc_06.ml.category_ml|ml_svc_06.ml.collection_ml|ml_svc_06.ml.media_ml|ml_svc_06.ml.plan_ml|ml_svc_06.ml.ranking_ml|ml_svc_06.ml.relationship_ml|ml_svc_06.ml.target_ml|ml_svc_06.ml.threshold_ml|ml_svc_06.ml.variant_ml,10,0,applications/backend/services/ml/ml-06,/api/v1/ml/06,domain-ml,ml-06,DOMAIN_POLICY_PENDING,PLANNED
977,78,ml,ml-platform,svc-0777,ml-07,team-078,10,pg-cluster-561|pg-cluster-562|pg-cluster-563|pg-cluster-564|pg-cluster-565|pg-cluster-566|pg-cluster-567|pg-cluster-568|pg-cluster-569|pg-cluster-570,ml_svc_07,ml,10,ml_svc_07.ml.attribution_ml|ml_svc_07.ml.channel_ml|ml_svc_07.ml.click_ml|ml_svc_07.ml.conversion_ml|ml_svc_07.ml.delivery_ml|ml_svc_07.ml.impression_ml|ml_svc_07.ml.message_ml|ml_svc_07.ml.query_ml|ml_svc_07.ml.result_ml|ml_svc_07.ml.template_ml,10,0,applications/backend/services/ml/ml-07,/api/v1/ml/07,domain-ml,ml-07,DOMAIN_POLICY_PENDING,PLANNED
978,78,ml,ml-platform,svc-0778,ml-08,team-078,10,pg-cluster-571|pg-cluster-572|pg-cluster-573|pg-cluster-574|pg-cluster-575|pg-cluster-576|pg-cluster-577|pg-cluster-578|pg-cluster-579|pg-cluster-580,ml_svc_08,ml,10,ml_svc_08.ml.contract_ml|ml_svc_08.ml.fee_ml|ml_svc_08.ml.partner_ml|ml_svc_08.ml.payout_ml|ml_svc_08.ml.price_ml|ml_svc_08.ml.provider_ml|ml_svc_08.ml.rate_ml|ml_svc_08.ml.reconciliation_ml|ml_svc_08.ml.settlement_ml|ml_svc_08.ml.tax_ml,10,0,applications/backend/services/ml/ml-08,/api/v1/ml/08,domain-ml,ml-08,DOMAIN_POLICY_PENDING,PLANNED
979,78,ml,ml-platform,svc-0779,ml-09,team-078,10,pg-cluster-581|pg-cluster-582|pg-cluster-583|pg-cluster-584|pg-cluster-585|pg-cluster-586|pg-cluster-587|pg-cluster-588|pg-cluster-589|pg-cluster-590,ml_svc_09,ml,10,ml_svc_09.ml.bin_ml|ml_svc_09.ml.package_ml|ml_svc_09.ml.refund_ml|ml_svc_09.ml.return_ml|ml_svc_09.ml.route_ml|ml_svc_09.ml.shipment_ml|ml_svc_09.ml.stock_ml|ml_svc_09.ml.stop_ml|ml_svc_09.ml.tracking_ml|ml_svc_09.ml.warehouse_ml,10,0,applications/backend/services/ml/ml-09,/api/v1/ml/09,domain-ml,ml-09,DOMAIN_POLICY_PENDING,PLANNED
980,78,ml,ml-platform,svc-0780,ml-10,team-078,10,pg-cluster-591|pg-cluster-592|pg-cluster-593|pg-cluster-594|pg-cluster-595|pg-cluster-596|pg-cluster-597|pg-cluster-598|pg-cluster-599|pg-cluster-600,ml_svc_10,ml,10,ml_svc_10.ml.consent_ml|ml_svc_10.ml.device_ml|ml_svc_10.ml.feedback_ml|ml_svc_10.ml.location_ml|ml_svc_10.ml.owner_ml|ml_svc_10.ml.permission_ml|ml_svc_10.ml.rating_ml|ml_svc_10.ml.review_ml|ml_svc_10.ml.role_ml|ml_svc_10.ml.token_ml,10,0,applications/backend/services/ml/ml-10,/api/v1/ml/10,domain-ml,ml-10,DOMAIN_POLICY_PENDING,PLANNED
981,79,personalization,personalization-platform,svc-0781,personalization-01,team-079,10,pg-cluster-601|pg-cluster-602|pg-cluster-603|pg-cluster-604|pg-cluster-605|pg-cluster-606|pg-cluster-607|pg-cluster-608|pg-cluster-609|pg-cluster-610,personalization_svc_01,personalization,10,personalization_svc_01.personalization.account_personalization|personalization_svc_01.personalization.address_personalization|personalization_svc_01.personalization.event_personalization|personalization_svc_01.personalization.history_personalization|personalization_svc_01.personalization.mapping_personalization|personalization_svc_01.personalization.preference_personalization|personalization_svc_01.personalization.profile_personalization|personalization_svc_01.personalization.rule_personalization|personalization_svc_01.personalization.session_personalization|personalization_svc_01.personalization.status_personalization,10,0,applications/backend/services/personalization/personalization-01,/api/v1/personalization/01,domain-personalization,personalization-01,DOMAIN_POLICY_PENDING,PLANNED
982,79,personalization,personalization-platform,svc-0782,personalization-02,team-079,10,pg-cluster-611|pg-cluster-612|pg-cluster-613|pg-cluster-614|pg-cluster-615|pg-cluster-616|pg-cluster-617|pg-cluster-618|pg-cluster-619|pg-cluster-620,personalization_svc_02,personalization,10,personalization_svc_02.personalization.allocation_personalization|personalization_svc_02.personalization.attempt_personalization|personalization_svc_02.personalization.detail_personalization|personalization_svc_02.personalization.item_personalization|personalization_svc_02.personalization.movement_personalization|personalization_svc_02.personalization.request_personalization|personalization_svc_02.personalization.reservation_personalization|personalization_svc_02.personalization.response_personalization|personalization_svc_02.personalization.snapshot_personalization|personalization_svc_02.personalization.transaction_personalization,10,0,applications/backend/services/personalization/personalization-02,/api/v1/personalization/02,domain-personalization,personalization-02,DOMAIN_POLICY_PENDING,PLANNED
983,79,personalization,personalization-platform,svc-0783,personalization-03,team-079,10,pg-cluster-621|pg-cluster-622|pg-cluster-623|pg-cluster-624|pg-cluster-625|pg-cluster-626|pg-cluster-627|pg-cluster-628|pg-cluster-629|pg-cluster-630,personalization_svc_03,personalization,10,personalization_svc_03.personalization.adjustment_personalization|personalization_svc_03.personalization.campaign_personalization|personalization_svc_03.personalization.configuration_personalization|personalization_svc_03.personalization.document_personalization|personalization_svc_03.personalization.metric_personalization|personalization_svc_03.personalization.offer_personalization|personalization_svc_03.personalization.policy_personalization|personalization_svc_03.personalization.redemption_personalization|personalization_svc_03.personalization.score_personalization|personalization_svc_03.personalization.segment_personalization,10,0,applications/backend/services/personalization/personalization-03,/api/v1/personalization/03,domain-personalization,personalization-03,DOMAIN_POLICY_PENDING,PLANNED
984,79,personalization,personalization-platform,svc-0784,personalization-04,team-079,10,pg-cluster-631|pg-cluster-632|pg-cluster-633|pg-cluster-634|pg-cluster-635|pg-cluster-636|pg-cluster-637|pg-cluster-638|pg-cluster-639|pg-cluster-640,personalization_svc_04,personalization,10,personalization_svc_04.personalization.balance_personalization|personalization_svc_04.personalization.batch_personalization|personalization_svc_04.personalization.checkpoint_personalization|personalization_svc_04.personalization.exception_personalization|personalization_svc_04.personalization.invoice_personalization|personalization_svc_04.personalization.job_personalization|personalization_svc_04.personalization.ledger_personalization|personalization_svc_04.personalization.line_personalization|personalization_svc_04.personalization.run_personalization|personalization_svc_04.personalization.task_personalization,10,0,applications/backend/services/personalization/personalization-04,/api/v1/personalization/04,domain-personalization,personalization-04,DOMAIN_POLICY_PENDING,PLANNED
985,79,personalization,personalization-platform,svc-0785,personalization-05,team-079,10,pg-cluster-641|pg-cluster-642|pg-cluster-643|pg-cluster-644|pg-cluster-645|pg-cluster-646|pg-cluster-647|pg-cluster-648|pg-cluster-649|pg-cluster-650,personalization_svc_05,personalization,10,personalization_svc_05.personalization.alert_personalization|personalization_svc_05.personalization.approval_personalization|personalization_svc_05.personalization.assignment_personalization|personalization_svc_05.personalization.availability_personalization|personalization_svc_05.personalization.capacity_personalization|personalization_svc_05.personalization.case_personalization|personalization_svc_05.personalization.decision_personalization|personalization_svc_05.personalization.forecast_personalization|personalization_svc_05.personalization.schedule_personalization|personalization_svc_05.personalization.workflow_personalization,10,0,applications/backend/services/personalization/personalization-05,/api/v1/personalization/05,domain-personalization,personalization-05,DOMAIN_POLICY_PENDING,PLANNED
986,79,personalization,personalization-platform,svc-0786,personalization-06,team-079,10,pg-cluster-651|pg-cluster-652|pg-cluster-653|pg-cluster-654|pg-cluster-655|pg-cluster-656|pg-cluster-657|pg-cluster-658|pg-cluster-659|pg-cluster-660,personalization_svc_06,personalization,10,personalization_svc_06.personalization.attribute_personalization|personalization_svc_06.personalization.category_personalization|personalization_svc_06.personalization.collection_personalization|personalization_svc_06.personalization.media_personalization|personalization_svc_06.personalization.plan_personalization|personalization_svc_06.personalization.ranking_personalization|personalization_svc_06.personalization.relationship_personalization|personalization_svc_06.personalization.target_personalization|personalization_svc_06.personalization.threshold_personalization|personalization_svc_06.personalization.variant_personalization,10,0,applications/backend/services/personalization/personalization-06,/api/v1/personalization/06,domain-personalization,personalization-06,DOMAIN_POLICY_PENDING,PLANNED
987,79,personalization,personalization-platform,svc-0787,personalization-07,team-079,10,pg-cluster-661|pg-cluster-662|pg-cluster-663|pg-cluster-664|pg-cluster-665|pg-cluster-666|pg-cluster-667|pg-cluster-668|pg-cluster-669|pg-cluster-670,personalization_svc_07,personalization,10,personalization_svc_07.personalization.attribution_personalization|personalization_svc_07.personalization.channel_personalization|personalization_svc_07.personalization.click_personalization|personalization_svc_07.personalization.conversion_personalization|personalization_svc_07.personalization.delivery_personalization|personalization_svc_07.personalization.impression_personalization|personalization_svc_07.personalization.message_personalization|personalization_svc_07.personalization.query_personalization|personalization_svc_07.personalization.result_personalization|personalization_svc_07.personalization.template_personalization,10,0,applications/backend/services/personalization/personalization-07,/api/v1/personalization/07,domain-personalization,personalization-07,DOMAIN_POLICY_PENDING,PLANNED
988,79,personalization,personalization-platform,svc-0788,personalization-08,team-079,10,pg-cluster-671|pg-cluster-672|pg-cluster-673|pg-cluster-674|pg-cluster-675|pg-cluster-676|pg-cluster-677|pg-cluster-678|pg-cluster-679|pg-cluster-680,personalization_svc_08,personalization,10,personalization_svc_08.personalization.contract_personalization|personalization_svc_08.personalization.fee_personalization|personalization_svc_08.personalization.partner_personalization|personalization_svc_08.personalization.payout_personalization|personalization_svc_08.personalization.price_personalization|personalization_svc_08.personalization.provider_personalization|personalization_svc_08.personalization.rate_personalization|personalization_svc_08.personalization.reconciliation_personalization|personalization_svc_08.personalization.settlement_personalization|personalization_svc_08.personalization.tax_personalization,10,0,applications/backend/services/personalization/personalization-08,/api/v1/personalization/08,domain-personalization,personalization-08,DOMAIN_POLICY_PENDING,PLANNED
989,79,personalization,personalization-platform,svc-0789,personalization-09,team-079,10,pg-cluster-681|pg-cluster-682|pg-cluster-683|pg-cluster-684|pg-cluster-685|pg-cluster-686|pg-cluster-687|pg-cluster-688|pg-cluster-689|pg-cluster-690,personalization_svc_09,personalization,10,personalization_svc_09.personalization.bin_personalization|personalization_svc_09.personalization.package_personalization|personalization_svc_09.personalization.refund_personalization|personalization_svc_09.personalization.return_personalization|personalization_svc_09.personalization.route_personalization|personalization_svc_09.personalization.shipment_personalization|personalization_svc_09.personalization.stock_personalization|personalization_svc_09.personalization.stop_personalization|personalization_svc_09.personalization.tracking_personalization|personalization_svc_09.personalization.warehouse_personalization,10,0,applications/backend/services/personalization/personalization-09,/api/v1/personalization/09,domain-personalization,personalization-09,DOMAIN_POLICY_PENDING,PLANNED
990,79,personalization,personalization-platform,svc-0790,personalization-10,team-079,10,pg-cluster-691|pg-cluster-692|pg-cluster-693|pg-cluster-694|pg-cluster-695|pg-cluster-696|pg-cluster-697|pg-cluster-698|pg-cluster-699|pg-cluster-700,personalization_svc_10,personalization,10,personalization_svc_10.personalization.consent_personalization|personalization_svc_10.personalization.device_personalization|personalization_svc_10.personalization.feedback_personalization|personalization_svc_10.personalization.location_personalization|personalization_svc_10.personalization.owner_personalization|personalization_svc_10.personalization.permission_personalization|personalization_svc_10.personalization.rating_personalization|personalization_svc_10.personalization.review_personalization|personalization_svc_10.personalization.role_personalization|personalization_svc_10.personalization.token_personalization,10,0,applications/backend/services/personalization/personalization-10,/api/v1/personalization/10,domain-personalization,personalization-10,DOMAIN_POLICY_PENDING,PLANNED
991,80,forecasting,forecasting-platform,svc-0791,forecasting-01,team-080,10,pg-cluster-701|pg-cluster-702|pg-cluster-703|pg-cluster-704|pg-cluster-705|pg-cluster-706|pg-cluster-707|pg-cluster-708|pg-cluster-709|pg-cluster-710,forecasting_svc_01,forecasting,10,forecasting_svc_01.forecasting.account_forecasting|forecasting_svc_01.forecasting.address_forecasting|forecasting_svc_01.forecasting.event_forecasting|forecasting_svc_01.forecasting.history_forecasting|forecasting_svc_01.forecasting.mapping_forecasting|forecasting_svc_01.forecasting.preference_forecasting|forecasting_svc_01.forecasting.profile_forecasting|forecasting_svc_01.forecasting.rule_forecasting|forecasting_svc_01.forecasting.session_forecasting|forecasting_svc_01.forecasting.status_forecasting,10,0,applications/backend/services/forecasting/forecasting-01,/api/v1/forecasting/01,domain-forecasting,forecasting-01,DOMAIN_POLICY_PENDING,PLANNED
992,80,forecasting,forecasting-platform,svc-0792,forecasting-02,team-080,10,pg-cluster-711|pg-cluster-712|pg-cluster-713|pg-cluster-714|pg-cluster-715|pg-cluster-716|pg-cluster-717|pg-cluster-718|pg-cluster-719|pg-cluster-720,forecasting_svc_02,forecasting,10,forecasting_svc_02.forecasting.allocation_forecasting|forecasting_svc_02.forecasting.attempt_forecasting|forecasting_svc_02.forecasting.detail_forecasting|forecasting_svc_02.forecasting.item_forecasting|forecasting_svc_02.forecasting.movement_forecasting|forecasting_svc_02.forecasting.request_forecasting|forecasting_svc_02.forecasting.reservation_forecasting|forecasting_svc_02.forecasting.response_forecasting|forecasting_svc_02.forecasting.snapshot_forecasting|forecasting_svc_02.forecasting.transaction_forecasting,10,0,applications/backend/services/forecasting/forecasting-02,/api/v1/forecasting/02,domain-forecasting,forecasting-02,DOMAIN_POLICY_PENDING,PLANNED
993,80,forecasting,forecasting-platform,svc-0793,forecasting-03,team-080,10,pg-cluster-721|pg-cluster-722|pg-cluster-723|pg-cluster-724|pg-cluster-725|pg-cluster-726|pg-cluster-727|pg-cluster-728|pg-cluster-729|pg-cluster-730,forecasting_svc_03,forecasting,10,forecasting_svc_03.forecasting.adjustment_forecasting|forecasting_svc_03.forecasting.campaign_forecasting|forecasting_svc_03.forecasting.configuration_forecasting|forecasting_svc_03.forecasting.document_forecasting|forecasting_svc_03.forecasting.metric_forecasting|forecasting_svc_03.forecasting.offer_forecasting|forecasting_svc_03.forecasting.policy_forecasting|forecasting_svc_03.forecasting.redemption_forecasting|forecasting_svc_03.forecasting.score_forecasting|forecasting_svc_03.forecasting.segment_forecasting,10,0,applications/backend/services/forecasting/forecasting-03,/api/v1/forecasting/03,domain-forecasting,forecasting-03,DOMAIN_POLICY_PENDING,PLANNED
994,80,forecasting,forecasting-platform,svc-0794,forecasting-04,team-080,10,pg-cluster-731|pg-cluster-732|pg-cluster-733|pg-cluster-734|pg-cluster-735|pg-cluster-736|pg-cluster-737|pg-cluster-738|pg-cluster-739|pg-cluster-740,forecasting_svc_04,forecasting,10,forecasting_svc_04.forecasting.balance_forecasting|forecasting_svc_04.forecasting.batch_forecasting|forecasting_svc_04.forecasting.checkpoint_forecasting|forecasting_svc_04.forecasting.exception_forecasting|forecasting_svc_04.forecasting.invoice_forecasting|forecasting_svc_04.forecasting.job_forecasting|forecasting_svc_04.forecasting.ledger_forecasting|forecasting_svc_04.forecasting.line_forecasting|forecasting_svc_04.forecasting.run_forecasting|forecasting_svc_04.forecasting.task_forecasting,10,0,applications/backend/services/forecasting/forecasting-04,/api/v1/forecasting/04,domain-forecasting,forecasting-04,DOMAIN_POLICY_PENDING,PLANNED
995,80,forecasting,forecasting-platform,svc-0795,forecasting-05,team-080,10,pg-cluster-741|pg-cluster-742|pg-cluster-743|pg-cluster-744|pg-cluster-745|pg-cluster-746|pg-cluster-747|pg-cluster-748|pg-cluster-749|pg-cluster-750,forecasting_svc_05,forecasting,10,forecasting_svc_05.forecasting.alert_forecasting|forecasting_svc_05.forecasting.approval_forecasting|forecasting_svc_05.forecasting.assignment_forecasting|forecasting_svc_05.forecasting.availability_forecasting|forecasting_svc_05.forecasting.capacity_forecasting|forecasting_svc_05.forecasting.case_forecasting|forecasting_svc_05.forecasting.decision_forecasting|forecasting_svc_05.forecasting.forecast_forecasting|forecasting_svc_05.forecasting.schedule_forecasting|forecasting_svc_05.forecasting.workflow_forecasting,10,0,applications/backend/services/forecasting/forecasting-05,/api/v1/forecasting/05,domain-forecasting,forecasting-05,DOMAIN_POLICY_PENDING,PLANNED
996,80,forecasting,forecasting-platform,svc-0796,forecasting-06,team-080,10,pg-cluster-751|pg-cluster-752|pg-cluster-753|pg-cluster-754|pg-cluster-755|pg-cluster-756|pg-cluster-757|pg-cluster-758|pg-cluster-759|pg-cluster-760,forecasting_svc_06,forecasting,10,forecasting_svc_06.forecasting.attribute_forecasting|forecasting_svc_06.forecasting.category_forecasting|forecasting_svc_06.forecasting.collection_forecasting|forecasting_svc_06.forecasting.media_forecasting|forecasting_svc_06.forecasting.plan_forecasting|forecasting_svc_06.forecasting.ranking_forecasting|forecasting_svc_06.forecasting.relationship_forecasting|forecasting_svc_06.forecasting.target_forecasting|forecasting_svc_06.forecasting.threshold_forecasting|forecasting_svc_06.forecasting.variant_forecasting,10,0,applications/backend/services/forecasting/forecasting-06,/api/v1/forecasting/06,domain-forecasting,forecasting-06,DOMAIN_POLICY_PENDING,PLANNED
997,80,forecasting,forecasting-platform,svc-0797,forecasting-07,team-080,10,pg-cluster-761|pg-cluster-762|pg-cluster-763|pg-cluster-764|pg-cluster-765|pg-cluster-766|pg-cluster-767|pg-cluster-768|pg-cluster-769|pg-cluster-770,forecasting_svc_07,forecasting,10,forecasting_svc_07.forecasting.attribution_forecasting|forecasting_svc_07.forecasting.channel_forecasting|forecasting_svc_07.forecasting.click_forecasting|forecasting_svc_07.forecasting.conversion_forecasting|forecasting_svc_07.forecasting.delivery_forecasting|forecasting_svc_07.forecasting.impression_forecasting|forecasting_svc_07.forecasting.message_forecasting|forecasting_svc_07.forecasting.query_forecasting|forecasting_svc_07.forecasting.result_forecasting|forecasting_svc_07.forecasting.template_forecasting,10,0,applications/backend/services/forecasting/forecasting-07,/api/v1/forecasting/07,domain-forecasting,forecasting-07,DOMAIN_POLICY_PENDING,PLANNED
998,80,forecasting,forecasting-platform,svc-0798,forecasting-08,team-080,10,pg-cluster-771|pg-cluster-772|pg-cluster-773|pg-cluster-774|pg-cluster-775|pg-cluster-776|pg-cluster-777|pg-cluster-778|pg-cluster-779|pg-cluster-780,forecasting_svc_08,forecasting,10,forecasting_svc_08.forecasting.contract_forecasting|forecasting_svc_08.forecasting.fee_forecasting|forecasting_svc_08.forecasting.partner_forecasting|forecasting_svc_08.forecasting.payout_forecasting|forecasting_svc_08.forecasting.price_forecasting|forecasting_svc_08.forecasting.provider_forecasting|forecasting_svc_08.forecasting.rate_forecasting|forecasting_svc_08.forecasting.reconciliation_forecasting|forecasting_svc_08.forecasting.settlement_forecasting|forecasting_svc_08.forecasting.tax_forecasting,10,0,applications/backend/services/forecasting/forecasting-08,/api/v1/forecasting/08,domain-forecasting,forecasting-08,DOMAIN_POLICY_PENDING,PLANNED
999,80,forecasting,forecasting-platform,svc-0799,forecasting-09,team-080,10,pg-cluster-781|pg-cluster-782|pg-cluster-783|pg-cluster-784|pg-cluster-785|pg-cluster-786|pg-cluster-787|pg-cluster-788|pg-cluster-789|pg-cluster-790,forecasting_svc_09,forecasting,10,forecasting_svc_09.forecasting.bin_forecasting|forecasting_svc_09.forecasting.package_forecasting|forecasting_svc_09.forecasting.refund_forecasting|forecasting_svc_09.forecasting.return_forecasting|forecasting_svc_09.forecasting.route_forecasting|forecasting_svc_09.forecasting.shipment_forecasting|forecasting_svc_09.forecasting.stock_forecasting|forecasting_svc_09.forecasting.stop_forecasting|forecasting_svc_09.forecasting.tracking_forecasting|forecasting_svc_09.forecasting.warehouse_forecasting,10,0,applications/backend/services/forecasting/forecasting-09,/api/v1/forecasting/09,domain-forecasting,forecasting-09,DOMAIN_POLICY_PENDING,PLANNED
1000,80,forecasting,forecasting-platform,svc-0800,forecasting-10,team-080,10,pg-cluster-791|pg-cluster-792|pg-cluster-793|pg-cluster-794|pg-cluster-795|pg-cluster-796|pg-cluster-797|pg-cluster-798|pg-cluster-799|pg-cluster-800,forecasting_svc_10,forecasting,10,forecasting_svc_10.forecasting.consent_forecasting|forecasting_svc_10.forecasting.device_forecasting|forecasting_svc_10.forecasting.feedback_forecasting|forecasting_svc_10.forecasting.location_forecasting|forecasting_svc_10.forecasting.owner_forecasting|forecasting_svc_10.forecasting.permission_forecasting|forecasting_svc_10.forecasting.rating_forecasting|forecasting_svc_10.forecasting.review_forecasting|forecasting_svc_10.forecasting.role_forecasting|forecasting_svc_10.forecasting.token_forecasting,10,0,applications/backend/services/forecasting/forecasting-10,/api/v1/forecasting/10,domain-forecasting,forecasting-10,DOMAIN_POLICY_PENDING,PLANNED
1001,81,planning,planning-platform,svc-0801,planning-01,team-081,10,pg-cluster-001|pg-cluster-002|pg-cluster-003|pg-cluster-004|pg-cluster-005|pg-cluster-006|pg-cluster-007|pg-cluster-008|pg-cluster-009|pg-cluster-010,planning_svc_01,planning,10,planning_svc_01.planning.account_planning|planning_svc_01.planning.address_planning|planning_svc_01.planning.event_planning|planning_svc_01.planning.history_planning|planning_svc_01.planning.mapping_planning|planning_svc_01.planning.preference_planning|planning_svc_01.planning.profile_planning|planning_svc_01.planning.rule_planning|planning_svc_01.planning.session_planning|planning_svc_01.planning.status_planning,10,0,applications/backend/services/planning/planning-01,/api/v1/planning/01,domain-planning,planning-01,DOMAIN_POLICY_PENDING,PLANNED
1002,81,planning,planning-platform,svc-0802,planning-02,team-081,10,pg-cluster-011|pg-cluster-012|pg-cluster-013|pg-cluster-014|pg-cluster-015|pg-cluster-016|pg-cluster-017|pg-cluster-018|pg-cluster-019|pg-cluster-020,planning_svc_02,planning,10,planning_svc_02.planning.allocation_planning|planning_svc_02.planning.attempt_planning|planning_svc_02.planning.detail_planning|planning_svc_02.planning.item_planning|planning_svc_02.planning.movement_planning|planning_svc_02.planning.request_planning|planning_svc_02.planning.reservation_planning|planning_svc_02.planning.response_planning|planning_svc_02.planning.snapshot_planning|planning_svc_02.planning.transaction_planning,10,0,applications/backend/services/planning/planning-02,/api/v1/planning/02,domain-planning,planning-02,DOMAIN_POLICY_PENDING,PLANNED
1003,81,planning,planning-platform,svc-0803,planning-03,team-081,10,pg-cluster-021|pg-cluster-022|pg-cluster-023|pg-cluster-024|pg-cluster-025|pg-cluster-026|pg-cluster-027|pg-cluster-028|pg-cluster-029|pg-cluster-030,planning_svc_03,planning,10,planning_svc_03.planning.adjustment_planning|planning_svc_03.planning.campaign_planning|planning_svc_03.planning.configuration_planning|planning_svc_03.planning.document_planning|planning_svc_03.planning.metric_planning|planning_svc_03.planning.offer_planning|planning_svc_03.planning.policy_planning|planning_svc_03.planning.redemption_planning|planning_svc_03.planning.score_planning|planning_svc_03.planning.segment_planning,10,0,applications/backend/services/planning/planning-03,/api/v1/planning/03,domain-planning,planning-03,DOMAIN_POLICY_PENDING,PLANNED
1004,81,planning,planning-platform,svc-0804,planning-04,team-081,10,pg-cluster-031|pg-cluster-032|pg-cluster-033|pg-cluster-034|pg-cluster-035|pg-cluster-036|pg-cluster-037|pg-cluster-038|pg-cluster-039|pg-cluster-040,planning_svc_04,planning,10,planning_svc_04.planning.balance_planning|planning_svc_04.planning.batch_planning|planning_svc_04.planning.checkpoint_planning|planning_svc_04.planning.exception_planning|planning_svc_04.planning.invoice_planning|planning_svc_04.planning.job_planning|planning_svc_04.planning.ledger_planning|planning_svc_04.planning.line_planning|planning_svc_04.planning.run_planning|planning_svc_04.planning.task_planning,10,0,applications/backend/services/planning/planning-04,/api/v1/planning/04,domain-planning,planning-04,DOMAIN_POLICY_PENDING,PLANNED
1005,81,planning,planning-platform,svc-0805,planning-05,team-081,10,pg-cluster-041|pg-cluster-042|pg-cluster-043|pg-cluster-044|pg-cluster-045|pg-cluster-046|pg-cluster-047|pg-cluster-048|pg-cluster-049|pg-cluster-050,planning_svc_05,planning,10,planning_svc_05.planning.alert_planning|planning_svc_05.planning.approval_planning|planning_svc_05.planning.assignment_planning|planning_svc_05.planning.availability_planning|planning_svc_05.planning.capacity_planning|planning_svc_05.planning.case_planning|planning_svc_05.planning.decision_planning|planning_svc_05.planning.forecast_planning|planning_svc_05.planning.schedule_planning|planning_svc_05.planning.workflow_planning,10,0,applications/backend/services/planning/planning-05,/api/v1/planning/05,domain-planning,planning-05,DOMAIN_POLICY_PENDING,PLANNED
1006,81,planning,planning-platform,svc-0806,planning-06,team-081,10,pg-cluster-051|pg-cluster-052|pg-cluster-053|pg-cluster-054|pg-cluster-055|pg-cluster-056|pg-cluster-057|pg-cluster-058|pg-cluster-059|pg-cluster-060,planning_svc_06,planning,10,planning_svc_06.planning.attribute_planning|planning_svc_06.planning.category_planning|planning_svc_06.planning.collection_planning|planning_svc_06.planning.media_planning|planning_svc_06.planning.plan_planning|planning_svc_06.planning.ranking_planning|planning_svc_06.planning.relationship_planning|planning_svc_06.planning.target_planning|planning_svc_06.planning.threshold_planning|planning_svc_06.planning.variant_planning,10,0,applications/backend/services/planning/planning-06,/api/v1/planning/06,domain-planning,planning-06,DOMAIN_POLICY_PENDING,PLANNED
1007,81,planning,planning-platform,svc-0807,planning-07,team-081,10,pg-cluster-061|pg-cluster-062|pg-cluster-063|pg-cluster-064|pg-cluster-065|pg-cluster-066|pg-cluster-067|pg-cluster-068|pg-cluster-069|pg-cluster-070,planning_svc_07,planning,10,planning_svc_07.planning.attribution_planning|planning_svc_07.planning.channel_planning|planning_svc_07.planning.click_planning|planning_svc_07.planning.conversion_planning|planning_svc_07.planning.delivery_planning|planning_svc_07.planning.impression_planning|planning_svc_07.planning.message_planning|planning_svc_07.planning.query_planning|planning_svc_07.planning.result_planning|planning_svc_07.planning.template_planning,10,0,applications/backend/services/planning/planning-07,/api/v1/planning/07,domain-planning,planning-07,DOMAIN_POLICY_PENDING,PLANNED
1008,81,planning,planning-platform,svc-0808,planning-08,team-081,10,pg-cluster-071|pg-cluster-072|pg-cluster-073|pg-cluster-074|pg-cluster-075|pg-cluster-076|pg-cluster-077|pg-cluster-078|pg-cluster-079|pg-cluster-080,planning_svc_08,planning,10,planning_svc_08.planning.contract_planning|planning_svc_08.planning.fee_planning|planning_svc_08.planning.partner_planning|planning_svc_08.planning.payout_planning|planning_svc_08.planning.price_planning|planning_svc_08.planning.provider_planning|planning_svc_08.planning.rate_planning|planning_svc_08.planning.reconciliation_planning|planning_svc_08.planning.settlement_planning|planning_svc_08.planning.tax_planning,10,0,applications/backend/services/planning/planning-08,/api/v1/planning/08,domain-planning,planning-08,DOMAIN_POLICY_PENDING,PLANNED
1009,81,planning,planning-platform,svc-0809,planning-09,team-081,10,pg-cluster-081|pg-cluster-082|pg-cluster-083|pg-cluster-084|pg-cluster-085|pg-cluster-086|pg-cluster-087|pg-cluster-088|pg-cluster-089|pg-cluster-090,planning_svc_09,planning,10,planning_svc_09.planning.bin_planning|planning_svc_09.planning.package_planning|planning_svc_09.planning.refund_planning|planning_svc_09.planning.return_planning|planning_svc_09.planning.route_planning|planning_svc_09.planning.shipment_planning|planning_svc_09.planning.stock_planning|planning_svc_09.planning.stop_planning|planning_svc_09.planning.tracking_planning|planning_svc_09.planning.warehouse_planning,10,0,applications/backend/services/planning/planning-09,/api/v1/planning/09,domain-planning,planning-09,DOMAIN_POLICY_PENDING,PLANNED
1010,81,planning,planning-platform,svc-0810,planning-10,team-081,10,pg-cluster-091|pg-cluster-092|pg-cluster-093|pg-cluster-094|pg-cluster-095|pg-cluster-096|pg-cluster-097|pg-cluster-098|pg-cluster-099|pg-cluster-100,planning_svc_10,planning,10,planning_svc_10.planning.consent_planning|planning_svc_10.planning.device_planning|planning_svc_10.planning.feedback_planning|planning_svc_10.planning.location_planning|planning_svc_10.planning.owner_planning|planning_svc_10.planning.permission_planning|planning_svc_10.planning.rating_planning|planning_svc_10.planning.review_planning|planning_svc_10.planning.role_planning|planning_svc_10.planning.token_planning,10,0,applications/backend/services/planning/planning-10,/api/v1/planning/10,domain-planning,planning-10,DOMAIN_POLICY_PENDING,PLANNED
1011,82,demand,demand-platform,svc-0811,demand-01,team-082,10,pg-cluster-101|pg-cluster-102|pg-cluster-103|pg-cluster-104|pg-cluster-105|pg-cluster-106|pg-cluster-107|pg-cluster-108|pg-cluster-109|pg-cluster-110,demand_svc_01,demand,10,demand_svc_01.demand.account_demand|demand_svc_01.demand.address_demand|demand_svc_01.demand.event_demand|demand_svc_01.demand.history_demand|demand_svc_01.demand.mapping_demand|demand_svc_01.demand.preference_demand|demand_svc_01.demand.profile_demand|demand_svc_01.demand.rule_demand|demand_svc_01.demand.session_demand|demand_svc_01.demand.status_demand,10,0,applications/backend/services/demand/demand-01,/api/v1/demand/01,domain-demand,demand-01,DOMAIN_POLICY_PENDING,PLANNED
1012,82,demand,demand-platform,svc-0812,demand-02,team-082,10,pg-cluster-111|pg-cluster-112|pg-cluster-113|pg-cluster-114|pg-cluster-115|pg-cluster-116|pg-cluster-117|pg-cluster-118|pg-cluster-119|pg-cluster-120,demand_svc_02,demand,10,demand_svc_02.demand.allocation_demand|demand_svc_02.demand.attempt_demand|demand_svc_02.demand.detail_demand|demand_svc_02.demand.item_demand|demand_svc_02.demand.movement_demand|demand_svc_02.demand.request_demand|demand_svc_02.demand.reservation_demand|demand_svc_02.demand.response_demand|demand_svc_02.demand.snapshot_demand|demand_svc_02.demand.transaction_demand,10,0,applications/backend/services/demand/demand-02,/api/v1/demand/02,domain-demand,demand-02,DOMAIN_POLICY_PENDING,PLANNED
1013,82,demand,demand-platform,svc-0813,demand-03,team-082,10,pg-cluster-121|pg-cluster-122|pg-cluster-123|pg-cluster-124|pg-cluster-125|pg-cluster-126|pg-cluster-127|pg-cluster-128|pg-cluster-129|pg-cluster-130,demand_svc_03,demand,10,demand_svc_03.demand.adjustment_demand|demand_svc_03.demand.campaign_demand|demand_svc_03.demand.configuration_demand|demand_svc_03.demand.document_demand|demand_svc_03.demand.metric_demand|demand_svc_03.demand.offer_demand|demand_svc_03.demand.policy_demand|demand_svc_03.demand.redemption_demand|demand_svc_03.demand.score_demand|demand_svc_03.demand.segment_demand,10,0,applications/backend/services/demand/demand-03,/api/v1/demand/03,domain-demand,demand-03,DOMAIN_POLICY_PENDING,PLANNED
1014,82,demand,demand-platform,svc-0814,demand-04,team-082,10,pg-cluster-131|pg-cluster-132|pg-cluster-133|pg-cluster-134|pg-cluster-135|pg-cluster-136|pg-cluster-137|pg-cluster-138|pg-cluster-139|pg-cluster-140,demand_svc_04,demand,10,demand_svc_04.demand.balance_demand|demand_svc_04.demand.batch_demand|demand_svc_04.demand.checkpoint_demand|demand_svc_04.demand.exception_demand|demand_svc_04.demand.invoice_demand|demand_svc_04.demand.job_demand|demand_svc_04.demand.ledger_demand|demand_svc_04.demand.line_demand|demand_svc_04.demand.run_demand|demand_svc_04.demand.task_demand,10,0,applications/backend/services/demand/demand-04,/api/v1/demand/04,domain-demand,demand-04,DOMAIN_POLICY_PENDING,PLANNED
1015,82,demand,demand-platform,svc-0815,demand-05,team-082,10,pg-cluster-141|pg-cluster-142|pg-cluster-143|pg-cluster-144|pg-cluster-145|pg-cluster-146|pg-cluster-147|pg-cluster-148|pg-cluster-149|pg-cluster-150,demand_svc_05,demand,10,demand_svc_05.demand.alert_demand|demand_svc_05.demand.approval_demand|demand_svc_05.demand.assignment_demand|demand_svc_05.demand.availability_demand|demand_svc_05.demand.capacity_demand|demand_svc_05.demand.case_demand|demand_svc_05.demand.decision_demand|demand_svc_05.demand.forecast_demand|demand_svc_05.demand.schedule_demand|demand_svc_05.demand.workflow_demand,10,0,applications/backend/services/demand/demand-05,/api/v1/demand/05,domain-demand,demand-05,DOMAIN_POLICY_PENDING,PLANNED
1016,82,demand,demand-platform,svc-0816,demand-06,team-082,10,pg-cluster-151|pg-cluster-152|pg-cluster-153|pg-cluster-154|pg-cluster-155|pg-cluster-156|pg-cluster-157|pg-cluster-158|pg-cluster-159|pg-cluster-160,demand_svc_06,demand,10,demand_svc_06.demand.attribute_demand|demand_svc_06.demand.category_demand|demand_svc_06.demand.collection_demand|demand_svc_06.demand.media_demand|demand_svc_06.demand.plan_demand|demand_svc_06.demand.ranking_demand|demand_svc_06.demand.relationship_demand|demand_svc_06.demand.target_demand|demand_svc_06.demand.threshold_demand|demand_svc_06.demand.variant_demand,10,0,applications/backend/services/demand/demand-06,/api/v1/demand/06,domain-demand,demand-06,DOMAIN_POLICY_PENDING,PLANNED
1017,82,demand,demand-platform,svc-0817,demand-07,team-082,10,pg-cluster-161|pg-cluster-162|pg-cluster-163|pg-cluster-164|pg-cluster-165|pg-cluster-166|pg-cluster-167|pg-cluster-168|pg-cluster-169|pg-cluster-170,demand_svc_07,demand,10,demand_svc_07.demand.attribution_demand|demand_svc_07.demand.channel_demand|demand_svc_07.demand.click_demand|demand_svc_07.demand.conversion_demand|demand_svc_07.demand.delivery_demand|demand_svc_07.demand.impression_demand|demand_svc_07.demand.message_demand|demand_svc_07.demand.query_demand|demand_svc_07.demand.result_demand|demand_svc_07.demand.template_demand,10,0,applications/backend/services/demand/demand-07,/api/v1/demand/07,domain-demand,demand-07,DOMAIN_POLICY_PENDING,PLANNED
1018,82,demand,demand-platform,svc-0818,demand-08,team-082,10,pg-cluster-171|pg-cluster-172|pg-cluster-173|pg-cluster-174|pg-cluster-175|pg-cluster-176|pg-cluster-177|pg-cluster-178|pg-cluster-179|pg-cluster-180,demand_svc_08,demand,10,demand_svc_08.demand.contract_demand|demand_svc_08.demand.fee_demand|demand_svc_08.demand.partner_demand|demand_svc_08.demand.payout_demand|demand_svc_08.demand.price_demand|demand_svc_08.demand.provider_demand|demand_svc_08.demand.rate_demand|demand_svc_08.demand.reconciliation_demand|demand_svc_08.demand.settlement_demand|demand_svc_08.demand.tax_demand,10,0,applications/backend/services/demand/demand-08,/api/v1/demand/08,domain-demand,demand-08,DOMAIN_POLICY_PENDING,PLANNED
1019,82,demand,demand-platform,svc-0819,demand-09,team-082,10,pg-cluster-181|pg-cluster-182|pg-cluster-183|pg-cluster-184|pg-cluster-185|pg-cluster-186|pg-cluster-187|pg-cluster-188|pg-cluster-189|pg-cluster-190,demand_svc_09,demand,10,demand_svc_09.demand.bin_demand|demand_svc_09.demand.package_demand|demand_svc_09.demand.refund_demand|demand_svc_09.demand.return_demand|demand_svc_09.demand.route_demand|demand_svc_09.demand.shipment_demand|demand_svc_09.demand.stock_demand|demand_svc_09.demand.stop_demand|demand_svc_09.demand.tracking_demand|demand_svc_09.demand.warehouse_demand,10,0,applications/backend/services/demand/demand-09,/api/v1/demand/09,domain-demand,demand-09,DOMAIN_POLICY_PENDING,PLANNED
1020,82,demand,demand-platform,svc-0820,demand-10,team-082,10,pg-cluster-191|pg-cluster-192|pg-cluster-193|pg-cluster-194|pg-cluster-195|pg-cluster-196|pg-cluster-197|pg-cluster-198|pg-cluster-199|pg-cluster-200,demand_svc_10,demand,10,demand_svc_10.demand.consent_demand|demand_svc_10.demand.device_demand|demand_svc_10.demand.feedback_demand|demand_svc_10.demand.location_demand|demand_svc_10.demand.owner_demand|demand_svc_10.demand.permission_demand|demand_svc_10.demand.rating_demand|demand_svc_10.demand.review_demand|demand_svc_10.demand.role_demand|demand_svc_10.demand.token_demand,10,0,applications/backend/services/demand/demand-10,/api/v1/demand/10,domain-demand,demand-10,DOMAIN_POLICY_PENDING,PLANNED
1021,83,supply_chain,supply_chain-platform,svc-0821,supply_chain-01,team-083,10,pg-cluster-201|pg-cluster-202|pg-cluster-203|pg-cluster-204|pg-cluster-205|pg-cluster-206|pg-cluster-207|pg-cluster-208|pg-cluster-209|pg-cluster-210,supply_chain_svc_01,supply_chain,10,supply_chain_svc_01.supply_chain.account_supply_chain|supply_chain_svc_01.supply_chain.address_supply_chain|supply_chain_svc_01.supply_chain.event_supply_chain|supply_chain_svc_01.supply_chain.history_supply_chain|supply_chain_svc_01.supply_chain.mapping_supply_chain|supply_chain_svc_01.supply_chain.preference_supply_chain|supply_chain_svc_01.supply_chain.profile_supply_chain|supply_chain_svc_01.supply_chain.rule_supply_chain|supply_chain_svc_01.supply_chain.session_supply_chain|supply_chain_svc_01.supply_chain.status_supply_chain,10,0,applications/backend/services/supply_chain/supply_chain-01,/api/v1/supply_chain/01,domain-supply_chain,supply_chain-01,DOMAIN_POLICY_PENDING,PLANNED
1022,83,supply_chain,supply_chain-platform,svc-0822,supply_chain-02,team-083,10,pg-cluster-211|pg-cluster-212|pg-cluster-213|pg-cluster-214|pg-cluster-215|pg-cluster-216|pg-cluster-217|pg-cluster-218|pg-cluster-219|pg-cluster-220,supply_chain_svc_02,supply_chain,10,supply_chain_svc_02.supply_chain.allocation_supply_chain|supply_chain_svc_02.supply_chain.attempt_supply_chain|supply_chain_svc_02.supply_chain.detail_supply_chain|supply_chain_svc_02.supply_chain.item_supply_chain|supply_chain_svc_02.supply_chain.movement_supply_chain|supply_chain_svc_02.supply_chain.request_supply_chain|supply_chain_svc_02.supply_chain.reservation_supply_chain|supply_chain_svc_02.supply_chain.response_supply_chain|supply_chain_svc_02.supply_chain.snapshot_supply_chain|supply_chain_svc_02.supply_chain.transaction_supply_chain,10,0,applications/backend/services/supply_chain/supply_chain-02,/api/v1/supply_chain/02,domain-supply_chain,supply_chain-02,DOMAIN_POLICY_PENDING,PLANNED
1023,83,supply_chain,supply_chain-platform,svc-0823,supply_chain-03,team-083,10,pg-cluster-221|pg-cluster-222|pg-cluster-223|pg-cluster-224|pg-cluster-225|pg-cluster-226|pg-cluster-227|pg-cluster-228|pg-cluster-229|pg-cluster-230,supply_chain_svc_03,supply_chain,10,supply_chain_svc_03.supply_chain.adjustment_supply_chain|supply_chain_svc_03.supply_chain.campaign_supply_chain|supply_chain_svc_03.supply_chain.configuration_supply_chain|supply_chain_svc_03.supply_chain.document_supply_chain|supply_chain_svc_03.supply_chain.metric_supply_chain|supply_chain_svc_03.supply_chain.offer_supply_chain|supply_chain_svc_03.supply_chain.policy_supply_chain|supply_chain_svc_03.supply_chain.redemption_supply_chain|supply_chain_svc_03.supply_chain.score_supply_chain|supply_chain_svc_03.supply_chain.segment_supply_chain,10,0,applications/backend/services/supply_chain/supply_chain-03,/api/v1/supply_chain/03,domain-supply_chain,supply_chain-03,DOMAIN_POLICY_PENDING,PLANNED
1024,83,supply_chain,supply_chain-platform,svc-0824,supply_chain-04,team-083,10,pg-cluster-231|pg-cluster-232|pg-cluster-233|pg-cluster-234|pg-cluster-235|pg-cluster-236|pg-cluster-237|pg-cluster-238|pg-cluster-239|pg-cluster-240,supply_chain_svc_04,supply_chain,10,supply_chain_svc_04.supply_chain.balance_supply_chain|supply_chain_svc_04.supply_chain.batch_supply_chain|supply_chain_svc_04.supply_chain.checkpoint_supply_chain|supply_chain_svc_04.supply_chain.exception_supply_chain|supply_chain_svc_04.supply_chain.invoice_supply_chain|supply_chain_svc_04.supply_chain.job_supply_chain|supply_chain_svc_04.supply_chain.ledger_supply_chain|supply_chain_svc_04.supply_chain.line_supply_chain|supply_chain_svc_04.supply_chain.run_supply_chain|supply_chain_svc_04.supply_chain.task_supply_chain,10,0,applications/backend/services/supply_chain/supply_chain-04,/api/v1/supply_chain/04,domain-supply_chain,supply_chain-04,DOMAIN_POLICY_PENDING,PLANNED
1025,83,supply_chain,supply_chain-platform,svc-0825,supply_chain-05,team-083,10,pg-cluster-241|pg-cluster-242|pg-cluster-243|pg-cluster-244|pg-cluster-245|pg-cluster-246|pg-cluster-247|pg-cluster-248|pg-cluster-249|pg-cluster-250,supply_chain_svc_05,supply_chain,10,supply_chain_svc_05.supply_chain.alert_supply_chain|supply_chain_svc_05.supply_chain.approval_supply_chain|supply_chain_svc_05.supply_chain.assignment_supply_chain|supply_chain_svc_05.supply_chain.availability_supply_chain|supply_chain_svc_05.supply_chain.capacity_supply_chain|supply_chain_svc_05.supply_chain.case_supply_chain|supply_chain_svc_05.supply_chain.decision_supply_chain|supply_chain_svc_05.supply_chain.forecast_supply_chain|supply_chain_svc_05.supply_chain.schedule_supply_chain|supply_chain_svc_05.supply_chain.workflow_supply_chain,10,0,applications/backend/services/supply_chain/supply_chain-05,/api/v1/supply_chain/05,domain-supply_chain,supply_chain-05,DOMAIN_POLICY_PENDING,PLANNED
1026,83,supply_chain,supply_chain-platform,svc-0826,supply_chain-06,team-083,10,pg-cluster-251|pg-cluster-252|pg-cluster-253|pg-cluster-254|pg-cluster-255|pg-cluster-256|pg-cluster-257|pg-cluster-258|pg-cluster-259|pg-cluster-260,supply_chain_svc_06,supply_chain,10,supply_chain_svc_06.supply_chain.attribute_supply_chain|supply_chain_svc_06.supply_chain.category_supply_chain|supply_chain_svc_06.supply_chain.collection_supply_chain|supply_chain_svc_06.supply_chain.media_supply_chain|supply_chain_svc_06.supply_chain.plan_supply_chain|supply_chain_svc_06.supply_chain.ranking_supply_chain|supply_chain_svc_06.supply_chain.relationship_supply_chain|supply_chain_svc_06.supply_chain.target_supply_chain|supply_chain_svc_06.supply_chain.threshold_supply_chain|supply_chain_svc_06.supply_chain.variant_supply_chain,10,0,applications/backend/services/supply_chain/supply_chain-06,/api/v1/supply_chain/06,domain-supply_chain,supply_chain-06,DOMAIN_POLICY_PENDING,PLANNED
1027,83,supply_chain,supply_chain-platform,svc-0827,supply_chain-07,team-083,10,pg-cluster-261|pg-cluster-262|pg-cluster-263|pg-cluster-264|pg-cluster-265|pg-cluster-266|pg-cluster-267|pg-cluster-268|pg-cluster-269|pg-cluster-270,supply_chain_svc_07,supply_chain,10,supply_chain_svc_07.supply_chain.attribution_supply_chain|supply_chain_svc_07.supply_chain.channel_supply_chain|supply_chain_svc_07.supply_chain.click_supply_chain|supply_chain_svc_07.supply_chain.conversion_supply_chain|supply_chain_svc_07.supply_chain.delivery_supply_chain|supply_chain_svc_07.supply_chain.impression_supply_chain|supply_chain_svc_07.supply_chain.message_supply_chain|supply_chain_svc_07.supply_chain.query_supply_chain|supply_chain_svc_07.supply_chain.result_supply_chain|supply_chain_svc_07.supply_chain.template_supply_chain,10,0,applications/backend/services/supply_chain/supply_chain-07,/api/v1/supply_chain/07,domain-supply_chain,supply_chain-07,DOMAIN_POLICY_PENDING,PLANNED
1028,83,supply_chain,supply_chain-platform,svc-0828,supply_chain-08,team-083,10,pg-cluster-271|pg-cluster-272|pg-cluster-273|pg-cluster-274|pg-cluster-275|pg-cluster-276|pg-cluster-277|pg-cluster-278|pg-cluster-279|pg-cluster-280,supply_chain_svc_08,supply_chain,10,supply_chain_svc_08.supply_chain.contract_supply_chain|supply_chain_svc_08.supply_chain.fee_supply_chain|supply_chain_svc_08.supply_chain.partner_supply_chain|supply_chain_svc_08.supply_chain.payout_supply_chain|supply_chain_svc_08.supply_chain.price_supply_chain|supply_chain_svc_08.supply_chain.provider_supply_chain|supply_chain_svc_08.supply_chain.rate_supply_chain|supply_chain_svc_08.supply_chain.reconciliation_supply_chain|supply_chain_svc_08.supply_chain.settlement_supply_chain|supply_chain_svc_08.supply_chain.tax_supply_chain,10,0,applications/backend/services/supply_chain/supply_chain-08,/api/v1/supply_chain/08,domain-supply_chain,supply_chain-08,DOMAIN_POLICY_PENDING,PLANNED
1029,83,supply_chain,supply_chain-platform,svc-0829,supply_chain-09,team-083,10,pg-cluster-281|pg-cluster-282|pg-cluster-283|pg-cluster-284|pg-cluster-285|pg-cluster-286|pg-cluster-287|pg-cluster-288|pg-cluster-289|pg-cluster-290,supply_chain_svc_09,supply_chain,10,supply_chain_svc_09.supply_chain.bin_supply_chain|supply_chain_svc_09.supply_chain.package_supply_chain|supply_chain_svc_09.supply_chain.refund_supply_chain|supply_chain_svc_09.supply_chain.return_supply_chain|supply_chain_svc_09.supply_chain.route_supply_chain|supply_chain_svc_09.supply_chain.shipment_supply_chain|supply_chain_svc_09.supply_chain.stock_supply_chain|supply_chain_svc_09.supply_chain.stop_supply_chain|supply_chain_svc_09.supply_chain.tracking_supply_chain|supply_chain_svc_09.supply_chain.warehouse_supply_chain,10,0,applications/backend/services/supply_chain/supply_chain-09,/api/v1/supply_chain/09,domain-supply_chain,supply_chain-09,DOMAIN_POLICY_PENDING,PLANNED
1030,83,supply_chain,supply_chain-platform,svc-0830,supply_chain-10,team-083,10,pg-cluster-291|pg-cluster-292|pg-cluster-293|pg-cluster-294|pg-cluster-295|pg-cluster-296|pg-cluster-297|pg-cluster-298|pg-cluster-299|pg-cluster-300,supply_chain_svc_10,supply_chain,10,supply_chain_svc_10.supply_chain.consent_supply_chain|supply_chain_svc_10.supply_chain.device_supply_chain|supply_chain_svc_10.supply_chain.feedback_supply_chain|supply_chain_svc_10.supply_chain.location_supply_chain|supply_chain_svc_10.supply_chain.owner_supply_chain|supply_chain_svc_10.supply_chain.permission_supply_chain|supply_chain_svc_10.supply_chain.rating_supply_chain|supply_chain_svc_10.supply_chain.review_supply_chain|supply_chain_svc_10.supply_chain.role_supply_chain|supply_chain_svc_10.supply_chain.token_supply_chain,10,0,applications/backend/services/supply_chain/supply_chain-10,/api/v1/supply_chain/10,domain-supply_chain,supply_chain-10,DOMAIN_POLICY_PENDING,PLANNED
1031,84,transport,transport-platform,svc-0831,transport-01,team-084,10,pg-cluster-301|pg-cluster-302|pg-cluster-303|pg-cluster-304|pg-cluster-305|pg-cluster-306|pg-cluster-307|pg-cluster-308|pg-cluster-309|pg-cluster-310,transport_svc_01,transport,10,transport_svc_01.transport.account_transport|transport_svc_01.transport.address_transport|transport_svc_01.transport.event_transport|transport_svc_01.transport.history_transport|transport_svc_01.transport.mapping_transport|transport_svc_01.transport.preference_transport|transport_svc_01.transport.profile_transport|transport_svc_01.transport.rule_transport|transport_svc_01.transport.session_transport|transport_svc_01.transport.status_transport,10,0,applications/backend/services/transport/transport-01,/api/v1/transport/01,domain-transport,transport-01,DOMAIN_POLICY_PENDING,PLANNED
1032,84,transport,transport-platform,svc-0832,transport-02,team-084,10,pg-cluster-311|pg-cluster-312|pg-cluster-313|pg-cluster-314|pg-cluster-315|pg-cluster-316|pg-cluster-317|pg-cluster-318|pg-cluster-319|pg-cluster-320,transport_svc_02,transport,10,transport_svc_02.transport.allocation_transport|transport_svc_02.transport.attempt_transport|transport_svc_02.transport.detail_transport|transport_svc_02.transport.item_transport|transport_svc_02.transport.movement_transport|transport_svc_02.transport.request_transport|transport_svc_02.transport.reservation_transport|transport_svc_02.transport.response_transport|transport_svc_02.transport.snapshot_transport|transport_svc_02.transport.transaction_transport,10,0,applications/backend/services/transport/transport-02,/api/v1/transport/02,domain-transport,transport-02,DOMAIN_POLICY_PENDING,PLANNED
1033,84,transport,transport-platform,svc-0833,transport-03,team-084,10,pg-cluster-321|pg-cluster-322|pg-cluster-323|pg-cluster-324|pg-cluster-325|pg-cluster-326|pg-cluster-327|pg-cluster-328|pg-cluster-329|pg-cluster-330,transport_svc_03,transport,10,transport_svc_03.transport.adjustment_transport|transport_svc_03.transport.campaign_transport|transport_svc_03.transport.configuration_transport|transport_svc_03.transport.document_transport|transport_svc_03.transport.metric_transport|transport_svc_03.transport.offer_transport|transport_svc_03.transport.policy_transport|transport_svc_03.transport.redemption_transport|transport_svc_03.transport.score_transport|transport_svc_03.transport.segment_transport,10,0,applications/backend/services/transport/transport-03,/api/v1/transport/03,domain-transport,transport-03,DOMAIN_POLICY_PENDING,PLANNED
1034,84,transport,transport-platform,svc-0834,transport-04,team-084,10,pg-cluster-331|pg-cluster-332|pg-cluster-333|pg-cluster-334|pg-cluster-335|pg-cluster-336|pg-cluster-337|pg-cluster-338|pg-cluster-339|pg-cluster-340,transport_svc_04,transport,10,transport_svc_04.transport.balance_transport|transport_svc_04.transport.batch_transport|transport_svc_04.transport.checkpoint_transport|transport_svc_04.transport.exception_transport|transport_svc_04.transport.invoice_transport|transport_svc_04.transport.job_transport|transport_svc_04.transport.ledger_transport|transport_svc_04.transport.line_transport|transport_svc_04.transport.run_transport|transport_svc_04.transport.task_transport,10,0,applications/backend/services/transport/transport-04,/api/v1/transport/04,domain-transport,transport-04,DOMAIN_POLICY_PENDING,PLANNED
1035,84,transport,transport-platform,svc-0835,transport-05,team-084,10,pg-cluster-341|pg-cluster-342|pg-cluster-343|pg-cluster-344|pg-cluster-345|pg-cluster-346|pg-cluster-347|pg-cluster-348|pg-cluster-349|pg-cluster-350,transport_svc_05,transport,10,transport_svc_05.transport.alert_transport|transport_svc_05.transport.approval_transport|transport_svc_05.transport.assignment_transport|transport_svc_05.transport.availability_transport|transport_svc_05.transport.capacity_transport|transport_svc_05.transport.case_transport|transport_svc_05.transport.decision_transport|transport_svc_05.transport.forecast_transport|transport_svc_05.transport.schedule_transport|transport_svc_05.transport.workflow_transport,10,0,applications/backend/services/transport/transport-05,/api/v1/transport/05,domain-transport,transport-05,DOMAIN_POLICY_PENDING,PLANNED
1036,84,transport,transport-platform,svc-0836,transport-06,team-084,10,pg-cluster-351|pg-cluster-352|pg-cluster-353|pg-cluster-354|pg-cluster-355|pg-cluster-356|pg-cluster-357|pg-cluster-358|pg-cluster-359|pg-cluster-360,transport_svc_06,transport,10,transport_svc_06.transport.attribute_transport|transport_svc_06.transport.category_transport|transport_svc_06.transport.collection_transport|transport_svc_06.transport.media_transport|transport_svc_06.transport.plan_transport|transport_svc_06.transport.ranking_transport|transport_svc_06.transport.relationship_transport|transport_svc_06.transport.target_transport|transport_svc_06.transport.threshold_transport|transport_svc_06.transport.variant_transport,10,0,applications/backend/services/transport/transport-06,/api/v1/transport/06,domain-transport,transport-06,DOMAIN_POLICY_PENDING,PLANNED
1037,84,transport,transport-platform,svc-0837,transport-07,team-084,10,pg-cluster-361|pg-cluster-362|pg-cluster-363|pg-cluster-364|pg-cluster-365|pg-cluster-366|pg-cluster-367|pg-cluster-368|pg-cluster-369|pg-cluster-370,transport_svc_07,transport,10,transport_svc_07.transport.attribution_transport|transport_svc_07.transport.channel_transport|transport_svc_07.transport.click_transport|transport_svc_07.transport.conversion_transport|transport_svc_07.transport.delivery_transport|transport_svc_07.transport.impression_transport|transport_svc_07.transport.message_transport|transport_svc_07.transport.query_transport|transport_svc_07.transport.result_transport|transport_svc_07.transport.template_transport,10,0,applications/backend/services/transport/transport-07,/api/v1/transport/07,domain-transport,transport-07,DOMAIN_POLICY_PENDING,PLANNED
1038,84,transport,transport-platform,svc-0838,transport-08,team-084,10,pg-cluster-371|pg-cluster-372|pg-cluster-373|pg-cluster-374|pg-cluster-375|pg-cluster-376|pg-cluster-377|pg-cluster-378|pg-cluster-379|pg-cluster-380,transport_svc_08,transport,10,transport_svc_08.transport.contract_transport|transport_svc_08.transport.fee_transport|transport_svc_08.transport.partner_transport|transport_svc_08.transport.payout_transport|transport_svc_08.transport.price_transport|transport_svc_08.transport.provider_transport|transport_svc_08.transport.rate_transport|transport_svc_08.transport.reconciliation_transport|transport_svc_08.transport.settlement_transport|transport_svc_08.transport.tax_transport,10,0,applications/backend/services/transport/transport-08,/api/v1/transport/08,domain-transport,transport-08,DOMAIN_POLICY_PENDING,PLANNED
1039,84,transport,transport-platform,svc-0839,transport-09,team-084,10,pg-cluster-381|pg-cluster-382|pg-cluster-383|pg-cluster-384|pg-cluster-385|pg-cluster-386|pg-cluster-387|pg-cluster-388|pg-cluster-389|pg-cluster-390,transport_svc_09,transport,10,transport_svc_09.transport.bin_transport|transport_svc_09.transport.package_transport|transport_svc_09.transport.refund_transport|transport_svc_09.transport.return_transport|transport_svc_09.transport.route_transport|transport_svc_09.transport.shipment_transport|transport_svc_09.transport.stock_transport|transport_svc_09.transport.stop_transport|transport_svc_09.transport.tracking_transport|transport_svc_09.transport.warehouse_transport,10,0,applications/backend/services/transport/transport-09,/api/v1/transport/09,domain-transport,transport-09,DOMAIN_POLICY_PENDING,PLANNED
1040,84,transport,transport-platform,svc-0840,transport-10,team-084,10,pg-cluster-391|pg-cluster-392|pg-cluster-393|pg-cluster-394|pg-cluster-395|pg-cluster-396|pg-cluster-397|pg-cluster-398|pg-cluster-399|pg-cluster-400,transport_svc_10,transport,10,transport_svc_10.transport.consent_transport|transport_svc_10.transport.device_transport|transport_svc_10.transport.feedback_transport|transport_svc_10.transport.location_transport|transport_svc_10.transport.owner_transport|transport_svc_10.transport.permission_transport|transport_svc_10.transport.rating_transport|transport_svc_10.transport.review_transport|transport_svc_10.transport.role_transport|transport_svc_10.transport.token_transport,10,0,applications/backend/services/transport/transport-10,/api/v1/transport/10,domain-transport,transport-10,DOMAIN_POLICY_PENDING,PLANNED
1041,85,last_mile,last_mile-platform,svc-0841,last_mile-01,team-085,10,pg-cluster-401|pg-cluster-402|pg-cluster-403|pg-cluster-404|pg-cluster-405|pg-cluster-406|pg-cluster-407|pg-cluster-408|pg-cluster-409|pg-cluster-410,last_mile_svc_01,last_mile,10,last_mile_svc_01.last_mile.account_last_mile|last_mile_svc_01.last_mile.address_last_mile|last_mile_svc_01.last_mile.event_last_mile|last_mile_svc_01.last_mile.history_last_mile|last_mile_svc_01.last_mile.mapping_last_mile|last_mile_svc_01.last_mile.preference_last_mile|last_mile_svc_01.last_mile.profile_last_mile|last_mile_svc_01.last_mile.rule_last_mile|last_mile_svc_01.last_mile.session_last_mile|last_mile_svc_01.last_mile.status_last_mile,10,0,applications/backend/services/last_mile/last_mile-01,/api/v1/last_mile/01,domain-last_mile,last_mile-01,DOMAIN_POLICY_PENDING,PLANNED
1042,85,last_mile,last_mile-platform,svc-0842,last_mile-02,team-085,10,pg-cluster-411|pg-cluster-412|pg-cluster-413|pg-cluster-414|pg-cluster-415|pg-cluster-416|pg-cluster-417|pg-cluster-418|pg-cluster-419|pg-cluster-420,last_mile_svc_02,last_mile,10,last_mile_svc_02.last_mile.allocation_last_mile|last_mile_svc_02.last_mile.attempt_last_mile|last_mile_svc_02.last_mile.detail_last_mile|last_mile_svc_02.last_mile.item_last_mile|last_mile_svc_02.last_mile.movement_last_mile|last_mile_svc_02.last_mile.request_last_mile|last_mile_svc_02.last_mile.reservation_last_mile|last_mile_svc_02.last_mile.response_last_mile|last_mile_svc_02.last_mile.snapshot_last_mile|last_mile_svc_02.last_mile.transaction_last_mile,10,0,applications/backend/services/last_mile/last_mile-02,/api/v1/last_mile/02,domain-last_mile,last_mile-02,DOMAIN_POLICY_PENDING,PLANNED
1043,85,last_mile,last_mile-platform,svc-0843,last_mile-03,team-085,10,pg-cluster-421|pg-cluster-422|pg-cluster-423|pg-cluster-424|pg-cluster-425|pg-cluster-426|pg-cluster-427|pg-cluster-428|pg-cluster-429|pg-cluster-430,last_mile_svc_03,last_mile,10,last_mile_svc_03.last_mile.adjustment_last_mile|last_mile_svc_03.last_mile.campaign_last_mile|last_mile_svc_03.last_mile.configuration_last_mile|last_mile_svc_03.last_mile.document_last_mile|last_mile_svc_03.last_mile.metric_last_mile|last_mile_svc_03.last_mile.offer_last_mile|last_mile_svc_03.last_mile.policy_last_mile|last_mile_svc_03.last_mile.redemption_last_mile|last_mile_svc_03.last_mile.score_last_mile|last_mile_svc_03.last_mile.segment_last_mile,10,0,applications/backend/services/last_mile/last_mile-03,/api/v1/last_mile/03,domain-last_mile,last_mile-03,DOMAIN_POLICY_PENDING,PLANNED
1044,85,last_mile,last_mile-platform,svc-0844,last_mile-04,team-085,10,pg-cluster-431|pg-cluster-432|pg-cluster-433|pg-cluster-434|pg-cluster-435|pg-cluster-436|pg-cluster-437|pg-cluster-438|pg-cluster-439|pg-cluster-440,last_mile_svc_04,last_mile,10,last_mile_svc_04.last_mile.balance_last_mile|last_mile_svc_04.last_mile.batch_last_mile|last_mile_svc_04.last_mile.checkpoint_last_mile|last_mile_svc_04.last_mile.exception_last_mile|last_mile_svc_04.last_mile.invoice_last_mile|last_mile_svc_04.last_mile.job_last_mile|last_mile_svc_04.last_mile.ledger_last_mile|last_mile_svc_04.last_mile.line_last_mile|last_mile_svc_04.last_mile.run_last_mile|last_mile_svc_04.last_mile.task_last_mile,10,0,applications/backend/services/last_mile/last_mile-04,/api/v1/last_mile/04,domain-last_mile,last_mile-04,DOMAIN_POLICY_PENDING,PLANNED
1045,85,last_mile,last_mile-platform,svc-0845,last_mile-05,team-085,10,pg-cluster-441|pg-cluster-442|pg-cluster-443|pg-cluster-444|pg-cluster-445|pg-cluster-446|pg-cluster-447|pg-cluster-448|pg-cluster-449|pg-cluster-450,last_mile_svc_05,last_mile,10,last_mile_svc_05.last_mile.alert_last_mile|last_mile_svc_05.last_mile.approval_last_mile|last_mile_svc_05.last_mile.assignment_last_mile|last_mile_svc_05.last_mile.availability_last_mile|last_mile_svc_05.last_mile.capacity_last_mile|last_mile_svc_05.last_mile.case_last_mile|last_mile_svc_05.last_mile.decision_last_mile|last_mile_svc_05.last_mile.forecast_last_mile|last_mile_svc_05.last_mile.schedule_last_mile|last_mile_svc_05.last_mile.workflow_last_mile,10,0,applications/backend/services/last_mile/last_mile-05,/api/v1/last_mile/05,domain-last_mile,last_mile-05,DOMAIN_POLICY_PENDING,PLANNED
1046,85,last_mile,last_mile-platform,svc-0846,last_mile-06,team-085,10,pg-cluster-451|pg-cluster-452|pg-cluster-453|pg-cluster-454|pg-cluster-455|pg-cluster-456|pg-cluster-457|pg-cluster-458|pg-cluster-459|pg-cluster-460,last_mile_svc_06,last_mile,10,last_mile_svc_06.last_mile.attribute_last_mile|last_mile_svc_06.last_mile.category_last_mile|last_mile_svc_06.last_mile.collection_last_mile|last_mile_svc_06.last_mile.media_last_mile|last_mile_svc_06.last_mile.plan_last_mile|last_mile_svc_06.last_mile.ranking_last_mile|last_mile_svc_06.last_mile.relationship_last_mile|last_mile_svc_06.last_mile.target_last_mile|last_mile_svc_06.last_mile.threshold_last_mile|last_mile_svc_06.last_mile.variant_last_mile,10,0,applications/backend/services/last_mile/last_mile-06,/api/v1/last_mile/06,domain-last_mile,last_mile-06,DOMAIN_POLICY_PENDING,PLANNED
1047,85,last_mile,last_mile-platform,svc-0847,last_mile-07,team-085,10,pg-cluster-461|pg-cluster-462|pg-cluster-463|pg-cluster-464|pg-cluster-465|pg-cluster-466|pg-cluster-467|pg-cluster-468|pg-cluster-469|pg-cluster-470,last_mile_svc_07,last_mile,10,last_mile_svc_07.last_mile.attribution_last_mile|last_mile_svc_07.last_mile.channel_last_mile|last_mile_svc_07.last_mile.click_last_mile|last_mile_svc_07.last_mile.conversion_last_mile|last_mile_svc_07.last_mile.delivery_last_mile|last_mile_svc_07.last_mile.impression_last_mile|last_mile_svc_07.last_mile.message_last_mile|last_mile_svc_07.last_mile.query_last_mile|last_mile_svc_07.last_mile.result_last_mile|last_mile_svc_07.last_mile.template_last_mile,10,0,applications/backend/services/last_mile/last_mile-07,/api/v1/last_mile/07,domain-last_mile,last_mile-07,DOMAIN_POLICY_PENDING,PLANNED
1048,85,last_mile,last_mile-platform,svc-0848,last_mile-08,team-085,10,pg-cluster-471|pg-cluster-472|pg-cluster-473|pg-cluster-474|pg-cluster-475|pg-cluster-476|pg-cluster-477|pg-cluster-478|pg-cluster-479|pg-cluster-480,last_mile_svc_08,last_mile,10,last_mile_svc_08.last_mile.contract_last_mile|last_mile_svc_08.last_mile.fee_last_mile|last_mile_svc_08.last_mile.partner_last_mile|last_mile_svc_08.last_mile.payout_last_mile|last_mile_svc_08.last_mile.price_last_mile|last_mile_svc_08.last_mile.provider_last_mile|last_mile_svc_08.last_mile.rate_last_mile|last_mile_svc_08.last_mile.reconciliation_last_mile|last_mile_svc_08.last_mile.settlement_last_mile|last_mile_svc_08.last_mile.tax_last_mile,10,0,applications/backend/services/last_mile/last_mile-08,/api/v1/last_mile/08,domain-last_mile,last_mile-08,DOMAIN_POLICY_PENDING,PLANNED
1049,85,last_mile,last_mile-platform,svc-0849,last_mile-09,team-085,10,pg-cluster-481|pg-cluster-482|pg-cluster-483|pg-cluster-484|pg-cluster-485|pg-cluster-486|pg-cluster-487|pg-cluster-488|pg-cluster-489|pg-cluster-490,last_mile_svc_09,last_mile,10,last_mile_svc_09.last_mile.bin_last_mile|last_mile_svc_09.last_mile.package_last_mile|last_mile_svc_09.last_mile.refund_last_mile|last_mile_svc_09.last_mile.return_last_mile|last_mile_svc_09.last_mile.route_last_mile|last_mile_svc_09.last_mile.shipment_last_mile|last_mile_svc_09.last_mile.stock_last_mile|last_mile_svc_09.last_mile.stop_last_mile|last_mile_svc_09.last_mile.tracking_last_mile|last_mile_svc_09.last_mile.warehouse_last_mile,10,0,applications/backend/services/last_mile/last_mile-09,/api/v1/last_mile/09,domain-last_mile,last_mile-09,DOMAIN_POLICY_PENDING,PLANNED
1050,85,last_mile,last_mile-platform,svc-0850,last_mile-10,team-085,10,pg-cluster-491|pg-cluster-492|pg-cluster-493|pg-cluster-494|pg-cluster-495|pg-cluster-496|pg-cluster-497|pg-cluster-498|pg-cluster-499|pg-cluster-500,last_mile_svc_10,last_mile,10,last_mile_svc_10.last_mile.consent_last_mile|last_mile_svc_10.last_mile.device_last_mile|last_mile_svc_10.last_mile.feedback_last_mile|last_mile_svc_10.last_mile.location_last_mile|last_mile_svc_10.last_mile.owner_last_mile|last_mile_svc_10.last_mile.permission_last_mile|last_mile_svc_10.last_mile.rating_last_mile|last_mile_svc_10.last_mile.review_last_mile|last_mile_svc_10.last_mile.role_last_mile|last_mile_svc_10.last_mile.token_last_mile,10,0,applications/backend/services/last_mile/last_mile-10,/api/v1/last_mile/10,domain-last_mile,last_mile-10,DOMAIN_POLICY_PENDING,PLANNED
1051,86,reverse_logistics,reverse_logistics-platform,svc-0851,reverse_logistics-01,team-086,10,pg-cluster-501|pg-cluster-502|pg-cluster-503|pg-cluster-504|pg-cluster-505|pg-cluster-506|pg-cluster-507|pg-cluster-508|pg-cluster-509|pg-cluster-510,reverse_logistics_svc_01,reverse_logistics,10,reverse_logistics_svc_01.reverse_logistics.account_reverse_logistics|reverse_logistics_svc_01.reverse_logistics.address_reverse_logistics|reverse_logistics_svc_01.reverse_logistics.event_reverse_logistics|reverse_logistics_svc_01.reverse_logistics.history_reverse_logistics|reverse_logistics_svc_01.reverse_logistics.mapping_reverse_logistics|reverse_logistics_svc_01.reverse_logistics.preference_reverse_logistics|reverse_logistics_svc_01.reverse_logistics.profile_reverse_logistics|reverse_logistics_svc_01.reverse_logistics.rule_reverse_logistics|reverse_logistics_svc_01.reverse_logistics.session_reverse_logistics|reverse_logistics_svc_01.reverse_logistics.status_reverse_logistics,10,0,applications/backend/services/reverse_logistics/reverse_logistics-01,/api/v1/reverse_logistics/01,domain-reverse_logistics,reverse_logistics-01,DOMAIN_POLICY_PENDING,PLANNED
1052,86,reverse_logistics,reverse_logistics-platform,svc-0852,reverse_logistics-02,team-086,10,pg-cluster-511|pg-cluster-512|pg-cluster-513|pg-cluster-514|pg-cluster-515|pg-cluster-516|pg-cluster-517|pg-cluster-518|pg-cluster-519|pg-cluster-520,reverse_logistics_svc_02,reverse_logistics,10,reverse_logistics_svc_02.reverse_logistics.allocation_reverse_logistics|reverse_logistics_svc_02.reverse_logistics.attempt_reverse_logistics|reverse_logistics_svc_02.reverse_logistics.detail_reverse_logistics|reverse_logistics_svc_02.reverse_logistics.item_reverse_logistics|reverse_logistics_svc_02.reverse_logistics.movement_reverse_logistics|reverse_logistics_svc_02.reverse_logistics.request_reverse_logistics|reverse_logistics_svc_02.reverse_logistics.reservation_reverse_logistics|reverse_logistics_svc_02.reverse_logistics.response_reverse_logistics|reverse_logistics_svc_02.reverse_logistics.snapshot_reverse_logistics|reverse_logistics_svc_02.reverse_logistics.transaction_reverse_logistics,10,0,applications/backend/services/reverse_logistics/reverse_logistics-02,/api/v1/reverse_logistics/02,domain-reverse_logistics,reverse_logistics-02,DOMAIN_POLICY_PENDING,PLANNED
1053,86,reverse_logistics,reverse_logistics-platform,svc-0853,reverse_logistics-03,team-086,10,pg-cluster-521|pg-cluster-522|pg-cluster-523|pg-cluster-524|pg-cluster-525|pg-cluster-526|pg-cluster-527|pg-cluster-528|pg-cluster-529|pg-cluster-530,reverse_logistics_svc_03,reverse_logistics,10,reverse_logistics_svc_03.reverse_logistics.adjustment_reverse_logistics|reverse_logistics_svc_03.reverse_logistics.campaign_reverse_logistics|reverse_logistics_svc_03.reverse_logistics.configuration_reverse_logistics|reverse_logistics_svc_03.reverse_logistics.document_reverse_logistics|reverse_logistics_svc_03.reverse_logistics.metric_reverse_logistics|reverse_logistics_svc_03.reverse_logistics.offer_reverse_logistics|reverse_logistics_svc_03.reverse_logistics.policy_reverse_logistics|reverse_logistics_svc_03.reverse_logistics.redemption_reverse_logistics|reverse_logistics_svc_03.reverse_logistics.score_reverse_logistics|reverse_logistics_svc_03.reverse_logistics.segment_reverse_logistics,10,0,applications/backend/services/reverse_logistics/reverse_logistics-03,/api/v1/reverse_logistics/03,domain-reverse_logistics,reverse_logistics-03,DOMAIN_POLICY_PENDING,PLANNED
1054,86,reverse_logistics,reverse_logistics-platform,svc-0854,reverse_logistics-04,team-086,10,pg-cluster-531|pg-cluster-532|pg-cluster-533|pg-cluster-534|pg-cluster-535|pg-cluster-536|pg-cluster-537|pg-cluster-538|pg-cluster-539|pg-cluster-540,reverse_logistics_svc_04,reverse_logistics,10,reverse_logistics_svc_04.reverse_logistics.balance_reverse_logistics|reverse_logistics_svc_04.reverse_logistics.batch_reverse_logistics|reverse_logistics_svc_04.reverse_logistics.checkpoint_reverse_logistics|reverse_logistics_svc_04.reverse_logistics.exception_reverse_logistics|reverse_logistics_svc_04.reverse_logistics.invoice_reverse_logistics|reverse_logistics_svc_04.reverse_logistics.job_reverse_logistics|reverse_logistics_svc_04.reverse_logistics.ledger_reverse_logistics|reverse_logistics_svc_04.reverse_logistics.line_reverse_logistics|reverse_logistics_svc_04.reverse_logistics.run_reverse_logistics|reverse_logistics_svc_04.reverse_logistics.task_reverse_logistics,10,0,applications/backend/services/reverse_logistics/reverse_logistics-04,/api/v1/reverse_logistics/04,domain-reverse_logistics,reverse_logistics-04,DOMAIN_POLICY_PENDING,PLANNED
1055,86,reverse_logistics,reverse_logistics-platform,svc-0855,reverse_logistics-05,team-086,10,pg-cluster-541|pg-cluster-542|pg-cluster-543|pg-cluster-544|pg-cluster-545|pg-cluster-546|pg-cluster-547|pg-cluster-548|pg-cluster-549|pg-cluster-550,reverse_logistics_svc_05,reverse_logistics,10,reverse_logistics_svc_05.reverse_logistics.alert_reverse_logistics|reverse_logistics_svc_05.reverse_logistics.approval_reverse_logistics|reverse_logistics_svc_05.reverse_logistics.assignment_reverse_logistics|reverse_logistics_svc_05.reverse_logistics.availability_reverse_logistics|reverse_logistics_svc_05.reverse_logistics.capacity_reverse_logistics|reverse_logistics_svc_05.reverse_logistics.case_reverse_logistics|reverse_logistics_svc_05.reverse_logistics.decision_reverse_logistics|reverse_logistics_svc_05.reverse_logistics.forecast_reverse_logistics|reverse_logistics_svc_05.reverse_logistics.schedule_reverse_logistics|reverse_logistics_svc_05.reverse_logistics.workflow_reverse_logistics,10,0,applications/backend/services/reverse_logistics/reverse_logistics-05,/api/v1/reverse_logistics/05,domain-reverse_logistics,reverse_logistics-05,DOMAIN_POLICY_PENDING,PLANNED
1056,86,reverse_logistics,reverse_logistics-platform,svc-0856,reverse_logistics-06,team-086,10,pg-cluster-551|pg-cluster-552|pg-cluster-553|pg-cluster-554|pg-cluster-555|pg-cluster-556|pg-cluster-557|pg-cluster-558|pg-cluster-559|pg-cluster-560,reverse_logistics_svc_06,reverse_logistics,10,reverse_logistics_svc_06.reverse_logistics.attribute_reverse_logistics|reverse_logistics_svc_06.reverse_logistics.category_reverse_logistics|reverse_logistics_svc_06.reverse_logistics.collection_reverse_logistics|reverse_logistics_svc_06.reverse_logistics.media_reverse_logistics|reverse_logistics_svc_06.reverse_logistics.plan_reverse_logistics|reverse_logistics_svc_06.reverse_logistics.ranking_reverse_logistics|reverse_logistics_svc_06.reverse_logistics.relationship_reverse_logistics|reverse_logistics_svc_06.reverse_logistics.target_reverse_logistics|reverse_logistics_svc_06.reverse_logistics.threshold_reverse_logistics|reverse_logistics_svc_06.reverse_logistics.variant_reverse_logistics,10,0,applications/backend/services/reverse_logistics/reverse_logistics-06,/api/v1/reverse_logistics/06,domain-reverse_logistics,reverse_logistics-06,DOMAIN_POLICY_PENDING,PLANNED
1057,86,reverse_logistics,reverse_logistics-platform,svc-0857,reverse_logistics-07,team-086,10,pg-cluster-561|pg-cluster-562|pg-cluster-563|pg-cluster-564|pg-cluster-565|pg-cluster-566|pg-cluster-567|pg-cluster-568|pg-cluster-569|pg-cluster-570,reverse_logistics_svc_07,reverse_logistics,10,reverse_logistics_svc_07.reverse_logistics.attribution_reverse_logistics|reverse_logistics_svc_07.reverse_logistics.channel_reverse_logistics|reverse_logistics_svc_07.reverse_logistics.click_reverse_logistics|reverse_logistics_svc_07.reverse_logistics.conversion_reverse_logistics|reverse_logistics_svc_07.reverse_logistics.delivery_reverse_logistics|reverse_logistics_svc_07.reverse_logistics.impression_reverse_logistics|reverse_logistics_svc_07.reverse_logistics.message_reverse_logistics|reverse_logistics_svc_07.reverse_logistics.query_reverse_logistics|reverse_logistics_svc_07.reverse_logistics.result_reverse_logistics|reverse_logistics_svc_07.reverse_logistics.template_reverse_logistics,10,0,applications/backend/services/reverse_logistics/reverse_logistics-07,/api/v1/reverse_logistics/07,domain-reverse_logistics,reverse_logistics-07,DOMAIN_POLICY_PENDING,PLANNED
1058,86,reverse_logistics,reverse_logistics-platform,svc-0858,reverse_logistics-08,team-086,10,pg-cluster-571|pg-cluster-572|pg-cluster-573|pg-cluster-574|pg-cluster-575|pg-cluster-576|pg-cluster-577|pg-cluster-578|pg-cluster-579|pg-cluster-580,reverse_logistics_svc_08,reverse_logistics,10,reverse_logistics_svc_08.reverse_logistics.contract_reverse_logistics|reverse_logistics_svc_08.reverse_logistics.fee_reverse_logistics|reverse_logistics_svc_08.reverse_logistics.partner_reverse_logistics|reverse_logistics_svc_08.reverse_logistics.payout_reverse_logistics|reverse_logistics_svc_08.reverse_logistics.price_reverse_logistics|reverse_logistics_svc_08.reverse_logistics.provider_reverse_logistics|reverse_logistics_svc_08.reverse_logistics.rate_reverse_logistics|reverse_logistics_svc_08.reverse_logistics.reconciliation_reverse_logistics|reverse_logistics_svc_08.reverse_logistics.settlement_reverse_logistics|reverse_logistics_svc_08.reverse_logistics.tax_reverse_logistics,10,0,applications/backend/services/reverse_logistics/reverse_logistics-08,/api/v1/reverse_logistics/08,domain-reverse_logistics,reverse_logistics-08,DOMAIN_POLICY_PENDING,PLANNED
1059,86,reverse_logistics,reverse_logistics-platform,svc-0859,reverse_logistics-09,team-086,10,pg-cluster-581|pg-cluster-582|pg-cluster-583|pg-cluster-584|pg-cluster-585|pg-cluster-586|pg-cluster-587|pg-cluster-588|pg-cluster-589|pg-cluster-590,reverse_logistics_svc_09,reverse_logistics,10,reverse_logistics_svc_09.reverse_logistics.bin_reverse_logistics|reverse_logistics_svc_09.reverse_logistics.package_reverse_logistics|reverse_logistics_svc_09.reverse_logistics.refund_reverse_logistics|reverse_logistics_svc_09.reverse_logistics.return_reverse_logistics|reverse_logistics_svc_09.reverse_logistics.route_reverse_logistics|reverse_logistics_svc_09.reverse_logistics.shipment_reverse_logistics|reverse_logistics_svc_09.reverse_logistics.stock_reverse_logistics|reverse_logistics_svc_09.reverse_logistics.stop_reverse_logistics|reverse_logistics_svc_09.reverse_logistics.tracking_reverse_logistics|reverse_logistics_svc_09.reverse_logistics.warehouse_reverse_logistics,10,0,applications/backend/services/reverse_logistics/reverse_logistics-09,/api/v1/reverse_logistics/09,domain-reverse_logistics,reverse_logistics-09,DOMAIN_POLICY_PENDING,PLANNED
1060,86,reverse_logistics,reverse_logistics-platform,svc-0860,reverse_logistics-10,team-086,10,pg-cluster-591|pg-cluster-592|pg-cluster-593|pg-cluster-594|pg-cluster-595|pg-cluster-596|pg-cluster-597|pg-cluster-598|pg-cluster-599|pg-cluster-600,reverse_logistics_svc_10,reverse_logistics,10,reverse_logistics_svc_10.reverse_logistics.consent_reverse_logistics|reverse_logistics_svc_10.reverse_logistics.device_reverse_logistics|reverse_logistics_svc_10.reverse_logistics.feedback_reverse_logistics|reverse_logistics_svc_10.reverse_logistics.location_reverse_logistics|reverse_logistics_svc_10.reverse_logistics.owner_reverse_logistics|reverse_logistics_svc_10.reverse_logistics.permission_reverse_logistics|reverse_logistics_svc_10.reverse_logistics.rating_reverse_logistics|reverse_logistics_svc_10.reverse_logistics.review_reverse_logistics|reverse_logistics_svc_10.reverse_logistics.role_reverse_logistics|reverse_logistics_svc_10.reverse_logistics.token_reverse_logistics,10,0,applications/backend/services/reverse_logistics/reverse_logistics-10,/api/v1/reverse_logistics/10,domain-reverse_logistics,reverse_logistics-10,DOMAIN_POLICY_PENDING,PLANNED
1061,87,dropship,dropship-platform,svc-0861,dropship-01,team-087,10,pg-cluster-601|pg-cluster-602|pg-cluster-603|pg-cluster-604|pg-cluster-605|pg-cluster-606|pg-cluster-607|pg-cluster-608|pg-cluster-609|pg-cluster-610,dropship_svc_01,dropship,10,dropship_svc_01.dropship.account_dropship|dropship_svc_01.dropship.address_dropship|dropship_svc_01.dropship.event_dropship|dropship_svc_01.dropship.history_dropship|dropship_svc_01.dropship.mapping_dropship|dropship_svc_01.dropship.preference_dropship|dropship_svc_01.dropship.profile_dropship|dropship_svc_01.dropship.rule_dropship|dropship_svc_01.dropship.session_dropship|dropship_svc_01.dropship.status_dropship,10,0,applications/backend/services/dropship/dropship-01,/api/v1/dropship/01,domain-dropship,dropship-01,DOMAIN_POLICY_PENDING,PLANNED
1062,87,dropship,dropship-platform,svc-0862,dropship-02,team-087,10,pg-cluster-611|pg-cluster-612|pg-cluster-613|pg-cluster-614|pg-cluster-615|pg-cluster-616|pg-cluster-617|pg-cluster-618|pg-cluster-619|pg-cluster-620,dropship_svc_02,dropship,10,dropship_svc_02.dropship.allocation_dropship|dropship_svc_02.dropship.attempt_dropship|dropship_svc_02.dropship.detail_dropship|dropship_svc_02.dropship.item_dropship|dropship_svc_02.dropship.movement_dropship|dropship_svc_02.dropship.request_dropship|dropship_svc_02.dropship.reservation_dropship|dropship_svc_02.dropship.response_dropship|dropship_svc_02.dropship.snapshot_dropship|dropship_svc_02.dropship.transaction_dropship,10,0,applications/backend/services/dropship/dropship-02,/api/v1/dropship/02,domain-dropship,dropship-02,DOMAIN_POLICY_PENDING,PLANNED
1063,87,dropship,dropship-platform,svc-0863,dropship-03,team-087,10,pg-cluster-621|pg-cluster-622|pg-cluster-623|pg-cluster-624|pg-cluster-625|pg-cluster-626|pg-cluster-627|pg-cluster-628|pg-cluster-629|pg-cluster-630,dropship_svc_03,dropship,10,dropship_svc_03.dropship.adjustment_dropship|dropship_svc_03.dropship.campaign_dropship|dropship_svc_03.dropship.configuration_dropship|dropship_svc_03.dropship.document_dropship|dropship_svc_03.dropship.metric_dropship|dropship_svc_03.dropship.offer_dropship|dropship_svc_03.dropship.policy_dropship|dropship_svc_03.dropship.redemption_dropship|dropship_svc_03.dropship.score_dropship|dropship_svc_03.dropship.segment_dropship,10,0,applications/backend/services/dropship/dropship-03,/api/v1/dropship/03,domain-dropship,dropship-03,DOMAIN_POLICY_PENDING,PLANNED
1064,87,dropship,dropship-platform,svc-0864,dropship-04,team-087,10,pg-cluster-631|pg-cluster-632|pg-cluster-633|pg-cluster-634|pg-cluster-635|pg-cluster-636|pg-cluster-637|pg-cluster-638|pg-cluster-639|pg-cluster-640,dropship_svc_04,dropship,10,dropship_svc_04.dropship.balance_dropship|dropship_svc_04.dropship.batch_dropship|dropship_svc_04.dropship.checkpoint_dropship|dropship_svc_04.dropship.exception_dropship|dropship_svc_04.dropship.invoice_dropship|dropship_svc_04.dropship.job_dropship|dropship_svc_04.dropship.ledger_dropship|dropship_svc_04.dropship.line_dropship|dropship_svc_04.dropship.run_dropship|dropship_svc_04.dropship.task_dropship,10,0,applications/backend/services/dropship/dropship-04,/api/v1/dropship/04,domain-dropship,dropship-04,DOMAIN_POLICY_PENDING,PLANNED
1065,87,dropship,dropship-platform,svc-0865,dropship-05,team-087,10,pg-cluster-641|pg-cluster-642|pg-cluster-643|pg-cluster-644|pg-cluster-645|pg-cluster-646|pg-cluster-647|pg-cluster-648|pg-cluster-649|pg-cluster-650,dropship_svc_05,dropship,10,dropship_svc_05.dropship.alert_dropship|dropship_svc_05.dropship.approval_dropship|dropship_svc_05.dropship.assignment_dropship|dropship_svc_05.dropship.availability_dropship|dropship_svc_05.dropship.capacity_dropship|dropship_svc_05.dropship.case_dropship|dropship_svc_05.dropship.decision_dropship|dropship_svc_05.dropship.forecast_dropship|dropship_svc_05.dropship.schedule_dropship|dropship_svc_05.dropship.workflow_dropship,10,0,applications/backend/services/dropship/dropship-05,/api/v1/dropship/05,domain-dropship,dropship-05,DOMAIN_POLICY_PENDING,PLANNED
1066,87,dropship,dropship-platform,svc-0866,dropship-06,team-087,10,pg-cluster-651|pg-cluster-652|pg-cluster-653|pg-cluster-654|pg-cluster-655|pg-cluster-656|pg-cluster-657|pg-cluster-658|pg-cluster-659|pg-cluster-660,dropship_svc_06,dropship,10,dropship_svc_06.dropship.attribute_dropship|dropship_svc_06.dropship.category_dropship|dropship_svc_06.dropship.collection_dropship|dropship_svc_06.dropship.media_dropship|dropship_svc_06.dropship.plan_dropship|dropship_svc_06.dropship.ranking_dropship|dropship_svc_06.dropship.relationship_dropship|dropship_svc_06.dropship.target_dropship|dropship_svc_06.dropship.threshold_dropship|dropship_svc_06.dropship.variant_dropship,10,0,applications/backend/services/dropship/dropship-06,/api/v1/dropship/06,domain-dropship,dropship-06,DOMAIN_POLICY_PENDING,PLANNED
1067,87,dropship,dropship-platform,svc-0867,dropship-07,team-087,10,pg-cluster-661|pg-cluster-662|pg-cluster-663|pg-cluster-664|pg-cluster-665|pg-cluster-666|pg-cluster-667|pg-cluster-668|pg-cluster-669|pg-cluster-670,dropship_svc_07,dropship,10,dropship_svc_07.dropship.attribution_dropship|dropship_svc_07.dropship.channel_dropship|dropship_svc_07.dropship.click_dropship|dropship_svc_07.dropship.conversion_dropship|dropship_svc_07.dropship.delivery_dropship|dropship_svc_07.dropship.impression_dropship|dropship_svc_07.dropship.message_dropship|dropship_svc_07.dropship.query_dropship|dropship_svc_07.dropship.result_dropship|dropship_svc_07.dropship.template_dropship,10,0,applications/backend/services/dropship/dropship-07,/api/v1/dropship/07,domain-dropship,dropship-07,DOMAIN_POLICY_PENDING,PLANNED
1068,87,dropship,dropship-platform,svc-0868,dropship-08,team-087,10,pg-cluster-671|pg-cluster-672|pg-cluster-673|pg-cluster-674|pg-cluster-675|pg-cluster-676|pg-cluster-677|pg-cluster-678|pg-cluster-679|pg-cluster-680,dropship_svc_08,dropship,10,dropship_svc_08.dropship.contract_dropship|dropship_svc_08.dropship.fee_dropship|dropship_svc_08.dropship.partner_dropship|dropship_svc_08.dropship.payout_dropship|dropship_svc_08.dropship.price_dropship|dropship_svc_08.dropship.provider_dropship|dropship_svc_08.dropship.rate_dropship|dropship_svc_08.dropship.reconciliation_dropship|dropship_svc_08.dropship.settlement_dropship|dropship_svc_08.dropship.tax_dropship,10,0,applications/backend/services/dropship/dropship-08,/api/v1/dropship/08,domain-dropship,dropship-08,DOMAIN_POLICY_PENDING,PLANNED
1069,87,dropship,dropship-platform,svc-0869,dropship-09,team-087,10,pg-cluster-681|pg-cluster-682|pg-cluster-683|pg-cluster-684|pg-cluster-685|pg-cluster-686|pg-cluster-687|pg-cluster-688|pg-cluster-689|pg-cluster-690,dropship_svc_09,dropship,10,dropship_svc_09.dropship.bin_dropship|dropship_svc_09.dropship.package_dropship|dropship_svc_09.dropship.refund_dropship|dropship_svc_09.dropship.return_dropship|dropship_svc_09.dropship.route_dropship|dropship_svc_09.dropship.shipment_dropship|dropship_svc_09.dropship.stock_dropship|dropship_svc_09.dropship.stop_dropship|dropship_svc_09.dropship.tracking_dropship|dropship_svc_09.dropship.warehouse_dropship,10,0,applications/backend/services/dropship/dropship-09,/api/v1/dropship/09,domain-dropship,dropship-09,DOMAIN_POLICY_PENDING,PLANNED
1070,87,dropship,dropship-platform,svc-0870,dropship-10,team-087,10,pg-cluster-691|pg-cluster-692|pg-cluster-693|pg-cluster-694|pg-cluster-695|pg-cluster-696|pg-cluster-697|pg-cluster-698|pg-cluster-699|pg-cluster-700,dropship_svc_10,dropship,10,dropship_svc_10.dropship.consent_dropship|dropship_svc_10.dropship.device_dropship|dropship_svc_10.dropship.feedback_dropship|dropship_svc_10.dropship.location_dropship|dropship_svc_10.dropship.owner_dropship|dropship_svc_10.dropship.permission_dropship|dropship_svc_10.dropship.rating_dropship|dropship_svc_10.dropship.review_dropship|dropship_svc_10.dropship.role_dropship|dropship_svc_10.dropship.token_dropship,10,0,applications/backend/services/dropship/dropship-10,/api/v1/dropship/10,domain-dropship,dropship-10,DOMAIN_POLICY_PENDING,PLANNED
1071,88,wholesale,wholesale-platform,svc-0871,wholesale-01,team-088,10,pg-cluster-701|pg-cluster-702|pg-cluster-703|pg-cluster-704|pg-cluster-705|pg-cluster-706|pg-cluster-707|pg-cluster-708|pg-cluster-709|pg-cluster-710,wholesale_svc_01,wholesale,10,wholesale_svc_01.wholesale.account_wholesale|wholesale_svc_01.wholesale.address_wholesale|wholesale_svc_01.wholesale.event_wholesale|wholesale_svc_01.wholesale.history_wholesale|wholesale_svc_01.wholesale.mapping_wholesale|wholesale_svc_01.wholesale.preference_wholesale|wholesale_svc_01.wholesale.profile_wholesale|wholesale_svc_01.wholesale.rule_wholesale|wholesale_svc_01.wholesale.session_wholesale|wholesale_svc_01.wholesale.status_wholesale,10,0,applications/backend/services/wholesale/wholesale-01,/api/v1/wholesale/01,domain-wholesale,wholesale-01,DOMAIN_POLICY_PENDING,PLANNED
1072,88,wholesale,wholesale-platform,svc-0872,wholesale-02,team-088,10,pg-cluster-711|pg-cluster-712|pg-cluster-713|pg-cluster-714|pg-cluster-715|pg-cluster-716|pg-cluster-717|pg-cluster-718|pg-cluster-719|pg-cluster-720,wholesale_svc_02,wholesale,10,wholesale_svc_02.wholesale.allocation_wholesale|wholesale_svc_02.wholesale.attempt_wholesale|wholesale_svc_02.wholesale.detail_wholesale|wholesale_svc_02.wholesale.item_wholesale|wholesale_svc_02.wholesale.movement_wholesale|wholesale_svc_02.wholesale.request_wholesale|wholesale_svc_02.wholesale.reservation_wholesale|wholesale_svc_02.wholesale.response_wholesale|wholesale_svc_02.wholesale.snapshot_wholesale|wholesale_svc_02.wholesale.transaction_wholesale,10,0,applications/backend/services/wholesale/wholesale-02,/api/v1/wholesale/02,domain-wholesale,wholesale-02,DOMAIN_POLICY_PENDING,PLANNED
1073,88,wholesale,wholesale-platform,svc-0873,wholesale-03,team-088,10,pg-cluster-721|pg-cluster-722|pg-cluster-723|pg-cluster-724|pg-cluster-725|pg-cluster-726|pg-cluster-727|pg-cluster-728|pg-cluster-729|pg-cluster-730,wholesale_svc_03,wholesale,10,wholesale_svc_03.wholesale.adjustment_wholesale|wholesale_svc_03.wholesale.campaign_wholesale|wholesale_svc_03.wholesale.configuration_wholesale|wholesale_svc_03.wholesale.document_wholesale|wholesale_svc_03.wholesale.metric_wholesale|wholesale_svc_03.wholesale.offer_wholesale|wholesale_svc_03.wholesale.policy_wholesale|wholesale_svc_03.wholesale.redemption_wholesale|wholesale_svc_03.wholesale.score_wholesale|wholesale_svc_03.wholesale.segment_wholesale,10,0,applications/backend/services/wholesale/wholesale-03,/api/v1/wholesale/03,domain-wholesale,wholesale-03,DOMAIN_POLICY_PENDING,PLANNED
1074,88,wholesale,wholesale-platform,svc-0874,wholesale-04,team-088,10,pg-cluster-731|pg-cluster-732|pg-cluster-733|pg-cluster-734|pg-cluster-735|pg-cluster-736|pg-cluster-737|pg-cluster-738|pg-cluster-739|pg-cluster-740,wholesale_svc_04,wholesale,10,wholesale_svc_04.wholesale.balance_wholesale|wholesale_svc_04.wholesale.batch_wholesale|wholesale_svc_04.wholesale.checkpoint_wholesale|wholesale_svc_04.wholesale.exception_wholesale|wholesale_svc_04.wholesale.invoice_wholesale|wholesale_svc_04.wholesale.job_wholesale|wholesale_svc_04.wholesale.ledger_wholesale|wholesale_svc_04.wholesale.line_wholesale|wholesale_svc_04.wholesale.run_wholesale|wholesale_svc_04.wholesale.task_wholesale,10,0,applications/backend/services/wholesale/wholesale-04,/api/v1/wholesale/04,domain-wholesale,wholesale-04,DOMAIN_POLICY_PENDING,PLANNED
1075,88,wholesale,wholesale-platform,svc-0875,wholesale-05,team-088,10,pg-cluster-741|pg-cluster-742|pg-cluster-743|pg-cluster-744|pg-cluster-745|pg-cluster-746|pg-cluster-747|pg-cluster-748|pg-cluster-749|pg-cluster-750,wholesale_svc_05,wholesale,10,wholesale_svc_05.wholesale.alert_wholesale|wholesale_svc_05.wholesale.approval_wholesale|wholesale_svc_05.wholesale.assignment_wholesale|wholesale_svc_05.wholesale.availability_wholesale|wholesale_svc_05.wholesale.capacity_wholesale|wholesale_svc_05.wholesale.case_wholesale|wholesale_svc_05.wholesale.decision_wholesale|wholesale_svc_05.wholesale.forecast_wholesale|wholesale_svc_05.wholesale.schedule_wholesale|wholesale_svc_05.wholesale.workflow_wholesale,10,0,applications/backend/services/wholesale/wholesale-05,/api/v1/wholesale/05,domain-wholesale,wholesale-05,DOMAIN_POLICY_PENDING,PLANNED
1076,88,wholesale,wholesale-platform,svc-0876,wholesale-06,team-088,10,pg-cluster-751|pg-cluster-752|pg-cluster-753|pg-cluster-754|pg-cluster-755|pg-cluster-756|pg-cluster-757|pg-cluster-758|pg-cluster-759|pg-cluster-760,wholesale_svc_06,wholesale,10,wholesale_svc_06.wholesale.attribute_wholesale|wholesale_svc_06.wholesale.category_wholesale|wholesale_svc_06.wholesale.collection_wholesale|wholesale_svc_06.wholesale.media_wholesale|wholesale_svc_06.wholesale.plan_wholesale|wholesale_svc_06.wholesale.ranking_wholesale|wholesale_svc_06.wholesale.relationship_wholesale|wholesale_svc_06.wholesale.target_wholesale|wholesale_svc_06.wholesale.threshold_wholesale|wholesale_svc_06.wholesale.variant_wholesale,10,0,applications/backend/services/wholesale/wholesale-06,/api/v1/wholesale/06,domain-wholesale,wholesale-06,DOMAIN_POLICY_PENDING,PLANNED
1077,88,wholesale,wholesale-platform,svc-0877,wholesale-07,team-088,10,pg-cluster-761|pg-cluster-762|pg-cluster-763|pg-cluster-764|pg-cluster-765|pg-cluster-766|pg-cluster-767|pg-cluster-768|pg-cluster-769|pg-cluster-770,wholesale_svc_07,wholesale,10,wholesale_svc_07.wholesale.attribution_wholesale|wholesale_svc_07.wholesale.channel_wholesale|wholesale_svc_07.wholesale.click_wholesale|wholesale_svc_07.wholesale.conversion_wholesale|wholesale_svc_07.wholesale.delivery_wholesale|wholesale_svc_07.wholesale.impression_wholesale|wholesale_svc_07.wholesale.message_wholesale|wholesale_svc_07.wholesale.query_wholesale|wholesale_svc_07.wholesale.result_wholesale|wholesale_svc_07.wholesale.template_wholesale,10,0,applications/backend/services/wholesale/wholesale-07,/api/v1/wholesale/07,domain-wholesale,wholesale-07,DOMAIN_POLICY_PENDING,PLANNED
1078,88,wholesale,wholesale-platform,svc-0878,wholesale-08,team-088,10,pg-cluster-771|pg-cluster-772|pg-cluster-773|pg-cluster-774|pg-cluster-775|pg-cluster-776|pg-cluster-777|pg-cluster-778|pg-cluster-779|pg-cluster-780,wholesale_svc_08,wholesale,10,wholesale_svc_08.wholesale.contract_wholesale|wholesale_svc_08.wholesale.fee_wholesale|wholesale_svc_08.wholesale.partner_wholesale|wholesale_svc_08.wholesale.payout_wholesale|wholesale_svc_08.wholesale.price_wholesale|wholesale_svc_08.wholesale.provider_wholesale|wholesale_svc_08.wholesale.rate_wholesale|wholesale_svc_08.wholesale.reconciliation_wholesale|wholesale_svc_08.wholesale.settlement_wholesale|wholesale_svc_08.wholesale.tax_wholesale,10,0,applications/backend/services/wholesale/wholesale-08,/api/v1/wholesale/08,domain-wholesale,wholesale-08,DOMAIN_POLICY_PENDING,PLANNED
1079,88,wholesale,wholesale-platform,svc-0879,wholesale-09,team-088,10,pg-cluster-781|pg-cluster-782|pg-cluster-783|pg-cluster-784|pg-cluster-785|pg-cluster-786|pg-cluster-787|pg-cluster-788|pg-cluster-789|pg-cluster-790,wholesale_svc_09,wholesale,10,wholesale_svc_09.wholesale.bin_wholesale|wholesale_svc_09.wholesale.package_wholesale|wholesale_svc_09.wholesale.refund_wholesale|wholesale_svc_09.wholesale.return_wholesale|wholesale_svc_09.wholesale.route_wholesale|wholesale_svc_09.wholesale.shipment_wholesale|wholesale_svc_09.wholesale.stock_wholesale|wholesale_svc_09.wholesale.stop_wholesale|wholesale_svc_09.wholesale.tracking_wholesale|wholesale_svc_09.wholesale.warehouse_wholesale,10,0,applications/backend/services/wholesale/wholesale-09,/api/v1/wholesale/09,domain-wholesale,wholesale-09,DOMAIN_POLICY_PENDING,PLANNED
1080,88,wholesale,wholesale-platform,svc-0880,wholesale-10,team-088,10,pg-cluster-791|pg-cluster-792|pg-cluster-793|pg-cluster-794|pg-cluster-795|pg-cluster-796|pg-cluster-797|pg-cluster-798|pg-cluster-799|pg-cluster-800,wholesale_svc_10,wholesale,10,wholesale_svc_10.wholesale.consent_wholesale|wholesale_svc_10.wholesale.device_wholesale|wholesale_svc_10.wholesale.feedback_wholesale|wholesale_svc_10.wholesale.location_wholesale|wholesale_svc_10.wholesale.owner_wholesale|wholesale_svc_10.wholesale.permission_wholesale|wholesale_svc_10.wholesale.rating_wholesale|wholesale_svc_10.wholesale.review_wholesale|wholesale_svc_10.wholesale.role_wholesale|wholesale_svc_10.wholesale.token_wholesale,10,0,applications/backend/services/wholesale/wholesale-10,/api/v1/wholesale/10,domain-wholesale,wholesale-10,DOMAIN_POLICY_PENDING,PLANNED
1081,89,subscription,subscription-platform,svc-0881,subscription-01,team-089,10,pg-cluster-001|pg-cluster-002|pg-cluster-003|pg-cluster-004|pg-cluster-005|pg-cluster-006|pg-cluster-007|pg-cluster-008|pg-cluster-009|pg-cluster-010,subscription_svc_01,subscription,10,subscription_svc_01.subscription.account_subscription|subscription_svc_01.subscription.address_subscription|subscription_svc_01.subscription.event_subscription|subscription_svc_01.subscription.history_subscription|subscription_svc_01.subscription.mapping_subscription|subscription_svc_01.subscription.preference_subscription|subscription_svc_01.subscription.profile_subscription|subscription_svc_01.subscription.rule_subscription|subscription_svc_01.subscription.session_subscription|subscription_svc_01.subscription.status_subscription,10,0,applications/backend/services/subscription/subscription-01,/api/v1/subscription/01,domain-subscription,subscription-01,DOMAIN_POLICY_PENDING,PLANNED
1082,89,subscription,subscription-platform,svc-0882,subscription-02,team-089,10,pg-cluster-011|pg-cluster-012|pg-cluster-013|pg-cluster-014|pg-cluster-015|pg-cluster-016|pg-cluster-017|pg-cluster-018|pg-cluster-019|pg-cluster-020,subscription_svc_02,subscription,10,subscription_svc_02.subscription.allocation_subscription|subscription_svc_02.subscription.attempt_subscription|subscription_svc_02.subscription.detail_subscription|subscription_svc_02.subscription.item_subscription|subscription_svc_02.subscription.movement_subscription|subscription_svc_02.subscription.request_subscription|subscription_svc_02.subscription.reservation_subscription|subscription_svc_02.subscription.response_subscription|subscription_svc_02.subscription.snapshot_subscription|subscription_svc_02.subscription.transaction_subscription,10,0,applications/backend/services/subscription/subscription-02,/api/v1/subscription/02,domain-subscription,subscription-02,DOMAIN_POLICY_PENDING,PLANNED
1083,89,subscription,subscription-platform,svc-0883,subscription-03,team-089,10,pg-cluster-021|pg-cluster-022|pg-cluster-023|pg-cluster-024|pg-cluster-025|pg-cluster-026|pg-cluster-027|pg-cluster-028|pg-cluster-029|pg-cluster-030,subscription_svc_03,subscription,10,subscription_svc_03.subscription.adjustment_subscription|subscription_svc_03.subscription.campaign_subscription|subscription_svc_03.subscription.configuration_subscription|subscription_svc_03.subscription.document_subscription|subscription_svc_03.subscription.metric_subscription|subscription_svc_03.subscription.offer_subscription|subscription_svc_03.subscription.policy_subscription|subscription_svc_03.subscription.redemption_subscription|subscription_svc_03.subscription.score_subscription|subscription_svc_03.subscription.segment_subscription,10,0,applications/backend/services/subscription/subscription-03,/api/v1/subscription/03,domain-subscription,subscription-03,DOMAIN_POLICY_PENDING,PLANNED
1084,89,subscription,subscription-platform,svc-0884,subscription-04,team-089,10,pg-cluster-031|pg-cluster-032|pg-cluster-033|pg-cluster-034|pg-cluster-035|pg-cluster-036|pg-cluster-037|pg-cluster-038|pg-cluster-039|pg-cluster-040,subscription_svc_04,subscription,10,subscription_svc_04.subscription.balance_subscription|subscription_svc_04.subscription.batch_subscription|subscription_svc_04.subscription.checkpoint_subscription|subscription_svc_04.subscription.exception_subscription|subscription_svc_04.subscription.invoice_subscription|subscription_svc_04.subscription.job_subscription|subscription_svc_04.subscription.ledger_subscription|subscription_svc_04.subscription.line_subscription|subscription_svc_04.subscription.run_subscription|subscription_svc_04.subscription.task_subscription,10,0,applications/backend/services/subscription/subscription-04,/api/v1/subscription/04,domain-subscription,subscription-04,DOMAIN_POLICY_PENDING,PLANNED
1085,89,subscription,subscription-platform,svc-0885,subscription-05,team-089,10,pg-cluster-041|pg-cluster-042|pg-cluster-043|pg-cluster-044|pg-cluster-045|pg-cluster-046|pg-cluster-047|pg-cluster-048|pg-cluster-049|pg-cluster-050,subscription_svc_05,subscription,10,subscription_svc_05.subscription.alert_subscription|subscription_svc_05.subscription.approval_subscription|subscription_svc_05.subscription.assignment_subscription|subscription_svc_05.subscription.availability_subscription|subscription_svc_05.subscription.capacity_subscription|subscription_svc_05.subscription.case_subscription|subscription_svc_05.subscription.decision_subscription|subscription_svc_05.subscription.forecast_subscription|subscription_svc_05.subscription.schedule_subscription|subscription_svc_05.subscription.workflow_subscription,10,0,applications/backend/services/subscription/subscription-05,/api/v1/subscription/05,domain-subscription,subscription-05,DOMAIN_POLICY_PENDING,PLANNED
1086,89,subscription,subscription-platform,svc-0886,subscription-06,team-089,10,pg-cluster-051|pg-cluster-052|pg-cluster-053|pg-cluster-054|pg-cluster-055|pg-cluster-056|pg-cluster-057|pg-cluster-058|pg-cluster-059|pg-cluster-060,subscription_svc_06,subscription,10,subscription_svc_06.subscription.attribute_subscription|subscription_svc_06.subscription.category_subscription|subscription_svc_06.subscription.collection_subscription|subscription_svc_06.subscription.media_subscription|subscription_svc_06.subscription.plan_subscription|subscription_svc_06.subscription.ranking_subscription|subscription_svc_06.subscription.relationship_subscription|subscription_svc_06.subscription.target_subscription|subscription_svc_06.subscription.threshold_subscription|subscription_svc_06.subscription.variant_subscription,10,0,applications/backend/services/subscription/subscription-06,/api/v1/subscription/06,domain-subscription,subscription-06,DOMAIN_POLICY_PENDING,PLANNED
1087,89,subscription,subscription-platform,svc-0887,subscription-07,team-089,10,pg-cluster-061|pg-cluster-062|pg-cluster-063|pg-cluster-064|pg-cluster-065|pg-cluster-066|pg-cluster-067|pg-cluster-068|pg-cluster-069|pg-cluster-070,subscription_svc_07,subscription,10,subscription_svc_07.subscription.attribution_subscription|subscription_svc_07.subscription.channel_subscription|subscription_svc_07.subscription.click_subscription|subscription_svc_07.subscription.conversion_subscription|subscription_svc_07.subscription.delivery_subscription|subscription_svc_07.subscription.impression_subscription|subscription_svc_07.subscription.message_subscription|subscription_svc_07.subscription.query_subscription|subscription_svc_07.subscription.result_subscription|subscription_svc_07.subscription.template_subscription,10,0,applications/backend/services/subscription/subscription-07,/api/v1/subscription/07,domain-subscription,subscription-07,DOMAIN_POLICY_PENDING,PLANNED
1088,89,subscription,subscription-platform,svc-0888,subscription-08,team-089,10,pg-cluster-071|pg-cluster-072|pg-cluster-073|pg-cluster-074|pg-cluster-075|pg-cluster-076|pg-cluster-077|pg-cluster-078|pg-cluster-079|pg-cluster-080,subscription_svc_08,subscription,10,subscription_svc_08.subscription.contract_subscription|subscription_svc_08.subscription.fee_subscription|subscription_svc_08.subscription.partner_subscription|subscription_svc_08.subscription.payout_subscription|subscription_svc_08.subscription.price_subscription|subscription_svc_08.subscription.provider_subscription|subscription_svc_08.subscription.rate_subscription|subscription_svc_08.subscription.reconciliation_subscription|subscription_svc_08.subscription.settlement_subscription|subscription_svc_08.subscription.tax_subscription,10,0,applications/backend/services/subscription/subscription-08,/api/v1/subscription/08,domain-subscription,subscription-08,DOMAIN_POLICY_PENDING,PLANNED
1089,89,subscription,subscription-platform,svc-0889,subscription-09,team-089,10,pg-cluster-081|pg-cluster-082|pg-cluster-083|pg-cluster-084|pg-cluster-085|pg-cluster-086|pg-cluster-087|pg-cluster-088|pg-cluster-089|pg-cluster-090,subscription_svc_09,subscription,10,subscription_svc_09.subscription.bin_subscription|subscription_svc_09.subscription.package_subscription|subscription_svc_09.subscription.refund_subscription|subscription_svc_09.subscription.return_subscription|subscription_svc_09.subscription.route_subscription|subscription_svc_09.subscription.shipment_subscription|subscription_svc_09.subscription.stock_subscription|subscription_svc_09.subscription.stop_subscription|subscription_svc_09.subscription.tracking_subscription|subscription_svc_09.subscription.warehouse_subscription,10,0,applications/backend/services/subscription/subscription-09,/api/v1/subscription/09,domain-subscription,subscription-09,DOMAIN_POLICY_PENDING,PLANNED
1090,89,subscription,subscription-platform,svc-0890,subscription-10,team-089,10,pg-cluster-091|pg-cluster-092|pg-cluster-093|pg-cluster-094|pg-cluster-095|pg-cluster-096|pg-cluster-097|pg-cluster-098|pg-cluster-099|pg-cluster-100,subscription_svc_10,subscription,10,subscription_svc_10.subscription.consent_subscription|subscription_svc_10.subscription.device_subscription|subscription_svc_10.subscription.feedback_subscription|subscription_svc_10.subscription.location_subscription|subscription_svc_10.subscription.owner_subscription|subscription_svc_10.subscription.permission_subscription|subscription_svc_10.subscription.rating_subscription|subscription_svc_10.subscription.review_subscription|subscription_svc_10.subscription.role_subscription|subscription_svc_10.subscription.token_subscription,10,0,applications/backend/services/subscription/subscription-10,/api/v1/subscription/10,domain-subscription,subscription-10,DOMAIN_POLICY_PENDING,PLANNED
1091,90,digital_goods,digital_goods-platform,svc-0891,digital_goods-01,team-090,10,pg-cluster-101|pg-cluster-102|pg-cluster-103|pg-cluster-104|pg-cluster-105|pg-cluster-106|pg-cluster-107|pg-cluster-108|pg-cluster-109|pg-cluster-110,digital_goods_svc_01,digital_goods,10,digital_goods_svc_01.digital_goods.account_digital_goods|digital_goods_svc_01.digital_goods.address_digital_goods|digital_goods_svc_01.digital_goods.event_digital_goods|digital_goods_svc_01.digital_goods.history_digital_goods|digital_goods_svc_01.digital_goods.mapping_digital_goods|digital_goods_svc_01.digital_goods.preference_digital_goods|digital_goods_svc_01.digital_goods.profile_digital_goods|digital_goods_svc_01.digital_goods.rule_digital_goods|digital_goods_svc_01.digital_goods.session_digital_goods|digital_goods_svc_01.digital_goods.status_digital_goods,10,0,applications/backend/services/digital_goods/digital_goods-01,/api/v1/digital_goods/01,domain-digital_goods,digital_goods-01,DOMAIN_POLICY_PENDING,PLANNED
1092,90,digital_goods,digital_goods-platform,svc-0892,digital_goods-02,team-090,10,pg-cluster-111|pg-cluster-112|pg-cluster-113|pg-cluster-114|pg-cluster-115|pg-cluster-116|pg-cluster-117|pg-cluster-118|pg-cluster-119|pg-cluster-120,digital_goods_svc_02,digital_goods,10,digital_goods_svc_02.digital_goods.allocation_digital_goods|digital_goods_svc_02.digital_goods.attempt_digital_goods|digital_goods_svc_02.digital_goods.detail_digital_goods|digital_goods_svc_02.digital_goods.item_digital_goods|digital_goods_svc_02.digital_goods.movement_digital_goods|digital_goods_svc_02.digital_goods.request_digital_goods|digital_goods_svc_02.digital_goods.reservation_digital_goods|digital_goods_svc_02.digital_goods.response_digital_goods|digital_goods_svc_02.digital_goods.snapshot_digital_goods|digital_goods_svc_02.digital_goods.transaction_digital_goods,10,0,applications/backend/services/digital_goods/digital_goods-02,/api/v1/digital_goods/02,domain-digital_goods,digital_goods-02,DOMAIN_POLICY_PENDING,PLANNED
1093,90,digital_goods,digital_goods-platform,svc-0893,digital_goods-03,team-090,10,pg-cluster-121|pg-cluster-122|pg-cluster-123|pg-cluster-124|pg-cluster-125|pg-cluster-126|pg-cluster-127|pg-cluster-128|pg-cluster-129|pg-cluster-130,digital_goods_svc_03,digital_goods,10,digital_goods_svc_03.digital_goods.adjustment_digital_goods|digital_goods_svc_03.digital_goods.campaign_digital_goods|digital_goods_svc_03.digital_goods.configuration_digital_goods|digital_goods_svc_03.digital_goods.document_digital_goods|digital_goods_svc_03.digital_goods.metric_digital_goods|digital_goods_svc_03.digital_goods.offer_digital_goods|digital_goods_svc_03.digital_goods.policy_digital_goods|digital_goods_svc_03.digital_goods.redemption_digital_goods|digital_goods_svc_03.digital_goods.score_digital_goods|digital_goods_svc_03.digital_goods.segment_digital_goods,10,0,applications/backend/services/digital_goods/digital_goods-03,/api/v1/digital_goods/03,domain-digital_goods,digital_goods-03,DOMAIN_POLICY_PENDING,PLANNED
1094,90,digital_goods,digital_goods-platform,svc-0894,digital_goods-04,team-090,10,pg-cluster-131|pg-cluster-132|pg-cluster-133|pg-cluster-134|pg-cluster-135|pg-cluster-136|pg-cluster-137|pg-cluster-138|pg-cluster-139|pg-cluster-140,digital_goods_svc_04,digital_goods,10,digital_goods_svc_04.digital_goods.balance_digital_goods|digital_goods_svc_04.digital_goods.batch_digital_goods|digital_goods_svc_04.digital_goods.checkpoint_digital_goods|digital_goods_svc_04.digital_goods.exception_digital_goods|digital_goods_svc_04.digital_goods.invoice_digital_goods|digital_goods_svc_04.digital_goods.job_digital_goods|digital_goods_svc_04.digital_goods.ledger_digital_goods|digital_goods_svc_04.digital_goods.line_digital_goods|digital_goods_svc_04.digital_goods.run_digital_goods|digital_goods_svc_04.digital_goods.task_digital_goods,10,0,applications/backend/services/digital_goods/digital_goods-04,/api/v1/digital_goods/04,domain-digital_goods,digital_goods-04,DOMAIN_POLICY_PENDING,PLANNED
1095,90,digital_goods,digital_goods-platform,svc-0895,digital_goods-05,team-090,10,pg-cluster-141|pg-cluster-142|pg-cluster-143|pg-cluster-144|pg-cluster-145|pg-cluster-146|pg-cluster-147|pg-cluster-148|pg-cluster-149|pg-cluster-150,digital_goods_svc_05,digital_goods,10,digital_goods_svc_05.digital_goods.alert_digital_goods|digital_goods_svc_05.digital_goods.approval_digital_goods|digital_goods_svc_05.digital_goods.assignment_digital_goods|digital_goods_svc_05.digital_goods.availability_digital_goods|digital_goods_svc_05.digital_goods.capacity_digital_goods|digital_goods_svc_05.digital_goods.case_digital_goods|digital_goods_svc_05.digital_goods.decision_digital_goods|digital_goods_svc_05.digital_goods.forecast_digital_goods|digital_goods_svc_05.digital_goods.schedule_digital_goods|digital_goods_svc_05.digital_goods.workflow_digital_goods,10,0,applications/backend/services/digital_goods/digital_goods-05,/api/v1/digital_goods/05,domain-digital_goods,digital_goods-05,DOMAIN_POLICY_PENDING,PLANNED
1096,90,digital_goods,digital_goods-platform,svc-0896,digital_goods-06,team-090,10,pg-cluster-151|pg-cluster-152|pg-cluster-153|pg-cluster-154|pg-cluster-155|pg-cluster-156|pg-cluster-157|pg-cluster-158|pg-cluster-159|pg-cluster-160,digital_goods_svc_06,digital_goods,10,digital_goods_svc_06.digital_goods.attribute_digital_goods|digital_goods_svc_06.digital_goods.category_digital_goods|digital_goods_svc_06.digital_goods.collection_digital_goods|digital_goods_svc_06.digital_goods.media_digital_goods|digital_goods_svc_06.digital_goods.plan_digital_goods|digital_goods_svc_06.digital_goods.ranking_digital_goods|digital_goods_svc_06.digital_goods.relationship_digital_goods|digital_goods_svc_06.digital_goods.target_digital_goods|digital_goods_svc_06.digital_goods.threshold_digital_goods|digital_goods_svc_06.digital_goods.variant_digital_goods,10,0,applications/backend/services/digital_goods/digital_goods-06,/api/v1/digital_goods/06,domain-digital_goods,digital_goods-06,DOMAIN_POLICY_PENDING,PLANNED
1097,90,digital_goods,digital_goods-platform,svc-0897,digital_goods-07,team-090,10,pg-cluster-161|pg-cluster-162|pg-cluster-163|pg-cluster-164|pg-cluster-165|pg-cluster-166|pg-cluster-167|pg-cluster-168|pg-cluster-169|pg-cluster-170,digital_goods_svc_07,digital_goods,10,digital_goods_svc_07.digital_goods.attribution_digital_goods|digital_goods_svc_07.digital_goods.channel_digital_goods|digital_goods_svc_07.digital_goods.click_digital_goods|digital_goods_svc_07.digital_goods.conversion_digital_goods|digital_goods_svc_07.digital_goods.delivery_digital_goods|digital_goods_svc_07.digital_goods.impression_digital_goods|digital_goods_svc_07.digital_goods.message_digital_goods|digital_goods_svc_07.digital_goods.query_digital_goods|digital_goods_svc_07.digital_goods.result_digital_goods|digital_goods_svc_07.digital_goods.template_digital_goods,10,0,applications/backend/services/digital_goods/digital_goods-07,/api/v1/digital_goods/07,domain-digital_goods,digital_goods-07,DOMAIN_POLICY_PENDING,PLANNED
1098,90,digital_goods,digital_goods-platform,svc-0898,digital_goods-08,team-090,10,pg-cluster-171|pg-cluster-172|pg-cluster-173|pg-cluster-174|pg-cluster-175|pg-cluster-176|pg-cluster-177|pg-cluster-178|pg-cluster-179|pg-cluster-180,digital_goods_svc_08,digital_goods,10,digital_goods_svc_08.digital_goods.contract_digital_goods|digital_goods_svc_08.digital_goods.fee_digital_goods|digital_goods_svc_08.digital_goods.partner_digital_goods|digital_goods_svc_08.digital_goods.payout_digital_goods|digital_goods_svc_08.digital_goods.price_digital_goods|digital_goods_svc_08.digital_goods.provider_digital_goods|digital_goods_svc_08.digital_goods.rate_digital_goods|digital_goods_svc_08.digital_goods.reconciliation_digital_goods|digital_goods_svc_08.digital_goods.settlement_digital_goods|digital_goods_svc_08.digital_goods.tax_digital_goods,10,0,applications/backend/services/digital_goods/digital_goods-08,/api/v1/digital_goods/08,domain-digital_goods,digital_goods-08,DOMAIN_POLICY_PENDING,PLANNED
1099,90,digital_goods,digital_goods-platform,svc-0899,digital_goods-09,team-090,10,pg-cluster-181|pg-cluster-182|pg-cluster-183|pg-cluster-184|pg-cluster-185|pg-cluster-186|pg-cluster-187|pg-cluster-188|pg-cluster-189|pg-cluster-190,digital_goods_svc_09,digital_goods,10,digital_goods_svc_09.digital_goods.bin_digital_goods|digital_goods_svc_09.digital_goods.package_digital_goods|digital_goods_svc_09.digital_goods.refund_digital_goods|digital_goods_svc_09.digital_goods.return_digital_goods|digital_goods_svc_09.digital_goods.route_digital_goods|digital_goods_svc_09.digital_goods.shipment_digital_goods|digital_goods_svc_09.digital_goods.stock_digital_goods|digital_goods_svc_09.digital_goods.stop_digital_goods|digital_goods_svc_09.digital_goods.tracking_digital_goods|digital_goods_svc_09.digital_goods.warehouse_digital_goods,10,0,applications/backend/services/digital_goods/digital_goods-09,/api/v1/digital_goods/09,domain-digital_goods,digital_goods-09,DOMAIN_POLICY_PENDING,PLANNED
1100,90,digital_goods,digital_goods-platform,svc-0900,digital_goods-10,team-090,10,pg-cluster-191|pg-cluster-192|pg-cluster-193|pg-cluster-194|pg-cluster-195|pg-cluster-196|pg-cluster-197|pg-cluster-198|pg-cluster-199|pg-cluster-200,digital_goods_svc_10,digital_goods,10,digital_goods_svc_10.digital_goods.consent_digital_goods|digital_goods_svc_10.digital_goods.device_digital_goods|digital_goods_svc_10.digital_goods.feedback_digital_goods|digital_goods_svc_10.digital_goods.location_digital_goods|digital_goods_svc_10.digital_goods.owner_digital_goods|digital_goods_svc_10.digital_goods.permission_digital_goods|digital_goods_svc_10.digital_goods.rating_digital_goods|digital_goods_svc_10.digital_goods.review_digital_goods|digital_goods_svc_10.digital_goods.role_digital_goods|digital_goods_svc_10.digital_goods.token_digital_goods,10,0,applications/backend/services/digital_goods/digital_goods-10,/api/v1/digital_goods/10,domain-digital_goods,digital_goods-10,DOMAIN_POLICY_PENDING,PLANNED
1101,91,membership,membership-platform,svc-0901,membership-01,team-091,10,pg-cluster-201|pg-cluster-202|pg-cluster-203|pg-cluster-204|pg-cluster-205|pg-cluster-206|pg-cluster-207|pg-cluster-208|pg-cluster-209|pg-cluster-210,membership_svc_01,membership,10,membership_svc_01.membership.account_membership|membership_svc_01.membership.address_membership|membership_svc_01.membership.event_membership|membership_svc_01.membership.history_membership|membership_svc_01.membership.mapping_membership|membership_svc_01.membership.preference_membership|membership_svc_01.membership.profile_membership|membership_svc_01.membership.rule_membership|membership_svc_01.membership.session_membership|membership_svc_01.membership.status_membership,10,0,applications/backend/services/membership/membership-01,/api/v1/membership/01,domain-membership,membership-01,DOMAIN_POLICY_PENDING,PLANNED
1102,91,membership,membership-platform,svc-0902,membership-02,team-091,10,pg-cluster-211|pg-cluster-212|pg-cluster-213|pg-cluster-214|pg-cluster-215|pg-cluster-216|pg-cluster-217|pg-cluster-218|pg-cluster-219|pg-cluster-220,membership_svc_02,membership,10,membership_svc_02.membership.allocation_membership|membership_svc_02.membership.attempt_membership|membership_svc_02.membership.detail_membership|membership_svc_02.membership.item_membership|membership_svc_02.membership.movement_membership|membership_svc_02.membership.request_membership|membership_svc_02.membership.reservation_membership|membership_svc_02.membership.response_membership|membership_svc_02.membership.snapshot_membership|membership_svc_02.membership.transaction_membership,10,0,applications/backend/services/membership/membership-02,/api/v1/membership/02,domain-membership,membership-02,DOMAIN_POLICY_PENDING,PLANNED
1103,91,membership,membership-platform,svc-0903,membership-03,team-091,10,pg-cluster-221|pg-cluster-222|pg-cluster-223|pg-cluster-224|pg-cluster-225|pg-cluster-226|pg-cluster-227|pg-cluster-228|pg-cluster-229|pg-cluster-230,membership_svc_03,membership,10,membership_svc_03.membership.adjustment_membership|membership_svc_03.membership.campaign_membership|membership_svc_03.membership.configuration_membership|membership_svc_03.membership.document_membership|membership_svc_03.membership.metric_membership|membership_svc_03.membership.offer_membership|membership_svc_03.membership.policy_membership|membership_svc_03.membership.redemption_membership|membership_svc_03.membership.score_membership|membership_svc_03.membership.segment_membership,10,0,applications/backend/services/membership/membership-03,/api/v1/membership/03,domain-membership,membership-03,DOMAIN_POLICY_PENDING,PLANNED
1104,91,membership,membership-platform,svc-0904,membership-04,team-091,10,pg-cluster-231|pg-cluster-232|pg-cluster-233|pg-cluster-234|pg-cluster-235|pg-cluster-236|pg-cluster-237|pg-cluster-238|pg-cluster-239|pg-cluster-240,membership_svc_04,membership,10,membership_svc_04.membership.balance_membership|membership_svc_04.membership.batch_membership|membership_svc_04.membership.checkpoint_membership|membership_svc_04.membership.exception_membership|membership_svc_04.membership.invoice_membership|membership_svc_04.membership.job_membership|membership_svc_04.membership.ledger_membership|membership_svc_04.membership.line_membership|membership_svc_04.membership.run_membership|membership_svc_04.membership.task_membership,10,0,applications/backend/services/membership/membership-04,/api/v1/membership/04,domain-membership,membership-04,DOMAIN_POLICY_PENDING,PLANNED
1105,91,membership,membership-platform,svc-0905,membership-05,team-091,10,pg-cluster-241|pg-cluster-242|pg-cluster-243|pg-cluster-244|pg-cluster-245|pg-cluster-246|pg-cluster-247|pg-cluster-248|pg-cluster-249|pg-cluster-250,membership_svc_05,membership,10,membership_svc_05.membership.alert_membership|membership_svc_05.membership.approval_membership|membership_svc_05.membership.assignment_membership|membership_svc_05.membership.availability_membership|membership_svc_05.membership.capacity_membership|membership_svc_05.membership.case_membership|membership_svc_05.membership.decision_membership|membership_svc_05.membership.forecast_membership|membership_svc_05.membership.schedule_membership|membership_svc_05.membership.workflow_membership,10,0,applications/backend/services/membership/membership-05,/api/v1/membership/05,domain-membership,membership-05,DOMAIN_POLICY_PENDING,PLANNED
1106,91,membership,membership-platform,svc-0906,membership-06,team-091,10,pg-cluster-251|pg-cluster-252|pg-cluster-253|pg-cluster-254|pg-cluster-255|pg-cluster-256|pg-cluster-257|pg-cluster-258|pg-cluster-259|pg-cluster-260,membership_svc_06,membership,10,membership_svc_06.membership.attribute_membership|membership_svc_06.membership.category_membership|membership_svc_06.membership.collection_membership|membership_svc_06.membership.media_membership|membership_svc_06.membership.plan_membership|membership_svc_06.membership.ranking_membership|membership_svc_06.membership.relationship_membership|membership_svc_06.membership.target_membership|membership_svc_06.membership.threshold_membership|membership_svc_06.membership.variant_membership,10,0,applications/backend/services/membership/membership-06,/api/v1/membership/06,domain-membership,membership-06,DOMAIN_POLICY_PENDING,PLANNED
1107,91,membership,membership-platform,svc-0907,membership-07,team-091,10,pg-cluster-261|pg-cluster-262|pg-cluster-263|pg-cluster-264|pg-cluster-265|pg-cluster-266|pg-cluster-267|pg-cluster-268|pg-cluster-269|pg-cluster-270,membership_svc_07,membership,10,membership_svc_07.membership.attribution_membership|membership_svc_07.membership.channel_membership|membership_svc_07.membership.click_membership|membership_svc_07.membership.conversion_membership|membership_svc_07.membership.delivery_membership|membership_svc_07.membership.impression_membership|membership_svc_07.membership.message_membership|membership_svc_07.membership.query_membership|membership_svc_07.membership.result_membership|membership_svc_07.membership.template_membership,10,0,applications/backend/services/membership/membership-07,/api/v1/membership/07,domain-membership,membership-07,DOMAIN_POLICY_PENDING,PLANNED
1108,91,membership,membership-platform,svc-0908,membership-08,team-091,10,pg-cluster-271|pg-cluster-272|pg-cluster-273|pg-cluster-274|pg-cluster-275|pg-cluster-276|pg-cluster-277|pg-cluster-278|pg-cluster-279|pg-cluster-280,membership_svc_08,membership,10,membership_svc_08.membership.contract_membership|membership_svc_08.membership.fee_membership|membership_svc_08.membership.partner_membership|membership_svc_08.membership.payout_membership|membership_svc_08.membership.price_membership|membership_svc_08.membership.provider_membership|membership_svc_08.membership.rate_membership|membership_svc_08.membership.reconciliation_membership|membership_svc_08.membership.settlement_membership|membership_svc_08.membership.tax_membership,10,0,applications/backend/services/membership/membership-08,/api/v1/membership/08,domain-membership,membership-08,DOMAIN_POLICY_PENDING,PLANNED
1109,91,membership,membership-platform,svc-0909,membership-09,team-091,10,pg-cluster-281|pg-cluster-282|pg-cluster-283|pg-cluster-284|pg-cluster-285|pg-cluster-286|pg-cluster-287|pg-cluster-288|pg-cluster-289|pg-cluster-290,membership_svc_09,membership,10,membership_svc_09.membership.bin_membership|membership_svc_09.membership.package_membership|membership_svc_09.membership.refund_membership|membership_svc_09.membership.return_membership|membership_svc_09.membership.route_membership|membership_svc_09.membership.shipment_membership|membership_svc_09.membership.stock_membership|membership_svc_09.membership.stop_membership|membership_svc_09.membership.tracking_membership|membership_svc_09.membership.warehouse_membership,10,0,applications/backend/services/membership/membership-09,/api/v1/membership/09,domain-membership,membership-09,DOMAIN_POLICY_PENDING,PLANNED
1110,91,membership,membership-platform,svc-0910,membership-10,team-091,10,pg-cluster-291|pg-cluster-292|pg-cluster-293|pg-cluster-294|pg-cluster-295|pg-cluster-296|pg-cluster-297|pg-cluster-298|pg-cluster-299|pg-cluster-300,membership_svc_10,membership,10,membership_svc_10.membership.consent_membership|membership_svc_10.membership.device_membership|membership_svc_10.membership.feedback_membership|membership_svc_10.membership.location_membership|membership_svc_10.membership.owner_membership|membership_svc_10.membership.permission_membership|membership_svc_10.membership.rating_membership|membership_svc_10.membership.review_membership|membership_svc_10.membership.role_membership|membership_svc_10.membership.token_membership,10,0,applications/backend/services/membership/membership-10,/api/v1/membership/10,domain-membership,membership-10,DOMAIN_POLICY_PENDING,PLANNED
1111,92,affiliate,affiliate-platform,svc-0911,affiliate-01,team-092,10,pg-cluster-301|pg-cluster-302|pg-cluster-303|pg-cluster-304|pg-cluster-305|pg-cluster-306|pg-cluster-307|pg-cluster-308|pg-cluster-309|pg-cluster-310,affiliate_svc_01,affiliate,10,affiliate_svc_01.affiliate.account_affiliate|affiliate_svc_01.affiliate.address_affiliate|affiliate_svc_01.affiliate.event_affiliate|affiliate_svc_01.affiliate.history_affiliate|affiliate_svc_01.affiliate.mapping_affiliate|affiliate_svc_01.affiliate.preference_affiliate|affiliate_svc_01.affiliate.profile_affiliate|affiliate_svc_01.affiliate.rule_affiliate|affiliate_svc_01.affiliate.session_affiliate|affiliate_svc_01.affiliate.status_affiliate,10,0,applications/backend/services/affiliate/affiliate-01,/api/v1/affiliate/01,domain-affiliate,affiliate-01,DOMAIN_POLICY_PENDING,PLANNED
1112,92,affiliate,affiliate-platform,svc-0912,affiliate-02,team-092,10,pg-cluster-311|pg-cluster-312|pg-cluster-313|pg-cluster-314|pg-cluster-315|pg-cluster-316|pg-cluster-317|pg-cluster-318|pg-cluster-319|pg-cluster-320,affiliate_svc_02,affiliate,10,affiliate_svc_02.affiliate.allocation_affiliate|affiliate_svc_02.affiliate.attempt_affiliate|affiliate_svc_02.affiliate.detail_affiliate|affiliate_svc_02.affiliate.item_affiliate|affiliate_svc_02.affiliate.movement_affiliate|affiliate_svc_02.affiliate.request_affiliate|affiliate_svc_02.affiliate.reservation_affiliate|affiliate_svc_02.affiliate.response_affiliate|affiliate_svc_02.affiliate.snapshot_affiliate|affiliate_svc_02.affiliate.transaction_affiliate,10,0,applications/backend/services/affiliate/affiliate-02,/api/v1/affiliate/02,domain-affiliate,affiliate-02,DOMAIN_POLICY_PENDING,PLANNED
1113,92,affiliate,affiliate-platform,svc-0913,affiliate-03,team-092,10,pg-cluster-321|pg-cluster-322|pg-cluster-323|pg-cluster-324|pg-cluster-325|pg-cluster-326|pg-cluster-327|pg-cluster-328|pg-cluster-329|pg-cluster-330,affiliate_svc_03,affiliate,10,affiliate_svc_03.affiliate.adjustment_affiliate|affiliate_svc_03.affiliate.campaign_affiliate|affiliate_svc_03.affiliate.configuration_affiliate|affiliate_svc_03.affiliate.document_affiliate|affiliate_svc_03.affiliate.metric_affiliate|affiliate_svc_03.affiliate.offer_affiliate|affiliate_svc_03.affiliate.policy_affiliate|affiliate_svc_03.affiliate.redemption_affiliate|affiliate_svc_03.affiliate.score_affiliate|affiliate_svc_03.affiliate.segment_affiliate,10,0,applications/backend/services/affiliate/affiliate-03,/api/v1/affiliate/03,domain-affiliate,affiliate-03,DOMAIN_POLICY_PENDING,PLANNED
1114,92,affiliate,affiliate-platform,svc-0914,affiliate-04,team-092,10,pg-cluster-331|pg-cluster-332|pg-cluster-333|pg-cluster-334|pg-cluster-335|pg-cluster-336|pg-cluster-337|pg-cluster-338|pg-cluster-339|pg-cluster-340,affiliate_svc_04,affiliate,10,affiliate_svc_04.affiliate.balance_affiliate|affiliate_svc_04.affiliate.batch_affiliate|affiliate_svc_04.affiliate.checkpoint_affiliate|affiliate_svc_04.affiliate.exception_affiliate|affiliate_svc_04.affiliate.invoice_affiliate|affiliate_svc_04.affiliate.job_affiliate|affiliate_svc_04.affiliate.ledger_affiliate|affiliate_svc_04.affiliate.line_affiliate|affiliate_svc_04.affiliate.run_affiliate|affiliate_svc_04.affiliate.task_affiliate,10,0,applications/backend/services/affiliate/affiliate-04,/api/v1/affiliate/04,domain-affiliate,affiliate-04,DOMAIN_POLICY_PENDING,PLANNED
1115,92,affiliate,affiliate-platform,svc-0915,affiliate-05,team-092,10,pg-cluster-341|pg-cluster-342|pg-cluster-343|pg-cluster-344|pg-cluster-345|pg-cluster-346|pg-cluster-347|pg-cluster-348|pg-cluster-349|pg-cluster-350,affiliate_svc_05,affiliate,10,affiliate_svc_05.affiliate.alert_affiliate|affiliate_svc_05.affiliate.approval_affiliate|affiliate_svc_05.affiliate.assignment_affiliate|affiliate_svc_05.affiliate.availability_affiliate|affiliate_svc_05.affiliate.capacity_affiliate|affiliate_svc_05.affiliate.case_affiliate|affiliate_svc_05.affiliate.decision_affiliate|affiliate_svc_05.affiliate.forecast_affiliate|affiliate_svc_05.affiliate.schedule_affiliate|affiliate_svc_05.affiliate.workflow_affiliate,10,0,applications/backend/services/affiliate/affiliate-05,/api/v1/affiliate/05,domain-affiliate,affiliate-05,DOMAIN_POLICY_PENDING,PLANNED
1116,92,affiliate,affiliate-platform,svc-0916,affiliate-06,team-092,10,pg-cluster-351|pg-cluster-352|pg-cluster-353|pg-cluster-354|pg-cluster-355|pg-cluster-356|pg-cluster-357|pg-cluster-358|pg-cluster-359|pg-cluster-360,affiliate_svc_06,affiliate,10,affiliate_svc_06.affiliate.attribute_affiliate|affiliate_svc_06.affiliate.category_affiliate|affiliate_svc_06.affiliate.collection_affiliate|affiliate_svc_06.affiliate.media_affiliate|affiliate_svc_06.affiliate.plan_affiliate|affiliate_svc_06.affiliate.ranking_affiliate|affiliate_svc_06.affiliate.relationship_affiliate|affiliate_svc_06.affiliate.target_affiliate|affiliate_svc_06.affiliate.threshold_affiliate|affiliate_svc_06.affiliate.variant_affiliate,10,0,applications/backend/services/affiliate/affiliate-06,/api/v1/affiliate/06,domain-affiliate,affiliate-06,DOMAIN_POLICY_PENDING,PLANNED
1117,92,affiliate,affiliate-platform,svc-0917,affiliate-07,team-092,10,pg-cluster-361|pg-cluster-362|pg-cluster-363|pg-cluster-364|pg-cluster-365|pg-cluster-366|pg-cluster-367|pg-cluster-368|pg-cluster-369|pg-cluster-370,affiliate_svc_07,affiliate,10,affiliate_svc_07.affiliate.attribution_affiliate|affiliate_svc_07.affiliate.channel_affiliate|affiliate_svc_07.affiliate.click_affiliate|affiliate_svc_07.affiliate.conversion_affiliate|affiliate_svc_07.affiliate.delivery_affiliate|affiliate_svc_07.affiliate.impression_affiliate|affiliate_svc_07.affiliate.message_affiliate|affiliate_svc_07.affiliate.query_affiliate|affiliate_svc_07.affiliate.result_affiliate|affiliate_svc_07.affiliate.template_affiliate,10,0,applications/backend/services/affiliate/affiliate-07,/api/v1/affiliate/07,domain-affiliate,affiliate-07,DOMAIN_POLICY_PENDING,PLANNED
1118,92,affiliate,affiliate-platform,svc-0918,affiliate-08,team-092,10,pg-cluster-371|pg-cluster-372|pg-cluster-373|pg-cluster-374|pg-cluster-375|pg-cluster-376|pg-cluster-377|pg-cluster-378|pg-cluster-379|pg-cluster-380,affiliate_svc_08,affiliate,10,affiliate_svc_08.affiliate.contract_affiliate|affiliate_svc_08.affiliate.fee_affiliate|affiliate_svc_08.affiliate.partner_affiliate|affiliate_svc_08.affiliate.payout_affiliate|affiliate_svc_08.affiliate.price_affiliate|affiliate_svc_08.affiliate.provider_affiliate|affiliate_svc_08.affiliate.rate_affiliate|affiliate_svc_08.affiliate.reconciliation_affiliate|affiliate_svc_08.affiliate.settlement_affiliate|affiliate_svc_08.affiliate.tax_affiliate,10,0,applications/backend/services/affiliate/affiliate-08,/api/v1/affiliate/08,domain-affiliate,affiliate-08,DOMAIN_POLICY_PENDING,PLANNED
1119,92,affiliate,affiliate-platform,svc-0919,affiliate-09,team-092,10,pg-cluster-381|pg-cluster-382|pg-cluster-383|pg-cluster-384|pg-cluster-385|pg-cluster-386|pg-cluster-387|pg-cluster-388|pg-cluster-389|pg-cluster-390,affiliate_svc_09,affiliate,10,affiliate_svc_09.affiliate.bin_affiliate|affiliate_svc_09.affiliate.package_affiliate|affiliate_svc_09.affiliate.refund_affiliate|affiliate_svc_09.affiliate.return_affiliate|affiliate_svc_09.affiliate.route_affiliate|affiliate_svc_09.affiliate.shipment_affiliate|affiliate_svc_09.affiliate.stock_affiliate|affiliate_svc_09.affiliate.stop_affiliate|affiliate_svc_09.affiliate.tracking_affiliate|affiliate_svc_09.affiliate.warehouse_affiliate,10,0,applications/backend/services/affiliate/affiliate-09,/api/v1/affiliate/09,domain-affiliate,affiliate-09,DOMAIN_POLICY_PENDING,PLANNED
1120,92,affiliate,affiliate-platform,svc-0920,affiliate-10,team-092,10,pg-cluster-391|pg-cluster-392|pg-cluster-393|pg-cluster-394|pg-cluster-395|pg-cluster-396|pg-cluster-397|pg-cluster-398|pg-cluster-399|pg-cluster-400,affiliate_svc_10,affiliate,10,affiliate_svc_10.affiliate.consent_affiliate|affiliate_svc_10.affiliate.device_affiliate|affiliate_svc_10.affiliate.feedback_affiliate|affiliate_svc_10.affiliate.location_affiliate|affiliate_svc_10.affiliate.owner_affiliate|affiliate_svc_10.affiliate.permission_affiliate|affiliate_svc_10.affiliate.rating_affiliate|affiliate_svc_10.affiliate.review_affiliate|affiliate_svc_10.affiliate.role_affiliate|affiliate_svc_10.affiliate.token_affiliate,10,0,applications/backend/services/affiliate/affiliate-10,/api/v1/affiliate/10,domain-affiliate,affiliate-10,DOMAIN_POLICY_PENDING,PLANNED
1121,93,social,social-platform,svc-0921,social-01,team-093,10,pg-cluster-401|pg-cluster-402|pg-cluster-403|pg-cluster-404|pg-cluster-405|pg-cluster-406|pg-cluster-407|pg-cluster-408|pg-cluster-409|pg-cluster-410,social_svc_01,social,10,social_svc_01.social.account_social|social_svc_01.social.address_social|social_svc_01.social.event_social|social_svc_01.social.history_social|social_svc_01.social.mapping_social|social_svc_01.social.preference_social|social_svc_01.social.profile_social|social_svc_01.social.rule_social|social_svc_01.social.session_social|social_svc_01.social.status_social,10,0,applications/backend/services/social/social-01,/api/v1/social/01,domain-social,social-01,DOMAIN_POLICY_PENDING,PLANNED
1122,93,social,social-platform,svc-0922,social-02,team-093,10,pg-cluster-411|pg-cluster-412|pg-cluster-413|pg-cluster-414|pg-cluster-415|pg-cluster-416|pg-cluster-417|pg-cluster-418|pg-cluster-419|pg-cluster-420,social_svc_02,social,10,social_svc_02.social.allocation_social|social_svc_02.social.attempt_social|social_svc_02.social.detail_social|social_svc_02.social.item_social|social_svc_02.social.movement_social|social_svc_02.social.request_social|social_svc_02.social.reservation_social|social_svc_02.social.response_social|social_svc_02.social.snapshot_social|social_svc_02.social.transaction_social,10,0,applications/backend/services/social/social-02,/api/v1/social/02,domain-social,social-02,DOMAIN_POLICY_PENDING,PLANNED
1123,93,social,social-platform,svc-0923,social-03,team-093,10,pg-cluster-421|pg-cluster-422|pg-cluster-423|pg-cluster-424|pg-cluster-425|pg-cluster-426|pg-cluster-427|pg-cluster-428|pg-cluster-429|pg-cluster-430,social_svc_03,social,10,social_svc_03.social.adjustment_social|social_svc_03.social.campaign_social|social_svc_03.social.configuration_social|social_svc_03.social.document_social|social_svc_03.social.metric_social|social_svc_03.social.offer_social|social_svc_03.social.policy_social|social_svc_03.social.redemption_social|social_svc_03.social.score_social|social_svc_03.social.segment_social,10,0,applications/backend/services/social/social-03,/api/v1/social/03,domain-social,social-03,DOMAIN_POLICY_PENDING,PLANNED
1124,93,social,social-platform,svc-0924,social-04,team-093,10,pg-cluster-431|pg-cluster-432|pg-cluster-433|pg-cluster-434|pg-cluster-435|pg-cluster-436|pg-cluster-437|pg-cluster-438|pg-cluster-439|pg-cluster-440,social_svc_04,social,10,social_svc_04.social.balance_social|social_svc_04.social.batch_social|social_svc_04.social.checkpoint_social|social_svc_04.social.exception_social|social_svc_04.social.invoice_social|social_svc_04.social.job_social|social_svc_04.social.ledger_social|social_svc_04.social.line_social|social_svc_04.social.run_social|social_svc_04.social.task_social,10,0,applications/backend/services/social/social-04,/api/v1/social/04,domain-social,social-04,DOMAIN_POLICY_PENDING,PLANNED
1125,93,social,social-platform,svc-0925,social-05,team-093,10,pg-cluster-441|pg-cluster-442|pg-cluster-443|pg-cluster-444|pg-cluster-445|pg-cluster-446|pg-cluster-447|pg-cluster-448|pg-cluster-449|pg-cluster-450,social_svc_05,social,10,social_svc_05.social.alert_social|social_svc_05.social.approval_social|social_svc_05.social.assignment_social|social_svc_05.social.availability_social|social_svc_05.social.capacity_social|social_svc_05.social.case_social|social_svc_05.social.decision_social|social_svc_05.social.forecast_social|social_svc_05.social.schedule_social|social_svc_05.social.workflow_social,10,0,applications/backend/services/social/social-05,/api/v1/social/05,domain-social,social-05,DOMAIN_POLICY_PENDING,PLANNED
1126,93,social,social-platform,svc-0926,social-06,team-093,10,pg-cluster-451|pg-cluster-452|pg-cluster-453|pg-cluster-454|pg-cluster-455|pg-cluster-456|pg-cluster-457|pg-cluster-458|pg-cluster-459|pg-cluster-460,social_svc_06,social,10,social_svc_06.social.attribute_social|social_svc_06.social.category_social|social_svc_06.social.collection_social|social_svc_06.social.media_social|social_svc_06.social.plan_social|social_svc_06.social.ranking_social|social_svc_06.social.relationship_social|social_svc_06.social.target_social|social_svc_06.social.threshold_social|social_svc_06.social.variant_social,10,0,applications/backend/services/social/social-06,/api/v1/social/06,domain-social,social-06,DOMAIN_POLICY_PENDING,PLANNED
1127,93,social,social-platform,svc-0927,social-07,team-093,10,pg-cluster-461|pg-cluster-462|pg-cluster-463|pg-cluster-464|pg-cluster-465|pg-cluster-466|pg-cluster-467|pg-cluster-468|pg-cluster-469|pg-cluster-470,social_svc_07,social,10,social_svc_07.social.attribution_social|social_svc_07.social.channel_social|social_svc_07.social.click_social|social_svc_07.social.conversion_social|social_svc_07.social.delivery_social|social_svc_07.social.impression_social|social_svc_07.social.message_social|social_svc_07.social.query_social|social_svc_07.social.result_social|social_svc_07.social.template_social,10,0,applications/backend/services/social/social-07,/api/v1/social/07,domain-social,social-07,DOMAIN_POLICY_PENDING,PLANNED
1128,93,social,social-platform,svc-0928,social-08,team-093,10,pg-cluster-471|pg-cluster-472|pg-cluster-473|pg-cluster-474|pg-cluster-475|pg-cluster-476|pg-cluster-477|pg-cluster-478|pg-cluster-479|pg-cluster-480,social_svc_08,social,10,social_svc_08.social.contract_social|social_svc_08.social.fee_social|social_svc_08.social.partner_social|social_svc_08.social.payout_social|social_svc_08.social.price_social|social_svc_08.social.provider_social|social_svc_08.social.rate_social|social_svc_08.social.reconciliation_social|social_svc_08.social.settlement_social|social_svc_08.social.tax_social,10,0,applications/backend/services/social/social-08,/api/v1/social/08,domain-social,social-08,DOMAIN_POLICY_PENDING,PLANNED
1129,93,social,social-platform,svc-0929,social-09,team-093,10,pg-cluster-481|pg-cluster-482|pg-cluster-483|pg-cluster-484|pg-cluster-485|pg-cluster-486|pg-cluster-487|pg-cluster-488|pg-cluster-489|pg-cluster-490,social_svc_09,social,10,social_svc_09.social.bin_social|social_svc_09.social.package_social|social_svc_09.social.refund_social|social_svc_09.social.return_social|social_svc_09.social.route_social|social_svc_09.social.shipment_social|social_svc_09.social.stock_social|social_svc_09.social.stop_social|social_svc_09.social.tracking_social|social_svc_09.social.warehouse_social,10,0,applications/backend/services/social/social-09,/api/v1/social/09,domain-social,social-09,DOMAIN_POLICY_PENDING,PLANNED
1130,93,social,social-platform,svc-0930,social-10,team-093,10,pg-cluster-491|pg-cluster-492|pg-cluster-493|pg-cluster-494|pg-cluster-495|pg-cluster-496|pg-cluster-497|pg-cluster-498|pg-cluster-499|pg-cluster-500,social_svc_10,social,10,social_svc_10.social.consent_social|social_svc_10.social.device_social|social_svc_10.social.feedback_social|social_svc_10.social.location_social|social_svc_10.social.owner_social|social_svc_10.social.permission_social|social_svc_10.social.rating_social|social_svc_10.social.review_social|social_svc_10.social.role_social|social_svc_10.social.token_social,10,0,applications/backend/services/social/social-10,/api/v1/social/10,domain-social,social-10,DOMAIN_POLICY_PENDING,PLANNED
1131,94,messaging,messaging-platform,svc-0931,messaging-01,team-094,10,pg-cluster-501|pg-cluster-502|pg-cluster-503|pg-cluster-504|pg-cluster-505|pg-cluster-506|pg-cluster-507|pg-cluster-508|pg-cluster-509|pg-cluster-510,messaging_svc_01,messaging,10,messaging_svc_01.messaging.account_messaging|messaging_svc_01.messaging.address_messaging|messaging_svc_01.messaging.event_messaging|messaging_svc_01.messaging.history_messaging|messaging_svc_01.messaging.mapping_messaging|messaging_svc_01.messaging.preference_messaging|messaging_svc_01.messaging.profile_messaging|messaging_svc_01.messaging.rule_messaging|messaging_svc_01.messaging.session_messaging|messaging_svc_01.messaging.status_messaging,10,0,applications/backend/services/messaging/messaging-01,/api/v1/messaging/01,domain-messaging,messaging-01,DOMAIN_POLICY_PENDING,PLANNED
1132,94,messaging,messaging-platform,svc-0932,messaging-02,team-094,10,pg-cluster-511|pg-cluster-512|pg-cluster-513|pg-cluster-514|pg-cluster-515|pg-cluster-516|pg-cluster-517|pg-cluster-518|pg-cluster-519|pg-cluster-520,messaging_svc_02,messaging,10,messaging_svc_02.messaging.allocation_messaging|messaging_svc_02.messaging.attempt_messaging|messaging_svc_02.messaging.detail_messaging|messaging_svc_02.messaging.item_messaging|messaging_svc_02.messaging.movement_messaging|messaging_svc_02.messaging.request_messaging|messaging_svc_02.messaging.reservation_messaging|messaging_svc_02.messaging.response_messaging|messaging_svc_02.messaging.snapshot_messaging|messaging_svc_02.messaging.transaction_messaging,10,0,applications/backend/services/messaging/messaging-02,/api/v1/messaging/02,domain-messaging,messaging-02,DOMAIN_POLICY_PENDING,PLANNED
1133,94,messaging,messaging-platform,svc-0933,messaging-03,team-094,10,pg-cluster-521|pg-cluster-522|pg-cluster-523|pg-cluster-524|pg-cluster-525|pg-cluster-526|pg-cluster-527|pg-cluster-528|pg-cluster-529|pg-cluster-530,messaging_svc_03,messaging,10,messaging_svc_03.messaging.adjustment_messaging|messaging_svc_03.messaging.campaign_messaging|messaging_svc_03.messaging.configuration_messaging|messaging_svc_03.messaging.document_messaging|messaging_svc_03.messaging.metric_messaging|messaging_svc_03.messaging.offer_messaging|messaging_svc_03.messaging.policy_messaging|messaging_svc_03.messaging.redemption_messaging|messaging_svc_03.messaging.score_messaging|messaging_svc_03.messaging.segment_messaging,10,0,applications/backend/services/messaging/messaging-03,/api/v1/messaging/03,domain-messaging,messaging-03,DOMAIN_POLICY_PENDING,PLANNED
1134,94,messaging,messaging-platform,svc-0934,messaging-04,team-094,10,pg-cluster-531|pg-cluster-532|pg-cluster-533|pg-cluster-534|pg-cluster-535|pg-cluster-536|pg-cluster-537|pg-cluster-538|pg-cluster-539|pg-cluster-540,messaging_svc_04,messaging,10,messaging_svc_04.messaging.balance_messaging|messaging_svc_04.messaging.batch_messaging|messaging_svc_04.messaging.checkpoint_messaging|messaging_svc_04.messaging.exception_messaging|messaging_svc_04.messaging.invoice_messaging|messaging_svc_04.messaging.job_messaging|messaging_svc_04.messaging.ledger_messaging|messaging_svc_04.messaging.line_messaging|messaging_svc_04.messaging.run_messaging|messaging_svc_04.messaging.task_messaging,10,0,applications/backend/services/messaging/messaging-04,/api/v1/messaging/04,domain-messaging,messaging-04,DOMAIN_POLICY_PENDING,PLANNED
1135,94,messaging,messaging-platform,svc-0935,messaging-05,team-094,10,pg-cluster-541|pg-cluster-542|pg-cluster-543|pg-cluster-544|pg-cluster-545|pg-cluster-546|pg-cluster-547|pg-cluster-548|pg-cluster-549|pg-cluster-550,messaging_svc_05,messaging,10,messaging_svc_05.messaging.alert_messaging|messaging_svc_05.messaging.approval_messaging|messaging_svc_05.messaging.assignment_messaging|messaging_svc_05.messaging.availability_messaging|messaging_svc_05.messaging.capacity_messaging|messaging_svc_05.messaging.case_messaging|messaging_svc_05.messaging.decision_messaging|messaging_svc_05.messaging.forecast_messaging|messaging_svc_05.messaging.schedule_messaging|messaging_svc_05.messaging.workflow_messaging,10,0,applications/backend/services/messaging/messaging-05,/api/v1/messaging/05,domain-messaging,messaging-05,DOMAIN_POLICY_PENDING,PLANNED
1136,94,messaging,messaging-platform,svc-0936,messaging-06,team-094,10,pg-cluster-551|pg-cluster-552|pg-cluster-553|pg-cluster-554|pg-cluster-555|pg-cluster-556|pg-cluster-557|pg-cluster-558|pg-cluster-559|pg-cluster-560,messaging_svc_06,messaging,10,messaging_svc_06.messaging.attribute_messaging|messaging_svc_06.messaging.category_messaging|messaging_svc_06.messaging.collection_messaging|messaging_svc_06.messaging.media_messaging|messaging_svc_06.messaging.plan_messaging|messaging_svc_06.messaging.ranking_messaging|messaging_svc_06.messaging.relationship_messaging|messaging_svc_06.messaging.target_messaging|messaging_svc_06.messaging.threshold_messaging|messaging_svc_06.messaging.variant_messaging,10,0,applications/backend/services/messaging/messaging-06,/api/v1/messaging/06,domain-messaging,messaging-06,DOMAIN_POLICY_PENDING,PLANNED
1137,94,messaging,messaging-platform,svc-0937,messaging-07,team-094,10,pg-cluster-561|pg-cluster-562|pg-cluster-563|pg-cluster-564|pg-cluster-565|pg-cluster-566|pg-cluster-567|pg-cluster-568|pg-cluster-569|pg-cluster-570,messaging_svc_07,messaging,10,messaging_svc_07.messaging.attribution_messaging|messaging_svc_07.messaging.channel_messaging|messaging_svc_07.messaging.click_messaging|messaging_svc_07.messaging.conversion_messaging|messaging_svc_07.messaging.delivery_messaging|messaging_svc_07.messaging.impression_messaging|messaging_svc_07.messaging.message_messaging|messaging_svc_07.messaging.query_messaging|messaging_svc_07.messaging.result_messaging|messaging_svc_07.messaging.template_messaging,10,0,applications/backend/services/messaging/messaging-07,/api/v1/messaging/07,domain-messaging,messaging-07,DOMAIN_POLICY_PENDING,PLANNED
1138,94,messaging,messaging-platform,svc-0938,messaging-08,team-094,10,pg-cluster-571|pg-cluster-572|pg-cluster-573|pg-cluster-574|pg-cluster-575|pg-cluster-576|pg-cluster-577|pg-cluster-578|pg-cluster-579|pg-cluster-580,messaging_svc_08,messaging,10,messaging_svc_08.messaging.contract_messaging|messaging_svc_08.messaging.fee_messaging|messaging_svc_08.messaging.partner_messaging|messaging_svc_08.messaging.payout_messaging|messaging_svc_08.messaging.price_messaging|messaging_svc_08.messaging.provider_messaging|messaging_svc_08.messaging.rate_messaging|messaging_svc_08.messaging.reconciliation_messaging|messaging_svc_08.messaging.settlement_messaging|messaging_svc_08.messaging.tax_messaging,10,0,applications/backend/services/messaging/messaging-08,/api/v1/messaging/08,domain-messaging,messaging-08,DOMAIN_POLICY_PENDING,PLANNED
1139,94,messaging,messaging-platform,svc-0939,messaging-09,team-094,10,pg-cluster-581|pg-cluster-582|pg-cluster-583|pg-cluster-584|pg-cluster-585|pg-cluster-586|pg-cluster-587|pg-cluster-588|pg-cluster-589|pg-cluster-590,messaging_svc_09,messaging,10,messaging_svc_09.messaging.bin_messaging|messaging_svc_09.messaging.package_messaging|messaging_svc_09.messaging.refund_messaging|messaging_svc_09.messaging.return_messaging|messaging_svc_09.messaging.route_messaging|messaging_svc_09.messaging.shipment_messaging|messaging_svc_09.messaging.stock_messaging|messaging_svc_09.messaging.stop_messaging|messaging_svc_09.messaging.tracking_messaging|messaging_svc_09.messaging.warehouse_messaging,10,0,applications/backend/services/messaging/messaging-09,/api/v1/messaging/09,domain-messaging,messaging-09,DOMAIN_POLICY_PENDING,PLANNED
1140,94,messaging,messaging-platform,svc-0940,messaging-10,team-094,10,pg-cluster-591|pg-cluster-592|pg-cluster-593|pg-cluster-594|pg-cluster-595|pg-cluster-596|pg-cluster-597|pg-cluster-598|pg-cluster-599|pg-cluster-600,messaging_svc_10,messaging,10,messaging_svc_10.messaging.consent_messaging|messaging_svc_10.messaging.device_messaging|messaging_svc_10.messaging.feedback_messaging|messaging_svc_10.messaging.location_messaging|messaging_svc_10.messaging.owner_messaging|messaging_svc_10.messaging.permission_messaging|messaging_svc_10.messaging.rating_messaging|messaging_svc_10.messaging.review_messaging|messaging_svc_10.messaging.role_messaging|messaging_svc_10.messaging.token_messaging,10,0,applications/backend/services/messaging/messaging-10,/api/v1/messaging/10,domain-messaging,messaging-10,DOMAIN_POLICY_PENDING,PLANNED
1141,95,email,email-platform,svc-0941,email-01,team-095,10,pg-cluster-601|pg-cluster-602|pg-cluster-603|pg-cluster-604|pg-cluster-605|pg-cluster-606|pg-cluster-607|pg-cluster-608|pg-cluster-609|pg-cluster-610,email_svc_01,email,10,email_svc_01.email.account_email|email_svc_01.email.address_email|email_svc_01.email.event_email|email_svc_01.email.history_email|email_svc_01.email.mapping_email|email_svc_01.email.preference_email|email_svc_01.email.profile_email|email_svc_01.email.rule_email|email_svc_01.email.session_email|email_svc_01.email.status_email,10,0,applications/backend/services/email/email-01,/api/v1/email/01,domain-email,email-01,DOMAIN_POLICY_PENDING,PLANNED
1142,95,email,email-platform,svc-0942,email-02,team-095,10,pg-cluster-611|pg-cluster-612|pg-cluster-613|pg-cluster-614|pg-cluster-615|pg-cluster-616|pg-cluster-617|pg-cluster-618|pg-cluster-619|pg-cluster-620,email_svc_02,email,10,email_svc_02.email.allocation_email|email_svc_02.email.attempt_email|email_svc_02.email.detail_email|email_svc_02.email.item_email|email_svc_02.email.movement_email|email_svc_02.email.request_email|email_svc_02.email.reservation_email|email_svc_02.email.response_email|email_svc_02.email.snapshot_email|email_svc_02.email.transaction_email,10,0,applications/backend/services/email/email-02,/api/v1/email/02,domain-email,email-02,DOMAIN_POLICY_PENDING,PLANNED
1143,95,email,email-platform,svc-0943,email-03,team-095,10,pg-cluster-621|pg-cluster-622|pg-cluster-623|pg-cluster-624|pg-cluster-625|pg-cluster-626|pg-cluster-627|pg-cluster-628|pg-cluster-629|pg-cluster-630,email_svc_03,email,10,email_svc_03.email.adjustment_email|email_svc_03.email.campaign_email|email_svc_03.email.configuration_email|email_svc_03.email.document_email|email_svc_03.email.metric_email|email_svc_03.email.offer_email|email_svc_03.email.policy_email|email_svc_03.email.redemption_email|email_svc_03.email.score_email|email_svc_03.email.segment_email,10,0,applications/backend/services/email/email-03,/api/v1/email/03,domain-email,email-03,DOMAIN_POLICY_PENDING,PLANNED
1144,95,email,email-platform,svc-0944,email-04,team-095,10,pg-cluster-631|pg-cluster-632|pg-cluster-633|pg-cluster-634|pg-cluster-635|pg-cluster-636|pg-cluster-637|pg-cluster-638|pg-cluster-639|pg-cluster-640,email_svc_04,email,10,email_svc_04.email.balance_email|email_svc_04.email.batch_email|email_svc_04.email.checkpoint_email|email_svc_04.email.exception_email|email_svc_04.email.invoice_email|email_svc_04.email.job_email|email_svc_04.email.ledger_email|email_svc_04.email.line_email|email_svc_04.email.run_email|email_svc_04.email.task_email,10,0,applications/backend/services/email/email-04,/api/v1/email/04,domain-email,email-04,DOMAIN_POLICY_PENDING,PLANNED
1145,95,email,email-platform,svc-0945,email-05,team-095,10,pg-cluster-641|pg-cluster-642|pg-cluster-643|pg-cluster-644|pg-cluster-645|pg-cluster-646|pg-cluster-647|pg-cluster-648|pg-cluster-649|pg-cluster-650,email_svc_05,email,10,email_svc_05.email.alert_email|email_svc_05.email.approval_email|email_svc_05.email.assignment_email|email_svc_05.email.availability_email|email_svc_05.email.capacity_email|email_svc_05.email.case_email|email_svc_05.email.decision_email|email_svc_05.email.forecast_email|email_svc_05.email.schedule_email|email_svc_05.email.workflow_email,10,0,applications/backend/services/email/email-05,/api/v1/email/05,domain-email,email-05,DOMAIN_POLICY_PENDING,PLANNED
1146,95,email,email-platform,svc-0946,email-06,team-095,10,pg-cluster-651|pg-cluster-652|pg-cluster-653|pg-cluster-654|pg-cluster-655|pg-cluster-656|pg-cluster-657|pg-cluster-658|pg-cluster-659|pg-cluster-660,email_svc_06,email,10,email_svc_06.email.attribute_email|email_svc_06.email.category_email|email_svc_06.email.collection_email|email_svc_06.email.media_email|email_svc_06.email.plan_email|email_svc_06.email.ranking_email|email_svc_06.email.relationship_email|email_svc_06.email.target_email|email_svc_06.email.threshold_email|email_svc_06.email.variant_email,10,0,applications/backend/services/email/email-06,/api/v1/email/06,domain-email,email-06,DOMAIN_POLICY_PENDING,PLANNED
1147,95,email,email-platform,svc-0947,email-07,team-095,10,pg-cluster-661|pg-cluster-662|pg-cluster-663|pg-cluster-664|pg-cluster-665|pg-cluster-666|pg-cluster-667|pg-cluster-668|pg-cluster-669|pg-cluster-670,email_svc_07,email,10,email_svc_07.email.attribution_email|email_svc_07.email.channel_email|email_svc_07.email.click_email|email_svc_07.email.conversion_email|email_svc_07.email.delivery_email|email_svc_07.email.impression_email|email_svc_07.email.message_email|email_svc_07.email.query_email|email_svc_07.email.result_email|email_svc_07.email.template_email,10,0,applications/backend/services/email/email-07,/api/v1/email/07,domain-email,email-07,DOMAIN_POLICY_PENDING,PLANNED
1148,95,email,email-platform,svc-0948,email-08,team-095,10,pg-cluster-671|pg-cluster-672|pg-cluster-673|pg-cluster-674|pg-cluster-675|pg-cluster-676|pg-cluster-677|pg-cluster-678|pg-cluster-679|pg-cluster-680,email_svc_08,email,10,email_svc_08.email.contract_email|email_svc_08.email.fee_email|email_svc_08.email.partner_email|email_svc_08.email.payout_email|email_svc_08.email.price_email|email_svc_08.email.provider_email|email_svc_08.email.rate_email|email_svc_08.email.reconciliation_email|email_svc_08.email.settlement_email|email_svc_08.email.tax_email,10,0,applications/backend/services/email/email-08,/api/v1/email/08,domain-email,email-08,DOMAIN_POLICY_PENDING,PLANNED
1149,95,email,email-platform,svc-0949,email-09,team-095,10,pg-cluster-681|pg-cluster-682|pg-cluster-683|pg-cluster-684|pg-cluster-685|pg-cluster-686|pg-cluster-687|pg-cluster-688|pg-cluster-689|pg-cluster-690,email_svc_09,email,10,email_svc_09.email.bin_email|email_svc_09.email.package_email|email_svc_09.email.refund_email|email_svc_09.email.return_email|email_svc_09.email.route_email|email_svc_09.email.shipment_email|email_svc_09.email.stock_email|email_svc_09.email.stop_email|email_svc_09.email.tracking_email|email_svc_09.email.warehouse_email,10,0,applications/backend/services/email/email-09,/api/v1/email/09,domain-email,email-09,DOMAIN_POLICY_PENDING,PLANNED
1150,95,email,email-platform,svc-0950,email-10,team-095,10,pg-cluster-691|pg-cluster-692|pg-cluster-693|pg-cluster-694|pg-cluster-695|pg-cluster-696|pg-cluster-697|pg-cluster-698|pg-cluster-699|pg-cluster-700,email_svc_10,email,10,email_svc_10.email.consent_email|email_svc_10.email.device_email|email_svc_10.email.feedback_email|email_svc_10.email.location_email|email_svc_10.email.owner_email|email_svc_10.email.permission_email|email_svc_10.email.rating_email|email_svc_10.email.review_email|email_svc_10.email.role_email|email_svc_10.email.token_email,10,0,applications/backend/services/email/email-10,/api/v1/email/10,domain-email,email-10,DOMAIN_POLICY_PENDING,PLANNED
1151,96,sms,sms-platform,svc-0951,sms-01,team-096,10,pg-cluster-701|pg-cluster-702|pg-cluster-703|pg-cluster-704|pg-cluster-705|pg-cluster-706|pg-cluster-707|pg-cluster-708|pg-cluster-709|pg-cluster-710,sms_svc_01,sms,10,sms_svc_01.sms.account_sms|sms_svc_01.sms.address_sms|sms_svc_01.sms.event_sms|sms_svc_01.sms.history_sms|sms_svc_01.sms.mapping_sms|sms_svc_01.sms.preference_sms|sms_svc_01.sms.profile_sms|sms_svc_01.sms.rule_sms|sms_svc_01.sms.session_sms|sms_svc_01.sms.status_sms,10,0,applications/backend/services/sms/sms-01,/api/v1/sms/01,domain-sms,sms-01,DOMAIN_POLICY_PENDING,PLANNED
1152,96,sms,sms-platform,svc-0952,sms-02,team-096,10,pg-cluster-711|pg-cluster-712|pg-cluster-713|pg-cluster-714|pg-cluster-715|pg-cluster-716|pg-cluster-717|pg-cluster-718|pg-cluster-719|pg-cluster-720,sms_svc_02,sms,10,sms_svc_02.sms.allocation_sms|sms_svc_02.sms.attempt_sms|sms_svc_02.sms.detail_sms|sms_svc_02.sms.item_sms|sms_svc_02.sms.movement_sms|sms_svc_02.sms.request_sms|sms_svc_02.sms.reservation_sms|sms_svc_02.sms.response_sms|sms_svc_02.sms.snapshot_sms|sms_svc_02.sms.transaction_sms,10,0,applications/backend/services/sms/sms-02,/api/v1/sms/02,domain-sms,sms-02,DOMAIN_POLICY_PENDING,PLANNED
1153,96,sms,sms-platform,svc-0953,sms-03,team-096,10,pg-cluster-721|pg-cluster-722|pg-cluster-723|pg-cluster-724|pg-cluster-725|pg-cluster-726|pg-cluster-727|pg-cluster-728|pg-cluster-729|pg-cluster-730,sms_svc_03,sms,10,sms_svc_03.sms.adjustment_sms|sms_svc_03.sms.campaign_sms|sms_svc_03.sms.configuration_sms|sms_svc_03.sms.document_sms|sms_svc_03.sms.metric_sms|sms_svc_03.sms.offer_sms|sms_svc_03.sms.policy_sms|sms_svc_03.sms.redemption_sms|sms_svc_03.sms.score_sms|sms_svc_03.sms.segment_sms,10,0,applications/backend/services/sms/sms-03,/api/v1/sms/03,domain-sms,sms-03,DOMAIN_POLICY_PENDING,PLANNED
1154,96,sms,sms-platform,svc-0954,sms-04,team-096,10,pg-cluster-731|pg-cluster-732|pg-cluster-733|pg-cluster-734|pg-cluster-735|pg-cluster-736|pg-cluster-737|pg-cluster-738|pg-cluster-739|pg-cluster-740,sms_svc_04,sms,10,sms_svc_04.sms.balance_sms|sms_svc_04.sms.batch_sms|sms_svc_04.sms.checkpoint_sms|sms_svc_04.sms.exception_sms|sms_svc_04.sms.invoice_sms|sms_svc_04.sms.job_sms|sms_svc_04.sms.ledger_sms|sms_svc_04.sms.line_sms|sms_svc_04.sms.run_sms|sms_svc_04.sms.task_sms,10,0,applications/backend/services/sms/sms-04,/api/v1/sms/04,domain-sms,sms-04,DOMAIN_POLICY_PENDING,PLANNED
1155,96,sms,sms-platform,svc-0955,sms-05,team-096,10,pg-cluster-741|pg-cluster-742|pg-cluster-743|pg-cluster-744|pg-cluster-745|pg-cluster-746|pg-cluster-747|pg-cluster-748|pg-cluster-749|pg-cluster-750,sms_svc_05,sms,10,sms_svc_05.sms.alert_sms|sms_svc_05.sms.approval_sms|sms_svc_05.sms.assignment_sms|sms_svc_05.sms.availability_sms|sms_svc_05.sms.capacity_sms|sms_svc_05.sms.case_sms|sms_svc_05.sms.decision_sms|sms_svc_05.sms.forecast_sms|sms_svc_05.sms.schedule_sms|sms_svc_05.sms.workflow_sms,10,0,applications/backend/services/sms/sms-05,/api/v1/sms/05,domain-sms,sms-05,DOMAIN_POLICY_PENDING,PLANNED
1156,96,sms,sms-platform,svc-0956,sms-06,team-096,10,pg-cluster-751|pg-cluster-752|pg-cluster-753|pg-cluster-754|pg-cluster-755|pg-cluster-756|pg-cluster-757|pg-cluster-758|pg-cluster-759|pg-cluster-760,sms_svc_06,sms,10,sms_svc_06.sms.attribute_sms|sms_svc_06.sms.category_sms|sms_svc_06.sms.collection_sms|sms_svc_06.sms.media_sms|sms_svc_06.sms.plan_sms|sms_svc_06.sms.ranking_sms|sms_svc_06.sms.relationship_sms|sms_svc_06.sms.target_sms|sms_svc_06.sms.threshold_sms|sms_svc_06.sms.variant_sms,10,0,applications/backend/services/sms/sms-06,/api/v1/sms/06,domain-sms,sms-06,DOMAIN_POLICY_PENDING,PLANNED
1157,96,sms,sms-platform,svc-0957,sms-07,team-096,10,pg-cluster-761|pg-cluster-762|pg-cluster-763|pg-cluster-764|pg-cluster-765|pg-cluster-766|pg-cluster-767|pg-cluster-768|pg-cluster-769|pg-cluster-770,sms_svc_07,sms,10,sms_svc_07.sms.attribution_sms|sms_svc_07.sms.channel_sms|sms_svc_07.sms.click_sms|sms_svc_07.sms.conversion_sms|sms_svc_07.sms.delivery_sms|sms_svc_07.sms.impression_sms|sms_svc_07.sms.message_sms|sms_svc_07.sms.query_sms|sms_svc_07.sms.result_sms|sms_svc_07.sms.template_sms,10,0,applications/backend/services/sms/sms-07,/api/v1/sms/07,domain-sms,sms-07,DOMAIN_POLICY_PENDING,PLANNED
1158,96,sms,sms-platform,svc-0958,sms-08,team-096,10,pg-cluster-771|pg-cluster-772|pg-cluster-773|pg-cluster-774|pg-cluster-775|pg-cluster-776|pg-cluster-777|pg-cluster-778|pg-cluster-779|pg-cluster-780,sms_svc_08,sms,10,sms_svc_08.sms.contract_sms|sms_svc_08.sms.fee_sms|sms_svc_08.sms.partner_sms|sms_svc_08.sms.payout_sms|sms_svc_08.sms.price_sms|sms_svc_08.sms.provider_sms|sms_svc_08.sms.rate_sms|sms_svc_08.sms.reconciliation_sms|sms_svc_08.sms.settlement_sms|sms_svc_08.sms.tax_sms,10,0,applications/backend/services/sms/sms-08,/api/v1/sms/08,domain-sms,sms-08,DOMAIN_POLICY_PENDING,PLANNED
1159,96,sms,sms-platform,svc-0959,sms-09,team-096,10,pg-cluster-781|pg-cluster-782|pg-cluster-783|pg-cluster-784|pg-cluster-785|pg-cluster-786|pg-cluster-787|pg-cluster-788|pg-cluster-789|pg-cluster-790,sms_svc_09,sms,10,sms_svc_09.sms.bin_sms|sms_svc_09.sms.package_sms|sms_svc_09.sms.refund_sms|sms_svc_09.sms.return_sms|sms_svc_09.sms.route_sms|sms_svc_09.sms.shipment_sms|sms_svc_09.sms.stock_sms|sms_svc_09.sms.stop_sms|sms_svc_09.sms.tracking_sms|sms_svc_09.sms.warehouse_sms,10,0,applications/backend/services/sms/sms-09,/api/v1/sms/09,domain-sms,sms-09,DOMAIN_POLICY_PENDING,PLANNED
1160,96,sms,sms-platform,svc-0960,sms-10,team-096,10,pg-cluster-791|pg-cluster-792|pg-cluster-793|pg-cluster-794|pg-cluster-795|pg-cluster-796|pg-cluster-797|pg-cluster-798|pg-cluster-799|pg-cluster-800,sms_svc_10,sms,10,sms_svc_10.sms.consent_sms|sms_svc_10.sms.device_sms|sms_svc_10.sms.feedback_sms|sms_svc_10.sms.location_sms|sms_svc_10.sms.owner_sms|sms_svc_10.sms.permission_sms|sms_svc_10.sms.rating_sms|sms_svc_10.sms.review_sms|sms_svc_10.sms.role_sms|sms_svc_10.sms.token_sms,10,0,applications/backend/services/sms/sms-10,/api/v1/sms/10,domain-sms,sms-10,DOMAIN_POLICY_PENDING,PLANNED
1161,97,push,push-platform,svc-0961,push-01,team-097,10,pg-cluster-001|pg-cluster-002|pg-cluster-003|pg-cluster-004|pg-cluster-005|pg-cluster-006|pg-cluster-007|pg-cluster-008|pg-cluster-009|pg-cluster-010,push_svc_01,push,10,push_svc_01.push.account_push|push_svc_01.push.address_push|push_svc_01.push.event_push|push_svc_01.push.history_push|push_svc_01.push.mapping_push|push_svc_01.push.preference_push|push_svc_01.push.profile_push|push_svc_01.push.rule_push|push_svc_01.push.session_push|push_svc_01.push.status_push,10,0,applications/backend/services/push/push-01,/api/v1/push/01,domain-push,push-01,DOMAIN_POLICY_PENDING,PLANNED
1162,97,push,push-platform,svc-0962,push-02,team-097,10,pg-cluster-011|pg-cluster-012|pg-cluster-013|pg-cluster-014|pg-cluster-015|pg-cluster-016|pg-cluster-017|pg-cluster-018|pg-cluster-019|pg-cluster-020,push_svc_02,push,10,push_svc_02.push.allocation_push|push_svc_02.push.attempt_push|push_svc_02.push.detail_push|push_svc_02.push.item_push|push_svc_02.push.movement_push|push_svc_02.push.request_push|push_svc_02.push.reservation_push|push_svc_02.push.response_push|push_svc_02.push.snapshot_push|push_svc_02.push.transaction_push,10,0,applications/backend/services/push/push-02,/api/v1/push/02,domain-push,push-02,DOMAIN_POLICY_PENDING,PLANNED
1163,97,push,push-platform,svc-0963,push-03,team-097,10,pg-cluster-021|pg-cluster-022|pg-cluster-023|pg-cluster-024|pg-cluster-025|pg-cluster-026|pg-cluster-027|pg-cluster-028|pg-cluster-029|pg-cluster-030,push_svc_03,push,10,push_svc_03.push.adjustment_push|push_svc_03.push.campaign_push|push_svc_03.push.configuration_push|push_svc_03.push.document_push|push_svc_03.push.metric_push|push_svc_03.push.offer_push|push_svc_03.push.policy_push|push_svc_03.push.redemption_push|push_svc_03.push.score_push|push_svc_03.push.segment_push,10,0,applications/backend/services/push/push-03,/api/v1/push/03,domain-push,push-03,DOMAIN_POLICY_PENDING,PLANNED
1164,97,push,push-platform,svc-0964,push-04,team-097,10,pg-cluster-031|pg-cluster-032|pg-cluster-033|pg-cluster-034|pg-cluster-035|pg-cluster-036|pg-cluster-037|pg-cluster-038|pg-cluster-039|pg-cluster-040,push_svc_04,push,10,push_svc_04.push.balance_push|push_svc_04.push.batch_push|push_svc_04.push.checkpoint_push|push_svc_04.push.exception_push|push_svc_04.push.invoice_push|push_svc_04.push.job_push|push_svc_04.push.ledger_push|push_svc_04.push.line_push|push_svc_04.push.run_push|push_svc_04.push.task_push,10,0,applications/backend/services/push/push-04,/api/v1/push/04,domain-push,push-04,DOMAIN_POLICY_PENDING,PLANNED
1165,97,push,push-platform,svc-0965,push-05,team-097,10,pg-cluster-041|pg-cluster-042|pg-cluster-043|pg-cluster-044|pg-cluster-045|pg-cluster-046|pg-cluster-047|pg-cluster-048|pg-cluster-049|pg-cluster-050,push_svc_05,push,10,push_svc_05.push.alert_push|push_svc_05.push.approval_push|push_svc_05.push.assignment_push|push_svc_05.push.availability_push|push_svc_05.push.capacity_push|push_svc_05.push.case_push|push_svc_05.push.decision_push|push_svc_05.push.forecast_push|push_svc_05.push.schedule_push|push_svc_05.push.workflow_push,10,0,applications/backend/services/push/push-05,/api/v1/push/05,domain-push,push-05,DOMAIN_POLICY_PENDING,PLANNED
1166,97,push,push-platform,svc-0966,push-06,team-097,10,pg-cluster-051|pg-cluster-052|pg-cluster-053|pg-cluster-054|pg-cluster-055|pg-cluster-056|pg-cluster-057|pg-cluster-058|pg-cluster-059|pg-cluster-060,push_svc_06,push,10,push_svc_06.push.attribute_push|push_svc_06.push.category_push|push_svc_06.push.collection_push|push_svc_06.push.media_push|push_svc_06.push.plan_push|push_svc_06.push.ranking_push|push_svc_06.push.relationship_push|push_svc_06.push.target_push|push_svc_06.push.threshold_push|push_svc_06.push.variant_push,10,0,applications/backend/services/push/push-06,/api/v1/push/06,domain-push,push-06,DOMAIN_POLICY_PENDING,PLANNED
1167,97,push,push-platform,svc-0967,push-07,team-097,10,pg-cluster-061|pg-cluster-062|pg-cluster-063|pg-cluster-064|pg-cluster-065|pg-cluster-066|pg-cluster-067|pg-cluster-068|pg-cluster-069|pg-cluster-070,push_svc_07,push,10,push_svc_07.push.attribution_push|push_svc_07.push.channel_push|push_svc_07.push.click_push|push_svc_07.push.conversion_push|push_svc_07.push.delivery_push|push_svc_07.push.impression_push|push_svc_07.push.message_push|push_svc_07.push.query_push|push_svc_07.push.result_push|push_svc_07.push.template_push,10,0,applications/backend/services/push/push-07,/api/v1/push/07,domain-push,push-07,DOMAIN_POLICY_PENDING,PLANNED
1168,97,push,push-platform,svc-0968,push-08,team-097,10,pg-cluster-071|pg-cluster-072|pg-cluster-073|pg-cluster-074|pg-cluster-075|pg-cluster-076|pg-cluster-077|pg-cluster-078|pg-cluster-079|pg-cluster-080,push_svc_08,push,10,push_svc_08.push.contract_push|push_svc_08.push.fee_push|push_svc_08.push.partner_push|push_svc_08.push.payout_push|push_svc_08.push.price_push|push_svc_08.push.provider_push|push_svc_08.push.rate_push|push_svc_08.push.reconciliation_push|push_svc_08.push.settlement_push|push_svc_08.push.tax_push,10,0,applications/backend/services/push/push-08,/api/v1/push/08,domain-push,push-08,DOMAIN_POLICY_PENDING,PLANNED
1169,97,push,push-platform,svc-0969,push-09,team-097,10,pg-cluster-081|pg-cluster-082|pg-cluster-083|pg-cluster-084|pg-cluster-085|pg-cluster-086|pg-cluster-087|pg-cluster-088|pg-cluster-089|pg-cluster-090,push_svc_09,push,10,push_svc_09.push.bin_push|push_svc_09.push.package_push|push_svc_09.push.refund_push|push_svc_09.push.return_push|push_svc_09.push.route_push|push_svc_09.push.shipment_push|push_svc_09.push.stock_push|push_svc_09.push.stop_push|push_svc_09.push.tracking_push|push_svc_09.push.warehouse_push,10,0,applications/backend/services/push/push-09,/api/v1/push/09,domain-push,push-09,DOMAIN_POLICY_PENDING,PLANNED
1170,97,push,push-platform,svc-0970,push-10,team-097,10,pg-cluster-091|pg-cluster-092|pg-cluster-093|pg-cluster-094|pg-cluster-095|pg-cluster-096|pg-cluster-097|pg-cluster-098|pg-cluster-099|pg-cluster-100,push_svc_10,push,10,push_svc_10.push.consent_push|push_svc_10.push.device_push|push_svc_10.push.feedback_push|push_svc_10.push.location_push|push_svc_10.push.owner_push|push_svc_10.push.permission_push|push_svc_10.push.rating_push|push_svc_10.push.review_push|push_svc_10.push.role_push|push_svc_10.push.token_push,10,0,applications/backend/services/push/push-10,/api/v1/push/10,domain-push,push-10,DOMAIN_POLICY_PENDING,PLANNED
1171,98,legal,legal-platform,svc-0971,legal-01,team-098,10,pg-cluster-101|pg-cluster-102|pg-cluster-103|pg-cluster-104|pg-cluster-105|pg-cluster-106|pg-cluster-107|pg-cluster-108|pg-cluster-109|pg-cluster-110,legal_svc_01,legal,10,legal_svc_01.legal.account_legal|legal_svc_01.legal.address_legal|legal_svc_01.legal.event_legal|legal_svc_01.legal.history_legal|legal_svc_01.legal.mapping_legal|legal_svc_01.legal.preference_legal|legal_svc_01.legal.profile_legal|legal_svc_01.legal.rule_legal|legal_svc_01.legal.session_legal|legal_svc_01.legal.status_legal,10,0,applications/backend/services/legal/legal-01,/api/v1/legal/01,domain-legal,legal-01,DOMAIN_POLICY_PENDING,PLANNED
1172,98,legal,legal-platform,svc-0972,legal-02,team-098,10,pg-cluster-111|pg-cluster-112|pg-cluster-113|pg-cluster-114|pg-cluster-115|pg-cluster-116|pg-cluster-117|pg-cluster-118|pg-cluster-119|pg-cluster-120,legal_svc_02,legal,10,legal_svc_02.legal.allocation_legal|legal_svc_02.legal.attempt_legal|legal_svc_02.legal.detail_legal|legal_svc_02.legal.item_legal|legal_svc_02.legal.movement_legal|legal_svc_02.legal.request_legal|legal_svc_02.legal.reservation_legal|legal_svc_02.legal.response_legal|legal_svc_02.legal.snapshot_legal|legal_svc_02.legal.transaction_legal,10,0,applications/backend/services/legal/legal-02,/api/v1/legal/02,domain-legal,legal-02,DOMAIN_POLICY_PENDING,PLANNED
1173,98,legal,legal-platform,svc-0973,legal-03,team-098,10,pg-cluster-121|pg-cluster-122|pg-cluster-123|pg-cluster-124|pg-cluster-125|pg-cluster-126|pg-cluster-127|pg-cluster-128|pg-cluster-129|pg-cluster-130,legal_svc_03,legal,10,legal_svc_03.legal.adjustment_legal|legal_svc_03.legal.campaign_legal|legal_svc_03.legal.configuration_legal|legal_svc_03.legal.document_legal|legal_svc_03.legal.metric_legal|legal_svc_03.legal.offer_legal|legal_svc_03.legal.policy_legal|legal_svc_03.legal.redemption_legal|legal_svc_03.legal.score_legal|legal_svc_03.legal.segment_legal,10,0,applications/backend/services/legal/legal-03,/api/v1/legal/03,domain-legal,legal-03,DOMAIN_POLICY_PENDING,PLANNED
1174,98,legal,legal-platform,svc-0974,legal-04,team-098,10,pg-cluster-131|pg-cluster-132|pg-cluster-133|pg-cluster-134|pg-cluster-135|pg-cluster-136|pg-cluster-137|pg-cluster-138|pg-cluster-139|pg-cluster-140,legal_svc_04,legal,10,legal_svc_04.legal.balance_legal|legal_svc_04.legal.batch_legal|legal_svc_04.legal.checkpoint_legal|legal_svc_04.legal.exception_legal|legal_svc_04.legal.invoice_legal|legal_svc_04.legal.job_legal|legal_svc_04.legal.ledger_legal|legal_svc_04.legal.line_legal|legal_svc_04.legal.run_legal|legal_svc_04.legal.task_legal,10,0,applications/backend/services/legal/legal-04,/api/v1/legal/04,domain-legal,legal-04,DOMAIN_POLICY_PENDING,PLANNED
1175,98,legal,legal-platform,svc-0975,legal-05,team-098,10,pg-cluster-141|pg-cluster-142|pg-cluster-143|pg-cluster-144|pg-cluster-145|pg-cluster-146|pg-cluster-147|pg-cluster-148|pg-cluster-149|pg-cluster-150,legal_svc_05,legal,10,legal_svc_05.legal.alert_legal|legal_svc_05.legal.approval_legal|legal_svc_05.legal.assignment_legal|legal_svc_05.legal.availability_legal|legal_svc_05.legal.capacity_legal|legal_svc_05.legal.case_legal|legal_svc_05.legal.decision_legal|legal_svc_05.legal.forecast_legal|legal_svc_05.legal.schedule_legal|legal_svc_05.legal.workflow_legal,10,0,applications/backend/services/legal/legal-05,/api/v1/legal/05,domain-legal,legal-05,DOMAIN_POLICY_PENDING,PLANNED
1176,98,legal,legal-platform,svc-0976,legal-06,team-098,10,pg-cluster-151|pg-cluster-152|pg-cluster-153|pg-cluster-154|pg-cluster-155|pg-cluster-156|pg-cluster-157|pg-cluster-158|pg-cluster-159|pg-cluster-160,legal_svc_06,legal,10,legal_svc_06.legal.attribute_legal|legal_svc_06.legal.category_legal|legal_svc_06.legal.collection_legal|legal_svc_06.legal.media_legal|legal_svc_06.legal.plan_legal|legal_svc_06.legal.ranking_legal|legal_svc_06.legal.relationship_legal|legal_svc_06.legal.target_legal|legal_svc_06.legal.threshold_legal|legal_svc_06.legal.variant_legal,10,0,applications/backend/services/legal/legal-06,/api/v1/legal/06,domain-legal,legal-06,DOMAIN_POLICY_PENDING,PLANNED
1177,98,legal,legal-platform,svc-0977,legal-07,team-098,10,pg-cluster-161|pg-cluster-162|pg-cluster-163|pg-cluster-164|pg-cluster-165|pg-cluster-166|pg-cluster-167|pg-cluster-168|pg-cluster-169|pg-cluster-170,legal_svc_07,legal,10,legal_svc_07.legal.attribution_legal|legal_svc_07.legal.channel_legal|legal_svc_07.legal.click_legal|legal_svc_07.legal.conversion_legal|legal_svc_07.legal.delivery_legal|legal_svc_07.legal.impression_legal|legal_svc_07.legal.message_legal|legal_svc_07.legal.query_legal|legal_svc_07.legal.result_legal|legal_svc_07.legal.template_legal,10,0,applications/backend/services/legal/legal-07,/api/v1/legal/07,domain-legal,legal-07,DOMAIN_POLICY_PENDING,PLANNED
1178,98,legal,legal-platform,svc-0978,legal-08,team-098,10,pg-cluster-171|pg-cluster-172|pg-cluster-173|pg-cluster-174|pg-cluster-175|pg-cluster-176|pg-cluster-177|pg-cluster-178|pg-cluster-179|pg-cluster-180,legal_svc_08,legal,10,legal_svc_08.legal.contract_legal|legal_svc_08.legal.fee_legal|legal_svc_08.legal.partner_legal|legal_svc_08.legal.payout_legal|legal_svc_08.legal.price_legal|legal_svc_08.legal.provider_legal|legal_svc_08.legal.rate_legal|legal_svc_08.legal.reconciliation_legal|legal_svc_08.legal.settlement_legal|legal_svc_08.legal.tax_legal,10,0,applications/backend/services/legal/legal-08,/api/v1/legal/08,domain-legal,legal-08,DOMAIN_POLICY_PENDING,PLANNED
1179,98,legal,legal-platform,svc-0979,legal-09,team-098,10,pg-cluster-181|pg-cluster-182|pg-cluster-183|pg-cluster-184|pg-cluster-185|pg-cluster-186|pg-cluster-187|pg-cluster-188|pg-cluster-189|pg-cluster-190,legal_svc_09,legal,10,legal_svc_09.legal.bin_legal|legal_svc_09.legal.package_legal|legal_svc_09.legal.refund_legal|legal_svc_09.legal.return_legal|legal_svc_09.legal.route_legal|legal_svc_09.legal.shipment_legal|legal_svc_09.legal.stock_legal|legal_svc_09.legal.stop_legal|legal_svc_09.legal.tracking_legal|legal_svc_09.legal.warehouse_legal,10,0,applications/backend/services/legal/legal-09,/api/v1/legal/09,domain-legal,legal-09,DOMAIN_POLICY_PENDING,PLANNED
1180,98,legal,legal-platform,svc-0980,legal-10,team-098,10,pg-cluster-191|pg-cluster-192|pg-cluster-193|pg-cluster-194|pg-cluster-195|pg-cluster-196|pg-cluster-197|pg-cluster-198|pg-cluster-199|pg-cluster-200,legal_svc_10,legal,10,legal_svc_10.legal.consent_legal|legal_svc_10.legal.device_legal|legal_svc_10.legal.feedback_legal|legal_svc_10.legal.location_legal|legal_svc_10.legal.owner_legal|legal_svc_10.legal.permission_legal|legal_svc_10.legal.rating_legal|legal_svc_10.legal.review_legal|legal_svc_10.legal.role_legal|legal_svc_10.legal.token_legal,10,0,applications/backend/services/legal/legal-10,/api/v1/legal/10,domain-legal,legal-10,DOMAIN_POLICY_PENDING,PLANNED
1181,99,vendor_management,vendor_management-platform,svc-0981,vendor_management-01,team-099,10,pg-cluster-201|pg-cluster-202|pg-cluster-203|pg-cluster-204|pg-cluster-205|pg-cluster-206|pg-cluster-207|pg-cluster-208|pg-cluster-209|pg-cluster-210,vendor_management_svc_01,vendor_management,10,vendor_management_svc_01.vendor_management.account_vendor_management|vendor_management_svc_01.vendor_management.address_vendor_management|vendor_management_svc_01.vendor_management.event_vendor_management|vendor_management_svc_01.vendor_management.history_vendor_management|vendor_management_svc_01.vendor_management.mapping_vendor_management|vendor_management_svc_01.vendor_management.preference_vendor_management|vendor_management_svc_01.vendor_management.profile_vendor_management|vendor_management_svc_01.vendor_management.rule_vendor_management|vendor_management_svc_01.vendor_management.session_vendor_management|vendor_management_svc_01.vendor_management.status_vendor_management,10,0,applications/backend/services/vendor_management/vendor_management-01,/api/v1/vendor_management/01,domain-vendor_management,vendor_management-01,DOMAIN_POLICY_PENDING,PLANNED
1182,99,vendor_management,vendor_management-platform,svc-0982,vendor_management-02,team-099,10,pg-cluster-211|pg-cluster-212|pg-cluster-213|pg-cluster-214|pg-cluster-215|pg-cluster-216|pg-cluster-217|pg-cluster-218|pg-cluster-219|pg-cluster-220,vendor_management_svc_02,vendor_management,10,vendor_management_svc_02.vendor_management.allocation_vendor_management|vendor_management_svc_02.vendor_management.attempt_vendor_management|vendor_management_svc_02.vendor_management.detail_vendor_management|vendor_management_svc_02.vendor_management.item_vendor_management|vendor_management_svc_02.vendor_management.movement_vendor_management|vendor_management_svc_02.vendor_management.request_vendor_management|vendor_management_svc_02.vendor_management.reservation_vendor_management|vendor_management_svc_02.vendor_management.response_vendor_management|vendor_management_svc_02.vendor_management.snapshot_vendor_management|vendor_management_svc_02.vendor_management.transaction_vendor_management,10,0,applications/backend/services/vendor_management/vendor_management-02,/api/v1/vendor_management/02,domain-vendor_management,vendor_management-02,DOMAIN_POLICY_PENDING,PLANNED
1183,99,vendor_management,vendor_management-platform,svc-0983,vendor_management-03,team-099,10,pg-cluster-221|pg-cluster-222|pg-cluster-223|pg-cluster-224|pg-cluster-225|pg-cluster-226|pg-cluster-227|pg-cluster-228|pg-cluster-229|pg-cluster-230,vendor_management_svc_03,vendor_management,10,vendor_management_svc_03.vendor_management.adjustment_vendor_management|vendor_management_svc_03.vendor_management.campaign_vendor_management|vendor_management_svc_03.vendor_management.configuration_vendor_management|vendor_management_svc_03.vendor_management.document_vendor_management|vendor_management_svc_03.vendor_management.metric_vendor_management|vendor_management_svc_03.vendor_management.offer_vendor_management|vendor_management_svc_03.vendor_management.policy_vendor_management|vendor_management_svc_03.vendor_management.redemption_vendor_management|vendor_management_svc_03.vendor_management.score_vendor_management|vendor_management_svc_03.vendor_management.segment_vendor_management,10,0,applications/backend/services/vendor_management/vendor_management-03,/api/v1/vendor_management/03,domain-vendor_management,vendor_management-03,DOMAIN_POLICY_PENDING,PLANNED
1184,99,vendor_management,vendor_management-platform,svc-0984,vendor_management-04,team-099,10,pg-cluster-231|pg-cluster-232|pg-cluster-233|pg-cluster-234|pg-cluster-235|pg-cluster-236|pg-cluster-237|pg-cluster-238|pg-cluster-239|pg-cluster-240,vendor_management_svc_04,vendor_management,10,vendor_management_svc_04.vendor_management.balance_vendor_management|vendor_management_svc_04.vendor_management.batch_vendor_management|vendor_management_svc_04.vendor_management.checkpoint_vendor_management|vendor_management_svc_04.vendor_management.exception_vendor_management|vendor_management_svc_04.vendor_management.invoice_vendor_management|vendor_management_svc_04.vendor_management.job_vendor_management|vendor_management_svc_04.vendor_management.ledger_vendor_management|vendor_management_svc_04.vendor_management.line_vendor_management|vendor_management_svc_04.vendor_management.run_vendor_management|vendor_management_svc_04.vendor_management.task_vendor_management,10,0,applications/backend/services/vendor_management/vendor_management-04,/api/v1/vendor_management/04,domain-vendor_management,vendor_management-04,DOMAIN_POLICY_PENDING,PLANNED
1185,99,vendor_management,vendor_management-platform,svc-0985,vendor_management-05,team-099,10,pg-cluster-241|pg-cluster-242|pg-cluster-243|pg-cluster-244|pg-cluster-245|pg-cluster-246|pg-cluster-247|pg-cluster-248|pg-cluster-249|pg-cluster-250,vendor_management_svc_05,vendor_management,10,vendor_management_svc_05.vendor_management.alert_vendor_management|vendor_management_svc_05.vendor_management.approval_vendor_management|vendor_management_svc_05.vendor_management.assignment_vendor_management|vendor_management_svc_05.vendor_management.availability_vendor_management|vendor_management_svc_05.vendor_management.capacity_vendor_management|vendor_management_svc_05.vendor_management.case_vendor_management|vendor_management_svc_05.vendor_management.decision_vendor_management|vendor_management_svc_05.vendor_management.forecast_vendor_management|vendor_management_svc_05.vendor_management.schedule_vendor_management|vendor_management_svc_05.vendor_management.workflow_vendor_management,10,0,applications/backend/services/vendor_management/vendor_management-05,/api/v1/vendor_management/05,domain-vendor_management,vendor_management-05,DOMAIN_POLICY_PENDING,PLANNED
1186,99,vendor_management,vendor_management-platform,svc-0986,vendor_management-06,team-099,10,pg-cluster-251|pg-cluster-252|pg-cluster-253|pg-cluster-254|pg-cluster-255|pg-cluster-256|pg-cluster-257|pg-cluster-258|pg-cluster-259|pg-cluster-260,vendor_management_svc_06,vendor_management,10,vendor_management_svc_06.vendor_management.attribute_vendor_management|vendor_management_svc_06.vendor_management.category_vendor_management|vendor_management_svc_06.vendor_management.collection_vendor_management|vendor_management_svc_06.vendor_management.media_vendor_management|vendor_management_svc_06.vendor_management.plan_vendor_management|vendor_management_svc_06.vendor_management.ranking_vendor_management|vendor_management_svc_06.vendor_management.relationship_vendor_management|vendor_management_svc_06.vendor_management.target_vendor_management|vendor_management_svc_06.vendor_management.threshold_vendor_management|vendor_management_svc_06.vendor_management.variant_vendor_management,10,0,applications/backend/services/vendor_management/vendor_management-06,/api/v1/vendor_management/06,domain-vendor_management,vendor_management-06,DOMAIN_POLICY_PENDING,PLANNED
1187,99,vendor_management,vendor_management-platform,svc-0987,vendor_management-07,team-099,10,pg-cluster-261|pg-cluster-262|pg-cluster-263|pg-cluster-264|pg-cluster-265|pg-cluster-266|pg-cluster-267|pg-cluster-268|pg-cluster-269|pg-cluster-270,vendor_management_svc_07,vendor_management,10,vendor_management_svc_07.vendor_management.attribution_vendor_management|vendor_management_svc_07.vendor_management.channel_vendor_management|vendor_management_svc_07.vendor_management.click_vendor_management|vendor_management_svc_07.vendor_management.conversion_vendor_management|vendor_management_svc_07.vendor_management.delivery_vendor_management|vendor_management_svc_07.vendor_management.impression_vendor_management|vendor_management_svc_07.vendor_management.message_vendor_management|vendor_management_svc_07.vendor_management.query_vendor_management|vendor_management_svc_07.vendor_management.result_vendor_management|vendor_management_svc_07.vendor_management.template_vendor_management,10,0,applications/backend/services/vendor_management/vendor_management-07,/api/v1/vendor_management/07,domain-vendor_management,vendor_management-07,DOMAIN_POLICY_PENDING,PLANNED
1188,99,vendor_management,vendor_management-platform,svc-0988,vendor_management-08,team-099,10,pg-cluster-271|pg-cluster-272|pg-cluster-273|pg-cluster-274|pg-cluster-275|pg-cluster-276|pg-cluster-277|pg-cluster-278|pg-cluster-279|pg-cluster-280,vendor_management_svc_08,vendor_management,10,vendor_management_svc_08.vendor_management.contract_vendor_management|vendor_management_svc_08.vendor_management.fee_vendor_management|vendor_management_svc_08.vendor_management.partner_vendor_management|vendor_management_svc_08.vendor_management.payout_vendor_management|vendor_management_svc_08.vendor_management.price_vendor_management|vendor_management_svc_08.vendor_management.provider_vendor_management|vendor_management_svc_08.vendor_management.rate_vendor_management|vendor_management_svc_08.vendor_management.reconciliation_vendor_management|vendor_management_svc_08.vendor_management.settlement_vendor_management|vendor_management_svc_08.vendor_management.tax_vendor_management,10,0,applications/backend/services/vendor_management/vendor_management-08,/api/v1/vendor_management/08,domain-vendor_management,vendor_management-08,DOMAIN_POLICY_PENDING,PLANNED
1189,99,vendor_management,vendor_management-platform,svc-0989,vendor_management-09,team-099,10,pg-cluster-281|pg-cluster-282|pg-cluster-283|pg-cluster-284|pg-cluster-285|pg-cluster-286|pg-cluster-287|pg-cluster-288|pg-cluster-289|pg-cluster-290,vendor_management_svc_09,vendor_management,10,vendor_management_svc_09.vendor_management.bin_vendor_management|vendor_management_svc_09.vendor_management.package_vendor_management|vendor_management_svc_09.vendor_management.refund_vendor_management|vendor_management_svc_09.vendor_management.return_vendor_management|vendor_management_svc_09.vendor_management.route_vendor_management|vendor_management_svc_09.vendor_management.shipment_vendor_management|vendor_management_svc_09.vendor_management.stock_vendor_management|vendor_management_svc_09.vendor_management.stop_vendor_management|vendor_management_svc_09.vendor_management.tracking_vendor_management|vendor_management_svc_09.vendor_management.warehouse_vendor_management,10,0,applications/backend/services/vendor_management/vendor_management-09,/api/v1/vendor_management/09,domain-vendor_management,vendor_management-09,DOMAIN_POLICY_PENDING,PLANNED
1190,99,vendor_management,vendor_management-platform,svc-0990,vendor_management-10,team-099,10,pg-cluster-291|pg-cluster-292|pg-cluster-293|pg-cluster-294|pg-cluster-295|pg-cluster-296|pg-cluster-297|pg-cluster-298|pg-cluster-299|pg-cluster-300,vendor_management_svc_10,vendor_management,10,vendor_management_svc_10.vendor_management.consent_vendor_management|vendor_management_svc_10.vendor_management.device_vendor_management|vendor_management_svc_10.vendor_management.feedback_vendor_management|vendor_management_svc_10.vendor_management.location_vendor_management|vendor_management_svc_10.vendor_management.owner_vendor_management|vendor_management_svc_10.vendor_management.permission_vendor_management|vendor_management_svc_10.vendor_management.rating_vendor_management|vendor_management_svc_10.vendor_management.review_vendor_management|vendor_management_svc_10.vendor_management.role_vendor_management|vendor_management_svc_10.vendor_management.token_vendor_management,10,0,applications/backend/services/vendor_management/vendor_management-10,/api/v1/vendor_management/10,domain-vendor_management,vendor_management-10,DOMAIN_POLICY_PENDING,PLANNED
1191,100,sustainability,sustainability-platform,svc-0991,sustainability-01,team-100,10,pg-cluster-301|pg-cluster-302|pg-cluster-303|pg-cluster-304|pg-cluster-305|pg-cluster-306|pg-cluster-307|pg-cluster-308|pg-cluster-309|pg-cluster-310,sustainability_svc_01,sustainability,10,sustainability_svc_01.sustainability.account_sustainability|sustainability_svc_01.sustainability.address_sustainability|sustainability_svc_01.sustainability.event_sustainability|sustainability_svc_01.sustainability.history_sustainability|sustainability_svc_01.sustainability.mapping_sustainability|sustainability_svc_01.sustainability.preference_sustainability|sustainability_svc_01.sustainability.profile_sustainability|sustainability_svc_01.sustainability.rule_sustainability|sustainability_svc_01.sustainability.session_sustainability|sustainability_svc_01.sustainability.status_sustainability,10,0,applications/backend/services/sustainability/sustainability-01,/api/v1/sustainability/01,domain-sustainability,sustainability-01,DOMAIN_POLICY_PENDING,PLANNED
1192,100,sustainability,sustainability-platform,svc-0992,sustainability-02,team-100,10,pg-cluster-311|pg-cluster-312|pg-cluster-313|pg-cluster-314|pg-cluster-315|pg-cluster-316|pg-cluster-317|pg-cluster-318|pg-cluster-319|pg-cluster-320,sustainability_svc_02,sustainability,10,sustainability_svc_02.sustainability.allocation_sustainability|sustainability_svc_02.sustainability.attempt_sustainability|sustainability_svc_02.sustainability.detail_sustainability|sustainability_svc_02.sustainability.item_sustainability|sustainability_svc_02.sustainability.movement_sustainability|sustainability_svc_02.sustainability.request_sustainability|sustainability_svc_02.sustainability.reservation_sustainability|sustainability_svc_02.sustainability.response_sustainability|sustainability_svc_02.sustainability.snapshot_sustainability|sustainability_svc_02.sustainability.transaction_sustainability,10,0,applications/backend/services/sustainability/sustainability-02,/api/v1/sustainability/02,domain-sustainability,sustainability-02,DOMAIN_POLICY_PENDING,PLANNED
1193,100,sustainability,sustainability-platform,svc-0993,sustainability-03,team-100,10,pg-cluster-321|pg-cluster-322|pg-cluster-323|pg-cluster-324|pg-cluster-325|pg-cluster-326|pg-cluster-327|pg-cluster-328|pg-cluster-329|pg-cluster-330,sustainability_svc_03,sustainability,10,sustainability_svc_03.sustainability.adjustment_sustainability|sustainability_svc_03.sustainability.campaign_sustainability|sustainability_svc_03.sustainability.configuration_sustainability|sustainability_svc_03.sustainability.document_sustainability|sustainability_svc_03.sustainability.metric_sustainability|sustainability_svc_03.sustainability.offer_sustainability|sustainability_svc_03.sustainability.policy_sustainability|sustainability_svc_03.sustainability.redemption_sustainability|sustainability_svc_03.sustainability.score_sustainability|sustainability_svc_03.sustainability.segment_sustainability,10,0,applications/backend/services/sustainability/sustainability-03,/api/v1/sustainability/03,domain-sustainability,sustainability-03,DOMAIN_POLICY_PENDING,PLANNED
1194,100,sustainability,sustainability-platform,svc-0994,sustainability-04,team-100,10,pg-cluster-331|pg-cluster-332|pg-cluster-333|pg-cluster-334|pg-cluster-335|pg-cluster-336|pg-cluster-337|pg-cluster-338|pg-cluster-339|pg-cluster-340,sustainability_svc_04,sustainability,10,sustainability_svc_04.sustainability.balance_sustainability|sustainability_svc_04.sustainability.batch_sustainability|sustainability_svc_04.sustainability.checkpoint_sustainability|sustainability_svc_04.sustainability.exception_sustainability|sustainability_svc_04.sustainability.invoice_sustainability|sustainability_svc_04.sustainability.job_sustainability|sustainability_svc_04.sustainability.ledger_sustainability|sustainability_svc_04.sustainability.line_sustainability|sustainability_svc_04.sustainability.run_sustainability|sustainability_svc_04.sustainability.task_sustainability,10,0,applications/backend/services/sustainability/sustainability-04,/api/v1/sustainability/04,domain-sustainability,sustainability-04,DOMAIN_POLICY_PENDING,PLANNED
1195,100,sustainability,sustainability-platform,svc-0995,sustainability-05,team-100,10,pg-cluster-341|pg-cluster-342|pg-cluster-343|pg-cluster-344|pg-cluster-345|pg-cluster-346|pg-cluster-347|pg-cluster-348|pg-cluster-349|pg-cluster-350,sustainability_svc_05,sustainability,10,sustainability_svc_05.sustainability.alert_sustainability|sustainability_svc_05.sustainability.approval_sustainability|sustainability_svc_05.sustainability.assignment_sustainability|sustainability_svc_05.sustainability.availability_sustainability|sustainability_svc_05.sustainability.capacity_sustainability|sustainability_svc_05.sustainability.case_sustainability|sustainability_svc_05.sustainability.decision_sustainability|sustainability_svc_05.sustainability.forecast_sustainability|sustainability_svc_05.sustainability.schedule_sustainability|sustainability_svc_05.sustainability.workflow_sustainability,10,0,applications/backend/services/sustainability/sustainability-05,/api/v1/sustainability/05,domain-sustainability,sustainability-05,DOMAIN_POLICY_PENDING,PLANNED
1196,100,sustainability,sustainability-platform,svc-0996,sustainability-06,team-100,10,pg-cluster-351|pg-cluster-352|pg-cluster-353|pg-cluster-354|pg-cluster-355|pg-cluster-356|pg-cluster-357|pg-cluster-358|pg-cluster-359|pg-cluster-360,sustainability_svc_06,sustainability,10,sustainability_svc_06.sustainability.attribute_sustainability|sustainability_svc_06.sustainability.category_sustainability|sustainability_svc_06.sustainability.collection_sustainability|sustainability_svc_06.sustainability.media_sustainability|sustainability_svc_06.sustainability.plan_sustainability|sustainability_svc_06.sustainability.ranking_sustainability|sustainability_svc_06.sustainability.relationship_sustainability|sustainability_svc_06.sustainability.target_sustainability|sustainability_svc_06.sustainability.threshold_sustainability|sustainability_svc_06.sustainability.variant_sustainability,10,0,applications/backend/services/sustainability/sustainability-06,/api/v1/sustainability/06,domain-sustainability,sustainability-06,DOMAIN_POLICY_PENDING,PLANNED
1197,100,sustainability,sustainability-platform,svc-0997,sustainability-07,team-100,10,pg-cluster-361|pg-cluster-362|pg-cluster-363|pg-cluster-364|pg-cluster-365|pg-cluster-366|pg-cluster-367|pg-cluster-368|pg-cluster-369|pg-cluster-370,sustainability_svc_07,sustainability,10,sustainability_svc_07.sustainability.attribution_sustainability|sustainability_svc_07.sustainability.channel_sustainability|sustainability_svc_07.sustainability.click_sustainability|sustainability_svc_07.sustainability.conversion_sustainability|sustainability_svc_07.sustainability.delivery_sustainability|sustainability_svc_07.sustainability.impression_sustainability|sustainability_svc_07.sustainability.message_sustainability|sustainability_svc_07.sustainability.query_sustainability|sustainability_svc_07.sustainability.result_sustainability|sustainability_svc_07.sustainability.template_sustainability,10,0,applications/backend/services/sustainability/sustainability-07,/api/v1/sustainability/07,domain-sustainability,sustainability-07,DOMAIN_POLICY_PENDING,PLANNED
1198,100,sustainability,sustainability-platform,svc-0998,sustainability-08,team-100,10,pg-cluster-371|pg-cluster-372|pg-cluster-373|pg-cluster-374|pg-cluster-375|pg-cluster-376|pg-cluster-377|pg-cluster-378|pg-cluster-379|pg-cluster-380,sustainability_svc_08,sustainability,10,sustainability_svc_08.sustainability.contract_sustainability|sustainability_svc_08.sustainability.fee_sustainability|sustainability_svc_08.sustainability.partner_sustainability|sustainability_svc_08.sustainability.payout_sustainability|sustainability_svc_08.sustainability.price_sustainability|sustainability_svc_08.sustainability.provider_sustainability|sustainability_svc_08.sustainability.rate_sustainability|sustainability_svc_08.sustainability.reconciliation_sustainability|sustainability_svc_08.sustainability.settlement_sustainability|sustainability_svc_08.sustainability.tax_sustainability,10,0,applications/backend/services/sustainability/sustainability-08,/api/v1/sustainability/08,domain-sustainability,sustainability-08,DOMAIN_POLICY_PENDING,PLANNED
1199,100,sustainability,sustainability-platform,svc-0999,sustainability-09,team-100,10,pg-cluster-381|pg-cluster-382|pg-cluster-383|pg-cluster-384|pg-cluster-385|pg-cluster-386|pg-cluster-387|pg-cluster-388|pg-cluster-389|pg-cluster-390,sustainability_svc_09,sustainability,10,sustainability_svc_09.sustainability.bin_sustainability|sustainability_svc_09.sustainability.package_sustainability|sustainability_svc_09.sustainability.refund_sustainability|sustainability_svc_09.sustainability.return_sustainability|sustainability_svc_09.sustainability.route_sustainability|sustainability_svc_09.sustainability.shipment_sustainability|sustainability_svc_09.sustainability.stock_sustainability|sustainability_svc_09.sustainability.stop_sustainability|sustainability_svc_09.sustainability.tracking_sustainability|sustainability_svc_09.sustainability.warehouse_sustainability,10,0,applications/backend/services/sustainability/sustainability-09,/api/v1/sustainability/09,domain-sustainability,sustainability-09,DOMAIN_POLICY_PENDING,PLANNED
1200,100,sustainability,sustainability-platform,svc-1000,sustainability-10,team-100,10,pg-cluster-391|pg-cluster-392|pg-cluster-393|pg-cluster-394|pg-cluster-395|pg-cluster-396|pg-cluster-397|pg-cluster-398|pg-cluster-399|pg-cluster-400,sustainability_svc_10,sustainability,10,sustainability_svc_10.sustainability.consent_sustainability|sustainability_svc_10.sustainability.device_sustainability|sustainability_svc_10.sustainability.feedback_sustainability|sustainability_svc_10.sustainability.location_sustainability|sustainability_svc_10.sustainability.owner_sustainability|sustainability_svc_10.sustainability.permission_sustainability|sustainability_svc_10.sustainability.rating_sustainability|sustainability_svc_10.sustainability.review_sustainability|sustainability_svc_10.sustainability.role_sustainability|sustainability_svc_10.sustainability.token_sustainability,10,0,applications/backend/services/sustainability/sustainability-10,/api/v1/sustainability/10,domain-sustainability,sustainability-10,DOMAIN_POLICY_PENDING,PLANNED
